"TOA5","Clear Lake Cyrus Brouse","CR800","47673","CR800.Std.32.05","CPU:Clear Lake- Cyrus Brouse.CR8","22118","CL_CB_Min_15"
"TIMESTAMP","RECORD","BattV_Min","BattV_TMn","PTemp_C_Avg","Lvl_ft_Avg","Temp_C_Avg"
"TS","RN","Volts","","Deg C","feet","deg C"
"","","Min","TMn","Avg","Avg","Avg"
2025-11-28T00:15:00Z,128621,12.47,2025-11-28T00:02:10Z,-3.05,0.859,5.806
2025-11-28T00:30:00Z,128622,12.47,2025-11-28T00:18:05Z,-2.945,0.858,5.796
2025-11-28T00:45:00Z,128623,12.47,2025-11-28T00:42:25Z,-2.847,0.858,5.786
2025-11-28T01:00:00Z,128624,12.47,2025-11-28T00:56:55Z,-2.779,0.858,5.775
2025-11-28T01:15:00Z,128625,12.46,2025-11-28T01:02:05Z,-2.73,0.857,5.765
2025-11-28T01:30:00Z,128626,12.46,2025-11-28T01:29:15Z,-2.705,0.859,5.755
2025-11-28T01:45:00Z,128627,12.46,2025-11-28T01:32:45Z,-2.731,0.858,5.744
2025-11-28T02:00:00Z,128628,12.46,2025-11-28T01:57:10Z,-2.717,0.858,5.734
2025-11-28T02:15:00Z,128629,12.46,2025-11-28T02:01:00Z,-2.637,0.858,5.723
2025-11-28T02:30:00Z,128630,12.46,2025-11-28T02:29:40Z,-2.578,0.857,5.713
2025-11-28T02:45:00Z,128631,12.46,2025-11-28T02:43:55Z,-2.576,0.856,5.703
2025-11-28T03:00:00Z,128632,12.46,2025-11-28T02:57:15Z,-2.732,0.855,5.692
2025-11-28T03:15:00Z,128633,12.47,2025-11-28T03:14:50Z,-3.031,0.853,5.682
2025-11-28T03:30:00Z,128634,12.46,2025-11-28T03:22:40Z,-3.359,0.853,5.671
2025-11-28T03:45:00Z,128635,12.47,2025-11-28T03:34:05Z,-3.58,0.853,5.661
2025-11-28T04:00:00Z,128636,12.46,2025-11-28T03:57:15Z,-3.644,0.853,5.651
2025-11-28T04:15:00Z,128637,12.46,2025-11-28T04:02:10Z,-3.554,0.853,5.64
2025-11-28T04:30:00Z,128638,12.46,2025-11-28T04:29:45Z,-3.564,0.854,5.63
2025-11-28T04:45:00Z,128639,12.47,2025-11-28T04:37:30Z,-3.785,0.85,5.62
2025-11-28T05:00:00Z,128640,12.46,2025-11-28T04:57:15Z,-3.831,0.852,5.61
2025-11-28T05:15:00Z,128641,12.45,2025-11-28T05:12:40Z,-3.811,0.852,5.6
2025-11-28T05:30:00Z,128642,12.46,2025-11-28T05:29:45Z,-4.003,0.85,5.59
2025-11-28T05:45:00Z,128643,12.46,2025-11-28T05:31:10Z,-4.008,0.851,5.58
2025-11-28T06:00:00Z,128644,12.45,2025-11-28T05:57:15Z,-3.782,0.853,5.57
2025-11-28T06:15:00Z,128645,12.46,2025-11-28T06:07:30Z,-3.583,0.862,5.56
2025-11-28T06:30:00Z,128646,12.46,2025-11-28T06:20:45Z,-3.411,0.857,5.546
2025-11-28T06:45:00Z,128647,12.46,2025-11-28T06:42:10Z,-3.366,0.852,5.536
2025-11-28T07:00:00Z,128648,12.45,2025-11-28T06:57:10Z,-3.519,0.851,5.528
2025-11-28T07:15:00Z,128649,12.45,2025-11-28T07:02:40Z,-3.594,0.85,5.519
2025-11-28T07:30:00Z,128650,12.45,2025-11-28T07:29:45Z,-3.529,0.851,5.51
2025-11-28T07:45:00Z,128651,12.45,2025-11-28T07:30:10Z,-3.405,0.851,5.501
2025-11-28T08:00:00Z,128652,12.46,2025-11-28T07:56:00Z,-3.327,0.851,5.492
2025-11-28T08:15:00Z,128653,12.47,2025-11-28T08:02:25Z,-3.237,0.851,5.483
2025-11-28T08:30:00Z,128654,12.47,2025-11-28T08:29:55Z,-3.128,0.85,5.475
2025-11-28T08:45:00Z,128655,12.48,2025-11-28T08:31:10Z,-3.014,0.851,5.466
2025-11-28T09:00:00Z,128656,12.5,2025-11-28T08:48:15Z,-2.897,0.849,5.457
2025-11-28T09:15:00Z,128657,12.51,2025-11-28T09:12:40Z,-2.707,0.85,5.449
2025-11-28T09:30:00Z,128658,12.5,2025-11-28T09:29:35Z,-2.533,0.848,5.44
2025-11-28T09:45:00Z,128659,12.49,2025-11-28T09:34:30Z,-2.424,0.849,5.431
2025-11-28T10:00:00Z,128660,12.53,2025-11-28T09:45:05Z,-2.356,0.849,5.423
2025-11-28T10:15:00Z,128661,12.6,2025-11-28T10:14:50Z,-2.039,0.851,5.415
2025-11-28T10:30:00Z,128662,12.6,2025-11-28T10:18:05Z,-1.735,0.85,5.406
2025-11-28T10:45:00Z,128663,12.65,2025-11-28T10:30:10Z,-1.484,0.852,5.398
2025-11-28T11:00:00Z,128664,12.68,2025-11-28T10:45:05Z,-1.246,0.853,5.39
2025-11-28T11:15:00Z,128665,12.72,2025-11-28T11:01:05Z,-1.002,0.855,5.382
2025-11-28T11:30:00Z,128666,12.82,2025-11-28T11:15:25Z,-0.754,0.856,5.375
2025-11-28T11:45:00Z,128667,13.12,2025-11-28T11:30:05Z,-0.426,0.856,5.369
2025-11-28T12:00:00Z,128668,13.39,2025-11-28T11:45:05Z,-0.217,0.856,5.363
2025-11-28T12:15:00Z,128669,13.44,2025-11-28T12:00:05Z,-0.267,0.857,5.357
2025-11-28T12:30:00Z,128670,13.8,2025-11-28T12:29:45Z,-0.07,0.859,5.353
2025-11-28T12:45:00Z,128671,13.76,2025-11-28T12:44:55Z,0.226,0.856,5.345
2025-11-28T13:00:00Z,128672,13.48,2025-11-28T12:57:05Z,0.437,0.856,5.337
2025-11-28T13:15:00Z,128673,13.52,2025-11-28T13:00:05Z,0.39,0.858,5.329
2025-11-28T13:30:00Z,128674,13.29,2025-11-28T13:29:45Z,0.337,0.858,5.321
2025-11-28T13:45:00Z,128675,13.28,2025-11-28T13:35:05Z,0.142,0.857,5.313
2025-11-28T14:00:00Z,128676,13.37,2025-11-28T13:45:15Z,0.063,0.864,5.305
2025-11-28T14:15:00Z,128677,13.33,2025-11-28T14:14:25Z,0.104,0.859,5.298
2025-11-28T14:30:00Z,128678,13.29,2025-11-28T14:29:35Z,0.094,0.859,5.291
2025-11-28T14:45:00Z,128679,13.33,2025-11-28T14:30:05Z,0.043,0.859,5.285
2025-11-28T15:00:00Z,128680,13.36,2025-11-28T14:46:10Z,0.042,0.859,5.279
2025-11-28T15:15:00Z,128681,13.36,2025-11-28T15:02:05Z,-0.039,0.858,5.273
2025-11-28T15:30:00Z,128682,13.26,2025-11-28T15:29:45Z,-0.019,0.86,5.267
2025-11-28T15:45:00Z,128683,13.21,2025-11-28T15:37:15Z,-0.024,0.858,5.26
2025-11-28T16:00:00Z,128684,13.17,2025-11-28T15:59:40Z,-0.106,0.857,5.254
2025-11-28T16:15:00Z,128685,13.09,2025-11-28T16:14:35Z,-0.229,0.856,5.247
2025-11-28T16:30:00Z,128686,13.03,2025-11-28T16:29:30Z,-0.383,0.858,5.241
2025-11-28T16:45:00Z,128687,12.99,2025-11-28T16:45:00Z,-0.55,0.857,5.235
2025-11-28T17:00:00Z,128688,12.95,2025-11-28T16:57:20Z,-0.718,0.857,5.229
2025-11-28T17:15:00Z,128689,12.93,2025-11-28T17:12:25Z,-0.854,0.858,5.223
2025-11-28T17:30:00Z,128690,12.9,2025-11-28T17:29:35Z,-0.968,0.858,5.218
2025-11-28T17:45:00Z,128691,12.9,2025-11-28T17:45:00Z,-1.071,0.858,5.212
2025-11-28T18:00:00Z,128692,12.88,2025-11-28T17:57:05Z,-1.161,0.857,5.207
2025-11-28T18:15:00Z,128693,12.88,2025-11-28T18:02:50Z,-1.264,0.858,5.203
2025-11-28T18:30:00Z,128694,12.86,2025-11-28T18:28:00Z,-1.36,0.857,5.198
2025-11-28T18:45:00Z,128695,12.85,2025-11-28T18:44:25Z,-1.431,0.856,5.194
2025-11-28T19:00:00Z,128696,12.85,2025-11-28T18:57:05Z,-1.472,0.856,5.19
2025-11-28T19:15:00Z,128697,12.84,2025-11-28T19:14:45Z,-1.48,0.856,5.186
2025-11-28T19:30:00Z,128698,12.83,2025-11-28T19:24:25Z,-1.489,0.856,5.182
2025-11-28T19:45:00Z,128699,12.82,2025-11-28T19:42:45Z,-1.584,0.856,5.178
2025-11-28T20:00:00Z,128700,12.81,2025-11-28T19:52:50Z,-1.706,0.856,5.174
2025-11-28T20:15:00Z,128701,12.81,2025-11-28T20:02:10Z,-1.822,0.859,5.171
2025-11-28T20:30:00Z,128702,12.8,2025-11-28T20:26:30Z,-1.913,0.858,5.166
2025-11-28T20:45:00Z,128703,12.79,2025-11-28T20:37:40Z,-1.983,0.856,5.163
2025-11-28T21:00:00Z,128704,12.78,2025-11-28T20:57:55Z,-2.013,0.855,5.16
2025-11-28T21:15:00Z,128705,12.77,2025-11-28T21:12:25Z,-2.022,0.857,5.157
2025-11-28T21:30:00Z,128706,12.76,2025-11-28T21:29:35Z,-2.05,0.856,5.154
2025-11-28T21:45:00Z,128707,12.76,2025-11-28T21:32:50Z,-2.084,0.854,5.151
2025-11-28T22:00:00Z,128708,12.75,2025-11-28T21:57:05Z,-2.099,0.853,5.148
2025-11-28T22:15:00Z,128709,12.74,2025-11-28T22:02:05Z,-2.108,0.853,5.145
2025-11-28T22:30:00Z,128710,12.72,2025-11-28T22:29:35Z,-2.132,0.855,5.141
2025-11-28T22:45:00Z,128711,12.72,2025-11-28T22:44:55Z,-2.168,0.86,5.136
2025-11-28T23:00:00Z,128712,12.72,2025-11-28T22:59:55Z,-2.263,0.854,5.13
2025-11-28T23:15:00Z,128713,12.7,2025-11-28T23:14:15Z,-2.5,0.853,5.127
2025-11-28T23:30:00Z,128714,12.68,2025-11-28T23:29:35Z,-2.938,0.851,5.124
2025-11-28T23:45:00Z,128715,12.68,2025-11-28T23:43:35Z,-3.35,0.85,5.121
2025-11-29T00:15:00Z,128717,12.66,2025-11-29T00:02:05Z,-3.506,0.855,5.114
2025-11-29T00:30:00Z,128718,12.64,2025-11-29T00:29:35Z,-3.539,0.854,5.11
2025-11-29T00:45:00Z,128719,12.63,2025-11-29T00:45:00Z,-3.605,0.853,5.106
2025-11-29T01:00:00Z,128720,12.61,2025-11-29T00:57:15Z,-3.787,0.852,5.102
2025-11-29T01:15:00Z,128721,12.58,2025-11-29T01:02:10Z,-4.061,0.853,5.098
2025-11-29T01:30:00Z,128722,12.59,2025-11-29T01:29:45Z,-4.435,0.85,5.094
2025-11-29T01:45:00Z,128723,12.58,2025-11-29T01:41:40Z,-4.663,0.852,5.09
2025-11-29T02:00:00Z,128724,12.56,2025-11-29T01:57:15Z,-4.877,0.851,5.086
2025-11-29T02:15:00Z,128725,12.55,2025-11-29T02:02:05Z,-5.353,0.848,5.082
2025-11-29T02:30:00Z,128726,12.53,2025-11-29T02:29:40Z,-6.028,0.848,5.078
2025-11-29T02:45:00Z,128727,12.53,2025-11-29T02:36:05Z,-6.564,0.848,5.073
2025-11-29T03:00:00Z,128728,12.51,2025-11-29T02:59:40Z,-6.84,0.849,5.069
2025-11-29T03:15:00Z,128729,12.51,2025-11-29T03:02:05Z,-7.187,0.847,5.064
2025-11-29T03:30:00Z,128730,12.49,2025-11-29T03:29:35Z,-7.706,0.849,5.059
2025-11-29T03:45:00Z,128731,12.49,2025-11-29T03:36:35Z,-8.15,0.849,5.055
2025-11-29T04:00:00Z,128732,12.48,2025-11-29T03:57:05Z,-8.37,0.85,5.05
2025-11-29T04:15:00Z,128733,12.47,2025-11-29T04:02:05Z,-8.35,0.851,5.044
2025-11-29T04:30:00Z,128734,12.46,2025-11-29T04:29:35Z,-8.1,0.86,5.039
2025-11-29T04:45:00Z,128735,12.46,2025-11-29T04:40:30Z,-7.755,0.853,5.032
2025-11-29T05:00:00Z,128736,12.46,2025-11-29T04:53:50Z,-7.403,0.852,5.027
2025-11-29T05:15:00Z,128737,12.46,2025-11-29T05:02:45Z,-7.02,0.849,5.023
2025-11-29T05:30:00Z,128738,12.45,2025-11-29T05:29:35Z,-6.686,0.85,5.018
2025-11-29T05:45:00Z,128739,12.46,2025-11-29T05:38:25Z,-6.425,0.85,5.013
2025-11-29T06:00:00Z,128740,12.45,2025-11-29T05:57:05Z,-6.201,0.85,5.008
2025-11-29T06:15:00Z,128741,12.44,2025-11-29T06:02:05Z,-6.037,0.849,5.003
2025-11-29T06:30:00Z,128742,12.45,2025-11-29T06:29:35Z,-5.852,0.847,4.998
2025-11-29T06:45:00Z,128743,12.46,2025-11-29T06:41:45Z,-5.608,0.847,4.992
2025-11-29T07:00:00Z,128744,12.45,2025-11-29T06:57:15Z,-5.358,0.847,4.987
2025-11-29T07:15:00Z,128745,12.45,2025-11-29T07:03:05Z,-5.099,0.847,4.982
2025-11-29T07:30:00Z,128746,12.44,2025-11-29T07:29:35Z,-4.831,0.848,4.977
2025-11-29T07:45:00Z,128747,12.45,2025-11-29T07:35:30Z,-4.582,0.85,4.971
2025-11-29T08:00:00Z,128748,12.45,2025-11-29T07:57:05Z,-4.354,0.849,4.966
2025-11-29T08:15:00Z,128749,12.44,2025-11-29T08:02:05Z,-4.136,0.846,4.961
2025-11-29T08:30:00Z,128750,12.46,2025-11-29T08:15:50Z,-3.943,0.847,4.956
2025-11-29T08:45:00Z,128751,12.47,2025-11-29T08:42:55Z,-3.75,0.848,4.951
2025-11-29T09:00:00Z,128752,12.48,2025-11-29T08:46:45Z,-3.545,0.848,4.946
2025-11-29T09:15:00Z,128753,12.49,2025-11-29T09:00:05Z,-3.336,0.85,4.941
2025-11-29T09:30:00Z,128754,12.51,2025-11-29T09:16:05Z,-3.121,0.849,4.936
2025-11-29T09:45:00Z,128755,12.55,2025-11-29T09:32:05Z,-2.866,0.85,4.931
2025-11-29T10:00:00Z,128756,12.56,2025-11-29T09:48:20Z,-2.629,0.849,4.926
2025-11-29T10:15:00Z,128757,12.57,2025-11-29T10:02:05Z,-2.414,0.85,4.921
2025-11-29T10:30:00Z,128758,12.6,2025-11-29T10:20:05Z,-2.233,0.85,4.916
2025-11-29T10:45:00Z,128759,12.62,2025-11-29T10:32:50Z,-2.078,0.851,4.912
2025-11-29T11:00:00Z,128760,12.65,2025-11-29T10:45:05Z,-1.926,0.851,4.907
2025-11-29T11:15:00Z,128761,12.66,2025-11-29T11:02:05Z,-1.8,0.852,4.902
2025-11-29T11:30:00Z,128762,12.66,2025-11-29T11:29:45Z,-1.715,0.853,4.898
2025-11-29T11:45:00Z,128763,12.69,2025-11-29T11:44:45Z,-1.666,0.853,4.893
2025-11-29T12:00:00Z,128764,12.67,2025-11-29T11:57:05Z,-1.802,0.851,4.889
2025-11-29T12:15:00Z,128765,12.67,2025-11-29T12:13:00Z,-2.012,0.852,4.884
2025-11-29T12:30:00Z,128766,12.62,2025-11-29T12:29:40Z,-2.174,0.851,4.879
2025-11-29T12:45:00Z,128767,12.6,2025-11-29T12:43:55Z,-2.303,0.853,4.875
2025-11-29T13:00:00Z,128768,12.59,2025-11-29T12:57:15Z,-2.386,0.851,4.87
2025-11-29T13:15:00Z,128769,12.59,2025-11-29T13:02:45Z,-2.363,0.853,4.865
2025-11-29T13:30:00Z,128770,12.58,2025-11-29T13:29:35Z,-2.293,0.855,4.861
2025-11-29T13:45:00Z,128771,12.59,2025-11-29T13:44:45Z,-2.204,0.855,4.857
2025-11-29T14:00:00Z,128772,12.56,2025-11-29T13:57:15Z,-2.102,0.855,4.852
2025-11-29T14:15:00Z,128773,12.53,2025-11-29T14:12:50Z,-2.03,0.856,4.848
2025-11-29T14:30:00Z,128774,12.53,2025-11-29T14:29:35Z,-2.015,0.857,4.844
2025-11-29T14:45:00Z,128775,12.52,2025-11-29T14:39:40Z,-2.037,0.867,4.839
2025-11-29T15:00:00Z,128776,12.51,2025-11-29T14:53:00Z,-2.056,0.858,4.833
2025-11-29T15:15:00Z,128777,12.51,2025-11-29T15:02:05Z,-2.05,0.855,4.829
2025-11-29T15:30:00Z,128778,12.49,2025-11-29T15:29:45Z,-2.036,0.854,4.826
2025-11-29T15:45:00Z,128779,12.49,2025-11-29T15:31:05Z,-2.062,0.853,4.822
2025-11-29T16:00:00Z,128780,12.48,2025-11-29T15:53:40Z,-2.118,0.854,4.819
2025-11-29T16:15:00Z,128781,12.47,2025-11-29T16:02:05Z,-2.192,0.859,4.814
2025-11-29T16:30:00Z,128782,12.46,2025-11-29T16:29:35Z,-2.262,0.852,4.81
2025-11-29T16:45:00Z,128783,12.47,2025-11-29T16:43:45Z,-2.325,0.852,4.806
2025-11-29T17:00:00Z,128784,12.47,2025-11-29T16:47:15Z,-2.374,0.847,4.803
2025-11-29T17:15:00Z,128785,12.46,2025-11-29T17:02:05Z,-2.42,0.846,4.799
2025-11-29T17:30:00Z,128786,12.47,2025-11-29T17:29:55Z,-2.453,0.846,4.796
2025-11-29T17:45:00Z,128787,12.47,2025-11-29T17:38:40Z,-2.477,0.846,4.793
2025-11-29T18:00:00Z,128788,12.47,2025-11-29T17:47:25Z,-2.483,0.847,4.789
2025-11-29T18:15:00Z,128789,12.46,2025-11-29T18:02:05Z,-2.502,0.851,4.786
2025-11-29T18:30:00Z,128790,12.46,2025-11-29T18:29:35Z,-2.525,0.85,4.782
2025-11-29T18:45:00Z,128791,12.47,2025-11-29T18:36:05Z,-2.547,0.851,4.779
2025-11-29T19:00:00Z,128792,12.46,2025-11-29T18:59:15Z,-2.569,0.858,4.775
2025-11-29T19:15:00Z,128793,12.46,2025-11-29T19:02:45Z,-2.597,0.859,4.77
2025-11-29T19:30:00Z,128794,12.46,2025-11-29T19:28:35Z,-2.612,0.855,4.766
2025-11-29T19:45:00Z,128795,12.46,2025-11-29T19:33:55Z,-2.612,0.853,4.764
2025-11-29T20:00:00Z,128796,12.46,2025-11-29T19:57:15Z,-2.578,0.858,4.761
2025-11-29T20:15:00Z,128797,12.46,2025-11-29T20:02:05Z,-2.507,0.866,4.758
2025-11-29T20:30:00Z,128798,12.46,2025-11-29T20:27:15Z,-2.407,0.871,4.754
2025-11-29T20:45:00Z,128799,12.46,2025-11-29T20:37:55Z,-2.299,0.871,4.751
2025-11-29T21:00:00Z,128800,12.46,2025-11-29T20:57:05Z,-2.194,0.872,4.747
2025-11-29T21:15:00Z,128801,12.46,2025-11-29T21:02:05Z,-2.114,0.875,4.743
2025-11-29T21:30:00Z,128802,12.47,2025-11-29T21:28:45Z,-2.063,0.875,4.739
2025-11-29T21:45:00Z,128803,12.46,2025-11-29T21:32:55Z,-2.046,0.878,4.735
2025-11-29T22:00:00Z,128804,12.47,2025-11-29T21:49:30Z,-2.055,0.877,4.731
2025-11-29T22:15:00Z,128805,12.45,2025-11-29T22:02:05Z,-2.071,0.878,4.728
2025-11-29T22:30:00Z,128806,12.46,2025-11-29T22:29:35Z,-2.101,0.877,4.724
2025-11-29T22:45:00Z,128807,12.47,2025-11-29T22:40:45Z,-2.125,0.882,4.719
2025-11-29T23:00:00Z,128808,12.46,2025-11-29T22:57:05Z,-2.142,0.877,4.714
2025-11-29T23:15:00Z,128809,12.46,2025-11-29T23:02:05Z,-2.142,0.878,4.711
2025-11-29T23:30:00Z,128810,12.46,2025-11-29T23:21:15Z,-2.122,0.877,4.707
2025-11-29T23:45:00Z,128811,12.46,2025-11-29T23:43:40Z,-2.1,0.876,4.703
2025-11-30T00:15:00Z,128813,12.45,2025-11-30T00:02:05Z,-2.043,0.874,4.696
2025-11-30T00:30:00Z,128814,12.45,2025-11-30T00:29:35Z,-1.995,0.874,4.693
2025-11-30T00:45:00Z,128815,12.46,2025-11-30T00:36:10Z,-1.921,0.879,4.689
2025-11-30T01:00:00Z,128816,12.45,2025-11-30T00:57:05Z,-1.834,0.878,4.684
2025-11-30T01:15:00Z,128817,12.46,2025-11-30T01:10:50Z,-1.723,0.874,4.681
2025-11-30T01:30:00Z,128818,12.46,2025-11-30T01:29:45Z,-1.612,0.871,4.678
2025-11-30T01:45:00Z,128819,12.46,2025-11-30T01:32:10Z,-1.514,0.87,4.675
2025-11-30T02:00:00Z,128820,12.46,2025-11-30T01:57:05Z,-1.41,0.87,4.672
2025-11-30T02:15:00Z,128821,12.46,2025-11-30T02:02:05Z,-1.282,0.871,4.668
2025-11-30T02:30:00Z,128822,12.46,2025-11-30T02:29:35Z,-1.127,0.871,4.665
2025-11-30T02:45:00Z,128823,12.46,2025-11-30T02:39:45Z,-0.932,0.87,4.661
2025-11-30T03:00:00Z,128824,12.42,2025-11-30T02:57:05Z,-0.679,0.871,4.657
2025-11-30T03:15:00Z,128825,12.46,2025-11-30T03:03:30Z,-0.41,0.869,4.654
2025-11-30T03:30:00Z,128826,12.47,2025-11-30T03:27:40Z,-0.14,0.869,4.65
2025-11-30T03:45:00Z,128827,12.47,2025-11-30T03:44:15Z,0.105,0.869,4.647
2025-11-30T04:00:00Z,128828,12.46,2025-11-30T03:57:05Z,0.302,0.866,4.644
2025-11-30T04:15:00Z,128829,12.46,2025-11-30T04:02:05Z,0.476,0.871,4.64
2025-11-30T04:30:00Z,128830,12.47,2025-11-30T04:24:20Z,0.639,0.867,4.636
2025-11-30T04:45:00Z,128831,12.47,2025-11-30T04:41:55Z,0.776,0.865,4.633
2025-11-30T05:00:00Z,128832,12.46,2025-11-30T04:57:10Z,0.881,0.863,4.63
2025-11-30T05:15:00Z,128833,12.47,2025-11-30T05:03:40Z,0.903,0.865,4.626
2025-11-30T05:30:00Z,128834,12.47,2025-11-30T05:25:30Z,0.875,0.866,4.623
2025-11-30T05:45:00Z,128835,12.47,2025-11-30T05:36:15Z,0.812,0.867,4.62
2025-11-30T06:00:00Z,128836,12.47,2025-11-30T05:50:00Z,0.747,0.867,4.616
2025-11-30T06:15:00Z,128837,12.46,2025-11-30T06:02:05Z,0.678,0.868,4.613
2025-11-30T06:30:00Z,128838,12.47,2025-11-30T06:26:25Z,0.613,0.869,4.609
2025-11-30T06:45:00Z,128839,12.47,2025-11-30T06:31:45Z,0.529,0.867,4.606
2025-11-30T07:00:00Z,128840,12.47,2025-11-30T06:45:05Z,0.407,0.867,4.602
2025-11-30T07:15:00Z,128841,12.47,2025-11-30T07:06:25Z,0.265,0.864,4.599
2025-11-30T07:30:00Z,128842,12.47,2025-11-30T07:25:05Z,0.082,0.864,4.596
2025-11-30T07:45:00Z,128843,12.47,2025-11-30T07:30:25Z,-0.12,0.863,4.592
2025-11-30T08:00:00Z,128844,12.46,2025-11-30T07:57:05Z,-0.302,0.861,4.589
2025-11-30T08:15:00Z,128845,12.47,2025-11-30T08:02:10Z,-0.457,0.86,4.585
2025-11-30T08:30:00Z,128846,12.48,2025-11-30T08:20:20Z,-0.584,0.86,4.582
2025-11-30T08:45:00Z,128847,12.48,2025-11-30T08:32:55Z,-0.704,0.859,4.578
2025-11-30T09:00:00Z,128848,12.49,2025-11-30T08:57:15Z,-0.845,0.857,4.575
2025-11-30T09:15:00Z,128849,12.48,2025-11-30T09:02:10Z,-0.989,0.854,4.571
2025-11-30T09:30:00Z,128850,12.49,2025-11-30T09:21:30Z,-1.16,0.853,4.568
2025-11-30T09:45:00Z,128851,12.5,2025-11-30T09:37:40Z,-1.331,0.852,4.565
2025-11-30T10:00:00Z,128852,12.52,2025-11-30T09:46:05Z,-1.453,0.851,4.562
2025-11-30T10:15:00Z,128853,12.55,2025-11-30T10:11:55Z,-1.481,0.85,4.558
2025-11-30T10:30:00Z,128854,12.55,2025-11-30T10:23:00Z,-1.509,0.848,4.555
2025-11-30T10:45:00Z,128855,12.57,2025-11-30T10:32:55Z,-1.572,0.848,4.552
2025-11-30T11:00:00Z,128856,12.61,2025-11-30T10:47:05Z,-1.577,0.847,4.549
2025-11-30T11:15:00Z,128857,12.63,2025-11-30T11:02:05Z,-1.566,0.846,4.546
2025-11-30T11:30:00Z,128858,12.64,2025-11-30T11:16:55Z,-1.613,0.845,4.543
2025-11-30T11:45:00Z,128859,12.65,2025-11-30T11:30:05Z,-1.713,0.847,4.54
2025-11-30T12:00:00Z,128860,12.66,2025-11-30T11:45:45Z,-1.774,0.847,4.537
2025-11-30T12:15:00Z,128861,12.69,2025-11-30T12:13:05Z,-1.795,0.848,4.534
2025-11-30T12:30:00Z,128862,12.68,2025-11-30T12:18:25Z,-1.828,0.855,4.53
2025-11-30T12:45:00Z,128863,12.71,2025-11-30T12:30:35Z,-1.812,0.85,4.526
2025-11-30T13:00:00Z,128864,12.82,2025-11-30T12:45:05Z,-1.674,0.848,4.524
2025-11-30T13:15:00Z,128865,12.93,2025-11-30T13:00:05Z,-1.427,0.848,4.522
2025-11-30T13:30:00Z,128866,12.99,2025-11-30T13:29:35Z,-1.173,0.85,4.52
2025-11-30T13:45:00Z,128867,12.94,2025-11-30T13:44:10Z,-1.061,0.847,4.517
2025-11-30T14:00:00Z,128868,12.94,2025-11-30T13:45:10Z,-1.115,0.847,4.514
2025-11-30T14:15:00Z,128869,12.99,2025-11-30T14:00:55Z,-1.139,0.847,4.512
2025-11-30T14:30:00Z,128870,12.96,2025-11-30T14:30:00Z,-1.139,0.848,4.509
2025-11-30T14:45:00Z,128871,12.94,2025-11-30T14:39:05Z,-1.177,0.846,4.506
2025-11-30T15:00:00Z,128872,12.91,2025-11-30T14:59:10Z,-1.225,0.846,4.503
2025-11-30T15:15:00Z,128873,12.86,2025-11-30T15:14:20Z,-1.246,0.845,4.5
2025-11-30T15:30:00Z,128874,12.81,2025-11-30T15:29:35Z,-1.251,0.844,4.497
2025-11-30T15:45:00Z,128875,12.77,2025-11-30T15:42:35Z,-1.227,0.843,4.493
2025-11-30T16:00:00Z,128876,12.71,2025-11-30T15:57:05Z,-1.196,0.843,4.49
2025-11-30T16:15:00Z,128877,12.66,2025-11-30T16:14:05Z,-1.18,0.841,4.487
2025-11-30T16:30:00Z,128878,12.59,2025-11-30T16:29:40Z,-1.18,0.842,4.483
2025-11-30T16:45:00Z,128879,12.55,2025-11-30T16:44:20Z,-1.194,0.841,4.48
2025-11-30T17:00:00Z,128880,12.52,2025-11-30T16:59:55Z,-1.225,0.845,4.475
2025-11-30T17:15:00Z,128881,12.5,2025-11-30T17:13:50Z,-1.273,0.837,4.472
2025-11-30T17:30:00Z,128882,12.48,2025-11-30T17:29:40Z,-1.394,0.835,4.469
2025-11-30T17:45:00Z,128883,12.48,2025-11-30T17:41:15Z,-1.615,0.834,4.466
2025-11-30T18:00:00Z,128884,12.47,2025-11-30T17:57:05Z,-1.864,0.832,4.464
2025-11-30T18:15:00Z,128885,12.48,2025-11-30T18:01:35Z,-2.061,0.832,4.461
2025-11-30T18:30:00Z,128886,12.46,2025-11-30T18:25:35Z,-2.209,0.83,4.458
2025-11-30T18:45:00Z,128887,12.46,2025-11-30T18:33:35Z,-2.323,0.83,4.456
2025-11-30T19:00:00Z,128888,12.46,2025-11-30T18:57:05Z,-2.405,0.831,4.453
2025-11-30T19:15:00Z,128889,12.47,2025-11-30T19:08:15Z,-2.456,0.829,4.45
2025-11-30T19:30:00Z,128890,12.46,2025-11-30T19:29:35Z,-2.405,0.83,4.447
2025-11-30T19:45:00Z,128891,12.47,2025-11-30T19:40:55Z,-2.394,0.829,4.444
2025-11-30T20:00:00Z,128892,12.46,2025-11-30T19:57:05Z,-2.576,0.829,4.441
2025-11-30T20:15:00Z,128893,12.46,2025-11-30T20:02:05Z,-2.81,0.827,4.439
2025-11-30T20:30:00Z,128894,12.46,2025-11-30T20:29:35Z,-2.996,0.826,4.436
2025-11-30T20:45:00Z,128895,12.47,2025-11-30T20:41:45Z,-3.107,0.826,4.433
2025-11-30T21:00:00Z,128896,12.46,2025-11-30T20:57:05Z,-3.205,0.826,4.431
2025-11-30T21:15:00Z,128897,12.46,2025-11-30T21:02:05Z,-3.381,0.825,4.428
2025-11-30T21:30:00Z,128898,12.45,2025-11-30T21:29:45Z,-3.666,0.824,4.425
2025-11-30T21:45:00Z,128899,12.46,2025-11-30T21:36:50Z,-4.03,0.823,4.423
2025-11-30T22:00:00Z,128900,12.46,2025-11-30T21:55:55Z,-4.408,0.823,4.42
2025-11-30T22:15:00Z,128901,12.45,2025-11-30T22:03:20Z,-4.783,0.821,4.418
2025-11-30T22:30:00Z,128902,12.46,2025-11-30T22:15:05Z,-5.169,0.821,4.415
2025-11-30T22:45:00Z,128903,12.45,2025-11-30T22:30:50Z,-5.618,0.821,4.413
2025-11-30T23:00:00Z,128904,12.44,2025-11-30T22:58:15Z,-6.488,0.819,4.41
2025-11-30T23:15:00Z,128905,12.45,2025-11-30T23:02:15Z,-7.717,0.82,4.408
2025-11-30T23:30:00Z,128906,12.45,2025-11-30T23:17:10Z,-9.11,0.82,4.405
2025-11-30T23:45:00Z,128907,12.44,2025-11-30T23:30:30Z,-10.49,0.82,4.403
2025-12-01T00:15:00Z,128909,12.44,2025-12-01T00:02:10Z,-12.84,0.818,4.398
2025-12-01T00:30:00Z,128910,12.44,2025-12-01T00:25:25Z,-13.78,0.821,4.395
2025-12-01T00:45:00Z,128911,12.44,2025-12-01T00:30:05Z,-14.58,0.823,4.392
2025-12-01T01:00:00Z,128912,12.41,2025-12-01T00:57:15Z,-15.27,0.818,4.39
2025-12-01T01:15:00Z,128913,12.41,2025-12-01T01:02:10Z,-15.87,0.819,4.388
2025-12-01T01:30:00Z,128914,12.42,2025-12-01T01:24:50Z,-16.37,0.819,4.386
2025-12-01T01:45:00Z,128915,12.41,2025-12-01T01:38:25Z,-16.78,0.816,4.384
2025-12-01T02:00:00Z,128916,12.41,2025-12-01T01:49:15Z,-17.13,0.817,4.382
2025-12-01T02:15:00Z,128917,12.41,2025-12-01T02:00:05Z,-17.39,0.819,4.379
2025-12-01T02:30:00Z,128918,12.4,2025-12-01T02:25:40Z,-17.6,0.816,4.377
2025-12-01T02:45:00Z,128919,12.4,2025-12-01T02:43:25Z,-17.77,0.815,4.374
2025-12-01T03:00:00Z,128920,12.39,2025-12-01T02:52:55Z,-17.91,0.815,4.372
2025-12-01T03:15:00Z,128921,12.39,2025-12-01T03:10:05Z,-18.04,0.816,4.37
2025-12-01T03:30:00Z,128922,12.38,2025-12-01T03:29:45Z,-18.15,0.813,4.368
2025-12-01T03:45:00Z,128923,12.39,2025-12-01T03:43:40Z,-18.26,0.813,4.366
2025-12-01T04:00:00Z,128924,12.39,2025-12-01T03:59:45Z,-18.35,0.814,4.363
2025-12-01T04:15:00Z,128925,12.38,2025-12-01T04:02:10Z,-18.4,0.813,4.361
2025-12-01T04:30:00Z,128926,12.38,2025-12-01T04:19:55Z,-18.42,0.815,4.359
2025-12-01T04:45:00Z,128927,12.38,2025-12-01T04:41:20Z,-18.4,0.816,4.356
2025-12-01T05:00:00Z,128928,12.36,2025-12-01T04:57:15Z,-18.37,0.816,4.354
2025-12-01T05:15:00Z,128929,12.36,2025-12-01T05:02:10Z,-18.26,0.817,4.351
2025-12-01T05:30:00Z,128930,12.37,2025-12-01T05:16:00Z,-17.95,0.817,4.349
2025-12-01T05:45:00Z,128931,12.37,2025-12-01T05:30:05Z,-17.35,0.817,4.347
2025-12-01T06:00:00Z,128932,12.36,2025-12-01T05:51:00Z,-16.59,0.816,4.344
2025-12-01T06:15:00Z,128933,12.36,2025-12-01T06:12:20Z,-15.86,0.815,4.342
2025-12-01T06:30:00Z,128934,12.36,2025-12-01T06:17:40Z,-15.17,0.814,4.34
2025-12-01T06:45:00Z,128935,12.36,2025-12-01T06:33:00Z,-14.57,0.814,4.338
2025-12-01T07:00:00Z,128936,12.36,2025-12-01T06:47:00Z,-14.2,0.813,4.336
2025-12-01T07:15:00Z,128937,12.36,2025-12-01T07:05:40Z,-14.19,0.813,4.334
2025-12-01T07:30:00Z,128938,12.37,2025-12-01T07:15:05Z,-14.38,0.81,4.332
2025-12-01T07:45:00Z,128939,12.37,2025-12-01T07:30:05Z,-14.63,0.809,4.33
2025-12-01T08:00:00Z,128940,12.37,2025-12-01T07:45:05Z,-14.83,0.811,4.328
2025-12-01T08:15:00Z,128941,12.37,2025-12-01T08:00:10Z,-14.89,0.812,4.326
2025-12-01T08:30:00Z,128942,12.38,2025-12-01T08:15:15Z,-14.71,0.815,4.324
2025-12-01T08:45:00Z,128943,12.39,2025-12-01T08:30:05Z,-14.22,0.82,4.321
2025-12-01T09:00:00Z,128944,12.41,2025-12-01T08:45:05Z,-13.55,0.815,4.317
2025-12-01T09:15:00Z,128945,12.43,2025-12-01T09:00:25Z,-12.74,0.817,4.315
2025-12-01T09:30:00Z,128946,12.46,2025-12-01T09:15:10Z,-11.77,0.817,4.313
2025-12-01T09:45:00Z,128947,12.5,2025-12-01T09:30:05Z,-10.73,0.815,4.311
2025-12-01T10:00:00Z,128948,12.53,2025-12-01T09:45:05Z,-9.6,0.817,4.309
2025-12-01T10:15:00Z,128949,12.56,2025-12-01T10:00:05Z,-8.36,0.815,4.307
2025-12-01T10:30:00Z,128950,12.59,2025-12-01T10:15:20Z,-7.06,0.82,4.306
2025-12-01T10:45:00Z,128951,12.64,2025-12-01T10:30:05Z,-5.856,0.82,4.304
2025-12-01T11:00:00Z,128952,12.72,2025-12-01T10:45:15Z,-4.823,0.821,4.302
2025-12-01T11:15:00Z,128953,12.82,2025-12-01T11:00:25Z,-3.944,0.825,4.301
2025-12-01T11:30:00Z,128954,12.97,2025-12-01T11:15:25Z,-3.009,0.827,4.301
2025-12-01T11:45:00Z,128955,13.2,2025-12-01T11:30:35Z,-1.969,0.832,4.3
2025-12-01T12:00:00Z,128956,13.39,2025-12-01T11:45:05Z,-1.121,0.841,4.3
2025-12-01T12:15:00Z,128957,13.55,2025-12-01T12:00:10Z,-0.561,0.855,4.3
2025-12-01T12:30:00Z,128958,13.68,2025-12-01T12:15:05Z,-0.226,0.869,4.3
2025-12-01T12:45:00Z,128959,13.76,2025-12-01T12:33:45Z,0.001,0.883,4.299
2025-12-01T13:00:00Z,128960,13.8,2025-12-01T12:59:05Z,0.179,0.899,4.298
2025-12-01T13:15:00Z,128961,13.81,2025-12-01T13:14:45Z,0.344,0.91,4.297
2025-12-01T13:30:00Z,128962,13.78,2025-12-01T13:27:05Z,0.457,0.922,4.295
2025-12-01T13:45:00Z,128963,13.81,2025-12-01T13:30:30Z,0.47,0.928,4.293
2025-12-01T14:00:00Z,128964,13.76,2025-12-01T13:59:55Z,0.493,0.931,4.292
2025-12-01T14:15:00Z,128965,13.67,2025-12-01T14:14:35Z,0.476,0.932,4.289
2025-12-01T14:30:00Z,128966,13.58,2025-12-01T14:29:50Z,0.401,0.929,4.287
2025-12-01T14:45:00Z,128967,13.48,2025-12-01T14:45:00Z,0.332,0.926,4.284
2025-12-01T15:00:00Z,128968,13.34,2025-12-01T14:59:55Z,0.288,0.915,4.28
2025-12-01T15:15:00Z,128969,13.26,2025-12-01T15:14:50Z,0.18,0.912,4.277
2025-12-01T15:30:00Z,128970,13.19,2025-12-01T15:29:45Z,-0.007,0.909,4.275
2025-12-01T15:45:00Z,128971,13.14,2025-12-01T15:44:45Z,-0.246,0.908,4.273
2025-12-01T16:00:00Z,128972,13.09,2025-12-01T15:59:40Z,-0.542,0.904,4.27
2025-12-01T16:15:00Z,128973,13.03,2025-12-01T16:14:10Z,-0.881,0.902,4.268
2025-12-01T16:30:00Z,128974,12.99,2025-12-01T16:29:50Z,-1.219,0.899,4.266
2025-12-01T16:45:00Z,128975,12.96,2025-12-01T16:43:30Z,-1.563,0.897,4.264
2025-12-01T17:00:00Z,128976,12.95,2025-12-01T16:55:40Z,-1.913,0.895,4.261
2025-12-01T17:15:00Z,128977,12.92,2025-12-01T17:07:30Z,-2.253,0.891,4.26
2025-12-01T17:30:00Z,128978,12.91,2025-12-01T17:30:00Z,-2.577,0.89,4.258
2025-12-01T17:45:00Z,128979,12.91,2025-12-01T17:44:10Z,-2.879,0.891,4.256
2025-12-01T18:00:00Z,128980,12.87,2025-12-01T17:57:55Z,-3.128,0.89,4.254
2025-12-01T18:15:00Z,128981,12.88,2025-12-01T18:02:10Z,-3.32,0.888,4.252
2025-12-01T18:30:00Z,128982,12.87,2025-12-01T18:29:45Z,-3.44,0.891,4.25
2025-12-01T18:45:00Z,128983,12.87,2025-12-01T18:41:45Z,-3.506,0.887,4.247
2025-12-01T19:00:00Z,128984,12.86,2025-12-01T18:50:30Z,-3.569,0.886,4.246
2025-12-01T19:15:00Z,128985,12.85,2025-12-01T19:02:15Z,-3.65,0.884,4.244
2025-12-01T19:30:00Z,128986,12.85,2025-12-01T19:21:30Z,-3.749,0.883,4.242
2025-12-01T19:45:00Z,128987,12.83,2025-12-01T19:44:15Z,-3.845,0.882,4.24
2025-12-01T20:00:00Z,128988,12.82,2025-12-01T19:57:15Z,-3.922,0.882,4.239
2025-12-01T20:15:00Z,128989,12.82,2025-12-01T20:02:10Z,-3.987,0.882,4.237
2025-12-01T20:30:00Z,128990,12.82,2025-12-01T20:25:45Z,-4.041,0.884,4.235
2025-12-01T20:45:00Z,128991,12.81,2025-12-01T20:43:55Z,-4.084,0.884,4.233
2025-12-01T21:00:00Z,128992,12.78,2025-12-01T20:57:10Z,-4.096,0.882,4.231
2025-12-01T21:15:00Z,128993,12.8,2025-12-01T21:14:20Z,-4.1,0.882,4.229
2025-12-01T21:30:00Z,128994,12.79,2025-12-01T21:27:05Z,-4.117,0.88,4.227
2025-12-01T21:45:00Z,128995,12.77,2025-12-01T21:43:05Z,-4.133,0.882,4.226
2025-12-01T22:00:00Z,128996,12.76,2025-12-01T21:57:10Z,-4.138,0.881,4.224
2025-12-01T22:15:00Z,128997,12.76,2025-12-01T22:02:25Z,-4.117,0.88,4.222
2025-12-01T22:30:00Z,128998,12.75,2025-12-01T22:29:55Z,-4.1,0.88,4.221
2025-12-01T22:45:00Z,128999,12.76,2025-12-01T22:40:45Z,-4.086,0.879,4.219
2025-12-01T23:00:00Z,129000,12.75,2025-12-01T22:57:45Z,-4.061,0.877,4.217
2025-12-01T23:15:00Z,129001,12.74,2025-12-01T23:02:30Z,-4.042,0.876,4.215
2025-12-01T23:30:00Z,129002,12.72,2025-12-01T23:29:55Z,-4.021,0.876,4.214
2025-12-01T23:45:00Z,129003,12.73,2025-12-01T23:34:50Z,-4.008,0.875,4.212
2025-12-02T00:15:00Z,129005,12.71,2025-12-02T00:02:00Z,-3.983,0.873,4.208
2025-12-02T00:30:00Z,129006,12.7,2025-12-02T00:29:30Z,-3.965,0.872,4.207
2025-12-02T00:45:00Z,129007,12.7,2025-12-02T00:43:25Z,-3.965,0.872,4.205
2025-12-02T01:00:00Z,129008,12.69,2025-12-02T00:59:05Z,-3.965,0.873,4.204
2025-12-02T01:15:00Z,129009,12.67,2025-12-02T01:02:00Z,-3.985,0.871,4.202
2025-12-02T01:30:00Z,129010,12.66,2025-12-02T01:29:35Z,-4.019,0.869,4.2
2025-12-02T01:45:00Z,129011,12.66,2025-12-02T01:43:20Z,-4.066,0.87,4.198
2025-12-02T02:00:00Z,129012,12.64,2025-12-02T01:57:05Z,-4.114,0.873,4.197
2025-12-02T02:15:00Z,129013,12.64,2025-12-02T02:13:20Z,-4.161,0.873,4.195
2025-12-02T02:30:00Z,129014,12.61,2025-12-02T02:29:40Z,-4.182,0.871,4.193
2025-12-02T02:45:00Z,129015,12.61,2025-12-02T02:42:40Z,-4.158,0.868,4.191
2025-12-02T03:00:00Z,129016,12.6,2025-12-02T02:58:40Z,-4.129,0.867,4.19
2025-12-02T03:15:00Z,129017,12.59,2025-12-02T03:02:00Z,-4.097,0.868,4.188
2025-12-02T03:30:00Z,129018,12.57,2025-12-02T03:27:35Z,-4.062,0.869,4.186
2025-12-02T03:45:00Z,129019,12.57,2025-12-02T03:42:35Z,-4.017,0.869,4.184
2025-12-02T04:00:00Z,129020,12.56,2025-12-02T03:59:05Z,-4.013,0.872,4.182
2025-12-02T04:15:00Z,129021,12.55,2025-12-02T04:14:05Z,-4.046,0.868,4.18
2025-12-02T04:30:00Z,129022,12.55,2025-12-02T04:26:20Z,-4.094,0.866,4.178
2025-12-02T04:45:00Z,129023,12.54,2025-12-02T04:41:45Z,-4.196,0.865,4.176
2025-12-02T05:00:00Z,129024,12.53,2025-12-02T04:55:00Z,-4.441,0.867,4.174
2025-12-02T05:15:00Z,129025,12.51,2025-12-02T05:02:00Z,-4.836,0.865,4.172
2025-12-02T05:30:00Z,129026,12.5,2025-12-02T05:29:35Z,-5.257,0.865,4.171
2025-12-02T05:45:00Z,129027,12.5,2025-12-02T05:35:25Z,-5.687,0.863,4.169
2025-12-02T06:00:00Z,129028,12.49,2025-12-02T05:51:30Z,-6.113,0.865,4.167
2025-12-02T06:15:00Z,129029,12.49,2025-12-02T06:11:20Z,-6.558,0.865,4.165
2025-12-02T06:30:00Z,129030,12.48,2025-12-02T06:27:05Z,-7.059,0.866,4.163
2025-12-02T06:45:00Z,129031,12.48,2025-12-02T06:43:05Z,-7.587,0.865,4.161
2025-12-02T07:00:00Z,129032,12.46,2025-12-02T06:57:10Z,-8.18,0.872,4.159
2025-12-02T07:15:00Z,129033,12.46,2025-12-02T07:02:00Z,-8.71,0.869,4.155
2025-12-02T07:30:00Z,129034,12.45,2025-12-02T07:29:35Z,-9.19,0.865,4.153
2025-12-02T07:45:00Z,129035,12.45,2025-12-02T07:41:20Z,-9.85,0.866,4.152
2025-12-02T08:00:00Z,129036,12.45,2025-12-02T07:58:15Z,-10.66,0.866,4.15
2025-12-02T08:15:00Z,129037,12.46,2025-12-02T08:00:05Z,-11.39,0.865,4.149
2025-12-02T08:30:00Z,129038,12.46,2025-12-02T08:15:05Z,-11.67,0.867,4.147
2025-12-02T08:45:00Z,129039,12.46,2025-12-02T08:30:05Z,-11.42,0.867,4.146
2025-12-02T09:00:00Z,129040,12.46,2025-12-02T08:45:05Z,-10.72,0.878,4.143
2025-12-02T09:15:00Z,129041,12.45,2025-12-02T09:02:00Z,-9.78,0.872,4.14
2025-12-02T09:30:00Z,129042,12.47,2025-12-02T09:19:30Z,-8.74,0.87,4.138
2025-12-02T09:45:00Z,129043,12.48,2025-12-02T09:31:20Z,-7.597,0.872,4.137
2025-12-02T10:00:00Z,129044,12.49,2025-12-02T09:45:05Z,-6.454,0.871,4.135
2025-12-02T10:15:00Z,129045,12.5,2025-12-02T10:00:05Z,-5.408,0.872,4.134
2025-12-02T10:30:00Z,129046,12.52,2025-12-02T10:16:15Z,-4.487,0.873,4.132
2025-12-02T10:45:00Z,129047,12.54,2025-12-02T10:35:35Z,-3.672,0.875,4.13
2025-12-02T11:00:00Z,129048,12.59,2025-12-02T10:45:05Z,-2.957,0.876,4.129
2025-12-02T11:15:00Z,129049,12.66,2025-12-02T11:02:00Z,-2.148,0.878,4.128
2025-12-02T11:30:00Z,129050,12.73,2025-12-02T11:15:35Z,-1.383,0.881,4.127
2025-12-02T11:45:00Z,129051,12.78,2025-12-02T11:31:20Z,-0.837,0.883,4.125
2025-12-02T12:00:00Z,129052,12.94,2025-12-02T11:59:10Z,-0.357,0.884,4.125
2025-12-02T12:15:00Z,129053,12.92,2025-12-02T12:07:10Z,-0.081,0.885,4.123
2025-12-02T12:30:00Z,129054,12.93,2025-12-02T12:15:10Z,-0.016,0.887,4.122
2025-12-02T12:45:00Z,129055,12.92,2025-12-02T12:41:50Z,-0.012,0.889,4.12
2025-12-02T13:00:00Z,129056,12.92,2025-12-02T12:57:50Z,-0.054,0.888,4.118
2025-12-02T13:15:00Z,129057,12.92,2025-12-02T13:02:00Z,-0.085,0.89,4.117
2025-12-02T13:30:00Z,129058,12.91,2025-12-02T13:29:35Z,-0.108,0.891,4.116
2025-12-02T13:45:00Z,129059,12.88,2025-12-02T13:44:50Z,-0.181,0.892,4.114
2025-12-02T14:00:00Z,129060,12.81,2025-12-02T13:59:55Z,-0.289,0.891,4.112
2025-12-02T14:15:00Z,129061,12.76,2025-12-02T14:14:20Z,-0.442,0.891,4.11
2025-12-02T14:30:00Z,129062,12.73,2025-12-02T14:29:30Z,-0.599,0.892,4.108
2025-12-02T14:45:00Z,129063,12.7,2025-12-02T14:45:00Z,-0.735,0.891,4.106
2025-12-02T15:00:00Z,129064,12.68,2025-12-02T14:58:50Z,-0.865,0.889,4.104
2025-12-02T15:15:00Z,129065,12.66,2025-12-02T15:02:05Z,-0.931,0.889,4.103
2025-12-02T15:30:00Z,129066,12.63,2025-12-02T15:28:45Z,-0.965,0.889,4.101
2025-12-02T15:45:00Z,129067,12.61,2025-12-02T15:44:45Z,-0.971,0.899,4.099
2025-12-02T16:00:00Z,129068,12.57,2025-12-02T15:58:25Z,-0.987,0.895,4.094
2025-12-02T16:15:00Z,129069,12.54,2025-12-02T16:13:45Z,-1.053,0.888,4.092
2025-12-02T16:30:00Z,129070,12.51,2025-12-02T16:29:40Z,-1.171,0.888,4.091
2025-12-02T16:45:00Z,129071,12.5,2025-12-02T16:41:35Z,-1.333,0.889,4.09
2025-12-02T17:00:00Z,129072,12.48,2025-12-02T16:51:20Z,-1.512,0.887,4.089
2025-12-02T17:15:00Z,129073,12.47,2025-12-02T17:02:00Z,-1.69,0.886,4.087
2025-12-02T17:30:00Z,129074,12.47,2025-12-02T17:29:35Z,-1.866,0.888,4.086
2025-12-02T17:45:00Z,129075,12.47,2025-12-02T17:37:30Z,-2.039,0.887,4.084
2025-12-02T18:00:00Z,129076,12.46,2025-12-02T17:57:05Z,-2.192,0.888,4.082
2025-12-02T18:15:00Z,129077,12.46,2025-12-02T18:02:45Z,-2.338,0.885,4.081
2025-12-02T18:30:00Z,129078,12.46,2025-12-02T18:29:35Z,-2.477,0.886,4.079
2025-12-02T18:45:00Z,129079,12.47,2025-12-02T18:34:50Z,-2.596,0.884,4.078
2025-12-02T19:00:00Z,129080,12.47,2025-12-02T18:58:05Z,-2.707,0.885,4.077
2025-12-02T19:15:00Z,129081,12.46,2025-12-02T19:02:00Z,-2.818,0.884,4.075
2025-12-02T19:30:00Z,129082,12.47,2025-12-02T19:23:25Z,-2.936,0.885,4.074
2025-12-02T19:45:00Z,129083,12.47,2025-12-02T19:34:05Z,-3.075,0.884,4.072
2025-12-02T20:00:00Z,129084,12.46,2025-12-02T19:57:05Z,-3.234,0.884,4.07
2025-12-02T20:15:00Z,129085,12.46,2025-12-02T20:08:55Z,-3.419,0.884,4.069
2025-12-02T20:30:00Z,129086,12.46,2025-12-02T20:18:05Z,-3.659,0.884,4.067
2025-12-02T20:45:00Z,129087,12.46,2025-12-02T20:30:15Z,-3.978,0.892,4.065
2025-12-02T21:00:00Z,129088,12.46,2025-12-02T20:57:10Z,-4.462,0.884,4.063
2025-12-02T21:15:00Z,129089,12.45,2025-12-02T21:02:00Z,-5.01,0.881,4.061
2025-12-02T21:30:00Z,129090,12.45,2025-12-02T21:29:35Z,-5.418,0.883,4.06
2025-12-02T21:45:00Z,129091,12.46,2025-12-02T21:30:20Z,-5.635,0.885,4.059
2025-12-02T22:00:00Z,129092,12.45,2025-12-02T21:55:40Z,-5.726,0.884,4.058
2025-12-02T22:15:00Z,129093,12.45,2025-12-02T22:02:05Z,-5.806,0.884,4.056
2025-12-02T22:30:00Z,129094,12.45,2025-12-02T22:17:00Z,-5.918,0.884,4.055
2025-12-02T22:45:00Z,129095,12.45,2025-12-02T22:41:00Z,-6.107,0.882,4.053
2025-12-02T23:00:00Z,129096,12.44,2025-12-02T22:59:40Z,-6.372,0.881,4.052
2025-12-02T23:15:00Z,129097,12.44,2025-12-02T23:02:20Z,-6.617,0.882,4.05
2025-12-02T23:30:00Z,129098,12.45,2025-12-02T23:15:40Z,-6.754,0.885,4.049
2025-12-02T23:45:00Z,129099,12.45,2025-12-02T23:31:45Z,-6.841,0.886,4.047
2025-12-03T00:15:00Z,129101,12.44,2025-12-03T00:11:25Z,-7.006,0.886,4.044
2025-12-03T00:30:00Z,129102,12.44,2025-12-03T00:19:25Z,-7.206,0.883,4.043
2025-12-03T00:45:00Z,129103,12.44,2025-12-03T00:36:35Z,-7.389,0.88,4.041
2025-12-03T01:00:00Z,129104,12.43,2025-12-03T00:57:10Z,-7.531,0.882,4.04
2025-12-03T01:15:00Z,129105,12.44,2025-12-03T01:02:05Z,-7.71,0.882,4.039
2025-12-03T01:30:00Z,129106,12.43,2025-12-03T01:29:40Z,-7.941,0.884,4.037
2025-12-03T01:45:00Z,129107,12.44,2025-12-03T01:31:20Z,-8.17,0.896,4.035
2025-12-03T02:00:00Z,129108,12.44,2025-12-03T01:45:05Z,-8.33,0.887,4.031
2025-12-03T02:15:00Z,129109,12.39,2025-12-03T02:01:30Z,-8.45,0.883,4.03
2025-12-03T02:30:00Z,129110,12.42,2025-12-03T02:29:40Z,-8.54,0.884,4.029
2025-12-03T02:45:00Z,129111,12.43,2025-12-03T02:31:15Z,-8.62,0.883,4.028
2025-12-03T03:00:00Z,129112,12.41,2025-12-03T02:57:10Z,-8.71,0.883,4.027
2025-12-03T03:15:00Z,129113,12.41,2025-12-03T03:02:05Z,-8.78,0.882,4.026
2025-12-03T03:30:00Z,129114,12.41,2025-12-03T03:29:55Z,-8.82,0.881,4.025
2025-12-03T03:45:00Z,129115,12.42,2025-12-03T03:32:35Z,-8.81,0.88,4.024
2025-12-03T04:00:00Z,129116,12.42,2025-12-03T03:51:15Z,-8.77,0.893,4.022
2025-12-03T04:15:00Z,129117,12.42,2025-12-03T04:02:05Z,-8.69,0.889,4.019
2025-12-03T04:30:00Z,129118,12.42,2025-12-03T04:19:20Z,-8.59,0.886,4.019
2025-12-03T04:45:00Z,129119,12.42,2025-12-03T04:30:05Z,-8.49,0.89,4.018
2025-12-03T05:00:00Z,129120,12.41,2025-12-03T04:57:05Z,-8.4,0.89,4.017
2025-12-03T05:15:00Z,129121,12.42,2025-12-03T05:00:05Z,-8.31,0.886,4.015
2025-12-03T05:30:00Z,129122,12.41,2025-12-03T05:29:40Z,-8.22,0.881,4.015
2025-12-03T05:45:00Z,129123,12.41,2025-12-03T05:41:25Z,-8.13,0.886,4.014
2025-12-03T06:00:00Z,129124,12.41,2025-12-03T05:57:05Z,-8.03,0.881,4.012
2025-12-03T06:15:00Z,129125,12.41,2025-12-03T06:04:05Z,-7.907,0.883,4.011
2025-12-03T06:30:00Z,129126,12.39,2025-12-03T06:29:35Z,-7.825,0.889,4.01
2025-12-03T06:45:00Z,129127,12.41,2025-12-03T06:30:10Z,-7.775,0.886,4.005
2025-12-03T07:00:00Z,129128,12.41,2025-12-03T06:46:35Z,-7.747,0.881,4.003
2025-12-03T07:15:00Z,129129,12.4,2025-12-03T07:02:10Z,-7.72,0.88,4.002
2025-12-03T07:30:00Z,129130,12.4,2025-12-03T07:29:40Z,-7.697,0.88,4.001
2025-12-03T07:45:00Z,129131,12.41,2025-12-03T07:30:05Z,-7.665,0.879,4
2025-12-03T08:00:00Z,129132,12.38,2025-12-03T07:57:10Z,-7.629,0.877,3.999
2025-12-03T08:15:00Z,129133,12.41,2025-12-03T08:00:10Z,-7.58,0.878,3.998
2025-12-03T08:30:00Z,129134,12.43,2025-12-03T08:16:10Z,-7.515,0.882,3.997
2025-12-03T08:45:00Z,129135,12.44,2025-12-03T08:30:05Z,-7.435,0.884,3.995
2025-12-03T09:00:00Z,129136,12.45,2025-12-03T08:45:25Z,-7.326,0.883,3.994
2025-12-03T09:15:00Z,129137,12.52,2025-12-03T09:02:10Z,-7.166,0.882,3.993
2025-12-03T09:30:00Z,129138,12.55,2025-12-03T09:15:05Z,-6.957,0.882,3.992
2025-12-03T09:45:00Z,129139,12.59,2025-12-03T09:30:05Z,-6.727,0.881,3.991
2025-12-03T10:00:00Z,129140,12.62,2025-12-03T09:45:05Z,-6.497,0.879,3.99
2025-12-03T10:15:00Z,129141,12.68,2025-12-03T10:00:05Z,-6.27,0.879,3.989
2025-12-03T10:30:00Z,129142,12.69,2025-12-03T10:15:05Z,-6.053,0.88,3.988
2025-12-03T10:45:00Z,129143,12.72,2025-12-03T10:30:05Z,-5.792,0.879,3.988
2025-12-03T11:00:00Z,129144,12.82,2025-12-03T10:45:05Z,-5.458,0.883,3.987
2025-12-03T11:15:00Z,129145,12.91,2025-12-03T11:02:10Z,-5.164,0.886,3.985
2025-12-03T11:30:00Z,129146,13,2025-12-03T11:29:40Z,-4.844,0.882,3.984
2025-12-03T11:45:00Z,129147,12.98,2025-12-03T11:44:55Z,-4.606,0.882,3.983
2025-12-03T12:00:00Z,129148,12.95,2025-12-03T11:57:10Z,-4.504,0.884,3.982
2025-12-03T12:15:00Z,129149,12.91,2025-12-03T12:14:25Z,-4.465,0.885,3.981
2025-12-03T12:30:00Z,129150,12.9,2025-12-03T12:17:05Z,-4.452,0.886,3.98
2025-12-03T12:45:00Z,129151,12.92,2025-12-03T12:30:05Z,-4.38,0.886,3.979
2025-12-03T13:00:00Z,129152,12.96,2025-12-03T12:45:05Z,-4.277,0.885,3.978
2025-12-03T13:15:00Z,129153,13,2025-12-03T13:01:25Z,-4.128,0.886,3.977
2025-12-03T13:30:00Z,129154,13.04,2025-12-03T13:22:45Z,-3.956,0.885,3.977
2025-12-03T13:45:00Z,129155,13,2025-12-03T13:42:15Z,-3.794,0.887,3.976
2025-12-03T14:00:00Z,129156,12.96,2025-12-03T13:58:45Z,-3.687,0.885,3.974
2025-12-03T14:15:00Z,129157,12.89,2025-12-03T14:13:35Z,-3.672,0.885,3.973
2025-12-03T14:30:00Z,129158,12.85,2025-12-03T14:22:20Z,-3.709,0.886,3.971
2025-12-03T14:45:00Z,129159,12.83,2025-12-03T14:42:50Z,-3.704,0.887,3.97
2025-12-03T15:00:00Z,129160,12.81,2025-12-03T14:56:55Z,-3.652,0.886,3.969
2025-12-03T15:15:00Z,129161,12.79,2025-12-03T15:13:45Z,-3.552,0.884,3.967
2025-12-03T15:30:00Z,129162,12.73,2025-12-03T15:28:05Z,-3.454,0.881,3.966
2025-12-03T15:45:00Z,129163,12.7,2025-12-03T15:43:55Z,-3.379,0.882,3.965
2025-12-03T16:00:00Z,129164,12.67,2025-12-03T15:57:10Z,-3.31,0.882,3.963
2025-12-03T16:15:00Z,129165,12.61,2025-12-03T16:14:10Z,-3.278,0.884,3.962
2025-12-03T16:30:00Z,129166,12.56,2025-12-03T16:29:35Z,-3.281,0.892,3.96
2025-12-03T16:45:00Z,129167,12.53,2025-12-03T16:41:25Z,-3.312,0.889,3.955
2025-12-03T17:00:00Z,129168,12.49,2025-12-03T16:56:45Z,-3.353,0.883,3.953
2025-12-03T17:15:00Z,129169,12.46,2025-12-03T17:13:00Z,-3.408,0.885,3.952
2025-12-03T17:30:00Z,129170,12.45,2025-12-03T17:29:40Z,-3.467,0.884,3.951
2025-12-03T17:45:00Z,129171,12.45,2025-12-03T17:40:35Z,-3.514,0.879,3.95
2025-12-03T18:00:00Z,129172,12.44,2025-12-03T17:57:05Z,-3.551,0.881,3.95
2025-12-03T18:15:00Z,129173,12.44,2025-12-03T18:09:00Z,-3.575,0.88,3.949
2025-12-03T18:30:00Z,129174,12.44,2025-12-03T18:29:25Z,-3.552,0.878,3.948
2025-12-03T18:45:00Z,129175,12.43,2025-12-03T18:33:45Z,-3.522,0.878,3.947
2025-12-03T19:00:00Z,129176,12.44,2025-12-03T18:47:20Z,-3.483,0.877,3.946
2025-12-03T19:15:00Z,129177,12.44,2025-12-03T19:14:55Z,-3.436,0.878,3.945
2025-12-03T19:30:00Z,129178,12.44,2025-12-03T19:27:05Z,-3.386,0.879,3.944
2025-12-03T19:45:00Z,129179,12.44,2025-12-03T19:32:45Z,-3.327,0.879,3.943
2025-12-03T20:00:00Z,129180,12.43,2025-12-03T19:57:10Z,-3.262,0.878,3.942
2025-12-03T20:15:00Z,129181,12.43,2025-12-03T20:02:05Z,-3.161,0.877,3.941
2025-12-03T20:30:00Z,129182,12.43,2025-12-03T20:21:35Z,-3.072,0.877,3.94
2025-12-03T20:45:00Z,129183,12.44,2025-12-03T20:33:20Z,-2.99,0.875,3.939
2025-12-03T21:00:00Z,129184,12.44,2025-12-03T20:50:10Z,-2.909,0.876,3.938
2025-12-03T21:15:00Z,129185,12.44,2025-12-03T21:00:15Z,-2.826,0.878,3.936
2025-12-03T21:30:00Z,129186,12.44,2025-12-03T21:26:05Z,-2.74,0.885,3.935
2025-12-03T21:45:00Z,129187,12.44,2025-12-03T21:39:45Z,-2.653,0.877,3.932
2025-12-03T22:00:00Z,129188,12.42,2025-12-03T21:57:05Z,-2.548,0.878,3.931
2025-12-03T22:15:00Z,129189,12.44,2025-12-03T22:13:35Z,-2.442,0.878,3.931
2025-12-03T22:30:00Z,129190,12.44,2025-12-03T22:21:35Z,-2.332,0.878,3.93
2025-12-03T22:45:00Z,129191,12.44,2025-12-03T22:34:55Z,-2.241,0.878,3.929
2025-12-03T23:00:00Z,129192,12.44,2025-12-03T22:48:15Z,-2.171,0.879,3.928
2025-12-03T23:15:00Z,129193,12.43,2025-12-03T23:14:55Z,-2.108,0.878,3.927
2025-12-03T23:30:00Z,129194,12.43,2025-12-03T23:29:40Z,-2.043,0.878,3.926
2025-12-03T23:45:00Z,129195,12.44,2025-12-03T23:30:55Z,-1.982,0.877,3.925
2025-12-04T00:15:00Z,129197,12.43,2025-12-04T00:02:05Z,-1.827,0.878,3.923
2025-12-04T00:30:00Z,129198,12.44,2025-12-04T00:19:30Z,-1.752,0.879,3.921
2025-12-04T00:45:00Z,129199,12.44,2025-12-04T00:30:05Z,-1.735,0.878,3.92
2025-12-04T01:00:00Z,129200,12.43,2025-12-04T00:57:05Z,-1.748,0.879,3.919
2025-12-04T01:15:00Z,129201,12.43,2025-12-04T01:02:00Z,-1.799,0.879,3.918
2025-12-04T01:30:00Z,129202,12.44,2025-12-04T01:27:45Z,-1.859,0.878,3.917
2025-12-04T01:45:00Z,129203,12.44,2025-12-04T01:34:20Z,-1.944,0.878,3.916
2025-12-04T02:00:00Z,129204,12.44,2025-12-04T01:54:25Z,-2.047,0.878,3.915
2025-12-04T02:15:00Z,129205,12.43,2025-12-04T02:02:00Z,-2.164,0.876,3.913
2025-12-04T02:30:00Z,129206,12.44,2025-12-04T02:29:35Z,-2.31,0.877,3.912
2025-12-04T02:45:00Z,129207,12.44,2025-12-04T02:44:30Z,-2.468,0.877,3.911
2025-12-04T03:00:00Z,129208,12.44,2025-12-04T02:45:05Z,-2.653,0.876,3.91
2025-12-04T03:15:00Z,129209,12.43,2025-12-04T03:02:00Z,-2.88,0.876,3.909
2025-12-04T03:30:00Z,129210,12.43,2025-12-04T03:15:45Z,-3.124,0.877,3.908
2025-12-04T03:45:00Z,129211,12.44,2025-12-04T03:30:10Z,-3.312,0.877,3.906
2025-12-04T04:00:00Z,129212,12.44,2025-12-04T03:47:50Z,-3.45,0.876,3.905
2025-12-04T04:15:00Z,129213,12.4,2025-12-04T04:02:00Z,-3.604,0.877,3.904
2025-12-04T04:30:00Z,129214,12.43,2025-12-04T04:29:35Z,-3.715,0.877,3.903
2025-12-04T04:45:00Z,129215,12.43,2025-12-04T04:38:30Z,-3.761,0.886,3.9
2025-12-04T05:00:00Z,129216,12.44,2025-12-04T04:46:30Z,-3.809,0.877,3.898
2025-12-04T05:15:00Z,129217,12.43,2025-12-04T05:02:00Z,-3.882,0.878,3.897
2025-12-04T05:30:00Z,129218,12.44,2025-12-04T05:15:35Z,-4.017,0.878,3.896
2025-12-04T05:45:00Z,129219,12.43,2025-12-04T05:31:35Z,-4.192,0.876,3.895
2025-12-04T06:00:00Z,129220,12.44,2025-12-04T05:45:05Z,-4.366,0.876,3.894
2025-12-04T06:15:00Z,129221,12.43,2025-12-04T06:02:00Z,-4.667,0.879,3.893
2025-12-04T06:30:00Z,129222,12.43,2025-12-04T06:29:35Z,-5.125,0.873,3.892
2025-12-04T06:45:00Z,129223,12.44,2025-12-04T06:31:40Z,-5.658,0.873,3.892
2025-12-04T07:00:00Z,129224,12.43,2025-12-04T06:57:10Z,-6.188,0.873,3.891
2025-12-04T07:15:00Z,129225,12.41,2025-12-04T07:02:00Z,-6.675,0.873,3.89
2025-12-04T07:30:00Z,129226,12.43,2025-12-04T07:25:20Z,-7.121,0.872,3.889
2025-12-04T07:45:00Z,129227,12.43,2025-12-04T07:30:05Z,-7.5,0.872,3.888
2025-12-04T08:00:00Z,129228,12.41,2025-12-04T07:57:05Z,-7.756,0.873,3.887
2025-12-04T08:15:00Z,129229,12.41,2025-12-04T08:02:00Z,-7.962,0.874,3.885
2025-12-04T08:30:00Z,129230,12.41,2025-12-04T08:29:35Z,-8.16,0.873,3.884
2025-12-04T08:45:00Z,129231,12.43,2025-12-04T08:30:30Z,-8.32,0.872,3.883
2025-12-04T09:00:00Z,129232,12.44,2025-12-04T08:45:05Z,-8.23,0.871,3.882
2025-12-04T09:15:00Z,129233,12.44,2025-12-04T09:02:00Z,-7.9,0.871,3.88
2025-12-04T09:30:00Z,129234,12.45,2025-12-04T09:16:45Z,-7.489,0.872,3.879
2025-12-04T09:45:00Z,129235,12.45,2025-12-04T09:35:25Z,-7.102,0.872,3.878
2025-12-04T10:00:00Z,129236,12.45,2025-12-04T09:57:05Z,-6.906,0.872,3.877
2025-12-04T10:15:00Z,129237,12.43,2025-12-04T10:02:05Z,-6.803,0.872,3.876
2025-12-04T10:30:00Z,129238,12.5,2025-12-04T10:29:35Z,-6.538,0.872,3.874
2025-12-04T10:45:00Z,129239,12.52,2025-12-04T10:30:05Z,-6.075,0.873,3.873
2025-12-04T11:00:00Z,129240,12.5,2025-12-04T10:51:05Z,-5.746,0.873,3.872
2025-12-04T11:15:00Z,129241,12.55,2025-12-04T11:02:00Z,-5.615,0.872,3.871
2025-12-04T11:30:00Z,129242,12.56,2025-12-04T11:18:10Z,-5.394,0.874,3.87
2025-12-04T11:45:00Z,129243,12.6,2025-12-04T11:30:05Z,-5.144,0.873,3.869
2025-12-04T12:00:00Z,129244,12.58,2025-12-04T11:51:35Z,-4.831,0.875,3.867
2025-12-04T12:15:00Z,129245,12.67,2025-12-04T12:02:00Z,-4.603,0.874,3.867
2025-12-04T12:30:00Z,129246,12.87,2025-12-04T12:15:05Z,-4.255,0.876,3.867
2025-12-04T12:45:00Z,129247,13.02,2025-12-04T12:30:05Z,-3.824,0.876,3.867
2025-12-04T13:00:00Z,129248,13,2025-12-04T12:58:55Z,-3.463,0.873,3.867
2025-12-04T13:15:00Z,129249,12.96,2025-12-04T13:08:25Z,-3.419,0.872,3.866
2025-12-04T13:30:00Z,129250,13.05,2025-12-04T13:15:05Z,-3.663,0.872,3.866
2025-12-04T13:45:00Z,129251,13.18,2025-12-04T13:38:50Z,-3.966,0.87,3.866
2025-12-04T14:00:00Z,129252,13.17,2025-12-04T13:59:05Z,-4.184,0.871,3.865
2025-12-04T14:15:00Z,129253,13.12,2025-12-04T14:03:45Z,-4.365,0.872,3.864
2025-12-04T14:30:00Z,129254,13.2,2025-12-04T14:17:25Z,-4.474,0.873,3.864
2025-12-04T14:45:00Z,129255,13.54,2025-12-04T14:30:05Z,-4.306,0.875,3.865
2025-12-04T15:00:00Z,129256,13.68,2025-12-04T14:45:55Z,-3.852,0.877,3.866
2025-12-04T15:15:00Z,129257,14.18,2025-12-04T15:00:05Z,-3.234,0.877,3.869
2025-12-04T15:30:00Z,129258,14.19,2025-12-04T15:29:45Z,-2.667,0.877,3.869
2025-12-04T15:45:00Z,129259,14.01,2025-12-04T15:30:20Z,-2.253,0.876,3.868
2025-12-04T16:00:00Z,129260,13.84,2025-12-04T15:55:40Z,-2.015,0.876,3.867
2025-12-04T16:15:00Z,129261,13.37,2025-12-04T16:14:55Z,-1.941,0.887,3.865
2025-12-04T16:30:00Z,129262,13.17,2025-12-04T16:26:25Z,-2.272,0.88,3.858
2025-12-04T16:45:00Z,129263,13.07,2025-12-04T16:44:55Z,-3.198,0.876,3.856
2025-12-04T17:00:00Z,129264,13.01,2025-12-04T16:57:10Z,-4.494,0.873,3.855
2025-12-04T17:15:00Z,129265,12.99,2025-12-04T17:12:30Z,-6.134,0.872,3.854
2025-12-04T17:30:00Z,129266,12.97,2025-12-04T17:27:40Z,-7.929,0.871,3.854
2025-12-04T17:45:00Z,129267,12.95,2025-12-04T17:41:05Z,-9.73,0.87,3.853
2025-12-04T18:00:00Z,129268,12.93,2025-12-04T17:57:10Z,-11.43,0.869,3.852
2025-12-04T18:15:00Z,129269,12.92,2025-12-04T18:02:00Z,-12.96,0.869,3.851
2025-12-04T18:30:00Z,129270,12.91,2025-12-04T18:26:20Z,-14.3,0.87,3.851
2025-12-04T18:45:00Z,129271,12.9,2025-12-04T18:43:55Z,-15.43,0.87,3.85
2025-12-04T19:00:00Z,129272,12.89,2025-12-04T18:49:15Z,-16.39,0.869,3.848
2025-12-04T19:15:00Z,129273,12.88,2025-12-04T19:02:05Z,-17.19,0.869,3.847
2025-12-04T19:30:00Z,129274,12.87,2025-12-04T19:29:35Z,-17.86,0.869,3.846
2025-12-04T19:45:00Z,129275,12.86,2025-12-04T19:40:40Z,-18.43,0.868,3.845
2025-12-04T20:00:00Z,129276,12.86,2025-12-04T19:58:35Z,-18.98,0.87,3.844
2025-12-04T20:15:00Z,129277,12.84,2025-12-04T20:02:00Z,-19.45,0.869,3.843
2025-12-04T20:30:00Z,129278,12.83,2025-12-04T20:29:40Z,-19.84,0.872,3.841
2025-12-04T20:45:00Z,129279,12.83,2025-12-04T20:41:50Z,-20.2,0.866,3.839
2025-12-04T21:00:00Z,129280,12.82,2025-12-04T20:57:10Z,-20.55,0.864,3.838
2025-12-04T21:15:00Z,129281,12.78,2025-12-04T21:02:05Z,-20.87,0.866,3.837
2025-12-04T21:30:00Z,129282,12.79,2025-12-04T21:29:35Z,-21.15,0.868,3.836
2025-12-04T21:45:00Z,129283,12.79,2025-12-04T21:40:50Z,-21.4,0.865,3.836
2025-12-04T22:00:00Z,129284,12.79,2025-12-04T21:59:30Z,-21.61,0.866,3.835
2025-12-04T22:15:00Z,129285,12.78,2025-12-04T22:12:50Z,-21.77,0.867,3.834
2025-12-04T22:30:00Z,129286,12.77,2025-12-04T22:29:40Z,-21.88,0.866,3.833
2025-12-04T22:45:00Z,129287,12.77,2025-12-04T22:45:00Z,-21.94,0.863,3.832
2025-12-04T23:00:00Z,129288,12.75,2025-12-04T22:57:10Z,-22.01,0.862,3.831
2025-12-04T23:15:00Z,129289,12.75,2025-12-04T23:02:05Z,-22.09,0.863,3.83
2025-12-04T23:30:00Z,129290,12.73,2025-12-04T23:29:35Z,-22.19,0.86,3.829
2025-12-04T23:45:00Z,129291,12.74,2025-12-04T23:41:45Z,-22.32,0.861,3.828
2025-12-05T00:15:00Z,129293,12.72,2025-12-05T00:02:00Z,-22.65,0.86,3.827
2025-12-05T00:30:00Z,129294,12.72,2025-12-05T00:29:40Z,-22.81,0.86,3.826
2025-12-05T00:45:00Z,129295,12.72,2025-12-05T00:35:55Z,-22.97,0.858,3.825
2025-12-05T01:00:00Z,129296,12.7,2025-12-05T00:53:45Z,-23.11,0.857,3.824
2025-12-05T01:15:00Z,129297,12.7,2025-12-05T01:02:10Z,-23.24,0.856,3.823
2025-12-05T01:30:00Z,129298,12.69,2025-12-05T01:23:05Z,-23.39,0.854,3.822
2025-12-05T01:45:00Z,129299,12.69,2025-12-05T01:33:45Z,-23.53,0.855,3.821
2025-12-05T02:00:00Z,129300,12.67,2025-12-05T01:46:15Z,-23.67,0.855,3.82
2025-12-05T02:15:00Z,129301,12.66,2025-12-05T02:02:00Z,-23.81,0.855,3.819
2025-12-05T02:30:00Z,129302,12.67,2025-12-05T02:29:40Z,-23.91,0.856,3.818
2025-12-05T02:45:00Z,129303,12.66,2025-12-05T02:42:20Z,-23.96,0.853,3.817
2025-12-05T03:00:00Z,129304,12.66,2025-12-05T02:57:50Z,-23.98,0.853,3.816
2025-12-05T03:15:00Z,129305,12.65,2025-12-05T03:02:10Z,-23.98,0.854,3.815
2025-12-05T03:30:00Z,129306,12.64,2025-12-05T03:29:40Z,-23.98,0.859,3.814
2025-12-05T03:45:00Z,129307,12.64,2025-12-05T03:42:40Z,-23.95,0.854,3.812
2025-12-05T04:00:00Z,129308,12.62,2025-12-05T03:57:05Z,-23.88,0.853,3.811
2025-12-05T04:15:00Z,129309,12.62,2025-12-05T04:02:10Z,-23.73,0.852,3.81
2025-12-05T04:30:00Z,129310,12.61,2025-12-05T04:29:35Z,-23.56,0.851,3.81
2025-12-05T04:45:00Z,129311,12.62,2025-12-05T04:37:05Z,-23.41,0.849,3.809
2025-12-05T05:00:00Z,129312,12.61,2025-12-05T04:57:05Z,-23.26,0.848,3.808
2025-12-05T05:15:00Z,129313,12.61,2025-12-05T05:13:20Z,-23.09,0.847,3.808
2025-12-05T05:30:00Z,129314,12.6,2025-12-05T05:29:35Z,-22.96,0.847,3.807
2025-12-05T05:45:00Z,129315,12.6,2025-12-05T05:34:25Z,-22.86,0.847,3.806
2025-12-05T06:00:00Z,129316,12.6,2025-12-05T05:47:35Z,-22.72,0.848,3.805
2025-12-05T06:15:00Z,129317,12.58,2025-12-05T06:02:00Z,-22.47,0.85,3.804
2025-12-05T06:30:00Z,129318,12.58,2025-12-05T06:20:45Z,-22.12,0.848,3.803
2025-12-05T06:45:00Z,129319,12.58,2025-12-05T06:42:20Z,-21.75,0.846,3.802
2025-12-05T07:00:00Z,129320,12.57,2025-12-05T06:58:15Z,-21.45,0.844,3.801
2025-12-05T07:15:00Z,129321,12.57,2025-12-05T07:00:55Z,-21.2,0.843,3.8
2025-12-05T07:30:00Z,129322,12.56,2025-12-05T07:29:40Z,-21.05,0.844,3.799
2025-12-05T07:45:00Z,129323,12.56,2025-12-05T07:30:15Z,-20.98,0.843,3.799
2025-12-05T08:00:00Z,129324,12.56,2025-12-05T07:46:15Z,-20.97,0.842,3.798
2025-12-05T08:15:00Z,129325,12.55,2025-12-05T08:02:00Z,-20.93,0.844,3.797
2025-12-05T08:30:00Z,129326,12.58,2025-12-05T08:29:40Z,-20.83,0.844,3.796
2025-12-05T08:45:00Z,129327,12.6,2025-12-05T08:30:05Z,-20.64,0.843,3.795
2025-12-05T09:00:00Z,129328,12.65,2025-12-05T08:45:05Z,-20.07,0.841,3.795
2025-12-05T09:15:00Z,129329,12.77,2025-12-05T09:00:25Z,-18.98,0.843,3.795
2025-12-05T09:30:00Z,129330,12.83,2025-12-05T09:26:05Z,-17.64,0.844,3.794
2025-12-05T09:45:00Z,129331,12.88,2025-12-05T09:30:05Z,-16.38,0.847,3.794
2025-12-05T10:00:00Z,129332,13.01,2025-12-05T09:45:05Z,-14.97,0.845,3.794
2025-12-05T10:15:00Z,129333,13.09,2025-12-05T10:02:00Z,-13.57,0.844,3.794
2025-12-05T10:30:00Z,129334,13.49,2025-12-05T10:18:20Z,-12.27,0.841,3.796
2025-12-05T10:45:00Z,129335,13.64,2025-12-05T10:30:05Z,-11.05,0.842,3.797
2025-12-05T11:00:00Z,129336,13.55,2025-12-05T10:53:50Z,-10.02,0.843,3.796
2025-12-05T11:15:00Z,129337,13.9,2025-12-05T11:14:15Z,-9.2,0.844,3.798
2025-12-05T11:30:00Z,129338,13.78,2025-12-05T11:29:35Z,-8.4,0.847,3.797
2025-12-05T11:45:00Z,129339,13.61,2025-12-05T11:41:30Z,-7.699,0.849,3.795
2025-12-05T12:00:00Z,129340,13.62,2025-12-05T11:45:05Z,-6.977,0.861,3.793
2025-12-05T12:15:00Z,129341,14.07,2025-12-05T12:11:05Z,-6.06,0.859,3.792
2025-12-05T12:30:00Z,129342,13.97,2025-12-05T12:29:35Z,-5.03,0.853,3.79
2025-12-05T12:45:00Z,129343,13.76,2025-12-05T12:37:15Z,-4.243,0.852,3.789
2025-12-05T13:00:00Z,129344,13.84,2025-12-05T12:47:25Z,-3.701,0.852,3.79
2025-12-05T13:15:00Z,129345,13.83,2025-12-05T13:04:45Z,-3.39,0.85,3.79
2025-12-05T13:30:00Z,129346,13.79,2025-12-05T13:15:40Z,-3.157,0.851,3.79
2025-12-05T13:45:00Z,129347,13.65,2025-12-05T13:45:00Z,-2.811,0.852,3.789
2025-12-05T14:00:00Z,129348,13.5,2025-12-05T13:53:15Z,-2.458,0.853,3.787
2025-12-05T14:15:00Z,129349,13.47,2025-12-05T14:14:45Z,-2.153,0.852,3.785
2025-12-05T14:30:00Z,129350,13.37,2025-12-05T14:28:05Z,-1.884,0.854,3.784
2025-12-05T14:45:00Z,129351,13.39,2025-12-05T14:30:05Z,-1.75,0.852,3.783
2025-12-05T15:00:00Z,129352,13.54,2025-12-05T14:47:05Z,-1.658,0.859,3.784
2025-12-05T15:15:00Z,129353,14.03,2025-12-05T15:00:20Z,-1.544,0.858,3.788
2025-12-05T15:30:00Z,129354,14.72,2025-12-05T15:25:45Z,-1.346,0.856,3.791
2025-12-05T15:45:00Z,129355,13.73,2025-12-05T15:39:55Z,-0.973,0.857,3.789
2025-12-05T16:00:00Z,129356,14.06,2025-12-05T15:59:55Z,-0.601,0.855,3.789
2025-12-05T16:15:00Z,129357,13.24,2025-12-05T16:14:45Z,-0.399,0.856,3.784
2025-12-05T16:30:00Z,129358,13.16,2025-12-05T16:25:15Z,-0.583,0.857,3.78
2025-12-05T16:45:00Z,129359,13.09,2025-12-05T16:44:05Z,-1.105,0.858,3.777
2025-12-05T17:00:00Z,129360,13.03,2025-12-05T16:57:05Z,-1.669,0.854,3.775
2025-12-05T17:15:00Z,129361,13.01,2025-12-05T17:13:25Z,-2.25,0.851,3.774
2025-12-05T17:30:00Z,129362,12.96,2025-12-05T17:29:40Z,-2.772,0.854,3.773
2025-12-05T17:45:00Z,129363,12.99,2025-12-05T17:37:40Z,-3.208,0.857,3.772
2025-12-05T18:00:00Z,129364,12.97,2025-12-05T17:57:05Z,-3.543,0.857,3.771
2025-12-05T18:15:00Z,129365,12.96,2025-12-05T18:02:00Z,-3.771,0.858,3.769
2025-12-05T18:30:00Z,129366,12.95,2025-12-05T18:16:20Z,-3.919,0.868,3.767
2025-12-05T18:45:00Z,129367,12.95,2025-12-05T18:36:55Z,-4.01,0.855,3.764
2025-12-05T19:00:00Z,129368,12.94,2025-12-05T18:48:55Z,-4.072,0.857,3.764
2025-12-05T19:15:00Z,129369,12.92,2025-12-05T19:02:10Z,-4.097,0.857,3.764
2025-12-05T19:30:00Z,129370,12.91,2025-12-05T19:29:40Z,-4.097,0.855,3.763
2025-12-05T19:45:00Z,129371,12.92,2025-12-05T19:40:10Z,-4.078,0.856,3.762
2025-12-05T20:00:00Z,129372,12.9,2025-12-05T19:57:05Z,-4.02,0.858,3.762
2025-12-05T20:15:00Z,129373,12.9,2025-12-05T20:02:00Z,-3.956,0.858,3.761
2025-12-05T20:30:00Z,129374,12.89,2025-12-05T20:29:40Z,-3.892,0.858,3.76
2025-12-05T20:45:00Z,129375,12.89,2025-12-05T20:34:20Z,-3.823,0.861,3.759
2025-12-05T21:00:00Z,129376,12.89,2025-12-05T20:45:15Z,-3.805,0.862,3.758
2025-12-05T21:15:00Z,129377,12.88,2025-12-05T21:02:10Z,-3.859,0.86,3.757
2025-12-05T21:30:00Z,129378,12.87,2025-12-05T21:29:40Z,-3.894,0.86,3.756
2025-12-05T21:45:00Z,129379,12.87,2025-12-05T21:41:00Z,-3.88,0.861,3.755
2025-12-05T22:00:00Z,129380,12.86,2025-12-05T21:56:20Z,-3.829,0.86,3.754
2025-12-05T22:15:00Z,129381,12.86,2025-12-05T22:09:20Z,-3.756,0.859,3.753
2025-12-05T22:30:00Z,129382,12.86,2025-12-05T22:26:35Z,-3.674,0.861,3.752
2025-12-05T22:45:00Z,129383,12.86,2025-12-05T22:30:55Z,-3.559,0.861,3.751
2025-12-05T23:00:00Z,129384,12.85,2025-12-05T22:51:40Z,-3.412,0.858,3.75
2025-12-05T23:15:00Z,129385,12.84,2025-12-05T23:02:00Z,-3.282,0.858,3.75
2025-12-05T23:30:00Z,129386,12.84,2025-12-05T23:29:40Z,-3.156,0.86,3.749
2025-12-05T23:45:00Z,129387,12.84,2025-12-05T23:33:20Z,-3.072,0.863,3.748
2025-12-06T00:15:00Z,129389,12.84,2025-12-06T00:00:05Z,-2.981,0.863,3.745
2025-12-06T00:30:00Z,129390,12.83,2025-12-06T00:19:00Z,-2.966,0.863,3.744
2025-12-06T00:45:00Z,129391,12.82,2025-12-06T00:33:25Z,-2.914,0.865,3.743
2025-12-06T01:00:00Z,129392,12.82,2025-12-06T00:58:30Z,-2.852,0.865,3.742
2025-12-06T01:15:00Z,129393,12.81,2025-12-06T01:02:00Z,-2.781,0.864,3.741
2025-12-06T01:30:00Z,129394,12.8,2025-12-06T01:29:35Z,-2.707,0.866,3.74
2025-12-06T01:45:00Z,129395,12.81,2025-12-06T01:41:55Z,-2.63,0.866,3.739
2025-12-06T02:00:00Z,129396,12.81,2025-12-06T01:52:05Z,-2.564,0.866,3.738
2025-12-06T02:15:00Z,129397,12.8,2025-12-06T02:02:00Z,-2.505,0.863,3.737
2025-12-06T02:30:00Z,129398,12.8,2025-12-06T02:21:55Z,-2.465,0.863,3.736
2025-12-06T02:45:00Z,129399,12.79,2025-12-06T02:43:15Z,-2.442,0.862,3.736
2025-12-06T03:00:00Z,129400,12.78,2025-12-06T02:57:10Z,-2.427,0.862,3.735
2025-12-06T03:15:00Z,129401,12.78,2025-12-06T03:02:00Z,-2.4,0.862,3.734
2025-12-06T03:30:00Z,129402,12.77,2025-12-06T03:29:35Z,-2.369,0.864,3.733
2025-12-06T03:45:00Z,129403,12.78,2025-12-06T03:31:15Z,-2.336,0.864,3.732
2025-12-06T04:00:00Z,129404,12.78,2025-12-06T03:55:45Z,-2.287,0.864,3.731
2025-12-06T04:15:00Z,129405,12.77,2025-12-06T04:02:00Z,-2.226,0.864,3.73
2025-12-06T04:30:00Z,129406,12.77,2025-12-06T04:19:15Z,-2.156,0.863,3.729
2025-12-06T04:45:00Z,129407,12.77,2025-12-06T04:42:30Z,-2.072,0.863,3.728
2025-12-06T05:00:00Z,129408,12.77,2025-12-06T04:45:30Z,-1.972,0.863,3.727
2025-12-06T05:15:00Z,129409,12.76,2025-12-06T05:02:00Z,-1.871,0.863,3.726
2025-12-06T05:30:00Z,129410,12.75,2025-12-06T05:29:35Z,-1.76,0.863,3.725
2025-12-06T05:45:00Z,129411,12.76,2025-12-06T05:40:05Z,-1.66,0.862,3.724
2025-12-06T06:00:00Z,129412,12.76,2025-12-06T05:45:05Z,-1.58,0.866,3.723
2025-12-06T06:15:00Z,129413,12.74,2025-12-06T06:02:00Z,-1.511,0.863,3.721
2025-12-06T06:30:00Z,129414,12.74,2025-12-06T06:29:40Z,-1.441,0.861,3.72
2025-12-06T06:45:00Z,129415,12.75,2025-12-06T06:32:30Z,-1.351,0.858,3.72
2025-12-06T07:00:00Z,129416,12.74,2025-12-06T06:57:10Z,-1.266,0.858,3.719
2025-12-06T07:15:00Z,129417,12.73,2025-12-06T07:02:00Z,-1.201,0.859,3.718
2025-12-06T07:30:00Z,129418,12.74,2025-12-06T07:24:10Z,-1.164,0.861,3.717
2025-12-06T07:45:00Z,129419,12.73,2025-12-06T07:32:10Z,-1.142,0.86,3.716
2025-12-06T08:00:00Z,129420,12.72,2025-12-06T07:57:10Z,-1.15,0.859,3.715
2025-12-06T08:15:00Z,129421,12.72,2025-12-06T08:02:00Z,-1.161,0.858,3.714
2025-12-06T08:30:00Z,129422,12.72,2025-12-06T08:17:30Z,-1.182,0.858,3.712
2025-12-06T08:45:00Z,129423,12.72,2025-12-06T08:41:30Z,-1.174,0.857,3.711
2025-12-06T09:00:00Z,129424,12.73,2025-12-06T08:56:25Z,-1.149,0.858,3.71
2025-12-06T09:15:00Z,129425,12.74,2025-12-06T09:02:00Z,-1.102,0.858,3.709
2025-12-06T09:30:00Z,129426,12.79,2025-12-06T09:29:35Z,-0.993,0.859,3.709
2025-12-06T09:45:00Z,129427,12.79,2025-12-06T09:31:10Z,-0.847,0.859,3.707
2025-12-06T10:00:00Z,129428,12.81,2025-12-06T09:45:10Z,-0.715,0.86,3.706
2025-12-06T10:15:00Z,129429,12.82,2025-12-06T10:02:00Z,-0.575,0.862,3.705
2025-12-06T10:30:00Z,129430,12.86,2025-12-06T10:15:05Z,-0.43,0.862,3.704
2025-12-06T10:45:00Z,129431,12.87,2025-12-06T10:30:05Z,-0.277,0.866,3.703
2025-12-06T11:00:00Z,129432,12.91,2025-12-06T10:46:25Z,-0.091,0.863,3.701
2025-12-06T11:15:00Z,129433,12.97,2025-12-06T11:02:00Z,0.15,0.864,3.701
2025-12-06T11:30:00Z,129434,13.05,2025-12-06T11:15:05Z,0.446,0.864,3.701
2025-12-06T11:45:00Z,129435,13.07,2025-12-06T11:32:25Z,0.682,0.864,3.7
2025-12-06T12:00:00Z,129436,13.09,2025-12-06T11:45:05Z,0.864,0.866,3.699
2025-12-06T12:15:00Z,129437,13.08,2025-12-06T12:02:00Z,0.998,0.868,3.699
2025-12-06T12:30:00Z,129438,13.06,2025-12-06T12:18:35Z,1.049,0.867,3.698
2025-12-06T12:45:00Z,129439,13.06,2025-12-06T12:39:45Z,1.066,0.868,3.697
2025-12-06T13:00:00Z,129440,13.06,2025-12-06T12:45:05Z,1.039,0.868,3.696
2025-12-06T13:15:00Z,129441,13.05,2025-12-06T13:02:00Z,1.011,0.866,3.695
2025-12-06T13:30:00Z,129442,13.05,2025-12-06T13:17:05Z,0.989,0.867,3.694
2025-12-06T13:45:00Z,129443,13.06,2025-12-06T13:30:25Z,0.989,0.868,3.693
2025-12-06T14:00:00Z,129444,13.06,2025-12-06T13:46:25Z,0.989,0.87,3.692
2025-12-06T14:15:00Z,129445,13.04,2025-12-06T14:10:25Z,0.978,0.867,3.691
2025-12-06T14:30:00Z,129446,13.04,2025-12-06T14:27:15Z,0.949,0.87,3.69
2025-12-06T14:45:00Z,129447,13.05,2025-12-06T14:31:45Z,0.946,0.868,3.69
2025-12-06T15:00:00Z,129448,13.03,2025-12-06T14:57:05Z,0.946,0.868,3.689
2025-12-06T15:15:00Z,129449,12.97,2025-12-06T15:13:25Z,0.92,0.869,3.688
2025-12-06T15:30:00Z,129450,12.94,2025-12-06T15:25:00Z,0.826,0.869,3.686
2025-12-06T15:45:00Z,129451,12.9,2025-12-06T15:42:30Z,0.718,0.87,3.685
2025-12-06T16:00:00Z,129452,12.86,2025-12-06T15:58:25Z,0.597,0.871,3.683
2025-12-06T16:15:00Z,129453,12.84,2025-12-06T16:12:45Z,0.477,0.869,3.681
2025-12-06T16:30:00Z,129454,12.81,2025-12-06T16:28:00Z,0.372,0.868,3.68
2025-12-06T16:45:00Z,129455,12.79,2025-12-06T16:44:45Z,0.258,0.868,3.679
2025-12-06T17:00:00Z,129456,12.77,2025-12-06T16:56:00Z,0.149,0.87,3.678
2025-12-06T17:15:00Z,129457,12.75,2025-12-06T17:02:00Z,0.045,0.869,3.677
2025-12-06T17:30:00Z,129458,12.75,2025-12-06T17:29:35Z,-0.053,0.872,3.676
2025-12-06T17:45:00Z,129459,12.75,2025-12-06T17:30:45Z,-0.139,0.869,3.675
2025-12-06T18:00:00Z,129460,12.72,2025-12-06T17:57:05Z,-0.213,0.868,3.674
2025-12-06T18:15:00Z,129461,12.7,2025-12-06T18:02:00Z,-0.274,0.868,3.673
2025-12-06T18:30:00Z,129462,12.72,2025-12-06T18:16:40Z,-0.333,0.87,3.672
2025-12-06T18:45:00Z,129463,12.71,2025-12-06T18:40:40Z,-0.407,0.868,3.671
2025-12-06T19:00:00Z,129464,12.71,2025-12-06T18:57:10Z,-0.482,0.877,3.67
2025-12-06T19:15:00Z,129465,12.71,2025-12-06T19:07:20Z,-0.569,0.875,3.669
2025-12-06T19:30:00Z,129466,12.7,2025-12-06T19:29:40Z,-0.684,0.87,3.668
2025-12-06T19:45:00Z,129467,12.7,2025-12-06T19:34:00Z,-0.8,0.87,3.667
2025-12-06T20:00:00Z,129468,12.69,2025-12-06T19:56:40Z,-0.909,0.871,3.666
2025-12-06T20:15:00Z,129469,12.68,2025-12-06T20:02:00Z,-0.989,0.872,3.665
2025-12-06T20:30:00Z,129470,12.69,2025-12-06T20:24:50Z,-1.05,0.87,3.664
2025-12-06T20:45:00Z,129471,12.69,2025-12-06T20:42:35Z,-1.103,0.87,3.663
2025-12-06T21:00:00Z,129472,12.69,2025-12-06T20:46:05Z,-1.149,0.87,3.662
2025-12-06T21:15:00Z,129473,12.67,2025-12-06T21:02:10Z,-1.18,0.872,3.662
2025-12-06T21:30:00Z,129474,12.67,2025-12-06T21:29:40Z,-1.197,0.873,3.661
2025-12-06T21:45:00Z,129475,12.67,2025-12-06T21:43:35Z,-1.228,0.872,3.66
2025-12-06T22:00:00Z,129476,12.67,2025-12-06T21:59:50Z,-1.272,0.872,3.659
2025-12-06T22:15:00Z,129477,12.66,2025-12-06T22:02:00Z,-1.327,0.872,3.658
2025-12-06T22:30:00Z,129478,12.67,2025-12-06T22:15:05Z,-1.39,0.872,3.658
2025-12-06T22:45:00Z,129479,12.66,2025-12-06T22:34:30Z,-1.456,0.874,3.657
2025-12-06T23:00:00Z,129480,12.66,2025-12-06T22:55:05Z,-1.54,0.873,3.656
2025-12-06T23:15:00Z,129481,12.66,2025-12-06T23:01:05Z,-1.635,0.872,3.655
2025-12-06T23:30:00Z,129482,12.65,2025-12-06T23:16:25Z,-1.711,0.874,3.654
2025-12-06T23:45:00Z,129483,12.65,2025-12-06T23:31:20Z,-1.778,0.874,3.653
2025-12-07T00:15:00Z,129485,12.64,2025-12-07T00:02:00Z,-1.885,0.876,3.651
2025-12-07T00:30:00Z,129486,12.64,2025-12-07T00:25:35Z,-1.961,0.877,3.649
2025-12-07T00:45:00Z,129487,12.63,2025-12-07T00:41:35Z,-2.05,0.878,3.648
2025-12-07T01:00:00Z,129488,12.63,2025-12-07T00:46:55Z,-2.122,0.879,3.647
2025-12-07T01:15:00Z,129489,12.63,2025-12-07T01:02:00Z,-2.174,0.879,3.646
2025-12-07T01:30:00Z,129490,12.62,2025-12-07T01:29:40Z,-2.233,0.88,3.645
2025-12-07T01:45:00Z,129491,12.63,2025-12-07T01:30:05Z,-2.28,0.88,3.644
2025-12-07T02:00:00Z,129492,12.61,2025-12-07T01:57:10Z,-2.316,0.878,3.644
2025-12-07T02:15:00Z,129493,12.61,2025-12-07T02:02:00Z,-2.352,0.878,3.643
2025-12-07T02:30:00Z,129494,12.62,2025-12-07T02:19:45Z,-2.389,0.878,3.642
2025-12-07T02:45:00Z,129495,12.61,2025-12-07T02:39:25Z,-2.402,0.877,3.641
2025-12-07T03:00:00Z,129496,12.61,2025-12-07T02:50:55Z,-2.4,0.879,3.64
2025-12-07T03:15:00Z,129497,12.61,2025-12-07T03:02:00Z,-2.379,0.877,3.639
2025-12-07T03:30:00Z,129498,12.6,2025-12-07T03:16:40Z,-2.357,0.877,3.639
2025-12-07T03:45:00Z,129499,12.61,2025-12-07T03:30:15Z,-2.357,0.88,3.638
2025-12-07T04:00:00Z,129500,12.6,2025-12-07T03:51:00Z,-2.357,0.883,3.637
2025-12-07T04:15:00Z,129501,12.59,2025-12-07T04:02:00Z,-2.346,0.885,3.635
2025-12-07T04:30:00Z,129502,12.59,2025-12-07T04:29:35Z,-2.328,0.884,3.634
2025-12-07T04:45:00Z,129503,12.59,2025-12-07T04:37:10Z,-2.313,0.881,3.634
2025-12-07T05:00:00Z,129504,12.53,2025-12-07T04:57:10Z,-2.284,0.88,3.633
2025-12-07T05:15:00Z,129505,12.55,2025-12-07T05:02:00Z,-2.265,0.881,3.632
2025-12-07T05:30:00Z,129506,12.58,2025-12-07T05:29:40Z,-2.231,0.882,3.631
2025-12-07T05:45:00Z,129507,12.58,2025-12-07T05:30:30Z,-2.181,0.883,3.63
2025-12-07T06:00:00Z,129508,12.57,2025-12-07T05:54:30Z,-2.135,0.88,3.629
2025-12-07T06:15:00Z,129509,12.57,2025-12-07T06:02:00Z,-2.122,0.88,3.629
2025-12-07T06:30:00Z,129510,12.57,2025-12-07T06:23:50Z,-2.154,0.879,3.628
2025-12-07T06:45:00Z,129511,12.58,2025-12-07T06:30:05Z,-2.201,0.878,3.627
2025-12-07T07:00:00Z,129512,12.57,2025-12-07T06:45:25Z,-2.245,0.877,3.626
2025-12-07T07:15:00Z,129513,12.56,2025-12-07T07:02:00Z,-2.274,0.876,3.625
2025-12-07T07:30:00Z,129514,12.56,2025-12-07T07:21:45Z,-2.291,0.877,3.624
2025-12-07T07:45:00Z,129515,12.56,2025-12-07T07:30:45Z,-2.312,0.878,3.623
2025-12-07T08:00:00Z,129516,12.55,2025-12-07T07:57:10Z,-2.324,0.877,3.622
2025-12-07T08:15:00Z,129517,12.55,2025-12-07T08:02:00Z,-2.334,0.881,3.621
2025-12-07T08:30:00Z,129518,12.55,2025-12-07T08:26:50Z,-2.323,0.881,3.619
2025-12-07T08:45:00Z,129519,12.55,2025-12-07T08:35:05Z,-2.278,0.879,3.617
2025-12-07T09:00:00Z,129520,12.54,2025-12-07T08:46:35Z,-2.206,0.88,3.616
2025-12-07T09:15:00Z,129521,12.54,2025-12-07T09:02:00Z,-2.098,0.878,3.616
2025-12-07T09:30:00Z,129522,12.54,2025-12-07T09:19:15Z,-1.945,0.877,3.615
2025-12-07T09:45:00Z,129523,12.55,2025-12-07T09:30:05Z,-1.775,0.88,3.615
2025-12-07T10:00:00Z,129524,12.55,2025-12-07T09:52:10Z,-1.558,0.878,3.614
2025-12-07T10:15:00Z,129525,12.54,2025-12-07T10:02:00Z,-1.344,0.876,3.613
2025-12-07T10:30:00Z,129526,12.55,2025-12-07T10:15:05Z,-1.185,0.878,3.613
2025-12-07T10:45:00Z,129527,12.54,2025-12-07T10:30:05Z,-1.054,0.879,3.612
2025-12-07T11:00:00Z,129528,12.54,2025-12-07T10:59:25Z,-0.873,0.878,3.611
2025-12-07T11:15:00Z,129529,12.53,2025-12-07T11:02:00Z,-0.663,0.878,3.61
2025-12-07T11:30:00Z,129530,12.53,2025-12-07T11:18:05Z,-0.467,0.879,3.609
2025-12-07T11:45:00Z,129531,12.54,2025-12-07T11:31:25Z,-0.268,0.88,3.608
2025-12-07T12:00:00Z,129532,12.55,2025-12-07T11:45:05Z,-0.052,0.879,3.607
2025-12-07T12:15:00Z,129533,12.54,2025-12-07T12:02:00Z,0.197,0.878,3.606
2025-12-07T12:30:00Z,129534,12.56,2025-12-07T12:15:05Z,0.386,0.879,3.606
2025-12-07T12:45:00Z,129535,12.56,2025-12-07T12:32:35Z,0.47,0.878,3.605
2025-12-07T13:00:00Z,129536,12.55,2025-12-07T12:57:05Z,0.466,0.879,3.604
2025-12-07T13:15:00Z,129537,12.55,2025-12-07T13:02:00Z,0.436,0.88,3.603
2025-12-07T13:30:00Z,129538,12.57,2025-12-07T13:15:05Z,0.455,0.879,3.602
2025-12-07T13:45:00Z,129539,12.57,2025-12-07T13:36:45Z,0.516,0.878,3.601
2025-12-07T14:00:00Z,129540,12.59,2025-12-07T13:45:05Z,0.587,0.88,3.6
2025-12-07T14:15:00Z,129541,12.59,2025-12-07T14:02:00Z,0.662,0.879,3.6
2025-12-07T14:30:00Z,129542,12.64,2025-12-07T14:15:05Z,0.541,0.878,3.599
2025-12-07T14:45:00Z,129543,12.98,2025-12-07T14:30:05Z,0.411,0.878,3.602
2025-12-07T15:00:00Z,129544,13.29,2025-12-07T15:00:00Z,0.606,0.88,3.605
2025-12-07T15:15:00Z,129545,13.12,2025-12-07T15:14:50Z,0.927,0.881,3.602
2025-12-07T15:30:00Z,129546,13.05,2025-12-07T15:27:00Z,0.963,0.878,3.6
2025-12-07T15:45:00Z,129547,13,2025-12-07T15:44:00Z,0.738,0.878,3.599
2025-12-07T16:00:00Z,129548,12.95,2025-12-07T15:59:00Z,0.449,0.878,3.598
2025-12-07T16:15:00Z,129549,12.9,2025-12-07T16:15:00Z,0.148,0.877,3.597
2025-12-07T16:30:00Z,129550,12.87,2025-12-07T16:27:45Z,-0.119,0.877,3.595
2025-12-07T16:45:00Z,129551,12.84,2025-12-07T16:41:40Z,-0.365,0.878,3.594
2025-12-07T17:00:00Z,129552,12.8,2025-12-07T16:57:10Z,-0.598,0.876,3.593
2025-12-07T17:15:00Z,129553,12.78,2025-12-07T17:12:50Z,-0.876,0.877,3.591
2025-12-07T17:30:00Z,129554,12.75,2025-12-07T17:29:55Z,-1.245,0.877,3.59
2025-12-07T17:45:00Z,129555,12.73,2025-12-07T17:44:30Z,-1.677,0.877,3.589
2025-12-07T18:00:00Z,129556,12.7,2025-12-07T17:57:10Z,-2.057,0.875,3.588
2025-12-07T18:15:00Z,129557,12.69,2025-12-07T18:12:30Z,-2.424,0.877,3.586
2025-12-07T18:30:00Z,129558,12.66,2025-12-07T18:27:10Z,-2.911,0.876,3.585
2025-12-07T18:45:00Z,129559,12.64,2025-12-07T18:41:45Z,-3.4,0.877,3.584
2025-12-07T19:00:00Z,129560,12.62,2025-12-07T18:54:30Z,-3.879,0.877,3.583
2025-12-07T19:15:00Z,129561,12.6,2025-12-07T19:14:55Z,-4.421,0.874,3.581
2025-12-07T19:30:00Z,129562,12.59,2025-12-07T19:22:40Z,-5.003,0.875,3.58
2025-12-07T19:45:00Z,129563,12.57,2025-12-07T19:44:00Z,-5.611,0.877,3.579
2025-12-07T20:00:00Z,129564,12.55,2025-12-07T19:57:15Z,-6.145,0.877,3.578
2025-12-07T20:15:00Z,129565,12.55,2025-12-07T20:09:00Z,-6.539,0.876,3.577
2025-12-07T20:30:00Z,129566,12.53,2025-12-07T20:29:35Z,-6.881,0.877,3.575
2025-12-07T20:45:00Z,129567,12.53,2025-12-07T20:35:35Z,-7.163,0.877,3.574
2025-12-07T21:00:00Z,129568,12.51,2025-12-07T20:59:35Z,-7.387,0.876,3.572
2025-12-07T21:15:00Z,129569,12.5,2025-12-07T21:02:00Z,-7.637,0.875,3.571
2025-12-07T21:30:00Z,129570,12.5,2025-12-07T21:19:55Z,-8,0.875,3.57
2025-12-07T21:45:00Z,129571,12.49,2025-12-07T21:43:55Z,-8.42,0.875,3.569
2025-12-07T22:00:00Z,129572,12.48,2025-12-07T21:57:10Z,-8.81,0.875,3.568
2025-12-07T22:15:00Z,129573,12.45,2025-12-07T22:03:25Z,-9.13,0.877,3.567
2025-12-07T22:30:00Z,129574,12.48,2025-12-07T22:27:25Z,-9.38,0.879,3.566
2025-12-07T22:45:00Z,129575,12.48,2025-12-07T22:44:10Z,-9.58,0.879,3.565
2025-12-07T23:00:00Z,129576,12.48,2025-12-07T22:51:40Z,-9.81,0.877,3.564
2025-12-07T23:15:00Z,129577,12.46,2025-12-07T23:02:05Z,-10.04,0.877,3.563
2025-12-07T23:30:00Z,129578,12.46,2025-12-07T23:29:40Z,-10.2,0.877,3.562
2025-12-07T23:45:00Z,129579,12.46,2025-12-07T23:35:50Z,-10.32,0.877,3.561
2025-12-08T00:15:00Z,129581,12.44,2025-12-08T00:02:05Z,-10.57,0.877,3.559
2025-12-08T00:30:00Z,129582,12.45,2025-12-08T00:23:15Z,-10.74,0.878,3.558
2025-12-08T00:45:00Z,129583,12.45,2025-12-08T00:30:05Z,-10.94,0.88,3.557
2025-12-08T01:00:00Z,129584,12.43,2025-12-08T00:57:10Z,-11.11,0.881,3.556
2025-12-08T01:15:00Z,129585,12.43,2025-12-08T01:02:10Z,-11.18,0.879,3.555
2025-12-08T01:30:00Z,129586,12.43,2025-12-08T01:28:50Z,-11.22,0.876,3.554
2025-12-08T01:45:00Z,129587,12.43,2025-12-08T01:31:30Z,-11.33,0.873,3.554
2025-12-08T02:00:00Z,129588,12.42,2025-12-08T01:58:10Z,-11.57,0.873,3.553
2025-12-08T02:15:00Z,129589,12.41,2025-12-08T02:02:05Z,-12.02,0.872,3.553
2025-12-08T02:30:00Z,129590,12.42,2025-12-08T02:15:15Z,-12.77,0.872,3.552
2025-12-08T02:45:00Z,129591,12.41,2025-12-08T02:30:10Z,-13.83,0.869,3.552
2025-12-08T03:00:00Z,129592,12.42,2025-12-08T02:46:00Z,-15.02,0.869,3.551
2025-12-08T03:15:00Z,129593,12.4,2025-12-08T03:02:05Z,-16.15,0.869,3.55
2025-12-08T03:30:00Z,129594,12.39,2025-12-08T03:29:35Z,-17.18,0.87,3.55
2025-12-08T03:45:00Z,129595,12.4,2025-12-08T03:43:40Z,-18.06,0.874,3.549
2025-12-08T04:00:00Z,129596,12.4,2025-12-08T03:53:00Z,-18.76,0.877,3.547
2025-12-08T04:15:00Z,129597,12.39,2025-12-08T04:02:10Z,-19.26,0.879,3.546
2025-12-08T04:30:00Z,129598,12.37,2025-12-08T04:29:40Z,-19.45,0.877,3.545
2025-12-08T04:45:00Z,129599,12.38,2025-12-08T04:44:10Z,-19.09,0.878,3.543
2025-12-08T05:00:00Z,129600,12.37,2025-12-08T04:57:15Z,-18.28,0.879,3.542
2025-12-08T05:15:00Z,129601,12.36,2025-12-08T05:02:05Z,-17.36,0.879,3.541
2025-12-08T05:30:00Z,129602,12.36,2025-12-08T05:29:35Z,-16.58,0.877,3.54
2025-12-08T05:45:00Z,129603,12.37,2025-12-08T05:40:25Z,-15.87,0.876,3.539
2025-12-08T06:00:00Z,129604,12.36,2025-12-08T05:48:25Z,-15.21,0.876,3.538
2025-12-08T06:15:00Z,129605,12.35,2025-12-08T06:02:05Z,-14.63,0.875,3.537
2025-12-08T06:30:00Z,129606,12.35,2025-12-08T06:29:45Z,-14.2,0.874,3.536
2025-12-08T06:45:00Z,129607,12.37,2025-12-08T06:39:25Z,-13.81,0.874,3.535
2025-12-08T07:00:00Z,129608,12.35,2025-12-08T06:57:10Z,-13.47,0.871,3.534
2025-12-08T07:15:00Z,129609,12.34,2025-12-08T07:02:05Z,-13.26,0.874,3.534
2025-12-08T07:30:00Z,129610,12.35,2025-12-08T07:24:10Z,-13.11,0.873,3.533
2025-12-08T07:45:00Z,129611,12.36,2025-12-08T07:31:20Z,-12.95,0.873,3.532
2025-12-08T08:00:00Z,129612,12.36,2025-12-08T07:46:40Z,-12.76,0.875,3.531
2025-12-08T08:15:00Z,129613,12.36,2025-12-08T08:02:05Z,-12.53,0.872,3.53
2025-12-08T08:30:00Z,129614,12.4,2025-12-08T08:15:20Z,-12.25,0.874,3.53
2025-12-08T08:45:00Z,129615,12.46,2025-12-08T08:30:05Z,-11.89,0.874,3.53
2025-12-08T09:00:00Z,129616,12.56,2025-12-08T08:45:05Z,-11.32,0.873,3.53
2025-12-08T09:15:00Z,129617,12.67,2025-12-08T09:00:05Z,-10.64,0.871,3.53
2025-12-08T09:30:00Z,129618,12.78,2025-12-08T09:15:05Z,-10.01,0.874,3.53
2025-12-08T09:45:00Z,129619,12.91,2025-12-08T09:30:05Z,-9.46,0.872,3.53
2025-12-08T10:00:00Z,129620,13.1,2025-12-08T09:45:05Z,-8.86,0.873,3.531
2025-12-08T10:15:00Z,129621,13.28,2025-12-08T10:00:05Z,-8.24,0.874,3.532
2025-12-08T10:30:00Z,129622,13.39,2025-12-08T10:15:05Z,-7.678,0.873,3.532
2025-12-08T10:45:00Z,129623,13.42,2025-12-08T10:38:00Z,-7.15,0.873,3.532
2025-12-08T11:00:00Z,129624,13.48,2025-12-08T10:45:05Z,-6.672,0.872,3.531
2025-12-08T11:15:00Z,129625,13.68,2025-12-08T11:00:05Z,-6.091,0.872,3.533
2025-12-08T11:30:00Z,129626,13.71,2025-12-08T11:24:10Z,-5.308,0.875,3.533
2025-12-08T11:45:00Z,129627,13.59,2025-12-08T11:44:55Z,-4.65,0.877,3.532
2025-12-08T12:00:00Z,129628,13.52,2025-12-08T11:50:40Z,-4.197,0.877,3.53
2025-12-08T12:15:00Z,129629,13.8,2025-12-08T12:00:30Z,-3.908,0.876,3.531
2025-12-08T12:30:00Z,129630,14.1,2025-12-08T12:15:05Z,-3.337,0.878,3.533
2025-12-08T12:45:00Z,129631,13.87,2025-12-08T12:45:00Z,-2.474,0.88,3.533
2025-12-08T13:00:00Z,129632,13.59,2025-12-08T12:59:55Z,-1.776,0.879,3.53
2025-12-08T13:15:00Z,129633,13.52,2025-12-08T13:09:45Z,-1.424,0.878,3.528
2025-12-08T13:30:00Z,129634,13.63,2025-12-08T13:17:00Z,-1.242,0.881,3.528
2025-12-08T13:45:00Z,129635,13.65,2025-12-08T13:44:55Z,-1.186,0.881,3.528
2025-12-08T14:00:00Z,129636,13.6,2025-12-08T13:53:15Z,-1.246,0.879,3.526
2025-12-08T14:15:00Z,129637,13.57,2025-12-08T14:05:50Z,-1.373,0.879,3.525
2025-12-08T14:30:00Z,129638,13.59,2025-12-08T14:20:15Z,-1.507,0.882,3.525
2025-12-08T14:45:00Z,129639,14.18,2025-12-08T14:31:10Z,-1.648,0.882,3.528
2025-12-08T15:00:00Z,129640,14.1,2025-12-08T14:59:35Z,-1.642,0.881,3.53
2025-12-08T15:15:00Z,129641,13.65,2025-12-08T15:07:05Z,-1.551,0.882,3.526
2025-12-08T15:30:00Z,129642,13.74,2025-12-08T15:27:30Z,-1.58,0.881,3.525
2025-12-08T15:45:00Z,129643,13.85,2025-12-08T15:30:05Z,-1.65,0.879,3.525
2025-12-08T16:00:00Z,129644,13.68,2025-12-08T15:59:45Z,-1.676,0.878,3.525
2025-12-08T16:15:00Z,129645,13.47,2025-12-08T16:14:55Z,-1.671,0.879,3.522
2025-12-08T16:30:00Z,129646,13.21,2025-12-08T16:29:45Z,-1.886,0.879,3.519
2025-12-08T16:45:00Z,129647,13.12,2025-12-08T16:44:35Z,-2.416,0.882,3.516
2025-12-08T17:00:00Z,129648,13.06,2025-12-08T16:57:20Z,-3.178,0.879,3.514
2025-12-08T17:15:00Z,129649,13.03,2025-12-08T17:11:20Z,-4.076,0.875,3.513
2025-12-08T17:30:00Z,129650,13.01,2025-12-08T17:29:20Z,-5.173,0.877,3.512
2025-12-08T17:45:00Z,129651,12.99,2025-12-08T17:44:30Z,-6.47,0.878,3.511
2025-12-08T18:00:00Z,129652,12.97,2025-12-08T17:57:15Z,-7.833,0.876,3.51
2025-12-08T18:15:00Z,129653,12.97,2025-12-08T18:12:40Z,-9.15,0.876,3.509
2025-12-08T18:30:00Z,129654,12.95,2025-12-08T18:29:40Z,-10.42,0.874,3.508
2025-12-08T18:45:00Z,129655,12.95,2025-12-08T18:39:10Z,-11.61,0.877,3.508
2025-12-08T19:00:00Z,129656,12.94,2025-12-08T18:57:10Z,-12.69,0.877,3.507
2025-12-08T19:15:00Z,129657,12.93,2025-12-08T19:08:30Z,-13.58,0.879,3.506
2025-12-08T19:30:00Z,129658,12.92,2025-12-08T19:29:50Z,-14.27,0.879,3.505
2025-12-08T19:45:00Z,129659,12.91,2025-12-08T19:40:30Z,-14.74,0.88,3.504
2025-12-08T20:00:00Z,129660,12.91,2025-12-08T19:56:30Z,-14.92,0.879,3.503
2025-12-08T20:15:00Z,129661,12.9,2025-12-08T20:02:10Z,-15.1,0.879,3.502
2025-12-08T20:30:00Z,129662,12.89,2025-12-08T20:29:40Z,-15.42,0.878,3.501
2025-12-08T20:45:00Z,129663,12.89,2025-12-08T20:43:00Z,-15.8,0.874,3.5
2025-12-08T21:00:00Z,129664,12.88,2025-12-08T20:59:55Z,-16.22,0.858,3.5
2025-12-08T21:15:00Z,129665,12.86,2025-12-08T21:02:10Z,-16.42,0.862,3.501
2025-12-08T21:30:00Z,129666,12.86,2025-12-08T21:29:45Z,-16.32,0.865,3.501
2025-12-08T21:45:00Z,129667,12.86,2025-12-08T21:41:40Z,-16.17,0.867,3.501
2025-12-08T22:00:00Z,129668,12.85,2025-12-08T21:57:15Z,-15.82,0.868,3.5
2025-12-08T22:15:00Z,129669,12.84,2025-12-08T22:02:05Z,-15.36,0.869,3.499
2025-12-08T22:30:00Z,129670,12.84,2025-12-08T22:29:00Z,-14.66,0.87,3.498
2025-12-08T22:45:00Z,129671,12.84,2025-12-08T22:37:15Z,-14.07,0.871,3.497
2025-12-08T23:00:00Z,129672,12.83,2025-12-08T22:57:15Z,-13.88,0.872,3.496
2025-12-08T23:15:00Z,129673,12.82,2025-12-08T23:04:05Z,-13.86,0.872,3.495
2025-12-08T23:30:00Z,129674,12.81,2025-12-08T23:28:05Z,-13.88,0.872,3.494
2025-12-08T23:45:00Z,129675,12.81,2025-12-08T23:30:45Z,-13.95,0.872,3.492
2025-12-09T00:15:00Z,129677,12.81,2025-12-09T00:02:20Z,-14.26,0.872,3.49
2025-12-09T00:30:00Z,129678,12.8,2025-12-09T00:29:40Z,-14.13,0.872,3.489
2025-12-09T00:45:00Z,129679,12.8,2025-12-09T00:42:50Z,-13.68,0.872,3.488
2025-12-09T01:00:00Z,129680,12.79,2025-12-09T00:57:20Z,-13.12,0.872,3.487
2025-12-09T01:15:00Z,129681,12.79,2025-12-09T01:02:15Z,-12.51,0.873,3.486
2025-12-09T01:30:00Z,129682,12.79,2025-12-09T01:15:55Z,-11.96,0.873,3.485
2025-12-09T01:45:00Z,129683,12.79,2025-12-09T01:43:00Z,-11.45,0.873,3.484
2025-12-09T02:00:00Z,129684,12.77,2025-12-09T01:57:15Z,-11.06,0.873,3.483
2025-12-09T02:15:00Z,129685,12.77,2025-12-09T02:02:05Z,-10.78,0.873,3.483
2025-12-09T02:30:00Z,129686,12.77,2025-12-09T02:29:40Z,-10.55,0.873,3.482
2025-12-09T02:45:00Z,129687,12.77,2025-12-09T02:35:40Z,-10.4,0.872,3.48
2025-12-09T03:00:00Z,129688,12.77,2025-12-09T02:59:40Z,-10.41,0.872,3.479
2025-12-09T03:15:00Z,129689,12.76,2025-12-09T03:02:05Z,-10.55,0.872,3.478
2025-12-09T03:30:00Z,129690,12.76,2025-12-09T03:29:35Z,-10.76,0.873,3.478
2025-12-09T03:45:00Z,129691,12.76,2025-12-09T03:39:40Z,-10.94,0.873,3.477
2025-12-09T04:00:00Z,129692,12.76,2025-12-09T03:50:40Z,-11.09,0.873,3.476
2025-12-09T04:15:00Z,129693,12.75,2025-12-09T04:02:05Z,-11.24,0.874,3.475
2025-12-09T04:30:00Z,129694,12.76,2025-12-09T04:17:00Z,-11.35,0.874,3.475
2025-12-09T04:45:00Z,129695,12.76,2025-12-09T04:30:05Z,-11.31,0.874,3.474
2025-12-09T05:00:00Z,129696,12.75,2025-12-09T04:57:10Z,-11.17,0.874,3.473
2025-12-09T05:15:00Z,129697,12.74,2025-12-09T05:02:05Z,-10.97,0.874,3.472
2025-12-09T05:30:00Z,129698,12.74,2025-12-09T05:24:10Z,-10.7,0.874,3.472
2025-12-09T05:45:00Z,129699,12.75,2025-12-09T05:30:15Z,-10.43,0.874,3.471
2025-12-09T06:00:00Z,129700,12.75,2025-12-09T05:45:05Z,-10.14,0.874,3.47
2025-12-09T06:15:00Z,129701,12.73,2025-12-09T06:02:05Z,-9.85,0.874,3.469
2025-12-09T06:30:00Z,129702,12.74,2025-12-09T06:17:05Z,-9.63,0.874,3.469
2025-12-09T06:45:00Z,129703,12.74,2025-12-09T06:43:30Z,-9.49,0.873,3.468
2025-12-09T07:00:00Z,129704,12.74,2025-12-09T06:48:45Z,-9.39,0.874,3.467
2025-12-09T07:15:00Z,129705,12.72,2025-12-09T07:02:05Z,-9.29,0.874,3.466
2025-12-09T07:30:00Z,129706,12.69,2025-12-09T07:29:35Z,-9.13,0.874,3.465
2025-12-09T07:45:00Z,129707,12.72,2025-12-09T07:43:15Z,-8.93,0.876,3.465
2025-12-09T08:00:00Z,129708,12.72,2025-12-09T07:45:55Z,-8.66,0.876,3.464
2025-12-09T08:15:00Z,129709,12.71,2025-12-09T08:02:05Z,-8.35,0.876,3.464
2025-12-09T08:30:00Z,129710,12.72,2025-12-09T08:15:15Z,-8.01,0.877,3.463
2025-12-09T08:45:00Z,129711,12.72,2025-12-09T08:30:20Z,-7.63,0.877,3.462
2025-12-09T09:00:00Z,129712,12.72,2025-12-09T08:45:15Z,-7.263,0.877,3.462
2025-12-09T09:15:00Z,129713,12.71,2025-12-09T09:02:05Z,-6.898,0.877,3.461
2025-12-09T09:30:00Z,129714,12.7,2025-12-09T09:29:35Z,-6.492,0.876,3.46
2025-12-09T09:45:00Z,129715,12.74,2025-12-09T09:30:10Z,-6.053,0.877,3.46
2025-12-09T10:00:00Z,129716,12.74,2025-12-09T09:57:05Z,-5.54,0.877,3.459
2025-12-09T10:15:00Z,129717,12.74,2025-12-09T10:02:10Z,-4.96,0.877,3.458
2025-12-09T10:30:00Z,129718,12.75,2025-12-09T10:29:40Z,-4.308,0.878,3.458
2025-12-09T10:45:00Z,129719,12.76,2025-12-09T10:33:55Z,-3.666,0.878,3.457
2025-12-09T11:00:00Z,129720,12.76,2025-12-09T10:54:10Z,-3.041,0.878,3.456
2025-12-09T11:15:00Z,129721,12.77,2025-12-09T11:02:05Z,-2.483,0.879,3.456
2025-12-09T11:30:00Z,129722,12.79,2025-12-09T11:15:05Z,-1.917,0.879,3.455
2025-12-09T11:45:00Z,129723,12.8,2025-12-09T11:30:35Z,-1.395,0.879,3.455
2025-12-09T12:00:00Z,129724,12.81,2025-12-09T11:45:20Z,-0.938,0.88,3.454
2025-12-09T12:15:00Z,129725,12.81,2025-12-09T12:02:10Z,-0.558,0.88,3.454
2025-12-09T12:30:00Z,129726,12.83,2025-12-09T12:16:10Z,-0.253,0.88,3.453
2025-12-09T12:45:00Z,129727,12.84,2025-12-09T12:32:10Z,0.014,0.88,3.452
2025-12-09T13:00:00Z,129728,12.84,2025-12-09T12:45:30Z,0.247,0.88,3.451
2025-12-09T13:15:00Z,129729,12.85,2025-12-09T13:01:30Z,0.47,0.881,3.451
2025-12-09T13:30:00Z,129730,12.89,2025-12-09T13:15:05Z,0.676,0.881,3.45
2025-12-09T13:45:00Z,129731,12.92,2025-12-09T13:30:50Z,0.873,0.881,3.45
2025-12-09T14:00:00Z,129732,13.01,2025-12-09T13:45:05Z,1.07,0.881,3.45
2025-12-09T14:15:00Z,129733,13.03,2025-12-09T14:02:05Z,1.238,0.881,3.449
2025-12-09T14:30:00Z,129734,13.03,2025-12-09T14:17:40Z,1.333,0.882,3.448
2025-12-09T14:45:00Z,129735,13.06,2025-12-09T14:30:05Z,1.39,0.885,3.447
2025-12-09T15:00:00Z,129736,13.08,2025-12-09T14:48:05Z,1.456,0.885,3.445
2025-12-09T15:15:00Z,129737,13.09,2025-12-09T15:10:10Z,1.498,0.885,3.445
2025-12-09T15:30:00Z,129738,13.1,2025-12-09T15:15:05Z,1.523,0.885,3.445
2025-12-09T15:45:00Z,129739,13.12,2025-12-09T15:30:05Z,1.495,0.885,3.444
2025-12-09T16:00:00Z,129740,13.05,2025-12-09T15:59:55Z,1.371,0.885,3.444
2025-12-09T16:15:00Z,129741,12.97,2025-12-09T16:14:55Z,1.246,0.885,3.443
2025-12-09T16:30:00Z,129742,12.9,2025-12-09T16:29:45Z,1.136,0.884,3.441
2025-12-09T16:45:00Z,129743,12.86,2025-12-09T16:44:25Z,1.06,0.884,3.44
2025-12-09T17:00:00Z,129744,12.83,2025-12-09T16:57:05Z,1.032,0.883,3.438
2025-12-09T17:15:00Z,129745,12.8,2025-12-09T17:12:40Z,1.012,0.883,3.437
2025-12-09T17:30:00Z,129746,12.79,2025-12-09T17:21:05Z,0.98,0.882,3.436
2025-12-09T17:45:00Z,129747,12.78,2025-12-09T17:39:45Z,0.914,0.882,3.435
2025-12-09T18:00:00Z,129748,12.77,2025-12-09T17:55:45Z,0.792,0.882,3.434
2025-12-09T18:15:00Z,129749,12.76,2025-12-09T18:02:05Z,0.707,0.882,3.433
2025-12-09T18:30:00Z,129750,12.76,2025-12-09T18:19:45Z,0.683,0.882,3.432
2025-12-09T18:45:00Z,129751,12.75,2025-12-09T18:43:45Z,0.691,0.882,3.431
2025-12-09T19:00:00Z,129752,12.74,2025-12-09T18:57:15Z,0.696,0.882,3.43
2025-12-09T19:15:00Z,129753,12.74,2025-12-09T19:02:05Z,0.745,0.882,3.43
2025-12-09T19:30:00Z,129754,12.74,2025-12-09T19:29:50Z,0.823,0.882,3.429
2025-12-09T19:45:00Z,129755,12.74,2025-12-09T19:40:00Z,0.896,0.882,3.428
2025-12-09T20:00:00Z,129756,12.74,2025-12-09T19:45:15Z,0.942,0.882,3.427
2025-12-09T20:15:00Z,129757,12.72,2025-12-09T20:02:05Z,0.947,0.882,3.426
2025-12-09T20:30:00Z,129758,12.73,2025-12-09T20:29:45Z,0.946,0.883,3.426
2025-12-09T20:45:00Z,129759,12.72,2025-12-09T20:31:05Z,0.906,0.882,3.425
2025-12-09T21:00:00Z,129760,12.72,2025-12-09T20:57:15Z,0.859,0.882,3.425
2025-12-09T21:15:00Z,129761,12.72,2025-12-09T21:01:25Z,0.824,0.883,3.425
2025-12-09T21:30:00Z,129762,12.72,2025-12-09T21:15:05Z,0.827,0.883,3.424
2025-12-09T21:45:00Z,129763,12.72,2025-12-09T21:30:05Z,0.862,0.884,3.424
2025-12-09T22:00:00Z,129764,12.71,2025-12-09T21:57:10Z,0.925,0.884,3.423
2025-12-09T22:15:00Z,129765,12.7,2025-12-09T22:02:05Z,0.996,0.884,3.423
2025-12-09T22:30:00Z,129766,12.71,2025-12-09T22:15:15Z,1.045,0.885,3.421
2025-12-09T22:45:00Z,129767,12.71,2025-12-09T22:44:15Z,1.075,0.886,3.421
2025-12-09T23:00:00Z,129768,12.71,2025-12-09T22:45:35Z,1.075,0.886,3.42
2025-12-09T23:15:00Z,129769,12.69,2025-12-09T23:02:05Z,1.075,0.886,3.419
2025-12-09T23:30:00Z,129770,12.7,2025-12-09T23:30:00Z,1.062,0.887,3.419
2025-12-09T23:45:00Z,129771,12.7,2025-12-09T23:32:40Z,1.053,0.887,3.418
2025-12-10T00:15:00Z,129773,12.68,2025-12-10T00:02:05Z,1.097,0.888,3.417
2025-12-10T00:30:00Z,129774,12.69,2025-12-10T00:15:20Z,1.134,0.888,3.417
2025-12-10T00:45:00Z,129775,12.68,2025-12-10T00:42:00Z,1.187,0.889,3.416
2025-12-10T01:00:00Z,129776,12.69,2025-12-10T00:50:20Z,1.244,0.89,3.416
2025-12-10T01:15:00Z,129777,12.69,2025-12-10T01:00:10Z,1.296,0.891,3.415
2025-12-10T01:30:00Z,129778,12.67,2025-12-10T01:29:35Z,1.351,0.891,3.414
2025-12-10T01:45:00Z,129779,12.68,2025-12-10T01:30:05Z,1.412,0.891,3.413
2025-12-10T02:00:00Z,129780,12.68,2025-12-10T01:45:05Z,1.479,0.891,3.413
2025-12-10T02:15:00Z,129781,12.67,2025-12-10T02:01:45Z,1.518,0.892,3.412
2025-12-10T02:30:00Z,129782,12.66,2025-12-10T02:29:35Z,1.58,0.893,3.412
2025-12-10T02:45:00Z,129783,12.67,2025-12-10T02:30:05Z,1.635,0.893,3.411
2025-12-10T03:00:00Z,129784,12.66,2025-12-10T02:57:05Z,1.666,0.893,3.411
2025-12-10T03:15:00Z,129785,12.66,2025-12-10T03:00:15Z,1.702,0.894,3.41
2025-12-10T03:30:00Z,129786,12.65,2025-12-10T03:29:35Z,1.738,0.894,3.41
2025-12-10T03:45:00Z,129787,12.66,2025-12-10T03:30:10Z,1.775,0.895,3.409
2025-12-10T04:00:00Z,129788,12.64,2025-12-10T03:57:05Z,1.844,0.895,3.408
2025-12-10T04:15:00Z,129789,12.65,2025-12-10T04:09:20Z,1.921,0.896,3.408
2025-12-10T04:30:00Z,129790,12.64,2025-12-10T04:29:35Z,1.964,0.897,3.407
2025-12-10T04:45:00Z,129791,12.64,2025-12-10T04:40:15Z,1.992,0.897,3.407
2025-12-10T05:00:00Z,129792,12.64,2025-12-10T04:57:05Z,2.031,0.898,3.406
2025-12-10T05:15:00Z,129793,12.64,2025-12-10T05:12:15Z,2.095,0.899,3.406
2025-12-10T05:30:00Z,129794,12.62,2025-12-10T05:29:35Z,2.15,0.899,3.405
2025-12-10T05:45:00Z,129795,12.63,2025-12-10T05:41:35Z,2.205,0.9,3.404
2025-12-10T06:00:00Z,129796,12.62,2025-12-10T05:57:05Z,2.265,0.9,3.402
2025-12-10T06:15:00Z,129797,12.62,2025-12-10T06:00:15Z,2.331,0.902,3.402
2025-12-10T06:30:00Z,129798,12.62,2025-12-10T06:28:30Z,2.397,0.904,3.402
2025-12-10T06:45:00Z,129799,12.62,2025-12-10T06:40:15Z,2.456,0.915,3.402
2025-12-10T07:00:00Z,129800,12.61,2025-12-10T06:57:05Z,2.516,0.929,3.401
2025-12-10T07:15:00Z,129801,12.61,2025-12-10T07:02:15Z,2.574,0.937,3.4
2025-12-10T07:30:00Z,129802,12.6,2025-12-10T07:29:35Z,2.587,0.941,3.398
2025-12-10T07:45:00Z,129803,12.61,2025-12-10T07:31:45Z,2.585,0.947,3.397
2025-12-10T08:00:00Z,129804,12.6,2025-12-10T07:57:05Z,2.542,0.951,3.395
2025-12-10T08:15:00Z,129805,12.61,2025-12-10T08:03:20Z,2.494,0.954,3.394
2025-12-10T08:30:00Z,129806,12.6,2025-12-10T08:26:55Z,2.465,0.957,3.393
2025-12-10T08:45:00Z,129807,12.61,2025-12-10T08:38:35Z,2.452,0.978,3.39
2025-12-10T09:00:00Z,129808,12.59,2025-12-10T08:57:05Z,2.437,0.964,3.387
2025-12-10T09:15:00Z,129809,12.6,2025-12-10T09:01:00Z,2.418,0.963,3.386
2025-12-10T09:30:00Z,129810,12.6,2025-12-10T09:29:35Z,2.393,0.968,3.385
2025-12-10T09:45:00Z,129811,12.62,2025-12-10T09:36:10Z,2.368,0.966,3.384
2025-12-10T10:00:00Z,129812,12.59,2025-12-10T09:57:05Z,2.352,0.966,3.384
2025-12-10T10:15:00Z,129813,12.65,2025-12-10T10:02:10Z,2.364,0.967,3.383
2025-12-10T10:30:00Z,129814,12.64,2025-12-10T10:25:10Z,2.374,0.969,3.382
2025-12-10T10:45:00Z,129815,12.64,2025-12-10T10:33:10Z,2.375,0.97,3.382
2025-12-10T11:00:00Z,129816,12.7,2025-12-10T10:45:05Z,2.423,0.971,3.381
2025-12-10T11:15:00Z,129817,12.7,2025-12-10T11:02:05Z,2.46,0.972,3.381
2025-12-10T11:30:00Z,129818,12.71,2025-12-10T11:27:10Z,2.453,0.973,3.38
2025-12-10T11:45:00Z,129819,12.72,2025-12-10T11:30:05Z,2.448,0.975,3.379
2025-12-10T12:00:00Z,129820,12.71,2025-12-10T11:58:30Z,2.469,0.978,3.378
2025-12-10T12:15:00Z,129821,12.71,2025-12-10T12:06:30Z,2.407,0.982,3.376
2025-12-10T12:30:00Z,129822,12.73,2025-12-10T12:25:45Z,2.304,0.975,3.375
2025-12-10T12:45:00Z,129823,12.7,2025-12-10T12:41:10Z,2.124,0.971,3.374
2025-12-10T13:00:00Z,129824,12.7,2025-12-10T12:50:20Z,1.82,0.967,3.372
2025-12-10T13:15:00Z,129825,12.74,2025-12-10T13:00:05Z,1.442,0.955,3.371
2025-12-10T13:30:00Z,129826,12.8,2025-12-10T13:15:05Z,1.119,0.956,3.371
2025-12-10T13:45:00Z,129827,12.84,2025-12-10T13:30:05Z,0.882,0.955,3.37
2025-12-10T14:00:00Z,129828,12.86,2025-12-10T13:58:55Z,0.652,0.956,3.37
2025-12-10T14:15:00Z,129829,12.86,2025-12-10T14:00:05Z,0.475,0.961,3.369
2025-12-10T14:30:00Z,129830,12.92,2025-12-10T14:29:40Z,0.365,0.962,3.368
2025-12-10T14:45:00Z,129831,12.85,2025-12-10T14:44:05Z,0.245,0.964,3.367
2025-12-10T15:00:00Z,129832,12.77,2025-12-10T14:57:10Z,0.083,0.964,3.366
2025-12-10T15:15:00Z,129833,12.74,2025-12-10T15:13:35Z,-0.122,0.963,3.364
2025-12-10T15:30:00Z,129834,12.72,2025-12-10T15:29:50Z,-0.343,0.963,3.363
2025-12-10T15:45:00Z,129835,12.68,2025-12-10T15:43:20Z,-0.497,0.962,3.361
2025-12-10T16:00:00Z,129836,12.66,2025-12-10T15:49:30Z,-0.616,0.948,3.359
2025-12-10T16:15:00Z,129837,12.63,2025-12-10T16:14:25Z,-0.716,0.961,3.358
2025-12-10T16:30:00Z,129838,12.61,2025-12-10T16:30:00Z,-0.79,0.966,3.356
2025-12-10T16:45:00Z,129839,12.59,2025-12-10T16:42:05Z,-0.838,0.964,3.355
2025-12-10T17:00:00Z,129840,12.58,2025-12-10T16:52:45Z,-0.877,0.964,3.353
2025-12-10T17:15:00Z,129841,12.57,2025-12-10T17:06:05Z,-0.931,0.967,3.352
2025-12-10T17:30:00Z,129842,12.57,2025-12-10T17:16:45Z,-0.965,0.967,3.351
2025-12-10T17:45:00Z,129843,12.56,2025-12-10T17:30:05Z,-0.969,0.967,3.349
2025-12-10T18:00:00Z,129844,12.56,2025-12-10T17:48:45Z,-0.97,0.967,3.348
2025-12-10T18:15:00Z,129845,12.55,2025-12-10T18:04:25Z,-0.999,0.964,3.347
2025-12-10T18:30:00Z,129846,12.55,2025-12-10T18:29:40Z,-1.034,0.963,3.346
2025-12-10T18:45:00Z,129847,12.55,2025-12-10T18:34:00Z,-1.095,0.96,3.344
2025-12-10T19:00:00Z,129848,12.53,2025-12-10T18:57:10Z,-1.166,0.958,3.343
2025-12-10T19:15:00Z,129849,12.54,2025-12-10T19:02:15Z,-1.238,0.959,3.342
2025-12-10T19:30:00Z,129850,12.54,2025-12-10T19:20:50Z,-1.294,0.956,3.341
2025-12-10T19:45:00Z,129851,12.53,2025-12-10T19:35:15Z,-1.369,0.956,3.339
2025-12-10T20:00:00Z,129852,12.51,2025-12-10T19:57:20Z,-1.532,0.956,3.338
2025-12-10T20:15:00Z,129853,12.51,2025-12-10T20:02:10Z,-1.77,0.956,3.337
2025-12-10T20:30:00Z,129854,12.52,2025-12-10T20:21:10Z,-2.052,0.953,3.336
2025-12-10T20:45:00Z,129855,12.51,2025-12-10T20:39:40Z,-2.242,0.954,3.335
2025-12-10T21:00:00Z,129856,12.5,2025-12-10T20:57:10Z,-2.407,0.955,3.334
2025-12-10T21:15:00Z,129857,12.5,2025-12-10T21:02:25Z,-2.562,0.953,3.333
2025-12-10T21:30:00Z,129858,12.5,2025-12-10T21:25:40Z,-2.708,0.954,3.332
2025-12-10T21:45:00Z,129859,12.49,2025-12-10T21:44:20Z,-2.828,0.956,3.331
2025-12-10T22:00:00Z,129860,12.49,2025-12-10T21:55:00Z,-2.926,0.956,3.33
2025-12-10T22:15:00Z,129861,12.48,2025-12-10T22:02:05Z,-3.025,0.956,3.329
2025-12-10T22:30:00Z,129862,12.48,2025-12-10T22:24:20Z,-3.118,0.958,3.328
2025-12-10T22:45:00Z,129863,12.48,2025-12-10T22:35:40Z,-3.205,0.958,3.327
2025-12-10T23:00:00Z,129864,12.48,2025-12-10T22:45:40Z,-3.273,0.961,3.326
2025-12-10T23:15:00Z,129865,12.47,2025-12-10T23:02:10Z,-3.325,0.963,3.325
2025-12-10T23:30:00Z,129866,12.46,2025-12-10T23:29:35Z,-3.379,0.964,3.324
2025-12-10T23:45:00Z,129867,12.46,2025-12-10T23:34:25Z,-3.426,0.965,3.323
2025-12-11T00:15:00Z,129869,12.46,2025-12-11T00:02:05Z,-3.52,0.97,3.321
2025-12-11T00:30:00Z,129870,12.46,2025-12-11T00:29:40Z,-3.567,0.971,3.32
2025-12-11T00:45:00Z,129871,12.46,2025-12-11T00:38:55Z,-3.619,0.973,3.319
2025-12-11T01:00:00Z,129872,12.46,2025-12-11T00:45:05Z,-3.666,0.975,3.319
2025-12-11T01:15:00Z,129873,12.46,2025-12-11T01:00:05Z,-3.704,0.976,3.318
2025-12-11T01:30:00Z,129874,12.44,2025-12-11T01:24:20Z,-3.745,0.977,3.317
2025-12-11T01:45:00Z,129875,12.45,2025-12-11T01:32:55Z,-3.796,0.979,3.316
2025-12-11T02:00:00Z,129876,12.44,2025-12-11T01:57:05Z,-3.851,0.98,3.315
2025-12-11T02:15:00Z,129877,12.41,2025-12-11T02:02:05Z,-3.882,0.982,3.315
2025-12-11T02:30:00Z,129878,12.45,2025-12-11T02:16:25Z,-3.902,0.984,3.314
2025-12-11T02:45:00Z,129879,12.44,2025-12-11T02:33:15Z,-3.894,0.986,3.313
2025-12-11T03:00:00Z,129880,12.44,2025-12-11T02:49:15Z,-3.879,0.963,3.312
2025-12-11T03:15:00Z,129881,12.43,2025-12-11T03:02:10Z,-3.888,0.924,3.315
2025-12-11T03:30:00Z,129882,12.44,2025-12-11T03:15:55Z,-3.902,0.932,3.32
2025-12-11T03:45:00Z,129883,12.44,2025-12-11T03:31:55Z,-3.902,0.939,3.323
2025-12-11T04:00:00Z,129884,12.43,2025-12-11T03:45:15Z,-3.897,0.946,3.325
2025-12-11T04:15:00Z,129885,12.43,2025-12-11T04:09:15Z,-3.884,0.952,3.326
2025-12-11T04:30:00Z,129886,12.43,2025-12-11T04:29:40Z,-3.9,0.958,3.326
2025-12-11T04:45:00Z,129887,12.44,2025-12-11T04:30:05Z,-3.879,0.963,3.325
2025-12-11T05:00:00Z,129888,12.43,2025-12-11T04:57:10Z,-3.807,0.967,3.324
2025-12-11T05:15:00Z,129889,12.39,2025-12-11T05:04:20Z,-3.65,0.972,3.323
2025-12-11T05:30:00Z,129890,12.42,2025-12-11T05:29:35Z,-3.453,0.976,3.322
2025-12-11T05:45:00Z,129891,12.44,2025-12-11T05:30:05Z,-3.285,0.98,3.321
2025-12-11T06:00:00Z,129892,12.42,2025-12-11T05:57:05Z,-3.156,0.984,3.32
2025-12-11T06:15:00Z,129893,12.42,2025-12-11T06:02:05Z,-3.093,0.987,3.318
2025-12-11T06:30:00Z,129894,12.42,2025-12-11T06:29:35Z,-3.065,0.99,3.317
2025-12-11T06:45:00Z,129895,12.43,2025-12-11T06:35:10Z,-3.094,0.993,3.316
2025-12-11T07:00:00Z,129896,12.43,2025-12-11T06:45:05Z,-3.127,0.996,3.314
2025-12-11T07:15:00Z,129897,12.43,2025-12-11T07:00:15Z,-3.169,0.999,3.313
2025-12-11T07:30:00Z,129898,12.42,2025-12-11T07:29:40Z,-3.216,1.002,3.312
2025-12-11T07:45:00Z,129899,12.43,2025-12-11T07:30:05Z,-3.266,1.004,3.31
2025-12-11T08:00:00Z,129900,12.42,2025-12-11T07:57:05Z,-3.29,1.007,3.309
2025-12-11T08:15:00Z,129901,12.41,2025-12-11T08:02:05Z,-3.342,1.009,3.308
2025-12-11T08:30:00Z,129902,12.44,2025-12-11T08:15:05Z,-3.402,1.011,3.307
2025-12-11T08:45:00Z,129903,12.45,2025-12-11T08:31:30Z,-3.402,1.013,3.306
2025-12-11T09:00:00Z,129904,12.45,2025-12-11T08:45:10Z,-3.362,1.015,3.305
2025-12-11T09:15:00Z,129905,12.48,2025-12-11T09:00:05Z,-3.295,1.017,3.304
2025-12-11T09:30:00Z,129906,12.51,2025-12-11T09:15:05Z,-3.187,1.019,3.303
2025-12-11T09:45:00Z,129907,12.54,2025-12-11T09:30:55Z,-3.072,1.021,3.302
2025-12-11T10:00:00Z,129908,12.6,2025-12-11T09:45:05Z,-2.963,1.022,3.302
2025-12-11T10:15:00Z,129909,12.64,2025-12-11T10:02:10Z,-2.841,1.024,3.301
2025-12-11T10:30:00Z,129910,12.69,2025-12-11T10:15:05Z,-2.698,1.026,3.3
2025-12-11T10:45:00Z,129911,12.76,2025-12-11T10:30:05Z,-2.566,1.027,3.299
2025-12-11T11:00:00Z,129912,12.86,2025-12-11T10:45:05Z,-2.43,1.029,3.299
2025-12-11T11:15:00Z,129913,12.93,2025-12-11T11:02:15Z,-2.254,1.03,3.299
2025-12-11T11:30:00Z,129914,12.96,2025-12-11T11:29:00Z,-2.126,1.032,3.298
2025-12-11T11:45:00Z,129915,12.93,2025-12-11T11:38:40Z,-2.086,1.033,3.298
2025-12-11T12:00:00Z,129916,12.95,2025-12-11T11:45:05Z,-2.114,1.034,3.297
2025-12-11T12:15:00Z,129917,12.96,2025-12-11T12:10:50Z,-2.131,1.036,3.296
2025-12-11T12:30:00Z,129918,12.96,2025-12-11T12:15:10Z,-2.19,1.037,3.296
2025-12-11T12:45:00Z,129919,13.02,2025-12-11T12:30:05Z,-2.196,1.038,3.295
2025-12-11T13:00:00Z,129920,13.01,2025-12-11T12:56:20Z,-2.149,1.039,3.295
2025-12-11T13:15:00Z,129921,12.99,2025-12-11T13:09:35Z,-2.21,1.04,3.294
2025-12-11T13:30:00Z,129922,12.99,2025-12-11T13:15:05Z,-2.303,1.041,3.293
2025-12-11T13:45:00Z,129923,13.01,2025-12-11T13:42:50Z,-2.351,1.041,3.292
2025-12-11T14:00:00Z,129924,13,2025-12-11T13:57:10Z,-2.336,1.041,3.291
2025-12-11T14:15:00Z,129925,12.95,2025-12-11T14:02:05Z,-2.338,1.042,3.29
2025-12-11T14:30:00Z,129926,12.9,2025-12-11T14:29:25Z,-2.367,1.042,3.288
2025-12-11T14:45:00Z,129927,12.88,2025-12-11T14:34:10Z,-2.435,1.042,3.287
2025-12-11T15:00:00Z,129928,12.81,2025-12-11T14:59:45Z,-2.482,1.041,3.285
2025-12-11T15:15:00Z,129929,12.75,2025-12-11T15:13:45Z,-2.536,1.041,3.283
2025-12-11T15:30:00Z,129930,12.69,2025-12-11T15:28:25Z,-2.643,1.04,3.281
2025-12-11T15:45:00Z,129931,12.66,2025-12-11T15:36:10Z,-2.75,1.039,3.279
2025-12-11T16:00:00Z,129932,12.63,2025-12-11T15:59:30Z,-2.832,1.038,3.277
2025-12-11T16:15:00Z,129933,12.59,2025-12-11T16:12:50Z,-2.891,1.037,3.276
2025-12-11T16:30:00Z,129934,12.56,2025-12-11T16:27:50Z,-2.955,1.035,3.274
2025-12-11T16:45:00Z,129935,12.53,2025-12-11T16:44:15Z,-3.02,1.034,3.273
2025-12-11T17:00:00Z,129936,12.5,2025-12-11T16:59:55Z,-3.093,1.033,3.271
2025-12-11T17:15:00Z,129937,12.49,2025-12-11T17:07:45Z,-3.18,1.032,3.27
2025-12-11T17:30:00Z,129938,12.46,2025-12-11T17:28:20Z,-3.266,1.029,3.269
2025-12-11T17:45:00Z,129939,12.46,2025-12-11T17:34:30Z,-3.335,1.028,3.268
2025-12-11T18:00:00Z,129940,12.45,2025-12-11T17:57:15Z,-3.4,1.027,3.267
2025-12-11T18:15:00Z,129941,12.45,2025-12-11T18:01:20Z,-3.454,1.025,3.266
2025-12-11T18:30:00Z,129942,12.44,2025-12-11T18:22:40Z,-3.499,1.024,3.265
2025-12-11T18:45:00Z,129943,12.44,2025-12-11T18:30:15Z,-3.557,1.022,3.264
2025-12-11T19:00:00Z,129944,12.42,2025-12-11T18:57:10Z,-3.626,1.021,3.264
2025-12-11T19:15:00Z,129945,12.43,2025-12-11T19:08:00Z,-3.713,1.02,3.263
2025-12-11T19:30:00Z,129946,12.42,2025-12-11T19:16:00Z,-3.787,1.019,3.262
2025-12-11T19:45:00Z,129947,12.42,2025-12-11T19:30:05Z,-3.855,1.017,3.261
2025-12-11T20:00:00Z,129948,12.41,2025-12-11T19:57:35Z,-3.916,1.016,3.261
2025-12-11T20:15:00Z,129949,12.43,2025-12-11T20:01:00Z,-3.968,1.015,3.26
2025-12-11T20:30:00Z,129950,12.41,2025-12-11T20:29:45Z,-4.02,1.014,3.26
2025-12-11T20:45:00Z,129951,12.43,2025-12-11T20:30:05Z,-4.077,1.013,3.259
2025-12-11T21:00:00Z,129952,12.42,2025-12-11T20:57:15Z,-4.123,1.012,3.259
2025-12-11T21:15:00Z,129953,12.42,2025-12-11T21:02:05Z,-4.164,1.01,3.258
2025-12-11T21:30:00Z,129954,12.41,2025-12-11T21:29:35Z,-4.191,1.009,3.257
2025-12-11T21:45:00Z,129955,12.42,2025-12-11T21:30:10Z,-4.217,1.008,3.257
2025-12-11T22:00:00Z,129956,12.4,2025-12-11T21:57:05Z,-4.234,1.007,3.256
2025-12-11T22:15:00Z,129957,12.41,2025-12-11T22:02:10Z,-4.251,1.006,3.256
2025-12-11T22:30:00Z,129958,12.41,2025-12-11T22:24:25Z,-4.268,1.005,3.255
2025-12-11T22:45:00Z,129959,12.41,2025-12-11T22:30:05Z,-4.271,1.004,3.254
2025-12-11T23:00:00Z,129960,12.41,2025-12-11T22:57:05Z,-4.272,1.003,3.254
2025-12-11T23:15:00Z,129961,12.4,2025-12-11T23:02:05Z,-4.268,1.002,3.253
2025-12-11T23:30:00Z,129962,12.4,2025-12-11T23:24:25Z,-4.268,1.001,3.253
2025-12-11T23:45:00Z,129963,12.41,2025-12-11T23:30:15Z,-4.268,1,3.252
2025-12-12T00:15:00Z,129965,12.4,2025-12-12T00:02:20Z,-4.247,0.999,3.252
2025-12-12T00:30:00Z,129966,12.39,2025-12-12T00:20:35Z,-4.261,0.998,3.251
2025-12-12T00:45:00Z,129967,12.41,2025-12-12T00:39:35Z,-4.276,0.997,3.251
2025-12-12T01:00:00Z,129968,12.41,2025-12-12T00:45:05Z,-4.307,0.996,3.25
2025-12-12T01:15:00Z,129969,12.4,2025-12-12T01:02:00Z,-4.334,0.995,3.25
2025-12-12T01:30:00Z,129970,12.4,2025-12-12T01:29:40Z,-4.363,0.995,3.249
2025-12-12T01:45:00Z,129971,12.41,2025-12-12T01:30:05Z,-4.409,0.994,3.249
2025-12-12T02:00:00Z,129972,12.4,2025-12-12T01:57:10Z,-4.433,0.993,3.248
2025-12-12T02:15:00Z,129973,12.4,2025-12-12T02:02:00Z,-4.464,0.993,3.248
2025-12-12T02:30:00Z,129974,12.41,2025-12-12T02:29:35Z,-4.496,0.992,3.247
2025-12-12T02:45:00Z,129975,12.41,2025-12-12T02:30:05Z,-4.509,0.991,3.247
2025-12-12T03:00:00Z,129976,12.41,2025-12-12T02:45:05Z,-4.528,0.991,3.246
2025-12-12T03:15:00Z,129977,12.39,2025-12-12T03:04:25Z,-4.528,0.99,3.245
2025-12-12T03:30:00Z,129978,12.41,2025-12-12T03:15:05Z,-4.528,0.989,3.245
2025-12-12T03:45:00Z,129979,12.41,2025-12-12T03:30:05Z,-4.528,0.989,3.244
2025-12-12T04:00:00Z,129980,12.4,2025-12-12T03:57:05Z,-4.526,0.989,3.244
2025-12-12T04:15:00Z,129981,12.4,2025-12-12T04:02:00Z,-4.505,0.988,3.244
2025-12-12T04:30:00Z,129982,12.4,2025-12-12T04:27:10Z,-4.504,0.988,3.243
2025-12-12T04:45:00Z,129983,12.4,2025-12-12T04:32:30Z,-4.477,0.987,3.243
2025-12-12T05:00:00Z,129984,12.4,2025-12-12T04:54:30Z,-4.453,0.986,3.242
2025-12-12T05:15:00Z,129985,12.4,2025-12-12T05:09:50Z,-4.428,0.986,3.242
2025-12-12T05:30:00Z,129986,12.39,2025-12-12T05:29:40Z,-4.397,0.985,3.241
2025-12-12T05:45:00Z,129987,12.4,2025-12-12T05:33:50Z,-4.44,0.985,3.241
2025-12-12T06:00:00Z,129988,12.4,2025-12-12T05:49:50Z,-4.533,0.984,3.24
2025-12-12T06:15:00Z,129989,12.39,2025-12-12T06:02:00Z,-4.625,0.984,3.24
2025-12-12T06:30:00Z,129990,12.4,2025-12-12T06:29:35Z,-4.734,0.984,3.239
2025-12-12T06:45:00Z,129991,12.4,2025-12-12T06:44:30Z,-4.855,0.983,3.238
2025-12-12T07:00:00Z,129992,12.4,2025-12-12T06:57:05Z,-5.04,0.983,3.238
2025-12-12T07:15:00Z,129993,12.4,2025-12-12T07:02:05Z,-5.28,0.982,3.237
2025-12-12T07:30:00Z,129994,12.4,2025-12-12T07:16:00Z,-5.687,0.982,3.237
2025-12-12T07:45:00Z,129995,12.4,2025-12-12T07:30:05Z,-6.163,0.981,3.236
2025-12-12T08:00:00Z,129996,12.4,2025-12-12T07:45:05Z,-6.628,0.981,3.236
2025-12-12T08:15:00Z,129997,12.39,2025-12-12T08:02:00Z,-7.22,0.981,3.235
2025-12-12T08:30:00Z,129998,12.41,2025-12-12T08:15:05Z,-7.841,0.98,3.235
2025-12-12T08:45:00Z,129999,12.41,2025-12-12T08:35:05Z,-8.38,0.98,3.234
2025-12-12T09:00:00Z,130000,12.44,2025-12-12T08:45:10Z,-8.8,0.978,3.234
2025-12-12T09:15:00Z,130001,12.51,2025-12-12T09:00:05Z,-8.81,0.978,3.234
2025-12-12T09:30:00Z,130002,12.61,2025-12-12T09:15:05Z,-8.22,0.978,3.234
2025-12-12T09:45:00Z,130003,12.65,2025-12-12T09:32:05Z,-7.298,0.978,3.234
2025-12-12T10:00:00Z,130004,12.69,2025-12-12T09:45:25Z,-6.493,0.978,3.233
2025-12-12T10:15:00Z,130005,12.71,2025-12-12T10:02:00Z,-5.652,0.977,3.233
2025-12-12T10:30:00Z,130006,13,2025-12-12T10:15:05Z,-4.688,0.976,3.235
2025-12-12T10:45:00Z,130007,13.17,2025-12-12T10:35:25Z,-3.437,0.977,3.236
2025-12-12T11:00:00Z,130008,13.12,2025-12-12T10:58:25Z,-2.514,0.977,3.236
2025-12-12T11:15:00Z,130009,13.17,2025-12-12T11:00:05Z,-2.076,0.975,3.236
2025-12-12T11:30:00Z,130010,13.3,2025-12-12T11:27:05Z,-1.622,0.976,3.236
2025-12-12T11:45:00Z,130011,13.38,2025-12-12T11:30:05Z,-1.185,0.975,3.237
2025-12-12T12:00:00Z,130012,13.32,2025-12-12T11:54:45Z,-0.713,0.976,3.236
2025-12-12T12:15:00Z,130013,13.54,2025-12-12T12:00:05Z,-0.464,0.975,3.238
2025-12-12T12:30:00Z,130014,13.64,2025-12-12T12:15:05Z,-0.115,0.976,3.239
2025-12-12T12:45:00Z,130015,13.63,2025-12-12T12:40:55Z,0.478,0.976,3.24
2025-12-12T13:00:00Z,130016,13.51,2025-12-12T12:49:40Z,0.989,0.975,3.239
2025-12-12T13:15:00Z,130017,13.38,2025-12-12T13:14:20Z,1.254,0.977,3.238
2025-12-12T13:30:00Z,130018,13.38,2025-12-12T13:18:35Z,1.315,0.976,3.237
2025-12-12T13:45:00Z,130019,13.45,2025-12-12T13:30:50Z,1.104,0.976,3.238
2025-12-12T14:00:00Z,130020,13.32,2025-12-12T13:59:40Z,0.996,0.977,3.237
2025-12-12T14:15:00Z,130021,13.2,2025-12-12T14:10:20Z,0.878,0.977,3.235
2025-12-12T14:30:00Z,130022,13.19,2025-12-12T14:18:20Z,0.633,0.977,3.234
2025-12-12T14:45:00Z,130023,13.22,2025-12-12T14:30:05Z,0.408,0.977,3.234
2025-12-12T15:00:00Z,130024,13.5,2025-12-12T14:45:30Z,0.203,0.977,3.238
2025-12-12T15:15:00Z,130025,13.7,2025-12-12T15:10:50Z,0.301,0.978,3.239
2025-12-12T15:30:00Z,130026,13.59,2025-12-12T15:18:25Z,0.478,0.978,3.238
2025-12-12T15:45:00Z,130027,13.35,2025-12-12T15:44:55Z,0.694,0.98,3.237
2025-12-12T16:00:00Z,130028,13.2,2025-12-12T15:57:00Z,0.771,0.98,3.233
2025-12-12T16:15:00Z,130029,13.12,2025-12-12T16:14:30Z,0.46,0.98,3.231
2025-12-12T16:30:00Z,130030,13.07,2025-12-12T16:29:35Z,-0.127,0.98,3.23
2025-12-12T16:45:00Z,130031,13.04,2025-12-12T16:44:25Z,-0.843,0.98,3.229
2025-12-12T17:00:00Z,130032,12.98,2025-12-12T16:58:10Z,-1.465,0.98,3.227
2025-12-12T17:15:00Z,130033,12.95,2025-12-12T17:14:20Z,-2.055,0.98,3.226
2025-12-12T17:30:00Z,130034,12.94,2025-12-12T17:26:40Z,-2.621,0.979,3.225
2025-12-12T17:45:00Z,130035,12.92,2025-12-12T17:44:35Z,-3.255,0.979,3.224
2025-12-12T18:00:00Z,130036,12.91,2025-12-12T17:57:10Z,-3.859,0.979,3.223
2025-12-12T18:15:00Z,130037,12.9,2025-12-12T18:02:00Z,-4.415,0.979,3.222
2025-12-12T18:30:00Z,130038,12.88,2025-12-12T18:29:40Z,-4.88,0.978,3.222
2025-12-12T18:45:00Z,130039,12.89,2025-12-12T18:38:00Z,-5.087,0.978,3.221
2025-12-12T19:00:00Z,130040,12.88,2025-12-12T18:55:40Z,-5.031,0.978,3.22
2025-12-12T19:15:00Z,130041,12.87,2025-12-12T19:04:35Z,-4.776,0.978,3.22
2025-12-12T19:30:00Z,130042,12.86,2025-12-12T19:28:35Z,-4.46,0.978,3.22
2025-12-12T19:45:00Z,130043,12.86,2025-12-12T19:34:30Z,-4.219,0.978,3.22
2025-12-12T20:00:00Z,130044,12.85,2025-12-12T19:57:05Z,-4.073,0.978,3.219
2025-12-12T20:15:00Z,130045,12.84,2025-12-12T20:11:15Z,-3.895,0.978,3.219
2025-12-12T20:30:00Z,130046,12.84,2025-12-12T20:24:35Z,-3.687,0.978,3.218
2025-12-12T20:45:00Z,130047,12.84,2025-12-12T20:37:55Z,-3.492,0.978,3.218
2025-12-12T21:00:00Z,130048,12.84,2025-12-12T20:47:45Z,-3.326,0.978,3.218
2025-12-12T21:15:00Z,130049,12.82,2025-12-12T21:09:55Z,-3.145,0.978,3.217
2025-12-12T21:30:00Z,130050,12.82,2025-12-12T21:18:55Z,-2.983,0.978,3.216
2025-12-12T21:45:00Z,130051,12.82,2025-12-12T21:37:55Z,-2.846,0.977,3.215
2025-12-12T22:00:00Z,130052,12.81,2025-12-12T21:57:10Z,-2.714,0.977,3.215
2025-12-12T22:15:00Z,130053,12.81,2025-12-12T22:00:35Z,-2.583,0.977,3.215
2025-12-12T22:30:00Z,130054,12.8,2025-12-12T22:29:35Z,-2.456,0.977,3.214
2025-12-12T22:45:00Z,130055,12.8,2025-12-12T22:39:15Z,-2.34,0.977,3.214
2025-12-12T23:00:00Z,130056,12.8,2025-12-12T22:45:15Z,-2.241,0.977,3.213
2025-12-12T23:15:00Z,130057,12.8,2025-12-12T23:00:10Z,-2.166,0.977,3.213
2025-12-12T23:30:00Z,130058,12.79,2025-12-12T23:15:15Z,-2.112,0.977,3.213
2025-12-12T23:45:00Z,130059,12.79,2025-12-12T23:30:35Z,-2.069,0.977,3.212
2025-12-13T00:15:00Z,130061,12.77,2025-12-13T00:02:05Z,-1.975,0.977,3.211
2025-12-13T00:30:00Z,130062,12.77,2025-12-13T00:29:35Z,-1.94,0.977,3.211
2025-12-13T00:45:00Z,130063,12.77,2025-12-13T00:44:10Z,-1.908,0.976,3.21
2025-12-13T01:00:00Z,130064,12.77,2025-12-13T00:46:50Z,-1.907,0.976,3.21
2025-12-13T01:15:00Z,130065,12.76,2025-12-13T01:04:35Z,-1.907,0.976,3.209
2025-12-13T01:30:00Z,130066,12.76,2025-12-13T01:16:10Z,-1.912,0.976,3.209
2025-12-13T01:45:00Z,130067,12.76,2025-12-13T01:32:10Z,-1.957,0.976,3.208
2025-12-13T02:00:00Z,130068,12.76,2025-12-13T01:45:15Z,-2.016,0.976,3.208
2025-12-13T02:15:00Z,130069,12.75,2025-12-13T02:06:50Z,-2.093,0.975,3.207
2025-12-13T02:30:00Z,130070,12.76,2025-12-13T02:15:05Z,-2.153,0.975,3.206
2025-12-13T02:45:00Z,130071,12.75,2025-12-13T02:35:30Z,-2.22,0.975,3.206
2025-12-13T03:00:00Z,130072,12.71,2025-12-13T02:54:35Z,-2.314,0.974,3.205
2025-12-13T03:15:00Z,130073,12.75,2025-12-13T03:00:05Z,-2.402,0.974,3.204
2025-12-13T03:30:00Z,130074,12.75,2025-12-13T03:15:05Z,-2.468,0.973,3.203
2025-12-13T03:45:00Z,130075,12.74,2025-12-13T03:31:00Z,-2.527,0.973,3.203
2025-12-13T04:00:00Z,130076,12.74,2025-12-13T03:52:50Z,-2.587,0.973,3.202
2025-12-13T04:15:00Z,130077,12.74,2025-12-13T04:00:10Z,-2.63,0.973,3.202
2025-12-13T04:30:00Z,130078,12.73,2025-12-13T04:25:40Z,-2.655,0.973,3.201
2025-12-13T04:45:00Z,130079,12.73,2025-12-13T04:30:05Z,-2.655,0.973,3.201
2025-12-13T05:00:00Z,130080,12.71,2025-12-13T04:57:05Z,-2.655,0.972,3.2
2025-12-13T05:15:00Z,130081,12.72,2025-12-13T05:00:05Z,-2.671,0.972,3.199
2025-12-13T05:30:00Z,130082,12.72,2025-12-13T05:27:45Z,-2.7,0.972,3.199
2025-12-13T05:45:00Z,130083,12.71,2025-12-13T05:30:25Z,-2.744,0.972,3.198
2025-12-13T06:00:00Z,130084,12.71,2025-12-13T05:59:45Z,-2.798,0.972,3.198
2025-12-13T06:15:00Z,130085,12.71,2025-12-13T06:02:25Z,-2.844,0.971,3.197
2025-12-13T06:30:00Z,130086,12.7,2025-12-13T06:29:35Z,-2.886,0.971,3.196
2025-12-13T06:45:00Z,130087,12.7,2025-12-13T06:31:45Z,-2.937,0.971,3.195
2025-12-13T07:00:00Z,130088,12.7,2025-12-13T06:47:45Z,-2.97,0.97,3.195
2025-12-13T07:15:00Z,130089,12.69,2025-12-13T07:14:25Z,-3.008,0.97,3.194
2025-12-13T07:30:00Z,130090,12.7,2025-12-13T07:20:45Z,-3.037,0.969,3.193
2025-12-13T07:45:00Z,130091,12.7,2025-12-13T07:30:05Z,-3.199,0.969,3.192
2025-12-13T08:00:00Z,130092,12.69,2025-12-13T07:52:40Z,-3.592,0.968,3.192
2025-12-13T08:15:00Z,130093,12.65,2025-12-13T08:02:10Z,-3.93,0.968,3.191
2025-12-13T08:30:00Z,130094,12.69,2025-12-13T08:24:00Z,-4.166,0.968,3.19
2025-12-13T08:45:00Z,130095,12.7,2025-12-13T08:31:50Z,-4.465,0.967,3.189
2025-12-13T09:00:00Z,130096,12.71,2025-12-13T08:45:05Z,-4.695,0.967,3.189
2025-12-13T09:15:00Z,130097,12.74,2025-12-13T09:00:05Z,-4.864,0.967,3.188
2025-12-13T09:30:00Z,130098,12.75,2025-12-13T09:24:40Z,-4.972,0.966,3.188
2025-12-13T09:45:00Z,130099,12.74,2025-12-13T09:35:10Z,-5.04,0.966,3.187
2025-12-13T10:00:00Z,130100,12.75,2025-12-13T09:47:20Z,-5.108,0.966,3.187
2025-12-13T10:15:00Z,130101,12.79,2025-12-13T10:00:05Z,-5.177,0.965,3.187
2025-12-13T10:30:00Z,130102,12.8,2025-12-13T10:17:45Z,-5.218,0.965,3.186
2025-12-13T10:45:00Z,130103,12.8,2025-12-13T10:44:05Z,-5.304,0.964,3.186
2025-12-13T11:00:00Z,130104,12.8,2025-12-13T10:45:05Z,-5.443,0.963,3.185
2025-12-13T11:15:00Z,130105,12.86,2025-12-13T11:00:05Z,-5.596,0.963,3.184
2025-12-13T11:30:00Z,130106,12.88,2025-12-13T11:23:20Z,-5.717,0.963,3.184
2025-12-13T11:45:00Z,130107,12.9,2025-12-13T11:30:05Z,-5.824,0.962,3.184
2025-12-13T12:00:00Z,130108,12.9,2025-12-13T11:58:00Z,-5.885,0.962,3.183
2025-12-13T12:15:00Z,130109,12.89,2025-12-13T12:05:05Z,-5.998,0.962,3.183
2025-12-13T12:30:00Z,130110,12.88,2025-12-13T12:29:40Z,-6.125,0.962,3.183
2025-12-13T12:45:00Z,130111,12.88,2025-12-13T12:39:40Z,-6.251,0.962,3.181
2025-12-13T13:00:00Z,130112,12.87,2025-12-13T12:55:05Z,-6.37,0.962,3.18
2025-12-13T13:15:00Z,130113,12.88,2025-12-13T13:00:05Z,-6.473,0.962,3.18
2025-12-13T13:30:00Z,130114,12.95,2025-12-13T13:15:05Z,-6.475,0.962,3.18
2025-12-13T13:45:00Z,130115,12.98,2025-12-13T13:35:30Z,-6.437,0.962,3.18
2025-12-13T14:00:00Z,130116,12.99,2025-12-13T13:45:05Z,-6.46,0.963,3.18
2025-12-13T14:15:00Z,130117,12.98,2025-12-13T14:02:10Z,-6.53,0.963,3.18
2025-12-13T14:30:00Z,130118,13,2025-12-13T14:21:05Z,-6.608,0.962,3.18
2025-12-13T14:45:00Z,130119,13.02,2025-12-13T14:45:00Z,-6.686,0.962,3.179
2025-12-13T15:00:00Z,130120,12.97,2025-12-13T14:57:05Z,-6.75,0.961,3.179
2025-12-13T15:15:00Z,130121,12.95,2025-12-13T15:14:55Z,-6.848,0.961,3.178
2025-12-13T15:30:00Z,130122,12.88,2025-12-13T15:29:40Z,-6.933,0.96,3.177
2025-12-13T15:45:00Z,130123,12.85,2025-12-13T15:42:55Z,-7.045,0.96,3.176
2025-12-13T16:00:00Z,130124,12.81,2025-12-13T15:58:55Z,-7.146,0.959,3.175
2025-12-13T16:15:00Z,130125,12.77,2025-12-13T16:14:55Z,-7.247,0.959,3.174
2025-12-13T16:30:00Z,130126,12.75,2025-12-13T16:25:35Z,-7.349,0.958,3.173
2025-12-13T16:45:00Z,130127,12.71,2025-12-13T16:44:15Z,-7.451,0.958,3.172
2025-12-13T17:00:00Z,130128,12.69,2025-12-13T16:57:35Z,-7.564,0.957,3.171
2025-12-13T17:15:00Z,130129,12.67,2025-12-13T17:10:45Z,-7.683,0.957,3.17
2025-12-13T17:30:00Z,130130,12.66,2025-12-13T17:27:15Z,-7.805,0.957,3.17
2025-12-13T17:45:00Z,130131,12.65,2025-12-13T17:37:05Z,-7.932,0.956,3.169
2025-12-13T18:00:00Z,130132,12.64,2025-12-13T17:57:05Z,-8.07,0.956,3.168
2025-12-13T18:15:00Z,130133,12.64,2025-12-13T18:02:05Z,-8.16,0.956,3.168
2025-12-13T18:30:00Z,130134,12.63,2025-12-13T18:29:35Z,-8.22,0.955,3.167
2025-12-13T18:45:00Z,130135,12.64,2025-12-13T18:30:05Z,-8.26,0.955,3.167
2025-12-13T19:00:00Z,130136,12.62,2025-12-13T18:57:10Z,-8.32,0.955,3.166
2025-12-13T19:15:00Z,130137,12.62,2025-12-13T19:07:55Z,-8.39,0.954,3.165
2025-12-13T19:30:00Z,130138,12.61,2025-12-13T19:29:35Z,-8.45,0.954,3.165
2025-12-13T19:45:00Z,130139,12.62,2025-12-13T19:40:45Z,-8.5,0.953,3.164
2025-12-13T20:00:00Z,130140,12.6,2025-12-13T19:57:05Z,-8.51,0.953,3.164
2025-12-13T20:15:00Z,130141,12.6,2025-12-13T20:02:05Z,-8.49,0.953,3.163
2025-12-13T20:30:00Z,130142,12.6,2025-12-13T20:29:35Z,-8.49,0.953,3.163
2025-12-13T20:45:00Z,130143,12.6,2025-12-13T20:42:30Z,-8.51,0.953,3.162
2025-12-13T21:00:00Z,130144,12.6,2025-12-13T20:55:50Z,-8.56,0.952,3.162
2025-12-13T21:15:00Z,130145,12.59,2025-12-13T21:14:40Z,-8.58,0.952,3.162
2025-12-13T21:30:00Z,130146,12.6,2025-12-13T21:16:00Z,-8.62,0.952,3.161
2025-12-13T21:45:00Z,130147,12.6,2025-12-13T21:35:00Z,-8.66,0.951,3.161
2025-12-13T22:00:00Z,130148,12.59,2025-12-13T21:51:30Z,-8.72,0.951,3.16
2025-12-13T22:15:00Z,130149,12.59,2025-12-13T22:01:45Z,-8.79,0.951,3.16
2025-12-13T22:30:00Z,130150,12.59,2025-12-13T22:15:05Z,-8.89,0.951,3.159
2025-12-13T22:45:00Z,130151,12.59,2025-12-13T22:34:05Z,-9,0.95,3.159
2025-12-13T23:00:00Z,130152,12.58,2025-12-13T22:57:05Z,-9.11,0.95,3.158
2025-12-13T23:15:00Z,130153,12.57,2025-12-13T23:04:40Z,-9.24,0.949,3.158
2025-12-13T23:30:00Z,130154,12.56,2025-12-13T23:29:35Z,-9.36,0.949,3.157
2025-12-13T23:45:00Z,130155,12.57,2025-12-13T23:33:55Z,-9.46,0.949,3.156
2025-12-14T00:15:00Z,130157,12.56,2025-12-14T00:11:20Z,-9.62,0.948,3.155
2025-12-14T00:30:00Z,130158,12.55,2025-12-14T00:24:40Z,-9.7,0.948,3.155
2025-12-14T00:45:00Z,130159,12.56,2025-12-14T00:35:35Z,-9.84,0.948,3.154
2025-12-14T01:00:00Z,130160,12.55,2025-12-14T00:51:25Z,-9.97,0.948,3.154
2025-12-14T01:15:00Z,130161,12.55,2025-12-14T01:02:00Z,-10.06,0.948,3.153
2025-12-14T01:30:00Z,130162,12.54,2025-12-14T01:23:25Z,-10.13,0.948,3.153
2025-12-14T01:45:00Z,130163,12.54,2025-12-14T01:31:25Z,-10.2,0.948,3.152
2025-12-14T02:00:00Z,130164,12.53,2025-12-14T01:57:10Z,-10.25,0.947,3.152
2025-12-14T02:15:00Z,130165,12.54,2025-12-14T02:02:10Z,-10.31,0.947,3.151
2025-12-14T02:30:00Z,130166,12.53,2025-12-14T02:29:35Z,-10.43,0.947,3.151
2025-12-14T02:45:00Z,130167,12.53,2025-12-14T02:30:25Z,-10.66,0.947,3.15
2025-12-14T03:00:00Z,130168,12.53,2025-12-14T02:47:00Z,-10.86,0.946,3.149
2025-12-14T03:15:00Z,130169,12.52,2025-12-14T03:10:00Z,-10.99,0.946,3.148
2025-12-14T03:30:00Z,130170,12.51,2025-12-14T03:25:55Z,-11.07,0.945,3.148
2025-12-14T03:45:00Z,130171,12.51,2025-12-14T03:31:25Z,-11.16,0.945,3.147
2025-12-14T04:00:00Z,130172,12.51,2025-12-14T03:46:30Z,-11.29,0.945,3.146
2025-12-14T04:15:00Z,130173,12.49,2025-12-14T04:02:00Z,-11.51,0.944,3.146
2025-12-14T04:30:00Z,130174,12.49,2025-12-14T04:29:35Z,-11.68,0.944,3.145
2025-12-14T04:45:00Z,130175,12.5,2025-12-14T04:32:10Z,-11.74,0.943,3.144
2025-12-14T05:00:00Z,130176,12.48,2025-12-14T04:57:05Z,-11.73,0.943,3.143
2025-12-14T05:15:00Z,130177,12.48,2025-12-14T05:02:00Z,-11.84,0.942,3.143
2025-12-14T05:30:00Z,130178,12.48,2025-12-14T05:16:20Z,-12.13,0.942,3.142
2025-12-14T05:45:00Z,130179,12.47,2025-12-14T05:40:20Z,-12.47,0.941,3.141
2025-12-14T06:00:00Z,130180,12.46,2025-12-14T05:57:10Z,-12.7,0.941,3.14
2025-12-14T06:15:00Z,130181,12.45,2025-12-14T06:02:00Z,-12.86,0.94,3.139
2025-12-14T06:30:00Z,130182,12.46,2025-12-14T06:29:35Z,-12.95,0.94,3.139
2025-12-14T06:45:00Z,130183,12.46,2025-12-14T06:43:25Z,-13.11,0.939,3.138
2025-12-14T07:00:00Z,130184,12.44,2025-12-14T06:57:10Z,-13.4,0.939,3.137
2025-12-14T07:15:00Z,130185,12.44,2025-12-14T07:02:00Z,-13.84,0.938,3.136
2025-12-14T07:30:00Z,130186,12.44,2025-12-14T07:29:35Z,-14.29,0.938,3.136
2025-12-14T07:45:00Z,130187,12.44,2025-12-14T07:37:35Z,-14.71,0.937,3.135
2025-12-14T08:00:00Z,130188,12.43,2025-12-14T07:57:05Z,-15.06,0.937,3.134
2025-12-14T08:15:00Z,130189,12.43,2025-12-14T08:02:10Z,-15.34,0.936,3.133
2025-12-14T08:30:00Z,130190,12.44,2025-12-14T08:15:05Z,-15.47,0.936,3.133
2025-12-14T08:45:00Z,130191,12.45,2025-12-14T08:34:35Z,-15.52,0.935,3.132
2025-12-14T09:00:00Z,130192,12.47,2025-12-14T08:47:55Z,-15.45,0.935,3.132
2025-12-14T09:15:00Z,130193,12.53,2025-12-14T09:00:05Z,-15.11,0.935,3.132
2025-12-14T09:30:00Z,130194,12.63,2025-12-14T09:16:25Z,-14.51,0.935,3.132
2025-12-14T09:45:00Z,130195,12.68,2025-12-14T09:30:35Z,-13.86,0.935,3.132
2025-12-14T10:00:00Z,130196,12.74,2025-12-14T09:45:05Z,-13.44,0.934,3.132
2025-12-14T10:15:00Z,130197,12.77,2025-12-14T10:02:00Z,-13.09,0.933,3.132
2025-12-14T10:30:00Z,130198,13.17,2025-12-14T10:15:05Z,-12.59,0.934,3.135
2025-12-14T10:45:00Z,130199,13.39,2025-12-14T10:35:55Z,-11.85,0.934,3.136
2025-12-14T11:00:00Z,130200,13.29,2025-12-14T10:57:05Z,-11.4,0.934,3.136
2025-12-14T11:15:00Z,130201,13.34,2025-12-14T11:00:05Z,-11.19,0.933,3.136
2025-12-14T11:30:00Z,130202,13.38,2025-12-14T11:22:30Z,-10.94,0.933,3.136
2025-12-14T11:45:00Z,130203,13.53,2025-12-14T11:45:00Z,-10.65,0.932,3.137
2025-12-14T12:00:00Z,130204,13.38,2025-12-14T11:52:20Z,-10.23,0.932,3.136
2025-12-14T12:15:00Z,130205,13.87,2025-12-14T12:00:05Z,-9.89,0.931,3.139
2025-12-14T12:30:00Z,130206,13.96,2025-12-14T12:18:40Z,-9.33,0.931,3.142
2025-12-14T12:45:00Z,130207,14.01,2025-12-14T12:44:40Z,-8.69,0.931,3.144
2025-12-14T13:00:00Z,130208,13.9,2025-12-14T12:48:30Z,-8.35,0.931,3.141
2025-12-14T13:15:00Z,130209,13.59,2025-12-14T13:08:05Z,-8.25,0.93,3.139
2025-12-14T13:30:00Z,130210,13.6,2025-12-14T13:15:30Z,-8.27,0.93,3.137
2025-12-14T13:45:00Z,130211,13.6,2025-12-14T13:40:00Z,-8.2,0.93,3.137
2025-12-14T14:00:00Z,130212,13.49,2025-12-14T13:55:30Z,-7.92,0.929,3.136
2025-12-14T14:15:00Z,130213,13.41,2025-12-14T14:06:10Z,-7.628,0.929,3.135
2025-12-14T14:30:00Z,130214,13.48,2025-12-14T14:29:40Z,-7.478,0.929,3.135
2025-12-14T14:45:00Z,130215,13.36,2025-12-14T14:44:45Z,-7.299,0.928,3.134
2025-12-14T15:00:00Z,130216,13.3,2025-12-14T14:52:55Z,-7.063,0.928,3.132
2025-12-14T15:15:00Z,130217,13.39,2025-12-14T15:00:05Z,-6.936,0.928,3.133
2025-12-14T15:30:00Z,130218,13.28,2025-12-14T15:21:20Z,-6.907,0.928,3.131
2025-12-14T15:45:00Z,130219,13.23,2025-12-14T15:44:30Z,-6.896,0.928,3.13
2025-12-14T16:00:00Z,130220,13.13,2025-12-14T15:59:25Z,-6.894,0.928,3.129
2025-12-14T16:15:00Z,130221,13.1,2025-12-14T16:06:45Z,-6.972,0.928,3.127
2025-12-14T16:30:00Z,130222,13.08,2025-12-14T16:26:25Z,-7.126,0.928,3.127
2025-12-14T16:45:00Z,130223,13.03,2025-12-14T16:44:50Z,-7.314,0.929,3.126
2025-12-14T17:00:00Z,130224,12.96,2025-12-14T16:57:10Z,-7.479,0.929,3.125
2025-12-14T17:15:00Z,130225,12.94,2025-12-14T17:12:40Z,-7.624,0.929,3.124
2025-12-14T17:30:00Z,130226,12.91,2025-12-14T17:29:45Z,-7.86,0.929,3.123
2025-12-14T17:45:00Z,130227,12.91,2025-12-14T17:37:45Z,-8.11,0.93,3.123
2025-12-14T18:00:00Z,130228,12.9,2025-12-14T17:45:45Z,-8.24,0.93,3.122
2025-12-14T18:15:00Z,130229,12.88,2025-12-14T18:02:10Z,-8.24,0.931,3.122
2025-12-14T18:30:00Z,130230,12.87,2025-12-14T18:23:05Z,-8.16,0.931,3.121
2025-12-14T18:45:00Z,130231,12.87,2025-12-14T18:44:25Z,-8.12,0.931,3.121
2025-12-14T19:00:00Z,130232,12.86,2025-12-14T18:52:40Z,-8.02,0.932,3.12
2025-12-14T19:15:00Z,130233,12.86,2025-12-14T19:04:50Z,-7.919,0.932,3.12
2025-12-14T19:30:00Z,130234,12.85,2025-12-14T19:28:15Z,-7.96,0.932,3.119
2025-12-14T19:45:00Z,130235,12.84,2025-12-14T19:43:00Z,-7.994,0.933,3.119
2025-12-14T20:00:00Z,130236,12.84,2025-12-14T19:52:25Z,-8.03,0.933,3.118
2025-12-14T20:15:00Z,130237,12.82,2025-12-14T20:02:00Z,-8.06,0.933,3.118
2025-12-14T20:30:00Z,130238,12.81,2025-12-14T20:29:40Z,-8.04,0.933,3.117
2025-12-14T20:45:00Z,130239,12.82,2025-12-14T20:31:45Z,-8.05,0.933,3.117
2025-12-14T21:00:00Z,130240,12.8,2025-12-14T20:57:10Z,-8.12,0.934,3.116
2025-12-14T21:15:00Z,130241,12.8,2025-12-14T21:02:00Z,-8.28,0.934,3.116
2025-12-14T21:30:00Z,130242,12.8,2025-12-14T21:17:10Z,-8.53,0.934,3.115
2025-12-14T21:45:00Z,130243,12.79,2025-12-14T21:40:10Z,-8.82,0.934,3.115
2025-12-14T22:00:00Z,130244,12.79,2025-12-14T21:52:00Z,-9.07,0.934,3.114
2025-12-14T22:15:00Z,130245,12.77,2025-12-14T22:03:15Z,-9.26,0.935,3.114
2025-12-14T22:30:00Z,130246,12.77,2025-12-14T22:16:00Z,-9.44,0.935,3.113
2025-12-14T22:45:00Z,130247,12.76,2025-12-14T22:40:00Z,-9.6,0.935,3.113
2025-12-14T23:00:00Z,130248,12.76,2025-12-14T22:46:20Z,-9.74,0.935,3.112
2025-12-14T23:15:00Z,130249,12.76,2025-12-14T23:01:20Z,-9.88,0.935,3.112
2025-12-14T23:30:00Z,130250,12.75,2025-12-14T23:25:15Z,-10.13,0.936,3.112
2025-12-14T23:45:00Z,130251,12.75,2025-12-14T23:33:20Z,-10.47,0.936,3.112
2025-12-15T00:15:00Z,130253,12.74,2025-12-15T00:13:05Z,-10.78,0.937,3.111
2025-12-15T00:30:00Z,130254,12.72,2025-12-15T00:29:35Z,-10.79,0.937,3.111
2025-12-15T00:45:00Z,130255,12.72,2025-12-15T00:44:50Z,-10.79,0.937,3.11
2025-12-15T01:00:00Z,130256,12.71,2025-12-15T00:57:05Z,-10.85,0.938,3.11
2025-12-15T01:15:00Z,130257,12.71,2025-12-15T01:02:10Z,-10.91,0.939,3.11
2025-12-15T01:30:00Z,130258,12.71,2025-12-15T01:29:10Z,-10.97,0.939,3.109
2025-12-15T01:45:00Z,130259,12.7,2025-12-15T01:40:10Z,-11.03,0.939,3.109
2025-12-15T02:00:00Z,130260,12.7,2025-12-15T01:57:05Z,-11.04,0.94,3.108
2025-12-15T02:15:00Z,130261,12.69,2025-12-15T02:02:05Z,-11.02,0.94,3.108
2025-12-15T02:30:00Z,130262,12.67,2025-12-15T02:29:35Z,-11.01,0.94,3.107
2025-12-15T02:45:00Z,130263,12.68,2025-12-15T02:30:15Z,-10.98,0.94,3.106
2025-12-15T03:00:00Z,130264,12.66,2025-12-15T02:57:05Z,-10.92,0.94,3.106
2025-12-15T03:15:00Z,130265,12.66,2025-12-15T03:12:55Z,-10.82,0.94,3.105
2025-12-15T03:30:00Z,130266,12.66,2025-12-15T03:29:40Z,-10.7,0.94,3.105
2025-12-15T03:45:00Z,130267,12.66,2025-12-15T03:36:55Z,-10.58,0.94,3.104
2025-12-15T04:00:00Z,130268,12.66,2025-12-15T03:46:05Z,-10.49,0.941,3.104
2025-12-15T04:15:00Z,130269,12.64,2025-12-15T04:02:05Z,-10.46,0.941,3.104
2025-12-15T04:30:00Z,130270,12.63,2025-12-15T04:29:35Z,-10.47,0.941,3.103
2025-12-15T04:45:00Z,130271,12.64,2025-12-15T04:30:50Z,-10.49,0.942,3.103
2025-12-15T05:00:00Z,130272,12.62,2025-12-15T04:57:05Z,-10.51,0.942,3.103
2025-12-15T05:15:00Z,130273,12.62,2025-12-15T05:02:05Z,-10.57,0.942,3.102
2025-12-15T05:30:00Z,130274,12.61,2025-12-15T05:29:35Z,-10.64,0.942,3.101
2025-12-15T05:45:00Z,130275,12.61,2025-12-15T05:42:25Z,-10.67,0.943,3.101
2025-12-15T06:00:00Z,130276,12.6,2025-12-15T05:58:15Z,-10.69,0.942,3.101
2025-12-15T06:15:00Z,130277,12.6,2025-12-15T06:14:50Z,-10.76,0.942,3.1
2025-12-15T06:30:00Z,130278,12.6,2025-12-15T06:25:20Z,-10.82,0.943,3.1
2025-12-15T06:45:00Z,130279,12.59,2025-12-15T06:39:10Z,-10.93,0.943,3.099
2025-12-15T07:00:00Z,130280,12.58,2025-12-15T06:57:50Z,-11.12,0.943,3.099
2025-12-15T07:15:00Z,130281,12.57,2025-12-15T07:02:10Z,-11.28,0.944,3.098
2025-12-15T07:30:00Z,130282,12.57,2025-12-15T07:21:50Z,-11.44,0.943,3.098
2025-12-15T07:45:00Z,130283,12.56,2025-12-15T07:37:50Z,-11.56,0.943,3.098
2025-12-15T08:00:00Z,130284,12.56,2025-12-15T07:53:50Z,-11.64,0.944,3.097
2025-12-15T08:15:00Z,130285,12.55,2025-12-15T08:05:00Z,-11.73,0.944,3.097
2025-12-15T08:30:00Z,130286,12.55,2025-12-15T08:17:20Z,-11.79,0.944,3.096
2025-12-15T08:45:00Z,130287,12.55,2025-12-15T08:31:05Z,-11.86,0.944,3.096
2025-12-15T09:00:00Z,130288,12.58,2025-12-15T08:57:05Z,-11.92,0.944,3.095
2025-12-15T09:15:00Z,130289,12.58,2025-12-15T09:02:05Z,-11.96,0.944,3.095
2025-12-15T09:30:00Z,130290,12.64,2025-12-15T09:15:05Z,-12,0.944,3.095
2025-12-15T09:45:00Z,130291,12.7,2025-12-15T09:30:05Z,-12.01,0.944,3.095
2025-12-15T10:00:00Z,130292,12.78,2025-12-15T09:45:05Z,-11.88,0.945,3.096
2025-12-15T10:15:00Z,130293,12.86,2025-12-15T10:00:05Z,-11.61,0.945,3.096
2025-12-15T10:30:00Z,130294,12.96,2025-12-15T10:15:05Z,-11.32,0.946,3.097
2025-12-15T10:45:00Z,130295,13.12,2025-12-15T10:30:05Z,-11.01,0.946,3.098
2025-12-15T11:00:00Z,130296,13.23,2025-12-15T10:45:05Z,-10.68,0.947,3.099
2025-12-15T11:15:00Z,130297,13.35,2025-12-15T11:02:05Z,-10.25,0.947,3.1
2025-12-15T11:30:00Z,130298,13.44,2025-12-15T11:29:35Z,-9.84,0.948,3.101
2025-12-15T11:45:00Z,130299,13.44,2025-12-15T11:31:40Z,-9.43,0.948,3.101
2025-12-15T12:00:00Z,130300,13.61,2025-12-15T11:46:45Z,-9.01,0.948,3.103
2025-12-15T12:15:00Z,130301,13.59,2025-12-15T12:10:45Z,-8.56,0.948,3.103
2025-12-15T12:30:00Z,130302,13.64,2025-12-15T12:18:05Z,-8.15,0.949,3.104
2025-12-15T12:45:00Z,130303,13.83,2025-12-15T12:39:15Z,-7.766,0.949,3.108
2025-12-15T13:00:00Z,130304,13.88,2025-12-15T12:49:10Z,-7.286,0.95,3.108
2025-12-15T13:15:00Z,130305,13.68,2025-12-15T13:14:55Z,-6.823,0.951,3.106
2025-12-15T13:30:00Z,130306,13.64,2025-12-15T13:19:30Z,-6.56,0.951,3.105
2025-12-15T13:45:00Z,130307,13.65,2025-12-15T13:33:00Z,-6.537,0.951,3.106
2025-12-15T14:00:00Z,130308,13.72,2025-12-15T13:47:35Z,-6.243,0.951,3.106
2025-12-15T14:15:00Z,130309,13.73,2025-12-15T14:02:25Z,-5.977,0.951,3.106
2025-12-15T14:30:00Z,130310,13.59,2025-12-15T14:27:45Z,-5.795,0.951,3.106
2025-12-15T14:45:00Z,130311,13.39,2025-12-15T14:44:35Z,-5.808,0.951,3.103
2025-12-15T15:00:00Z,130312,13.33,2025-12-15T14:58:10Z,-5.99,0.951,3.101
2025-12-15T15:15:00Z,130313,13.28,2025-12-15T15:13:25Z,-6.166,0.951,3.1
2025-12-15T15:30:00Z,130314,13.21,2025-12-15T15:28:35Z,-6.358,0.951,3.099
2025-12-15T15:45:00Z,130315,13.14,2025-12-15T15:44:25Z,-6.597,0.951,3.098
2025-12-15T16:00:00Z,130316,13.09,2025-12-15T15:59:00Z,-6.79,0.952,3.097
2025-12-15T16:15:00Z,130317,13.04,2025-12-15T16:13:45Z,-6.941,0.952,3.096
2025-12-15T16:30:00Z,130318,13,2025-12-15T16:29:40Z,-7.068,0.952,3.096
2025-12-15T16:45:00Z,130319,12.96,2025-12-15T16:43:40Z,-7.2,0.952,3.095
2025-12-15T17:00:00Z,130320,12.94,2025-12-15T16:57:10Z,-7.329,0.952,3.094
2025-12-15T17:15:00Z,130321,12.92,2025-12-15T17:12:15Z,-7.454,0.952,3.093
2025-12-15T17:30:00Z,130322,12.91,2025-12-15T17:23:40Z,-7.562,0.952,3.093
2025-12-15T17:45:00Z,130323,12.9,2025-12-15T17:41:10Z,-7.694,0.952,3.092
2025-12-15T18:00:00Z,130324,12.88,2025-12-15T17:57:15Z,-7.828,0.952,3.091
2025-12-15T18:15:00Z,130325,12.88,2025-12-15T18:08:15Z,-8.01,0.952,3.091
2025-12-15T18:30:00Z,130326,12.87,2025-12-15T18:28:10Z,-8.14,0.952,3.09
2025-12-15T18:45:00Z,130327,12.87,2025-12-15T18:40:45Z,-8.04,0.953,3.09
2025-12-15T19:00:00Z,130328,12.86,2025-12-15T18:57:05Z,-7.876,0.953,3.089
2025-12-15T19:15:00Z,130329,12.85,2025-12-15T19:02:10Z,-7.732,0.953,3.089
2025-12-15T19:30:00Z,130330,12.85,2025-12-15T19:20:05Z,-7.635,0.953,3.088
2025-12-15T19:45:00Z,130331,12.84,2025-12-15T19:37:00Z,-7.577,0.953,3.087
2025-12-15T20:00:00Z,130332,12.82,2025-12-15T19:57:15Z,-7.594,0.952,3.087
2025-12-15T20:15:00Z,130333,12.83,2025-12-15T20:02:10Z,-7.704,0.952,3.086
2025-12-15T20:30:00Z,130334,12.81,2025-12-15T20:29:35Z,-7.862,0.952,3.085
2025-12-15T20:45:00Z,130335,12.81,2025-12-15T20:36:35Z,-8.05,0.952,3.085
2025-12-15T21:00:00Z,130336,12.8,2025-12-15T20:54:50Z,-8.23,0.952,3.084
2025-12-15T21:15:00Z,130337,12.8,2025-12-15T21:11:15Z,-8.41,0.951,3.083
2025-12-15T21:30:00Z,130338,12.8,2025-12-15T21:16:35Z,-8.62,0.951,3.083
2025-12-15T21:45:00Z,130339,12.79,2025-12-15T21:43:20Z,-8.83,0.951,3.082
2025-12-15T22:00:00Z,130340,12.79,2025-12-15T21:45:55Z,-9.13,0.951,3.081
2025-12-15T22:15:00Z,130341,12.77,2025-12-15T22:02:05Z,-9.54,0.951,3.081
2025-12-15T22:30:00Z,130342,12.77,2025-12-15T22:29:40Z,-10.08,0.951,3.08
2025-12-15T22:45:00Z,130343,12.77,2025-12-15T22:30:50Z,-10.71,0.95,3.08
2025-12-15T23:00:00Z,130344,12.77,2025-12-15T22:48:40Z,-11.3,0.95,3.079
2025-12-15T23:15:00Z,130345,12.75,2025-12-15T23:02:10Z,-11.85,0.95,3.079
2025-12-15T23:30:00Z,130346,12.75,2025-12-15T23:29:35Z,-12.32,0.95,3.078
2025-12-15T23:45:00Z,130347,12.74,2025-12-15T23:41:20Z,-12.71,0.951,3.078
2025-12-16T00:15:00Z,130349,12.73,2025-12-16T00:02:05Z,-13.29,0.951,3.077
2025-12-16T00:30:00Z,130350,12.72,2025-12-16T00:29:35Z,-13.38,0.951,3.077
2025-12-16T00:45:00Z,130351,12.72,2025-12-16T00:42:50Z,-13.27,0.952,3.076
2025-12-16T01:00:00Z,130352,12.69,2025-12-16T00:57:05Z,-13.14,0.952,3.076
2025-12-16T01:15:00Z,130353,12.71,2025-12-16T01:02:10Z,-13.04,0.952,3.075
2025-12-16T01:30:00Z,130354,12.7,2025-12-16T01:22:50Z,-12.94,0.952,3.075
2025-12-16T01:45:00Z,130355,12.7,2025-12-16T01:41:30Z,-12.8,0.952,3.074
2025-12-16T02:00:00Z,130356,12.7,2025-12-16T01:57:05Z,-12.7,0.953,3.074
2025-12-16T02:15:00Z,130357,12.68,2025-12-16T02:02:05Z,-12.68,0.952,3.073
2025-12-16T02:30:00Z,130358,12.68,2025-12-16T02:24:50Z,-12.6,0.953,3.072
2025-12-16T02:45:00Z,130359,12.68,2025-12-16T02:44:10Z,-12.53,0.953,3.072
2025-12-16T03:00:00Z,130360,12.68,2025-12-16T02:45:05Z,-12.53,0.953,3.071
2025-12-16T03:15:00Z,130361,12.66,2025-12-16T03:02:10Z,-12.61,0.953,3.071
2025-12-16T03:30:00Z,130362,12.66,2025-12-16T03:29:35Z,-12.68,0.953,3.07
2025-12-16T03:45:00Z,130363,12.66,2025-12-16T03:43:40Z,-12.74,0.953,3.069
2025-12-16T04:00:00Z,130364,12.64,2025-12-16T03:57:05Z,-12.83,0.953,3.069
2025-12-16T04:15:00Z,130365,12.65,2025-12-16T04:11:20Z,-12.91,0.953,3.068
2025-12-16T04:30:00Z,130366,12.64,2025-12-16T04:27:35Z,-12.94,0.954,3.068
2025-12-16T04:45:00Z,130367,12.64,2025-12-16T04:41:15Z,-12.81,0.954,3.067
2025-12-16T05:00:00Z,130368,12.63,2025-12-16T04:49:05Z,-12.44,0.955,3.067
2025-12-16T05:15:00Z,130369,12.62,2025-12-16T05:10:25Z,-12.15,0.955,3.067
2025-12-16T05:30:00Z,130370,12.61,2025-12-16T05:29:05Z,-12.05,0.956,3.066
2025-12-16T05:45:00Z,130371,12.61,2025-12-16T05:31:45Z,-12.09,0.956,3.066
2025-12-16T06:00:00Z,130372,12.6,2025-12-16T05:57:05Z,-11.96,0.956,3.065
2025-12-16T06:15:00Z,130373,12.6,2025-12-16T06:02:10Z,-11.71,0.957,3.065
2025-12-16T06:30:00Z,130374,12.59,2025-12-16T06:29:35Z,-11.5,0.957,3.064
2025-12-16T06:45:00Z,130375,12.59,2025-12-16T06:30:15Z,-11.36,0.958,3.063
2025-12-16T07:00:00Z,130376,12.57,2025-12-16T06:57:05Z,-11.19,0.958,3.063
2025-12-16T07:15:00Z,130377,12.58,2025-12-16T07:13:20Z,-11,0.959,3.062
2025-12-16T07:30:00Z,130378,12.57,2025-12-16T07:27:15Z,-10.79,0.959,3.062
2025-12-16T07:45:00Z,130379,12.56,2025-12-16T07:40:25Z,-10.59,0.96,3.062
2025-12-16T08:00:00Z,130380,12.56,2025-12-16T07:55:10Z,-10.45,0.961,3.061
2025-12-16T08:15:00Z,130381,12.56,2025-12-16T08:00:40Z,-10.35,0.961,3.061
2025-12-16T08:30:00Z,130382,12.57,2025-12-16T08:15:05Z,-10.21,0.962,3.061
2025-12-16T08:45:00Z,130383,12.58,2025-12-16T08:31:20Z,-10.05,0.963,3.06
2025-12-16T09:00:00Z,130384,12.61,2025-12-16T08:45:05Z,-9.83,0.963,3.06
2025-12-16T09:15:00Z,130385,12.67,2025-12-16T09:00:40Z,-9.52,0.963,3.06
2025-12-16T09:30:00Z,130386,12.74,2025-12-16T09:15:05Z,-9.02,0.964,3.06
2025-12-16T09:45:00Z,130387,12.77,2025-12-16T09:40:40Z,-8.43,0.964,3.06
2025-12-16T10:00:00Z,130388,12.81,2025-12-16T09:45:05Z,-7.935,0.965,3.06
2025-12-16T10:15:00Z,130389,12.88,2025-12-16T10:00:05Z,-7.325,0.965,3.06
2025-12-16T10:30:00Z,130390,13.11,2025-12-16T10:15:15Z,-6.611,0.965,3.062
2025-12-16T10:45:00Z,130391,13.27,2025-12-16T10:37:15Z,-5.573,0.966,3.062
2025-12-16T11:00:00Z,130392,13.24,2025-12-16T10:56:55Z,-4.51,0.966,3.062
2025-12-16T11:15:00Z,130393,13.26,2025-12-16T11:00:10Z,-3.724,0.966,3.062
2025-12-16T11:30:00Z,130394,13.4,2025-12-16T11:23:10Z,-2.947,0.966,3.063
2025-12-16T11:45:00Z,130395,13.43,2025-12-16T11:43:50Z,-2.24,0.965,3.063
2025-12-16T12:00:00Z,130396,13.34,2025-12-16T11:52:40Z,-1.601,0.966,3.062
2025-12-16T12:15:00Z,130397,13.59,2025-12-16T12:02:05Z,-1.183,0.964,3.063
2025-12-16T12:30:00Z,130398,13.69,2025-12-16T12:16:05Z,-0.778,0.964,3.063
2025-12-16T12:45:00Z,130399,13.65,2025-12-16T12:38:30Z,-0.365,0.964,3.064
2025-12-16T13:00:00Z,130400,13.63,2025-12-16T13:00:00Z,-0.04,0.963,3.063
2025-12-16T13:15:00Z,130401,13.45,2025-12-16T13:12:40Z,0.205,0.962,3.061
2025-12-16T13:30:00Z,130402,13.45,2025-12-16T13:15:05Z,0.462,0.962,3.061
2025-12-16T13:45:00Z,130403,13.52,2025-12-16T13:34:45Z,0.653,0.961,3.061
2025-12-16T14:00:00Z,130404,13.4,2025-12-16T13:55:20Z,0.777,0.961,3.061
2025-12-16T14:15:00Z,130405,13.37,2025-12-16T14:08:50Z,0.799,0.96,3.06
2025-12-16T14:30:00Z,130406,13.59,2025-12-16T14:21:25Z,0.805,0.959,3.062
2025-12-16T14:45:00Z,130407,14.33,2025-12-16T14:31:05Z,1.021,0.959,3.066
2025-12-16T15:00:00Z,130408,14.11,2025-12-16T14:56:25Z,1.463,0.958,3.066
2025-12-16T15:15:00Z,130409,14.12,2025-12-16T15:14:55Z,1.969,0.958,3.066
2025-12-16T15:30:00Z,130410,13.83,2025-12-16T15:29:50Z,2.397,0.957,3.065
2025-12-16T15:45:00Z,130411,13.79,2025-12-16T15:34:25Z,2.705,0.957,3.063
2025-12-16T16:00:00Z,130412,13.53,2025-12-16T15:59:00Z,2.781,0.956,3.061
2025-12-16T16:15:00Z,130413,13.45,2025-12-16T16:14:45Z,2.646,0.955,3.06
2025-12-16T16:30:00Z,130414,13.14,2025-12-16T16:29:45Z,2.415,0.955,3.058
2025-12-16T16:45:00Z,130415,13.08,2025-12-16T16:42:25Z,1.937,0.954,3.055
2025-12-16T17:00:00Z,130416,13.03,2025-12-16T16:57:15Z,1.227,0.954,3.054
2025-12-16T17:15:00Z,130417,13.01,2025-12-16T17:10:25Z,0.486,0.953,3.053
2025-12-16T17:30:00Z,130418,12.99,2025-12-16T17:29:45Z,-0.218,0.952,3.052
2025-12-16T17:45:00Z,130419,12.98,2025-12-16T17:44:45Z,-0.76,0.952,3.052
2025-12-16T18:00:00Z,130420,12.96,2025-12-16T17:57:20Z,-1.136,0.952,3.051
2025-12-16T18:15:00Z,130421,12.96,2025-12-16T18:02:15Z,-1.423,0.952,3.051
2025-12-16T18:30:00Z,130422,12.94,2025-12-16T18:29:45Z,-1.6,0.951,3.05
2025-12-16T18:45:00Z,130423,12.95,2025-12-16T18:37:40Z,-1.704,0.951,3.05
2025-12-16T19:00:00Z,130424,12.93,2025-12-16T18:55:00Z,-1.798,0.95,3.049
2025-12-16T19:15:00Z,130425,12.93,2025-12-16T19:12:35Z,-1.821,0.95,3.049
2025-12-16T19:30:00Z,130426,12.86,2025-12-16T19:29:40Z,-1.831,0.95,3.048
2025-12-16T19:45:00Z,130427,12.91,2025-12-16T19:37:10Z,-1.888,0.949,3.048
2025-12-16T20:00:00Z,130428,12.91,2025-12-16T19:58:30Z,-1.95,0.949,3.048
2025-12-16T20:15:00Z,130429,12.9,2025-12-16T20:11:50Z,-2.068,0.948,3.047
2025-12-16T20:30:00Z,130430,12.9,2025-12-16T20:19:50Z,-2.213,0.948,3.046
2025-12-16T20:45:00Z,130431,12.89,2025-12-16T20:44:55Z,-2.392,0.947,3.046
2025-12-16T21:00:00Z,130432,12.88,2025-12-16T20:55:15Z,-2.459,0.947,3.046
2025-12-16T21:15:00Z,130433,12.88,2025-12-16T21:02:05Z,-2.431,0.946,3.045
2025-12-16T21:30:00Z,130434,12.88,2025-12-16T21:29:25Z,-2.406,0.946,3.045
2025-12-16T21:45:00Z,130435,12.88,2025-12-16T21:30:10Z,-2.4,0.946,3.044
2025-12-16T22:00:00Z,130436,12.87,2025-12-16T21:52:55Z,-2.38,0.946,3.044
2025-12-16T22:15:00Z,130437,12.87,2025-12-16T22:08:45Z,-2.361,0.946,3.044
2025-12-16T22:30:00Z,130438,12.86,2025-12-16T22:29:50Z,-2.286,0.945,3.043
2025-12-16T22:45:00Z,130439,12.85,2025-12-16T22:34:55Z,-2.196,0.945,3.043
2025-12-16T23:00:00Z,130440,12.85,2025-12-16T22:57:10Z,-2.016,0.944,3.042
2025-12-16T23:15:00Z,130441,12.85,2025-12-16T23:02:05Z,-1.837,0.944,3.042
2025-12-16T23:30:00Z,130442,12.79,2025-12-16T23:29:35Z,-1.71,0.944,3.041
2025-12-16T23:45:00Z,130443,12.85,2025-12-16T23:39:05Z,-1.643,0.944,3.041
2025-12-17T00:15:00Z,130445,12.84,2025-12-17T00:02:05Z,-1.486,0.944,3.041
2025-12-17T00:30:00Z,130446,12.83,2025-12-17T00:24:55Z,-1.377,0.944,3.04
2025-12-17T00:45:00Z,130447,12.84,2025-12-17T00:32:55Z,-1.156,0.944,3.04
2025-12-17T01:00:00Z,130448,12.82,2025-12-17T00:57:05Z,-0.948,0.944,3.04
2025-12-17T01:15:00Z,130449,12.83,2025-12-17T01:06:05Z,-0.704,0.944,3.039
2025-12-17T01:30:00Z,130450,12.82,2025-12-17T01:22:05Z,-0.349,0.943,3.039
2025-12-17T01:45:00Z,130451,12.82,2025-12-17T01:38:05Z,0.176,0.943,3.038
2025-12-17T02:00:00Z,130452,12.81,2025-12-17T01:46:05Z,0.856,0.944,3.038
2025-12-17T02:15:00Z,130453,12.81,2025-12-17T02:14:55Z,1.419,0.943,3.037
2025-12-17T02:30:00Z,130454,12.81,2025-12-17T02:23:25Z,1.888,0.943,3.037
2025-12-17T02:45:00Z,130455,12.81,2025-12-17T02:31:25Z,2.254,0.942,3.036
2025-12-17T03:00:00Z,130456,12.81,2025-12-17T02:57:10Z,2.526,0.942,3.036
2025-12-17T03:15:00Z,130457,12.8,2025-12-17T03:02:10Z,2.785,0.942,3.035
2025-12-17T03:30:00Z,130458,12.81,2025-12-17T03:15:05Z,3.035,0.942,3.035
2025-12-17T03:45:00Z,130459,12.81,2025-12-17T03:42:10Z,3.256,0.942,3.034
2025-12-17T04:00:00Z,130460,12.81,2025-12-17T03:48:15Z,3.452,0.942,3.034
2025-12-17T04:15:00Z,130461,12.8,2025-12-17T04:02:05Z,3.605,0.942,3.033
2025-12-17T04:30:00Z,130462,12.8,2025-12-17T04:26:40Z,3.647,0.942,3.033
2025-12-17T04:45:00Z,130463,12.8,2025-12-17T04:38:25Z,3.612,0.942,3.032
2025-12-17T05:00:00Z,130464,12.8,2025-12-17T04:46:05Z,3.556,0.942,3.032
2025-12-17T05:15:00Z,130465,12.79,2025-12-17T05:02:05Z,3.531,0.942,3.031
2025-12-17T05:30:00Z,130466,12.79,2025-12-17T05:29:35Z,3.508,0.942,3.031
2025-12-17T05:45:00Z,130467,12.8,2025-12-17T05:35:05Z,3.45,0.942,3.03
2025-12-17T06:00:00Z,130468,12.79,2025-12-17T05:55:00Z,3.395,0.942,3.03
2025-12-17T06:15:00Z,130469,12.78,2025-12-17T06:02:10Z,3.348,0.942,3.029
2025-12-17T06:30:00Z,130470,12.77,2025-12-17T06:29:45Z,3.271,0.942,3.029
2025-12-17T06:45:00Z,130471,12.78,2025-12-17T06:43:00Z,3.069,0.942,3.028
2025-12-17T07:00:00Z,130472,12.77,2025-12-17T06:57:05Z,2.761,0.942,3.027
2025-12-17T07:15:00Z,130473,12.78,2025-12-17T07:09:40Z,2.473,0.942,3.027
2025-12-17T07:30:00Z,130474,12.77,2025-12-17T07:20:20Z,2.237,0.942,3.026
2025-12-17T07:45:00Z,130475,12.77,2025-12-17T07:41:40Z,1.968,0.941,3.026
2025-12-17T08:00:00Z,130476,12.77,2025-12-17T07:52:05Z,1.69,0.941,3.025
2025-12-17T08:15:00Z,130477,12.77,2025-12-17T08:02:10Z,1.379,0.941,3.024
2025-12-17T08:30:00Z,130478,12.77,2025-12-17T08:16:20Z,1.129,0.941,3.024
2025-12-17T08:45:00Z,130479,12.79,2025-12-17T08:30:05Z,0.965,0.94,3.022
2025-12-17T09:00:00Z,130480,12.8,2025-12-17T08:45:05Z,0.945,0.94,3.021
2025-12-17T09:15:00Z,130481,12.81,2025-12-17T09:00:05Z,1.102,0.94,3.021
2025-12-17T09:30:00Z,130482,12.85,2025-12-17T09:15:05Z,1.472,0.941,3.021
2025-12-17T09:45:00Z,130483,12.89,2025-12-17T09:30:15Z,1.979,0.94,3.021
2025-12-17T10:00:00Z,130484,12.88,2025-12-17T09:57:05Z,2.437,0.94,3.02
2025-12-17T10:15:00Z,130485,12.86,2025-12-17T10:13:25Z,2.798,0.94,3.02
2025-12-17T10:30:00Z,130486,12.82,2025-12-17T10:29:45Z,3.005,0.94,3.019
2025-12-17T10:45:00Z,130487,12.82,2025-12-17T10:31:35Z,3.09,0.94,3.018
2025-12-17T11:00:00Z,130488,12.87,2025-12-17T10:45:05Z,3.238,0.94,3.017
2025-12-17T11:15:00Z,130489,12.91,2025-12-17T11:05:20Z,3.485,0.94,3.016
2025-12-17T11:30:00Z,130490,12.97,2025-12-17T11:15:05Z,3.731,0.94,3.016
2025-12-17T11:45:00Z,130491,13.01,2025-12-17T11:31:05Z,4.001,0.94,3.017
2025-12-17T12:00:00Z,130492,13.03,2025-12-17T11:47:55Z,4.229,0.941,3.017
2025-12-17T12:15:00Z,130493,13.06,2025-12-17T12:11:30Z,4.431,0.941,3.016
2025-12-17T12:30:00Z,130494,13.06,2025-12-17T12:17:15Z,4.488,0.941,3.016
2025-12-17T12:45:00Z,130495,13.07,2025-12-17T12:41:45Z,4.522,0.941,3.016
2025-12-17T13:00:00Z,130496,13.08,2025-12-17T12:56:05Z,4.562,0.941,3.016
2025-12-17T13:15:00Z,130497,13.08,2025-12-17T13:15:00Z,4.6,0.942,3.015
2025-12-17T13:30:00Z,130498,13.07,2025-12-17T13:29:55Z,4.593,0.943,3.015
2025-12-17T13:45:00Z,130499,13.04,2025-12-17T13:37:15Z,4.487,0.943,3.015
2025-12-17T14:00:00Z,130500,13.14,2025-12-17T13:45:15Z,4.434,0.944,3.015
2025-12-17T14:15:00Z,130501,13.17,2025-12-17T14:11:40Z,4.369,0.945,3.016
2025-12-17T14:30:00Z,130502,13.19,2025-12-17T14:15:05Z,4.096,0.945,3.015
2025-12-17T14:45:00Z,130503,13.41,2025-12-17T14:30:05Z,3.865,0.945,3.017
2025-12-17T15:00:00Z,130504,13.65,2025-12-17T14:59:50Z,3.976,0.946,3.019
2025-12-17T15:15:00Z,130505,13.63,2025-12-17T15:14:20Z,4.292,0.947,3.019
2025-12-17T15:30:00Z,130506,13.36,2025-12-17T15:29:45Z,4.554,0.948,3.018
2025-12-17T15:45:00Z,130507,13.34,2025-12-17T15:39:25Z,4.58,0.949,3.016
2025-12-17T16:00:00Z,130508,13.3,2025-12-17T15:59:40Z,4.334,0.949,3.016
2025-12-17T16:15:00Z,130509,13.21,2025-12-17T16:07:10Z,3.981,0.95,3.015
2025-12-17T16:30:00Z,130510,13.07,2025-12-17T16:29:40Z,3.476,0.951,3.014
2025-12-17T16:45:00Z,130511,13.01,2025-12-17T16:44:55Z,2.708,0.951,3.012
2025-12-17T17:00:00Z,130512,12.98,2025-12-17T16:55:00Z,1.684,0.952,3.012
2025-12-17T17:15:00Z,130513,12.95,2025-12-17T17:13:15Z,0.567,0.953,3.011
2025-12-17T17:30:00Z,130514,12.93,2025-12-17T17:29:45Z,-0.422,0.953,3.01
2025-12-17T17:45:00Z,130515,12.92,2025-12-17T17:40:15Z,-1.248,0.953,3.01
2025-12-17T18:00:00Z,130516,12.91,2025-12-17T17:59:40Z,-1.957,0.954,3.009
2025-12-17T18:15:00Z,130517,12.9,2025-12-17T18:12:25Z,-2.484,0.954,3.009
2025-12-17T18:30:00Z,130518,12.89,2025-12-17T18:29:40Z,-2.887,0.955,3.008
2025-12-17T18:45:00Z,130519,12.87,2025-12-17T18:45:00Z,-3.223,0.955,3.007
2025-12-17T19:00:00Z,130520,12.87,2025-12-17T18:57:10Z,-3.513,0.956,3.007
2025-12-17T19:15:00Z,130521,12.86,2025-12-17T19:14:10Z,-3.35,0.956,3.006
2025-12-17T19:30:00Z,130522,12.86,2025-12-17T19:19:30Z,-2.828,0.957,3.006
2025-12-17T19:45:00Z,130523,12.85,2025-12-17T19:38:55Z,-2.286,0.957,3.006
2025-12-17T20:00:00Z,130524,12.84,2025-12-17T19:48:50Z,-1.829,0.958,3.005
2025-12-17T20:15:00Z,130525,12.84,2025-12-17T20:13:05Z,-1.528,0.959,3.005
2025-12-17T20:30:00Z,130526,12.83,2025-12-17T20:28:50Z,-1.333,0.959,3.004
2025-12-17T20:45:00Z,130527,12.83,2025-12-17T20:35:10Z,-1.521,0.959,3.004
2025-12-17T21:00:00Z,130528,12.82,2025-12-17T20:59:50Z,-1.647,0.96,3.003
2025-12-17T21:15:00Z,130529,12.82,2025-12-17T21:10:50Z,-1.537,0.961,3.003
2025-12-17T21:30:00Z,130530,12.81,2025-12-17T21:29:40Z,-1.5,0.962,3.003
2025-12-17T21:45:00Z,130531,12.81,2025-12-17T21:44:45Z,-1.476,0.963,3.002
2025-12-17T22:00:00Z,130532,12.8,2025-12-17T21:59:55Z,-1.446,0.963,3.002
2025-12-17T22:15:00Z,130533,12.8,2025-12-17T22:14:35Z,-1.478,0.964,3.001
2025-12-17T22:30:00Z,130534,12.79,2025-12-17T22:25:05Z,-1.529,0.964,3.001
2025-12-17T22:45:00Z,130535,12.79,2025-12-17T22:36:50Z,-1.536,0.965,3
2025-12-17T23:00:00Z,130536,12.78,2025-12-17T22:56:05Z,-1.463,0.966,3
2025-12-17T23:15:00Z,130537,12.77,2025-12-17T23:02:25Z,-1.466,0.966,2.999
2025-12-17T23:30:00Z,130538,12.77,2025-12-17T23:29:55Z,-1.564,0.966,2.998
2025-12-17T23:45:00Z,130539,12.77,2025-12-17T23:40:45Z,-1.59,0.966,2.997
2025-12-18T00:15:00Z,130541,12.76,2025-12-18T00:11:05Z,-1.281,0.968,2.997
2025-12-18T00:30:00Z,130542,12.75,2025-12-18T00:29:45Z,-1.14,0.968,2.997
2025-12-18T00:45:00Z,130543,12.75,2025-12-18T00:43:05Z,-1.052,0.969,2.997
2025-12-18T01:00:00Z,130544,12.75,2025-12-18T00:45:45Z,-1.005,0.97,2.996
2025-12-18T01:15:00Z,130545,12.74,2025-12-18T01:02:05Z,-0.931,0.97,2.996
2025-12-18T01:30:00Z,130546,12.75,2025-12-18T01:16:25Z,-0.785,0.971,2.996
2025-12-18T01:45:00Z,130547,12.74,2025-12-18T01:44:50Z,-0.605,0.971,2.995
2025-12-18T02:00:00Z,130548,12.73,2025-12-18T01:59:20Z,-0.483,0.971,2.994
2025-12-18T02:15:00Z,130549,12.73,2025-12-18T02:02:05Z,-0.41,0.971,2.993
2025-12-18T02:30:00Z,130550,12.72,2025-12-18T02:29:40Z,-0.363,0.972,2.993
2025-12-18T02:45:00Z,130551,12.73,2025-12-18T02:42:20Z,-0.339,0.972,2.992
2025-12-18T03:00:00Z,130552,12.71,2025-12-18T02:50:55Z,-0.404,0.972,2.992
2025-12-18T03:15:00Z,130553,12.71,2025-12-18T03:02:05Z,-0.521,0.973,2.991
2025-12-18T03:30:00Z,130554,12.72,2025-12-18T03:15:05Z,-0.543,0.973,2.991
2025-12-18T03:45:00Z,130555,12.72,2025-12-18T03:39:35Z,-0.255,0.973,2.99
2025-12-18T04:00:00Z,130556,12.71,2025-12-18T03:55:40Z,0.163,0.974,2.99
2025-12-18T04:15:00Z,130557,12.71,2025-12-18T04:10:20Z,0.623,0.974,2.99
2025-12-18T04:30:00Z,130558,12.7,2025-12-18T04:29:40Z,1.027,0.975,2.99
2025-12-18T04:45:00Z,130559,12.71,2025-12-18T04:42:20Z,1.362,0.975,2.989
2025-12-18T05:00:00Z,130560,12.7,2025-12-18T04:52:00Z,1.646,0.976,2.989
2025-12-18T05:15:00Z,130561,12.7,2025-12-18T05:03:15Z,1.873,0.976,2.989
2025-12-18T05:30:00Z,130562,12.69,2025-12-18T05:29:40Z,2.124,0.976,2.988
2025-12-18T05:45:00Z,130563,12.7,2025-12-18T05:33:35Z,2.38,0.976,2.988
2025-12-18T06:00:00Z,130564,12.69,2025-12-18T05:57:05Z,2.648,0.976,2.987
2025-12-18T06:15:00Z,130565,12.69,2025-12-18T06:02:10Z,2.867,0.976,2.987
2025-12-18T06:30:00Z,130566,12.69,2025-12-18T06:29:35Z,3.004,0.976,2.986
2025-12-18T06:45:00Z,130567,12.7,2025-12-18T06:30:40Z,3.157,0.977,2.986
2025-12-18T07:00:00Z,130568,12.69,2025-12-18T06:54:40Z,3.248,0.977,2.985
2025-12-18T07:15:00Z,130569,12.69,2025-12-18T07:09:45Z,3.302,0.977,2.985
2025-12-18T07:30:00Z,130570,12.7,2025-12-18T07:29:45Z,3.302,0.978,2.984
2025-12-18T07:45:00Z,130571,12.7,2025-12-18T07:34:40Z,3.201,0.978,2.984
2025-12-18T08:00:00Z,130572,12.7,2025-12-18T07:52:55Z,3.181,0.979,2.984
2025-12-18T08:15:00Z,130573,12.69,2025-12-18T08:02:05Z,3.274,0.979,2.984
2025-12-18T08:30:00Z,130574,12.7,2025-12-18T08:19:25Z,3.412,0.98,2.984
2025-12-18T08:45:00Z,130575,12.7,2025-12-18T08:30:20Z,3.592,0.98,2.983
2025-12-18T09:00:00Z,130576,12.71,2025-12-18T08:47:05Z,3.897,0.981,2.983
2025-12-18T09:15:00Z,130577,12.73,2025-12-18T09:00:05Z,4.196,0.981,2.983
2025-12-18T09:30:00Z,130578,12.73,2025-12-18T09:22:45Z,4.412,0.981,2.983
2025-12-18T09:45:00Z,130579,12.77,2025-12-18T09:41:30Z,4.718,0.982,2.982
2025-12-18T10:00:00Z,130580,12.8,2025-12-18T09:45:45Z,5.183,0.983,2.983
2025-12-18T10:15:00Z,130581,12.81,2025-12-18T10:02:15Z,5.665,0.983,2.982
2025-12-18T10:30:00Z,130582,12.95,2025-12-18T10:28:15Z,6.097,0.984,2.983
2025-12-18T10:45:00Z,130583,13.01,2025-12-18T10:30:05Z,6.707,0.983,2.983
2025-12-18T11:00:00Z,130584,13,2025-12-18T10:57:05Z,7.357,0.984,2.983
2025-12-18T11:15:00Z,130585,13.03,2025-12-18T11:12:10Z,7.737,0.985,2.983
2025-12-18T11:30:00Z,130586,13.03,2025-12-18T11:15:05Z,8.16,0.985,2.983
2025-12-18T11:45:00Z,130587,13.02,2025-12-18T11:43:35Z,8.67,0.986,2.983
2025-12-18T12:00:00Z,130588,13.02,2025-12-18T11:45:05Z,9.11,0.986,2.982
2025-12-18T12:15:00Z,130589,13.02,2025-12-18T12:14:35Z,9.47,0.988,2.982
2025-12-18T12:30:00Z,130590,12.99,2025-12-18T12:26:15Z,9.73,0.997,2.982
2025-12-18T12:45:00Z,130591,12.92,2025-12-18T12:44:55Z,9.82,1,2.981
2025-12-18T13:00:00Z,130592,12.92,2025-12-18T12:47:35Z,9.71,1.002,2.98
2025-12-18T13:15:00Z,130593,12.9,2025-12-18T13:05:05Z,9.37,1.005,2.979
2025-12-18T13:30:00Z,130594,12.85,2025-12-18T13:27:35Z,9.13,1.006,2.978
2025-12-18T13:45:00Z,130595,12.85,2025-12-18T13:38:30Z,8.95,1.011,2.977
2025-12-18T14:00:00Z,130596,12.85,2025-12-18T13:47:15Z,8.89,1.015,2.977
2025-12-18T14:15:00Z,130597,12.85,2025-12-18T14:12:05Z,9.03,1.018,2.976
2025-12-18T14:30:00Z,130598,12.81,2025-12-18T14:29:35Z,9.11,1.026,2.976
2025-12-18T14:45:00Z,130599,12.8,2025-12-18T14:43:40Z,9.12,1.031,2.975
2025-12-18T15:00:00Z,130600,12.78,2025-12-18T14:55:05Z,9.12,1.036,2.975
2025-12-18T15:15:00Z,130601,12.77,2025-12-18T15:02:05Z,9.12,1.046,2.974
2025-12-18T15:30:00Z,130602,12.72,2025-12-18T15:29:35Z,9.14,1.054,2.973
2025-12-18T15:45:00Z,130603,12.75,2025-12-18T15:42:45Z,9.15,1.061,2.972
2025-12-18T16:00:00Z,130604,12.74,2025-12-18T15:47:45Z,9.18,1.065,2.972
2025-12-18T16:15:00Z,130605,12.73,2025-12-18T16:12:35Z,9.26,1.069,2.971
2025-12-18T16:30:00Z,130606,12.72,2025-12-18T16:29:35Z,9.39,1.071,2.971
2025-12-18T16:45:00Z,130607,12.72,2025-12-18T16:44:05Z,9.57,1.083,2.97
2025-12-18T17:00:00Z,130608,12.71,2025-12-18T16:45:05Z,9.76,1.083,2.968
2025-12-18T17:15:00Z,130609,12.71,2025-12-18T17:02:05Z,9.95,1.087,2.967
2025-12-18T17:30:00Z,130610,12.67,2025-12-18T17:29:35Z,10.12,1.094,2.967
2025-12-18T17:45:00Z,130611,12.71,2025-12-18T17:43:15Z,10.26,1.097,2.967
2025-12-18T18:00:00Z,130612,12.71,2025-12-18T17:57:35Z,10.39,1.101,2.967
2025-12-18T18:15:00Z,130613,12.7,2025-12-18T18:02:10Z,10.51,1.107,2.966
2025-12-18T18:30:00Z,130614,12.7,2025-12-18T18:24:30Z,10.61,1.111,2.966
2025-12-18T18:45:00Z,130615,12.7,2025-12-18T18:43:10Z,10.69,1.117,2.965
2025-12-18T19:00:00Z,130616,12.7,2025-12-18T18:48:30Z,10.74,1.123,2.965
2025-12-18T19:15:00Z,130617,12.7,2025-12-18T19:01:50Z,10.79,1.128,2.965
2025-12-18T19:30:00Z,130618,12.7,2025-12-18T19:25:50Z,10.8,1.129,2.965
2025-12-18T19:45:00Z,130619,12.69,2025-12-18T19:39:10Z,10.47,1.147,2.965
2025-12-18T20:00:00Z,130620,12.69,2025-12-18T19:55:10Z,10.04,1.162,2.965
2025-12-18T20:15:00Z,130621,12.68,2025-12-18T20:02:10Z,9.43,1.181,2.965
2025-12-18T20:30:00Z,130622,12.69,2025-12-18T20:29:45Z,8.4,1.199,2.964
2025-12-18T20:45:00Z,130623,12.7,2025-12-18T20:31:05Z,7.297,1.204,2.963
2025-12-18T21:00:00Z,130624,12.69,2025-12-18T20:49:45Z,6.066,1.218,2.962
2025-12-18T21:15:00Z,130625,12.68,2025-12-18T21:02:05Z,4.987,1.241,2.961
2025-12-18T21:30:00Z,130626,12.69,2025-12-18T21:17:50Z,4.165,1.255,2.96
2025-12-18T21:45:00Z,130627,12.69,2025-12-18T21:30:05Z,3.577,1.219,2.96
2025-12-18T22:00:00Z,130628,12.68,2025-12-18T21:48:00Z,3.177,1.194,2.964
2025-12-18T22:15:00Z,130629,12.68,2025-12-18T22:02:15Z,2.904,1.206,2.969
2025-12-18T22:30:00Z,130630,12.68,2025-12-18T22:15:15Z,2.71,1.218,2.973
2025-12-18T22:45:00Z,130631,12.68,2025-12-18T22:30:05Z,2.55,1.233,2.975
2025-12-18T23:00:00Z,130632,12.66,2025-12-18T22:57:10Z,2.416,1.246,2.977
2025-12-18T23:15:00Z,130633,12.66,2025-12-18T23:02:05Z,2.313,1.261,2.978
2025-12-18T23:30:00Z,130634,12.65,2025-12-18T23:29:35Z,2.245,1.277,2.98
2025-12-18T23:45:00Z,130635,12.66,2025-12-18T23:41:10Z,2.207,1.295,2.982
2025-12-19T00:15:00Z,130637,12.65,2025-12-19T00:02:10Z,2.278,1.332,2.985
2025-12-19T00:30:00Z,130638,12.65,2025-12-19T00:22:45Z,2.393,1.35,2.984
2025-12-19T00:45:00Z,130639,12.65,2025-12-19T00:41:25Z,2.49,1.365,2.981
2025-12-19T01:00:00Z,130640,12.64,2025-12-19T00:52:05Z,2.53,1.381,2.979
2025-12-19T01:15:00Z,130641,12.64,2025-12-19T01:00:05Z,2.48,1.397,2.976
2025-12-19T01:30:00Z,130642,12.64,2025-12-19T01:16:05Z,2.153,1.413,2.972
2025-12-19T01:45:00Z,130643,12.63,2025-12-19T01:42:45Z,1.628,1.423,2.968
2025-12-19T02:00:00Z,130644,12.63,2025-12-19T01:45:25Z,1.117,1.434,2.964
2025-12-19T02:15:00Z,130645,12.63,2025-12-19T02:00:50Z,0.599,1.443,2.96
2025-12-19T02:30:00Z,130646,12.62,2025-12-19T02:29:40Z,0.175,1.446,2.957
2025-12-19T02:45:00Z,130647,12.63,2025-12-19T02:30:10Z,-0.274,1.449,2.954
2025-12-19T03:00:00Z,130648,12.63,2025-12-19T02:45:05Z,-0.764,1.45,2.951
2025-12-19T03:15:00Z,130649,12.63,2025-12-19T03:14:15Z,-1.309,1.443,2.947
2025-12-19T03:30:00Z,130650,12.62,2025-12-19T03:26:10Z,-1.945,1.442,2.943
2025-12-19T03:45:00Z,130651,12.62,2025-12-19T03:31:10Z,-2.682,1.435,2.939
2025-12-19T04:00:00Z,130652,12.62,2025-12-19T03:51:55Z,-3.372,1.427,2.936
2025-12-19T04:15:00Z,130653,12.59,2025-12-19T04:02:10Z,-3.995,1.416,2.934
2025-12-19T04:30:00Z,130654,12.6,2025-12-19T04:29:40Z,-4.476,1.406,2.932
2025-12-19T04:45:00Z,130655,12.6,2025-12-19T04:41:45Z,-4.911,1.391,2.93
2025-12-19T05:00:00Z,130656,12.6,2025-12-19T04:45:10Z,-5.303,1.378,2.929
2025-12-19T05:15:00Z,130657,12.6,2025-12-19T05:06:50Z,-5.633,1.366,2.928
2025-12-19T05:30:00Z,130658,12.59,2025-12-19T05:29:45Z,-5.926,1.351,2.927
2025-12-19T05:45:00Z,130659,12.59,2025-12-19T05:37:25Z,-6.261,1.336,2.927
2025-12-19T06:00:00Z,130660,12.58,2025-12-19T05:54:20Z,-6.55,1.328,2.926
2025-12-19T06:15:00Z,130661,12.58,2025-12-19T06:02:05Z,-6.765,1.324,2.926
2025-12-19T06:30:00Z,130662,12.57,2025-12-19T06:29:40Z,-6.944,1.318,2.925
2025-12-19T06:45:00Z,130663,12.57,2025-12-19T06:39:40Z,-7.09,1.312,2.925
2025-12-19T07:00:00Z,130664,12.57,2025-12-19T06:57:15Z,-7.197,1.306,2.924
2025-12-19T07:15:00Z,130665,12.55,2025-12-19T07:02:05Z,-7.287,1.3,2.923
2025-12-19T07:30:00Z,130666,12.52,2025-12-19T07:29:35Z,-7.362,1.294,2.923
2025-12-19T07:45:00Z,130667,12.57,2025-12-19T07:44:45Z,-7.434,1.286,2.922
2025-12-19T08:00:00Z,130668,12.56,2025-12-19T07:59:05Z,-7.505,1.28,2.922
2025-12-19T08:15:00Z,130669,12.55,2025-12-19T08:02:20Z,-7.59,1.275,2.921
2025-12-19T08:30:00Z,130670,12.54,2025-12-19T08:29:40Z,-7.688,1.271,2.921
2025-12-19T08:45:00Z,130671,12.55,2025-12-19T08:41:15Z,-7.778,1.27,2.92
2025-12-19T09:00:00Z,130672,12.55,2025-12-19T08:52:05Z,-7.873,1.269,2.92
2025-12-19T09:15:00Z,130673,12.55,2025-12-19T09:03:40Z,-7.951,1.269,2.919
2025-12-19T09:30:00Z,130674,12.55,2025-12-19T09:24:40Z,-7.973,1.27,2.919
2025-12-19T09:45:00Z,130675,12.57,2025-12-19T09:36:10Z,-7.963,1.27,2.918
2025-12-19T10:00:00Z,130676,12.56,2025-12-19T09:57:05Z,-7.924,1.275,2.918
2025-12-19T10:15:00Z,130677,12.57,2025-12-19T10:02:10Z,-7.902,1.276,2.918
2025-12-19T10:30:00Z,130678,12.62,2025-12-19T10:15:05Z,-7.861,1.281,2.917
2025-12-19T10:45:00Z,130679,12.64,2025-12-19T10:32:35Z,-7.791,1.288,2.917
2025-12-19T11:00:00Z,130680,12.69,2025-12-19T10:53:25Z,-7.749,1.297,2.917
2025-12-19T11:15:00Z,130681,12.72,2025-12-19T11:02:05Z,-7.705,1.306,2.916
2025-12-19T11:30:00Z,130682,12.8,2025-12-19T11:15:15Z,-7.593,1.319,2.916
2025-12-19T11:45:00Z,130683,12.85,2025-12-19T11:30:25Z,-7.454,1.333,2.916
2025-12-19T12:00:00Z,130684,12.89,2025-12-19T11:45:15Z,-7.368,1.348,2.915
2025-12-19T12:15:00Z,130685,12.85,2025-12-19T12:14:35Z,-7.307,1.364,2.914
2025-12-19T12:30:00Z,130686,12.85,2025-12-19T12:16:45Z,-7.433,1.378,2.913
2025-12-19T12:45:00Z,130687,12.94,2025-12-19T12:30:10Z,-7.566,1.389,2.913
2025-12-19T13:00:00Z,130688,13.17,2025-12-19T12:59:55Z,-7.485,1.396,2.914
2025-12-19T13:15:00Z,130689,13.13,2025-12-19T13:11:05Z,-7.349,1.398,2.913
2025-12-19T13:30:00Z,130690,13.16,2025-12-19T13:15:05Z,-7.312,1.398,2.912
2025-12-19T13:45:00Z,130691,13.22,2025-12-19T13:34:45Z,-7.217,1.4,2.912
2025-12-19T14:00:00Z,130692,13.21,2025-12-19T13:57:10Z,-7.09,1.401,2.911
2025-12-19T14:15:00Z,130693,13.18,2025-12-19T14:14:35Z,-7.022,1.405,2.91
2025-12-19T14:30:00Z,130694,13.18,2025-12-19T14:16:10Z,-6.996,1.405,2.91
2025-12-19T14:45:00Z,130695,13.13,2025-12-19T14:45:00Z,-6.976,1.401,2.909
2025-12-19T15:00:00Z,130696,13.12,2025-12-19T14:45:35Z,-6.984,1.395,2.908
2025-12-19T15:15:00Z,130697,13.12,2025-12-19T15:02:05Z,-6.982,1.381,2.907
2025-12-19T15:30:00Z,130698,13.07,2025-12-19T15:29:35Z,-6.952,1.368,2.906
2025-12-19T15:45:00Z,130699,13.05,2025-12-19T15:44:45Z,-6.952,1.352,2.905
2025-12-19T16:00:00Z,130700,12.99,2025-12-19T15:58:50Z,-6.953,1.334,2.904
2025-12-19T16:15:00Z,130701,12.93,2025-12-19T16:14:45Z,-6.983,1.314,2.903
2025-12-19T16:30:00Z,130702,12.85,2025-12-19T16:29:40Z,-7.019,1.298,2.902
2025-12-19T16:45:00Z,130703,12.81,2025-12-19T16:45:00Z,-7.065,1.286,2.901
2025-12-19T17:00:00Z,130704,12.76,2025-12-19T16:59:55Z,-7.131,1.275,2.901
2025-12-19T17:15:00Z,130705,12.73,2025-12-19T17:14:45Z,-7.208,1.265,2.9
2025-12-19T17:30:00Z,130706,12.7,2025-12-19T17:29:55Z,-7.286,1.257,2.899
2025-12-19T17:45:00Z,130707,12.68,2025-12-19T17:44:45Z,-7.324,1.248,2.898
2025-12-19T18:00:00Z,130708,12.66,2025-12-19T17:59:40Z,-7.346,1.241,2.898
2025-12-19T18:15:00Z,130709,12.64,2025-12-19T18:13:35Z,-7.35,1.234,2.897
2025-12-19T18:30:00Z,130710,12.62,2025-12-19T18:25:10Z,-7.339,1.226,2.896
2025-12-19T18:45:00Z,130711,12.61,2025-12-19T18:45:00Z,-7.305,1.219,2.896
2025-12-19T19:00:00Z,130712,12.59,2025-12-19T18:58:20Z,-7.341,1.212,2.895
2025-12-19T19:15:00Z,130713,12.58,2025-12-19T19:02:00Z,-7.456,1.206,2.895
2025-12-19T19:30:00Z,130714,12.55,2025-12-19T19:29:55Z,-7.556,1.199,2.894
2025-12-19T19:45:00Z,130715,12.55,2025-12-19T19:43:45Z,-7.597,1.194,2.894
2025-12-19T20:00:00Z,130716,12.51,2025-12-19T19:57:25Z,-7.596,1.19,2.893
2025-12-19T20:15:00Z,130717,12.54,2025-12-19T20:14:35Z,-7.575,1.187,2.893
2025-12-19T20:30:00Z,130718,12.52,2025-12-19T20:29:35Z,-7.545,1.184,2.892
2025-12-19T20:45:00Z,130719,12.52,2025-12-19T20:31:45Z,-7.533,1.179,2.892
2025-12-19T21:00:00Z,130720,12.52,2025-12-19T20:53:05Z,-7.496,1.175,2.891
2025-12-19T21:15:00Z,130721,12.51,2025-12-19T21:02:10Z,-7.485,1.172,2.891
2025-12-19T21:30:00Z,130722,12.51,2025-12-19T21:29:40Z,-7.522,1.169,2.89
2025-12-19T21:45:00Z,130723,12.52,2025-12-19T21:44:20Z,-7.583,1.168,2.89
2025-12-19T22:00:00Z,130724,12.51,2025-12-19T21:57:10Z,-7.647,1.164,2.889
2025-12-19T22:15:00Z,130725,12.5,2025-12-19T22:02:00Z,-7.678,1.16,2.889
2025-12-19T22:30:00Z,130726,12.51,2025-12-19T22:28:35Z,-7.677,1.157,2.889
2025-12-19T22:45:00Z,130727,12.5,2025-12-19T22:39:45Z,-7.664,1.158,2.889
2025-12-19T23:00:00Z,130728,12.5,2025-12-19T22:58:25Z,-7.707,1.153,2.888
2025-12-19T23:15:00Z,130729,12.49,2025-12-19T23:02:00Z,-7.746,1.151,2.888
2025-12-19T23:30:00Z,130730,12.5,2025-12-19T23:22:20Z,-7.765,1.149,2.888
2025-12-19T23:45:00Z,130731,12.5,2025-12-19T23:34:20Z,-7.697,1.149,2.887
2025-12-20T00:15:00Z,130733,12.49,2025-12-20T00:02:00Z,-7.475,1.142,2.886
2025-12-20T00:30:00Z,130734,12.49,2025-12-20T00:30:00Z,-7.374,1.142,2.885
2025-12-20T00:45:00Z,130735,12.5,2025-12-20T00:33:15Z,-7.283,1.139,2.885
2025-12-20T01:00:00Z,130736,12.49,2025-12-20T00:59:20Z,-7.192,1.137,2.885
2025-12-20T01:15:00Z,130737,12.48,2025-12-20T01:02:10Z,-7.103,1.135,2.884
2025-12-20T01:30:00Z,130738,12.49,2025-12-20T01:26:00Z,-7.014,1.133,2.884
2025-12-20T01:45:00Z,130739,12.49,2025-12-20T01:43:50Z,-6.932,1.131,2.883
2025-12-20T02:00:00Z,130740,12.48,2025-12-20T01:57:05Z,-6.853,1.13,2.883
2025-12-20T02:15:00Z,130741,12.49,2025-12-20T02:02:00Z,-6.788,1.128,2.883
2025-12-20T02:30:00Z,130742,12.48,2025-12-20T02:29:35Z,-6.716,1.126,2.882
2025-12-20T02:45:00Z,130743,12.49,2025-12-20T02:36:15Z,-6.658,1.124,2.882
2025-12-20T03:00:00Z,130744,12.48,2025-12-20T02:57:05Z,-6.758,1.124,2.881
2025-12-20T03:15:00Z,130745,12.48,2025-12-20T03:02:35Z,-7.113,1.123,2.881
2025-12-20T03:30:00Z,130746,12.45,2025-12-20T03:29:40Z,-7.439,1.12,2.88
2025-12-20T03:45:00Z,130747,12.48,2025-12-20T03:35:15Z,-7.691,1.119,2.88
2025-12-20T04:00:00Z,130748,12.48,2025-12-20T03:54:20Z,-7.896,1.12,2.879
2025-12-20T04:15:00Z,130749,12.48,2025-12-20T04:02:00Z,-8.02,1.119,2.879
2025-12-20T04:30:00Z,130750,12.47,2025-12-20T04:29:35Z,-8.01,1.12,2.878
2025-12-20T04:45:00Z,130751,12.48,2025-12-20T04:44:15Z,-7.851,1.118,2.878
2025-12-20T05:00:00Z,130752,12.47,2025-12-20T04:57:35Z,-7.582,1.118,2.877
2025-12-20T05:15:00Z,130753,12.47,2025-12-20T05:02:00Z,-7.344,1.116,2.877
2025-12-20T05:30:00Z,130754,12.47,2025-12-20T05:26:55Z,-7.285,1.111,2.877
2025-12-20T05:45:00Z,130755,12.47,2025-12-20T05:34:55Z,-7.38,1.113,2.876
2025-12-20T06:00:00Z,130756,12.47,2025-12-20T05:45:35Z,-7.478,1.113,2.876
2025-12-20T06:15:00Z,130757,12.47,2025-12-20T06:07:45Z,-7.486,1.112,2.875
2025-12-20T06:30:00Z,130758,12.47,2025-12-20T06:23:45Z,-7.332,1.112,2.875
2025-12-20T06:45:00Z,130759,12.47,2025-12-20T06:38:25Z,-7.048,1.113,2.874
2025-12-20T07:00:00Z,130760,12.46,2025-12-20T06:57:05Z,-6.788,1.112,2.874
2025-12-20T07:15:00Z,130761,12.46,2025-12-20T07:14:05Z,-6.535,1.113,2.874
2025-12-20T07:30:00Z,130762,12.47,2025-12-20T07:15:05Z,-6.218,1.112,2.873
2025-12-20T07:45:00Z,130763,12.47,2025-12-20T07:30:05Z,-5.782,1.11,2.873
2025-12-20T08:00:00Z,130764,12.47,2025-12-20T07:49:30Z,-5.389,1.108,2.872
2025-12-20T08:15:00Z,130765,12.45,2025-12-20T08:02:05Z,-5.137,1.108,2.872
2025-12-20T08:30:00Z,130766,12.47,2025-12-20T08:15:20Z,-4.973,1.107,2.872
2025-12-20T08:45:00Z,130767,12.48,2025-12-20T08:31:05Z,-4.756,1.107,2.871
2025-12-20T09:00:00Z,130768,12.5,2025-12-20T08:45:05Z,-4.438,1.107,2.871
2025-12-20T09:15:00Z,130769,12.52,2025-12-20T09:02:00Z,-3.979,1.108,2.871
2025-12-20T09:30:00Z,130770,12.55,2025-12-20T09:15:05Z,-3.41,1.107,2.871
2025-12-20T09:45:00Z,130771,12.59,2025-12-20T09:30:05Z,-2.823,1.105,2.871
2025-12-20T10:00:00Z,130772,12.64,2025-12-20T09:45:05Z,-2.219,1.103,2.871
2025-12-20T10:15:00Z,130773,12.66,2025-12-20T10:02:05Z,-1.56,1.102,2.871
2025-12-20T10:30:00Z,130774,12.7,2025-12-20T10:15:50Z,-0.862,1.102,2.871
2025-12-20T10:45:00Z,130775,12.76,2025-12-20T10:31:50Z,-0.164,1.105,2.871
2025-12-20T11:00:00Z,130776,12.83,2025-12-20T10:45:10Z,0.487,1.107,2.871
2025-12-20T11:15:00Z,130777,12.92,2025-12-20T11:02:00Z,1.066,1.102,2.871
2025-12-20T11:30:00Z,130778,12.97,2025-12-20T11:15:05Z,1.581,1.101,2.871
2025-12-20T11:45:00Z,130779,13.12,2025-12-20T11:30:05Z,2.152,1.106,2.872
2025-12-20T12:00:00Z,130780,13.04,2025-12-20T11:59:40Z,2.75,1.106,2.872
2025-12-20T12:15:00Z,130781,13.03,2025-12-20T12:06:05Z,3.126,1.106,2.871
2025-12-20T12:30:00Z,130782,13.02,2025-12-20T12:27:50Z,3.399,1.107,2.871
2025-12-20T12:45:00Z,130783,13.04,2025-12-20T12:31:10Z,3.663,1.105,2.871
2025-12-20T13:00:00Z,130784,13.05,2025-12-20T12:59:55Z,3.957,1.106,2.871
2025-12-20T13:15:00Z,130785,12.98,2025-12-20T13:14:50Z,4.186,1.106,2.87
2025-12-20T13:30:00Z,130786,12.94,2025-12-20T13:28:05Z,4.205,1.104,2.869
2025-12-20T13:45:00Z,130787,12.94,2025-12-20T13:31:30Z,4.097,1.104,2.869
2025-12-20T14:00:00Z,130788,12.98,2025-12-20T13:45:15Z,4.01,1.104,2.869
2025-12-20T14:15:00Z,130789,13.05,2025-12-20T14:02:05Z,4.018,1.104,2.869
2025-12-20T14:30:00Z,130790,13.21,2025-12-20T14:15:05Z,4.059,1.104,2.87
2025-12-20T14:45:00Z,130791,13.35,2025-12-20T14:38:05Z,4.23,1.102,2.871
2025-12-20T15:00:00Z,130792,13.19,2025-12-20T14:59:55Z,4.571,1.105,2.871
2025-12-20T15:15:00Z,130793,13.05,2025-12-20T15:12:45Z,4.849,1.105,2.869
2025-12-20T15:30:00Z,130794,13.04,2025-12-20T15:17:30Z,4.963,1.103,2.868
2025-12-20T15:45:00Z,130795,13.03,2025-12-20T15:35:45Z,4.976,1.102,2.867
2025-12-20T16:00:00Z,130796,13.01,2025-12-20T15:57:15Z,4.933,1.102,2.866
2025-12-20T16:15:00Z,130797,12.95,2025-12-20T16:14:05Z,4.864,1.105,2.865
2025-12-20T16:30:00Z,130798,12.89,2025-12-20T16:29:40Z,4.822,1.107,2.864
2025-12-20T16:45:00Z,130799,12.86,2025-12-20T16:40:45Z,4.677,1.1,2.862
2025-12-20T17:00:00Z,130800,12.84,2025-12-20T16:58:20Z,4.533,1.101,2.862
2025-12-20T17:15:00Z,130801,12.81,2025-12-20T17:12:45Z,4.426,1.101,2.861
2025-12-20T17:30:00Z,130802,12.8,2025-12-20T17:25:45Z,4.291,1.099,2.86
2025-12-20T17:45:00Z,130803,12.78,2025-12-20T17:43:40Z,4.116,1.098,2.86
2025-12-20T18:00:00Z,130804,12.77,2025-12-20T17:58:00Z,4.064,1.097,2.859
2025-12-20T18:15:00Z,130805,12.76,2025-12-20T18:09:45Z,4.056,1.098,2.858
2025-12-20T18:30:00Z,130806,12.74,2025-12-20T18:15:20Z,3.932,1.109,2.857
2025-12-20T18:45:00Z,130807,12.73,2025-12-20T18:40:45Z,3.55,1.098,2.854
2025-12-20T19:00:00Z,130808,12.68,2025-12-20T18:57:15Z,3.129,1.097,2.854
2025-12-20T19:15:00Z,130809,12.69,2025-12-20T19:14:35Z,2.78,1.096,2.854
2025-12-20T19:30:00Z,130810,12.68,2025-12-20T19:28:35Z,2.548,1.094,2.854
2025-12-20T19:45:00Z,130811,12.67,2025-12-20T19:44:10Z,2.434,1.094,2.854
2025-12-20T20:00:00Z,130812,12.66,2025-12-20T19:57:10Z,2.348,1.092,2.854
2025-12-20T20:15:00Z,130813,12.64,2025-12-20T20:02:00Z,2.097,1.091,2.853
2025-12-20T20:30:00Z,130814,12.62,2025-12-20T20:29:40Z,1.79,1.091,2.853
2025-12-20T20:45:00Z,130815,12.62,2025-12-20T20:42:45Z,1.479,1.09,2.852
2025-12-20T21:00:00Z,130816,12.61,2025-12-20T20:59:55Z,1.183,1.088,2.852
2025-12-20T21:15:00Z,130817,12.6,2025-12-20T21:13:25Z,1.024,1.087,2.851
2025-12-20T21:30:00Z,130818,12.58,2025-12-20T21:29:40Z,1.012,1.087,2.851
2025-12-20T21:45:00Z,130819,12.58,2025-12-20T21:43:00Z,0.991,1.086,2.85
2025-12-20T22:00:00Z,130820,12.57,2025-12-20T21:55:25Z,0.985,1.085,2.85
2025-12-20T22:15:00Z,130821,12.56,2025-12-20T22:12:20Z,0.976,1.083,2.849
2025-12-20T22:30:00Z,130822,12.55,2025-12-20T22:25:40Z,1.049,1.082,2.848
2025-12-20T22:45:00Z,130823,12.55,2025-12-20T22:33:40Z,1.074,1.082,2.848
2025-12-20T23:00:00Z,130824,12.54,2025-12-20T22:57:05Z,0.979,1.081,2.847
2025-12-20T23:15:00Z,130825,12.53,2025-12-20T23:02:00Z,0.819,1.08,2.847
2025-12-20T23:30:00Z,130826,12.53,2025-12-20T23:29:35Z,0.677,1.079,2.846
2025-12-20T23:45:00Z,130827,12.53,2025-12-20T23:39:45Z,0.573,1.078,2.846
2025-12-21T00:15:00Z,130829,12.52,2025-12-21T00:02:00Z,0.353,1.076,2.844
2025-12-21T00:30:00Z,130830,12.52,2025-12-21T00:18:50Z,0.201,1.076,2.844
2025-12-21T00:45:00Z,130831,12.52,2025-12-21T00:30:05Z,0.125,1.076,2.843
2025-12-21T01:00:00Z,130832,12.52,2025-12-21T00:54:45Z,0.012,1.075,2.843
2025-12-21T01:15:00Z,130833,12.51,2025-12-21T01:02:00Z,-0.182,1.074,2.842
2025-12-21T01:30:00Z,130834,12.51,2025-12-21T01:26:25Z,-0.479,1.073,2.841
2025-12-21T01:45:00Z,130835,12.51,2025-12-21T01:30:40Z,-0.815,1.071,2.841
2025-12-21T02:00:00Z,130836,12.51,2025-12-21T01:51:30Z,-1.115,1.069,2.84
2025-12-21T02:15:00Z,130837,12.51,2025-12-21T02:00:25Z,-1.398,1.068,2.84
2025-12-21T02:30:00Z,130838,12.5,2025-12-21T02:25:40Z,-1.63,1.068,2.839
2025-12-21T02:45:00Z,130839,12.5,2025-12-21T02:31:55Z,-1.879,1.066,2.839
2025-12-21T03:00:00Z,130840,12.5,2025-12-21T02:45:05Z,-2.189,1.065,2.838
2025-12-21T03:15:00Z,130841,12.48,2025-12-21T03:02:00Z,-2.493,1.064,2.838
2025-12-21T03:30:00Z,130842,12.49,2025-12-21T03:27:55Z,-2.787,1.062,2.837
2025-12-21T03:45:00Z,130843,12.48,2025-12-21T03:41:15Z,-3.087,1.061,2.837
2025-12-21T04:00:00Z,130844,12.48,2025-12-21T03:57:15Z,-3.333,1.062,2.836
2025-12-21T04:15:00Z,130845,12.48,2025-12-21T04:10:35Z,-3.567,1.062,2.836
2025-12-21T04:30:00Z,130846,12.48,2025-12-21T04:29:45Z,-3.848,1.062,2.835
2025-12-21T04:45:00Z,130847,12.48,2025-12-21T04:35:55Z,-4.213,1.062,2.835
2025-12-21T05:00:00Z,130848,12.47,2025-12-21T04:57:05Z,-4.564,1.061,2.834
2025-12-21T05:15:00Z,130849,12.47,2025-12-21T05:02:00Z,-4.825,1.06,2.834
2025-12-21T05:30:00Z,130850,12.47,2025-12-21T05:15:20Z,-4.983,1.06,2.833
2025-12-21T05:45:00Z,130851,12.47,2025-12-21T05:35:40Z,-5.132,1.06,2.833
2025-12-21T06:00:00Z,130852,12.47,2025-12-21T05:59:20Z,-5.269,1.06,2.832
2025-12-21T06:15:00Z,130853,12.46,2025-12-21T06:02:00Z,-5.437,1.059,2.832
2025-12-21T06:30:00Z,130854,12.46,2025-12-21T06:29:40Z,-5.652,1.057,2.831
2025-12-21T06:45:00Z,130855,12.46,2025-12-21T06:40:45Z,-5.873,1.056,2.831
2025-12-21T07:00:00Z,130856,12.45,2025-12-21T06:56:05Z,-6.046,1.056,2.831
2025-12-21T07:15:00Z,130857,12.46,2025-12-21T07:05:00Z,-6.244,1.055,2.83
2025-12-21T07:30:00Z,130858,12.45,2025-12-21T07:28:50Z,-6.398,1.055,2.83
2025-12-21T07:45:00Z,130859,12.45,2025-12-21T07:31:30Z,-6.513,1.054,2.829
2025-12-21T08:00:00Z,130860,12.45,2025-12-21T07:55:30Z,-6.674,1.053,2.829
2025-12-21T08:15:00Z,130861,12.44,2025-12-21T08:02:00Z,-6.839,1.052,2.828
2025-12-21T08:30:00Z,130862,12.46,2025-12-21T08:29:40Z,-7.008,1.05,2.828
2025-12-21T08:45:00Z,130863,12.46,2025-12-21T08:30:10Z,-7.082,1.052,2.828
2025-12-21T09:00:00Z,130864,12.48,2025-12-21T08:46:35Z,-7.024,1.051,2.827
2025-12-21T09:15:00Z,130865,12.49,2025-12-21T09:02:05Z,-6.822,1.051,2.827
2025-12-21T09:30:00Z,130866,12.55,2025-12-21T09:15:25Z,-6.36,1.051,2.827
2025-12-21T09:45:00Z,130867,12.58,2025-12-21T09:37:45Z,-5.846,1.051,2.827
2025-12-21T10:00:00Z,130868,12.58,2025-12-21T09:45:15Z,-5.556,1.05,2.826
2025-12-21T10:15:00Z,130869,12.55,2025-12-21T10:02:00Z,-5.33,1.05,2.826
2025-12-21T10:30:00Z,130870,12.82,2025-12-21T10:15:05Z,-5.024,1.049,2.827
2025-12-21T10:45:00Z,130871,13.08,2025-12-21T10:40:45Z,-4.405,1.049,2.829
2025-12-21T11:00:00Z,130872,12.99,2025-12-21T10:59:45Z,-3.968,1.048,2.829
2025-12-21T11:15:00Z,130873,12.98,2025-12-21T11:02:00Z,-3.748,1.046,2.829
2025-12-21T11:30:00Z,130874,13.04,2025-12-21T11:27:55Z,-3.586,1.046,2.829
2025-12-21T11:45:00Z,130875,13.04,2025-12-21T11:30:20Z,-3.401,1.047,2.829
2025-12-21T12:00:00Z,130876,13.07,2025-12-21T11:57:10Z,-3.075,1.049,2.829
2025-12-21T12:15:00Z,130877,13.19,2025-12-21T12:00:05Z,-2.865,1.05,2.83
2025-12-21T12:30:00Z,130878,13.53,2025-12-21T12:15:05Z,-2.555,1.05,2.831
2025-12-21T12:45:00Z,130879,13.56,2025-12-21T12:44:55Z,-2.111,1.051,2.834
2025-12-21T13:00:00Z,130880,13.47,2025-12-21T12:57:00Z,-1.704,1.052,2.833
2025-12-21T13:15:00Z,130881,13.14,2025-12-21T13:14:55Z,-1.498,1.053,2.831
2025-12-21T13:30:00Z,130882,13.12,2025-12-21T13:16:25Z,-1.509,1.054,2.83
2025-12-21T13:45:00Z,130883,13.32,2025-12-21T13:36:50Z,-1.514,1.055,2.831
2025-12-21T14:00:00Z,130884,13.28,2025-12-21T13:57:20Z,-1.404,1.057,2.831
2025-12-21T14:15:00Z,130885,13.3,2025-12-21T14:10:55Z,-1.324,1.059,2.83
2025-12-21T14:30:00Z,130886,13.43,2025-12-21T14:15:05Z,-1.245,1.059,2.832
2025-12-21T14:45:00Z,130887,14.05,2025-12-21T14:30:30Z,-1.004,1.061,2.835
2025-12-21T15:00:00Z,130888,14.09,2025-12-21T14:48:30Z,-0.584,1.063,2.837
2025-12-21T15:15:00Z,130889,14.17,2025-12-21T15:13:55Z,-0.164,1.064,2.837
2025-12-21T15:30:00Z,130890,14.05,2025-12-21T15:18:55Z,0.175,1.064,2.837
2025-12-21T15:45:00Z,130891,13.88,2025-12-21T15:44:15Z,0.415,1.065,2.836
2025-12-21T16:00:00Z,130892,13.86,2025-12-21T15:59:30Z,0.553,1.064,2.836
2025-12-21T16:15:00Z,130893,13.54,2025-12-21T16:15:00Z,0.595,1.064,2.835
2025-12-21T16:30:00Z,130894,13.14,2025-12-21T16:29:40Z,0.502,1.063,2.832
2025-12-21T16:45:00Z,130895,13.05,2025-12-21T16:43:30Z,0.07,1.062,2.829
2025-12-21T17:00:00Z,130896,13.01,2025-12-21T16:57:10Z,-0.57,1.061,2.828
2025-12-21T17:15:00Z,130897,12.99,2025-12-21T17:14:35Z,-1.208,1.061,2.827
2025-12-21T17:30:00Z,130898,12.97,2025-12-21T17:28:45Z,-1.908,1.061,2.826
2025-12-21T17:45:00Z,130899,12.96,2025-12-21T17:44:50Z,-2.863,1.06,2.826
2025-12-21T18:00:00Z,130900,12.94,2025-12-21T18:00:00Z,-3.984,1.06,2.825
2025-12-21T18:15:00Z,130901,12.94,2025-12-21T18:02:00Z,-5.058,1.06,2.825
2025-12-21T18:30:00Z,130902,12.92,2025-12-21T18:29:40Z,-6.015,1.06,2.825
2025-12-21T18:45:00Z,130903,12.92,2025-12-21T18:40:00Z,-6.807,1.06,2.824
2025-12-21T19:00:00Z,130904,12.91,2025-12-21T18:57:50Z,-7.418,1.061,2.824
2025-12-21T19:15:00Z,130905,12.9,2025-12-21T19:02:00Z,-7.916,1.062,2.824
2025-12-21T19:30:00Z,130906,12.9,2025-12-21T19:17:35Z,-8.33,1.062,2.823
2025-12-21T19:45:00Z,130907,12.89,2025-12-21T19:43:05Z,-8.7,1.062,2.823
2025-12-21T20:00:00Z,130908,12.88,2025-12-21T19:55:40Z,-9,1.062,2.823
2025-12-21T20:15:00Z,130909,12.87,2025-12-21T20:02:00Z,-9.25,1.062,2.822
2025-12-21T20:30:00Z,130910,12.87,2025-12-21T20:21:00Z,-9.47,1.062,2.822
2025-12-21T20:45:00Z,130911,12.87,2025-12-21T20:30:30Z,-9.67,1.062,2.822
2025-12-21T21:00:00Z,130912,12.86,2025-12-21T20:57:05Z,-9.83,1.065,2.822
2025-12-21T21:15:00Z,130913,12.85,2025-12-21T21:02:00Z,-9.92,1.067,2.821
2025-12-21T21:30:00Z,130914,12.85,2025-12-21T21:17:05Z,-10,1.067,2.821
2025-12-21T21:45:00Z,130915,12.85,2025-12-21T21:31:00Z,-10.12,1.068,2.821
2025-12-21T22:00:00Z,130916,12.84,2025-12-21T21:45:30Z,-10.24,1.068,2.82
2025-12-21T22:15:00Z,130917,12.83,2025-12-21T22:03:10Z,-10.35,1.068,2.82
2025-12-21T22:30:00Z,130918,12.82,2025-12-21T22:27:35Z,-10.42,1.068,2.82
2025-12-21T22:45:00Z,130919,12.82,2025-12-21T22:38:15Z,-10.36,1.07,2.82
2025-12-21T23:00:00Z,130920,12.81,2025-12-21T22:48:55Z,-10.17,1.071,2.819
2025-12-21T23:15:00Z,130921,12.81,2025-12-21T23:02:10Z,-9.93,1.071,2.819
2025-12-21T23:30:00Z,130922,12.81,2025-12-21T23:15:05Z,-9.85,1.071,2.819
2025-12-21T23:45:00Z,130923,12.8,2025-12-21T23:35:30Z,-9.88,1.071,2.819
2025-12-22T00:15:00Z,130925,12.8,2025-12-22T00:07:40Z,-9.9,1.073,2.818
2025-12-22T00:30:00Z,130926,12.78,2025-12-22T00:29:35Z,-9.85,1.075,2.818
2025-12-22T00:45:00Z,130927,12.79,2025-12-22T00:30:10Z,-9.81,1.073,2.818
2025-12-22T01:00:00Z,130928,12.77,2025-12-22T00:57:05Z,-9.87,1.074,2.818
2025-12-22T01:15:00Z,130929,12.77,2025-12-22T01:02:05Z,-9.96,1.074,2.818
2025-12-22T01:30:00Z,130930,12.76,2025-12-22T01:29:35Z,-10.02,1.075,2.817
2025-12-22T01:45:00Z,130931,12.77,2025-12-22T01:30:25Z,-10.03,1.075,2.817
2025-12-22T02:00:00Z,130932,12.76,2025-12-22T01:57:05Z,-9.81,1.075,2.817
2025-12-22T02:15:00Z,130933,12.77,2025-12-22T02:00:30Z,-9.41,1.075,2.817
2025-12-22T02:30:00Z,130934,12.73,2025-12-22T02:25:45Z,-8.79,1.074,2.816
2025-12-22T02:45:00Z,130935,12.76,2025-12-22T02:31:10Z,-8.03,1.074,2.816
2025-12-22T03:00:00Z,130936,12.75,2025-12-22T02:57:50Z,-7.215,1.074,2.816
2025-12-22T03:15:00Z,130937,12.75,2025-12-22T03:11:10Z,-6.492,1.074,2.816
2025-12-22T03:30:00Z,130938,12.73,2025-12-22T03:29:45Z,-5.862,1.074,2.816
2025-12-22T03:45:00Z,130939,12.75,2025-12-22T03:32:30Z,-5.397,1.074,2.815
2025-12-22T04:00:00Z,130940,12.74,2025-12-22T03:57:10Z,-5.013,1.075,2.815
2025-12-22T04:15:00Z,130941,12.74,2025-12-22T04:11:30Z,-4.654,1.073,2.815
2025-12-22T04:30:00Z,130942,12.74,2025-12-22T04:29:35Z,-4.36,1.073,2.815
2025-12-22T04:45:00Z,130943,12.74,2025-12-22T04:39:05Z,-4.141,1.073,2.815
2025-12-22T05:00:00Z,130944,12.74,2025-12-22T04:46:35Z,-4.141,1.073,2.815
2025-12-22T05:15:00Z,130945,12.73,2025-12-22T05:02:00Z,-4.269,1.072,2.815
2025-12-22T05:30:00Z,130946,12.73,2025-12-22T05:29:35Z,-4.356,1.072,2.815
2025-12-22T05:45:00Z,130947,12.73,2025-12-22T05:44:50Z,-4.411,1.071,2.814
2025-12-22T06:00:00Z,130948,12.73,2025-12-22T05:50:45Z,-4.44,1.07,2.814
2025-12-22T06:15:00Z,130949,12.72,2025-12-22T06:05:55Z,-4.419,1.07,2.814
2025-12-22T06:30:00Z,130950,12.73,2025-12-22T06:24:25Z,-4.35,1.069,2.814
2025-12-22T06:45:00Z,130951,12.73,2025-12-22T06:40:10Z,-4.32,1.066,2.814
2025-12-22T07:00:00Z,130952,12.72,2025-12-22T06:54:10Z,-4.198,1.066,2.814
2025-12-22T07:15:00Z,130953,12.71,2025-12-22T07:02:00Z,-4.021,1.066,2.814
2025-12-22T07:30:00Z,130954,12.72,2025-12-22T07:20:50Z,-3.786,1.064,2.813
2025-12-22T07:45:00Z,130955,12.72,2025-12-22T07:32:25Z,-3.537,1.064,2.813
2025-12-22T08:00:00Z,130956,12.72,2025-12-22T07:57:25Z,-3.267,1.064,2.813
2025-12-22T08:15:00Z,130957,12.71,2025-12-22T08:02:00Z,-2.945,1.065,2.813
2025-12-22T08:30:00Z,130958,12.71,2025-12-22T08:18:45Z,-2.606,1.065,2.813
2025-12-22T08:45:00Z,130959,12.72,2025-12-22T08:32:50Z,-2.307,1.066,2.812
2025-12-22T09:00:00Z,130960,12.72,2025-12-22T08:50:50Z,-2.051,1.066,2.812
2025-12-22T09:15:00Z,130961,12.72,2025-12-22T09:02:00Z,-1.801,1.065,2.812
2025-12-22T09:30:00Z,130962,12.74,2025-12-22T09:18:05Z,-1.528,1.064,2.812
2025-12-22T09:45:00Z,130963,12.76,2025-12-22T09:30:20Z,-1.234,1.063,2.812
2025-12-22T10:00:00Z,130964,12.77,2025-12-22T10:00:00Z,-0.89,1.061,2.812
2025-12-22T10:15:00Z,130965,12.77,2025-12-22T10:02:10Z,-0.539,1.061,2.812
2025-12-22T10:30:00Z,130966,12.78,2025-12-22T10:29:30Z,-0.196,1.06,2.812
2025-12-22T10:45:00Z,130967,12.76,2025-12-22T10:44:10Z,0.091,1.061,2.812
2025-12-22T11:00:00Z,130968,12.77,2025-12-22T10:53:00Z,0.271,1.062,2.812
2025-12-22T11:15:00Z,130969,12.8,2025-12-22T11:00:25Z,0.446,1.062,2.812
2025-12-22T11:30:00Z,130970,12.88,2025-12-22T11:15:25Z,0.756,1.063,2.812
2025-12-22T11:45:00Z,130971,12.94,2025-12-22T11:33:00Z,1.099,1.062,2.813
2025-12-22T12:00:00Z,130972,12.99,2025-12-22T11:45:05Z,1.438,1.061,2.813
2025-12-22T12:15:00Z,130973,13.07,2025-12-22T12:02:05Z,1.95,1.06,2.814
2025-12-22T12:30:00Z,130974,13.08,2025-12-22T12:21:20Z,2.381,1.059,2.815
2025-12-22T12:45:00Z,130975,13.19,2025-12-22T12:36:25Z,2.845,1.059,2.815
2025-12-22T13:00:00Z,130976,13.14,2025-12-22T12:59:40Z,3.424,1.058,2.816
2025-12-22T13:15:00Z,130977,13.11,2025-12-22T13:14:45Z,3.806,1.057,2.816
2025-12-22T13:30:00Z,130978,13.08,2025-12-22T13:29:40Z,3.968,1.058,2.815
2025-12-22T13:45:00Z,130979,13.06,2025-12-22T13:41:30Z,4.02,1.056,2.815
2025-12-22T14:00:00Z,130980,13.09,2025-12-22T13:47:40Z,3.964,1.055,2.815
2025-12-22T14:15:00Z,130981,13.1,2025-12-22T14:14:20Z,3.842,1.055,2.816
2025-12-22T14:30:00Z,130982,13.1,2025-12-22T14:17:00Z,3.774,1.055,2.816
2025-12-22T14:45:00Z,130983,13.24,2025-12-22T14:34:10Z,3.854,1.055,2.817
2025-12-22T15:00:00Z,130984,13.39,2025-12-22T14:48:30Z,3.992,1.055,2.82
2025-12-22T15:15:00Z,130985,13.16,2025-12-22T15:14:45Z,4.203,1.055,2.819
2025-12-22T15:30:00Z,130986,13.07,2025-12-22T15:29:10Z,4.358,1.056,2.818
2025-12-22T15:45:00Z,130987,13,2025-12-22T15:44:45Z,4.326,1.057,2.817
2025-12-22T16:00:00Z,130988,12.98,2025-12-22T15:59:20Z,4.13,1.056,2.816
2025-12-22T16:15:00Z,130989,12.97,2025-12-22T16:07:50Z,3.86,1.056,2.816
2025-12-22T16:30:00Z,130990,12.93,2025-12-22T16:29:35Z,3.61,1.056,2.816
2025-12-22T16:45:00Z,130991,12.91,2025-12-22T16:43:10Z,3.414,1.055,2.815
2025-12-22T17:00:00Z,130992,12.88,2025-12-22T16:59:30Z,3.23,1.055,2.815
2025-12-22T17:15:00Z,130993,12.86,2025-12-22T17:05:50Z,2.995,1.057,2.815
2025-12-22T17:30:00Z,130994,12.84,2025-12-22T17:29:40Z,2.745,1.055,2.814
2025-12-22T17:45:00Z,130995,12.83,2025-12-22T17:43:10Z,2.53,1.055,2.814
2025-12-22T18:00:00Z,130996,12.82,2025-12-22T17:57:40Z,2.347,1.055,2.814
2025-12-22T18:15:00Z,130997,12.78,2025-12-22T18:02:00Z,2.25,1.053,2.814
2025-12-22T18:30:00Z,130998,12.79,2025-12-22T18:28:35Z,2.266,1.052,2.814
2025-12-22T18:45:00Z,130999,12.78,2025-12-22T18:37:20Z,2.311,1.052,2.814
2025-12-22T19:00:00Z,131000,12.77,2025-12-22T18:55:50Z,2.375,1.051,2.814
2025-12-22T19:15:00Z,131001,12.77,2025-12-22T19:02:00Z,2.438,1.051,2.815
2025-12-22T19:30:00Z,131002,12.76,2025-12-22T19:29:55Z,2.492,1.051,2.815
2025-12-22T19:45:00Z,131003,12.76,2025-12-22T19:35:15Z,2.538,1.052,2.815
2025-12-22T20:00:00Z,131004,12.74,2025-12-22T19:59:15Z,2.599,1.05,2.814
2025-12-22T20:15:00Z,131005,12.74,2025-12-22T20:01:55Z,2.679,1.048,2.814
2025-12-22T20:30:00Z,131006,12.74,2025-12-22T20:18:20Z,2.78,1.048,2.814
2025-12-22T20:45:00Z,131007,12.74,2025-12-22T20:36:25Z,2.864,1.048,2.814
2025-12-22T21:00:00Z,131008,12.72,2025-12-22T20:45:55Z,2.924,1.048,2.814
2025-12-22T21:15:00Z,131009,12.72,2025-12-22T21:02:05Z,2.984,1.047,2.814
2025-12-22T21:30:00Z,131010,12.72,2025-12-22T21:29:50Z,3.029,1.047,2.814
2025-12-22T21:45:00Z,131011,12.72,2025-12-22T21:40:05Z,3.048,1.046,2.814
2025-12-22T22:00:00Z,131012,12.72,2025-12-22T21:45:10Z,3.084,1.045,2.814
2025-12-22T22:15:00Z,131013,12.72,2025-12-22T22:13:55Z,3.117,1.045,2.814
2025-12-22T22:30:00Z,131014,12.72,2025-12-22T22:20:50Z,3.122,1.044,2.814
2025-12-22T22:45:00Z,131015,12.71,2025-12-22T22:41:15Z,3.072,1.044,2.814
2025-12-22T23:00:00Z,131016,12.7,2025-12-22T22:57:05Z,3.036,1.043,2.814
2025-12-22T23:15:00Z,131017,12.67,2025-12-22T23:02:05Z,3.044,1.041,2.814
2025-12-22T23:30:00Z,131018,12.71,2025-12-22T23:20:50Z,3.066,1.041,2.813
2025-12-22T23:45:00Z,131019,12.7,2025-12-22T23:39:40Z,3.081,1.04,2.813
2025-12-23T00:15:00Z,131021,12.68,2025-12-23T00:02:00Z,2.787,1.041,2.812
2025-12-23T00:30:00Z,131022,12.68,2025-12-23T00:29:40Z,2.571,1.039,2.812
2025-12-23T00:45:00Z,131023,12.69,2025-12-23T00:43:05Z,2.523,1.038,2.812
2025-12-23T01:00:00Z,131024,12.68,2025-12-23T00:57:10Z,2.526,1.037,2.812
2025-12-23T01:15:00Z,131025,12.68,2025-12-23T01:02:00Z,2.601,1.036,2.812
2025-12-23T01:30:00Z,131026,12.68,2025-12-23T01:17:30Z,2.726,1.036,2.812
2025-12-23T01:45:00Z,131027,12.68,2025-12-23T01:33:30Z,2.867,1.036,2.812
2025-12-23T02:00:00Z,131028,12.67,2025-12-23T01:57:30Z,3.005,1.036,2.812
2025-12-23T02:15:00Z,131029,12.67,2025-12-23T02:02:50Z,3.105,1.036,2.812
2025-12-23T02:30:00Z,131030,12.67,2025-12-23T02:29:35Z,3.186,1.033,2.812
2025-12-23T02:45:00Z,131031,12.67,2025-12-23T02:34:50Z,3.254,1.032,2.812
2025-12-23T03:00:00Z,131032,12.67,2025-12-23T02:55:50Z,3.343,1.032,2.812
2025-12-23T03:15:00Z,131033,12.67,2025-12-23T03:08:10Z,3.439,1.031,2.811
2025-12-23T03:30:00Z,131034,12.67,2025-12-23T03:27:05Z,3.542,1.03,2.811
2025-12-23T03:45:00Z,131035,12.66,2025-12-23T03:44:15Z,3.655,1.029,2.811
2025-12-23T04:00:00Z,131036,12.66,2025-12-23T03:57:10Z,3.702,1.03,2.811
2025-12-23T04:15:00Z,131037,12.66,2025-12-23T04:13:50Z,3.597,1.03,2.811
2025-12-23T04:30:00Z,131038,12.66,2025-12-23T04:15:15Z,3.391,1.029,2.811
2025-12-23T04:45:00Z,131039,12.66,2025-12-23T04:35:25Z,2.881,1.027,2.81
2025-12-23T05:00:00Z,131040,12.66,2025-12-23T04:59:55Z,2.253,1.025,2.81
2025-12-23T05:15:00Z,131041,12.64,2025-12-23T05:02:10Z,2.079,1.024,2.81
2025-12-23T05:30:00Z,131042,12.65,2025-12-23T05:29:50Z,2.219,1.023,2.81
2025-12-23T05:45:00Z,131043,12.64,2025-12-23T05:43:40Z,2.599,1.021,2.81
2025-12-23T06:00:00Z,131044,12.64,2025-12-23T05:59:40Z,3.18,1.02,2.81
2025-12-23T06:15:00Z,131045,12.64,2025-12-23T06:10:20Z,3.91,1.02,2.809
2025-12-23T06:30:00Z,131046,12.62,2025-12-23T06:29:40Z,4.569,1.019,2.809
2025-12-23T06:45:00Z,131047,12.63,2025-12-23T06:38:25Z,5.066,1.019,2.809
2025-12-23T07:00:00Z,131048,12.63,2025-12-23T06:52:25Z,5.434,1.021,2.809
2025-12-23T07:15:00Z,131049,12.62,2025-12-23T07:13:05Z,5.664,1.018,2.808
2025-12-23T07:30:00Z,131050,12.62,2025-12-23T07:29:40Z,5.804,1.018,2.808
2025-12-23T07:45:00Z,131051,12.62,2025-12-23T07:31:45Z,5.601,1.018,2.808
2025-12-23T08:00:00Z,131052,12.62,2025-12-23T07:53:05Z,5.109,1.016,2.807
2025-12-23T08:15:00Z,131053,12.61,2025-12-23T08:09:05Z,4.659,1.015,2.807
2025-12-23T08:30:00Z,131054,12.62,2025-12-23T08:15:30Z,4.191,1.013,2.807
2025-12-23T08:45:00Z,131055,12.62,2025-12-23T08:33:05Z,3.92,1.013,2.806
2025-12-23T09:00:00Z,131056,12.63,2025-12-23T08:45:05Z,3.8,1.01,2.806
2025-12-23T09:15:00Z,131057,12.65,2025-12-23T09:00:40Z,3.915,1.01,2.806
2025-12-23T09:30:00Z,131058,12.68,2025-12-23T09:15:05Z,4.345,1.01,2.806
2025-12-23T09:45:00Z,131059,12.7,2025-12-23T09:35:55Z,4.904,1.01,2.806
2025-12-23T10:00:00Z,131060,12.72,2025-12-23T09:47:55Z,5.376,1.009,2.806
2025-12-23T10:15:00Z,131061,12.74,2025-12-23T10:00:05Z,5.817,1.008,2.806
2025-12-23T10:30:00Z,131062,12.84,2025-12-23T10:15:05Z,6.246,1.008,2.807
2025-12-23T10:45:00Z,131063,12.88,2025-12-23T10:35:30Z,6.776,1.006,2.807
2025-12-23T11:00:00Z,131064,12.89,2025-12-23T10:53:15Z,7.219,1.008,2.807
2025-12-23T11:15:00Z,131065,12.9,2025-12-23T11:03:30Z,7.564,1.009,2.807
2025-12-23T11:30:00Z,131066,12.99,2025-12-23T11:15:05Z,7.936,1.01,2.807
2025-12-23T11:45:00Z,131067,13.01,2025-12-23T11:33:45Z,8.27,1.01,2.808
2025-12-23T12:00:00Z,131068,13.05,2025-12-23T11:58:15Z,8.59,1.011,2.808
2025-12-23T12:15:00Z,131069,13.04,2025-12-23T12:01:35Z,8.77,1.012,2.808
2025-12-23T12:30:00Z,131070,13.08,2025-12-23T12:20:05Z,8.88,1.01,2.808
2025-12-23T12:45:00Z,131071,13.24,2025-12-23T12:32:00Z,8.99,1.009,2.81
2025-12-23T13:00:00Z,131072,13.25,2025-12-23T12:59:50Z,9.21,1.009,2.81
2025-12-23T13:15:00Z,131073,13.15,2025-12-23T13:14:35Z,9.29,1.01,2.81
2025-12-23T13:30:00Z,131074,13.14,2025-12-23T13:15:55Z,9.28,1.008,2.81
2025-12-23T13:45:00Z,131075,13.24,2025-12-23T13:38:00Z,9.37,1.008,2.81
2025-12-23T14:00:00Z,131076,13.21,2025-12-23T13:58:10Z,9.57,1.008,2.811
2025-12-23T14:15:00Z,131077,13.21,2025-12-23T14:12:35Z,9.72,1.008,2.811
2025-12-23T14:30:00Z,131078,13.25,2025-12-23T14:15:20Z,9.79,1.007,2.812
2025-12-23T14:45:00Z,131079,13.42,2025-12-23T14:30:05Z,9.93,1.007,2.813
2025-12-23T15:00:00Z,131080,13.51,2025-12-23T14:47:35Z,10.21,1.007,2.814
2025-12-23T15:15:00Z,131081,13.52,2025-12-23T15:13:30Z,10.52,1.007,2.814
2025-12-23T15:30:00Z,131082,13.43,2025-12-23T15:22:20Z,10.73,1.008,2.814
2025-12-23T15:45:00Z,131083,13.3,2025-12-23T15:37:35Z,10.75,1.004,2.813
2025-12-23T16:00:00Z,131084,13.3,2025-12-23T15:49:05Z,10.53,1.001,2.813
2025-12-23T16:15:00Z,131085,13.17,2025-12-23T16:15:00Z,10.2,1.002,2.813
2025-12-23T16:30:00Z,131086,13.03,2025-12-23T16:29:35Z,9.83,0.999,2.812
2025-12-23T16:45:00Z,131087,12.98,2025-12-23T16:45:00Z,9.28,1.006,2.811
2025-12-23T17:00:00Z,131088,12.94,2025-12-23T16:59:25Z,8.57,1.001,2.81
2025-12-23T17:15:00Z,131089,12.92,2025-12-23T17:12:55Z,7.921,0.998,2.809
2025-12-23T17:30:00Z,131090,12.9,2025-12-23T17:26:35Z,7.34,0.996,2.809
2025-12-23T17:45:00Z,131091,12.89,2025-12-23T17:42:15Z,6.839,0.996,2.81
2025-12-23T18:00:00Z,131092,12.88,2025-12-23T17:56:00Z,6.393,0.995,2.81
2025-12-23T18:15:00Z,131093,12.87,2025-12-23T18:02:00Z,6.032,0.994,2.811
2025-12-23T18:30:00Z,131094,12.86,2025-12-23T18:23:20Z,5.75,0.993,2.811
2025-12-23T18:45:00Z,131095,12.86,2025-12-23T18:35:00Z,5.514,0.992,2.812
2025-12-23T19:00:00Z,131096,12.85,2025-12-23T18:46:00Z,5.24,1.01,2.813
2025-12-23T19:15:00Z,131097,12.84,2025-12-23T19:02:05Z,4.906,1,2.81
2025-12-23T19:30:00Z,131098,12.83,2025-12-23T19:28:15Z,4.568,0.997,2.81
2025-12-23T19:45:00Z,131099,12.83,2025-12-23T19:30:55Z,4.253,0.989,2.811
2025-12-23T20:00:00Z,131100,12.83,2025-12-23T19:45:25Z,3.941,0.986,2.813
2025-12-23T20:15:00Z,131101,12.82,2025-12-23T20:05:35Z,3.571,0.985,2.814
2025-12-23T20:30:00Z,131102,12.81,2025-12-23T20:21:35Z,3.239,0.985,2.816
2025-12-23T20:45:00Z,131103,12.81,2025-12-23T20:34:55Z,2.924,0.984,2.817
2025-12-23T21:00:00Z,131104,12.8,2025-12-23T20:56:15Z,2.627,0.982,2.818
2025-12-23T21:15:00Z,131105,12.8,2025-12-23T21:01:35Z,2.361,0.981,2.819
2025-12-23T21:30:00Z,131106,12.79,2025-12-23T21:29:35Z,2.142,0.981,2.82
2025-12-23T21:45:00Z,131107,12.8,2025-12-23T21:30:15Z,1.93,0.98,2.821
2025-12-23T22:00:00Z,131108,12.79,2025-12-23T21:48:40Z,1.6,0.991,2.822
2025-12-23T22:15:00Z,131109,12.79,2025-12-23T22:02:10Z,1.232,0.983,2.821
2025-12-23T22:30:00Z,131110,12.74,2025-12-23T22:26:00Z,0.938,0.982,2.822
2025-12-23T22:45:00Z,131111,12.78,2025-12-23T22:44:40Z,0.732,0.98,2.822
2025-12-23T23:00:00Z,131112,12.76,2025-12-23T22:57:10Z,0.638,0.976,2.823
2025-12-23T23:15:00Z,131113,12.76,2025-12-23T23:02:05Z,0.54,0.975,2.824
2025-12-23T23:30:00Z,131114,12.75,2025-12-23T23:29:35Z,0.408,0.974,2.825
2025-12-23T23:45:00Z,131115,12.76,2025-12-23T23:30:05Z,0.18,0.973,2.826
2025-12-24T00:15:00Z,131117,12.75,2025-12-24T00:02:00Z,-0.995,0.973,2.827
2025-12-24T00:30:00Z,131118,12.74,2025-12-24T00:16:05Z,-1.856,0.973,2.827
2025-12-24T00:45:00Z,131119,12.75,2025-12-24T00:31:40Z,-2.692,0.972,2.827
2025-12-24T01:00:00Z,131120,12.73,2025-12-24T00:57:05Z,-3.377,0.972,2.828
2025-12-24T01:15:00Z,131121,12.74,2025-12-24T01:14:35Z,-3.972,0.972,2.828
2025-12-24T01:30:00Z,131122,12.72,2025-12-24T01:29:35Z,-4.488,0.971,2.828
2025-12-24T01:45:00Z,131123,12.73,2025-12-24T01:34:30Z,-4.921,0.97,2.828
2025-12-24T02:00:00Z,131124,12.71,2025-12-24T01:57:10Z,-5.25,0.968,2.828
2025-12-24T02:15:00Z,131125,12.71,2025-12-24T02:14:30Z,-5.325,0.967,2.828
2025-12-24T02:30:00Z,131126,12.71,2025-12-24T02:19:50Z,-5.069,0.967,2.827
2025-12-24T02:45:00Z,131127,12.71,2025-12-24T02:32:50Z,-4.47,0.966,2.827
2025-12-24T03:00:00Z,131128,12.7,2025-12-24T02:49:10Z,-3.706,0.967,2.827
2025-12-24T03:15:00Z,131129,12.69,2025-12-24T03:02:00Z,-3.035,0.968,2.826
2025-12-24T03:30:00Z,131130,12.7,2025-12-24T03:15:05Z,-2.699,0.966,2.826
2025-12-24T03:45:00Z,131131,12.69,2025-12-24T03:31:25Z,-2.502,0.966,2.825
2025-12-24T04:00:00Z,131132,12.69,2025-12-24T03:57:15Z,-2.548,0.966,2.825
2025-12-24T04:15:00Z,131133,12.69,2025-12-24T04:02:05Z,-2.616,0.965,2.824
2025-12-24T04:30:00Z,131134,12.68,2025-12-24T04:29:35Z,-2.56,0.964,2.823
2025-12-24T04:45:00Z,131135,12.68,2025-12-24T04:30:30Z,-2.38,0.963,2.823
2025-12-24T05:00:00Z,131136,12.66,2025-12-24T04:57:05Z,-2.178,0.961,2.822
2025-12-24T05:15:00Z,131137,12.68,2025-12-24T05:10:05Z,-2.001,0.96,2.821
2025-12-24T05:30:00Z,131138,12.67,2025-12-24T05:26:50Z,-1.802,0.96,2.82
2025-12-24T05:45:00Z,131139,12.66,2025-12-24T05:39:25Z,-1.531,0.958,2.82
2025-12-24T06:00:00Z,131140,12.66,2025-12-24T05:46:05Z,-1.447,0.957,2.819
2025-12-24T06:15:00Z,131141,12.65,2025-12-24T06:02:00Z,-1.812,0.958,2.818
2025-12-24T06:30:00Z,131142,12.65,2025-12-24T06:29:35Z,-2.325,0.959,2.817
2025-12-24T06:45:00Z,131143,12.65,2025-12-24T06:33:40Z,-2.851,0.959,2.816
2025-12-24T07:00:00Z,131144,12.64,2025-12-24T06:57:05Z,-3.228,0.958,2.815
2025-12-24T07:15:00Z,131145,12.64,2025-12-24T07:02:00Z,-3.436,0.958,2.814
2025-12-24T07:30:00Z,131146,12.63,2025-12-24T07:29:30Z,-3.566,0.958,2.814
2025-12-24T07:45:00Z,131147,12.64,2025-12-24T07:35:25Z,-3.752,0.96,2.813
2025-12-24T08:00:00Z,131148,12.63,2025-12-24T07:57:10Z,-4.103,0.961,2.812
2025-12-24T08:15:00Z,131149,12.63,2025-12-24T08:02:05Z,-4.552,0.961,2.811
2025-12-24T08:30:00Z,131150,12.64,2025-12-24T08:18:20Z,-4.818,0.963,2.81
2025-12-24T08:45:00Z,131151,12.66,2025-12-24T08:31:40Z,-4.546,0.963,2.809
2025-12-24T09:00:00Z,131152,12.66,2025-12-24T08:57:00Z,-3.928,0.963,2.808
2025-12-24T09:15:00Z,131153,12.67,2025-12-24T09:02:00Z,-3.186,0.964,2.808
2025-12-24T09:30:00Z,131154,12.73,2025-12-24T09:15:05Z,-2.388,0.964,2.807
2025-12-24T09:45:00Z,131155,12.81,2025-12-24T09:30:05Z,-1.556,0.964,2.807
2025-12-24T10:00:00Z,131156,12.83,2025-12-24T09:45:20Z,-0.952,0.964,2.806
2025-12-24T10:15:00Z,131157,12.85,2025-12-24T10:00:05Z,-0.519,0.965,2.806
2025-12-24T10:30:00Z,131158,12.92,2025-12-24T10:15:05Z,-0.157,0.963,2.806
2025-12-24T10:45:00Z,131159,13.07,2025-12-24T10:31:05Z,0.247,0.963,2.806
2025-12-24T11:00:00Z,131160,13.15,2025-12-24T10:57:00Z,0.724,0.965,2.806
2025-12-24T11:15:00Z,131161,13.13,2025-12-24T11:05:05Z,1.081,0.964,2.806
2025-12-24T11:30:00Z,131162,13.18,2025-12-24T11:16:00Z,1.322,0.964,2.806
2025-12-24T11:45:00Z,131163,13.2,2025-12-24T11:32:25Z,1.572,0.963,2.806
2025-12-24T12:00:00Z,131164,13.17,2025-12-24T11:57:15Z,1.856,0.964,2.805
2025-12-24T12:15:00Z,131165,13.2,2025-12-24T12:00:10Z,2.137,0.966,2.805
2025-12-24T12:30:00Z,131166,13.3,2025-12-24T12:20:25Z,2.406,0.973,2.805
2025-12-24T12:45:00Z,131167,13.48,2025-12-24T12:45:00Z,2.806,0.969,2.807
2025-12-24T13:00:00Z,131168,13.37,2025-12-24T12:59:55Z,3.352,0.972,2.805
2025-12-24T13:15:00Z,131169,13.29,2025-12-24T13:15:00Z,3.679,0.972,2.804
2025-12-24T13:30:00Z,131170,13.23,2025-12-24T13:29:30Z,3.79,0.972,2.803
2025-12-24T13:45:00Z,131171,13.24,2025-12-24T13:30:05Z,3.794,0.972,2.803
2025-12-24T14:00:00Z,131172,13.26,2025-12-24T13:57:00Z,3.768,0.972,2.803
2025-12-24T14:15:00Z,131173,13.25,2025-12-24T14:14:35Z,3.784,0.975,2.802
2025-12-24T14:30:00Z,131174,13.21,2025-12-24T14:29:35Z,3.78,0.975,2.802
2025-12-24T14:45:00Z,131175,13.21,2025-12-24T14:39:25Z,3.719,0.975,2.802
2025-12-24T15:00:00Z,131176,13.24,2025-12-24T14:45:05Z,3.66,0.976,2.802
2025-12-24T15:15:00Z,131177,13.2,2025-12-24T15:14:10Z,3.727,0.976,2.802
2025-12-24T15:30:00Z,131178,13.13,2025-12-24T15:29:30Z,3.832,0.975,2.802
2025-12-24T15:45:00Z,131179,13.06,2025-12-24T15:44:45Z,3.858,0.976,2.802
2025-12-24T16:00:00Z,131180,13.01,2025-12-24T15:59:40Z,3.734,0.975,2.801
2025-12-24T16:15:00Z,131181,12.98,2025-12-24T16:14:00Z,3.534,0.975,2.801
2025-12-24T16:30:00Z,131182,12.93,2025-12-24T16:29:40Z,3.315,0.974,2.801
2025-12-24T16:45:00Z,131183,12.9,2025-12-24T16:45:00Z,3.103,0.974,2.802
2025-12-24T17:00:00Z,131184,12.87,2025-12-24T16:57:00Z,2.902,0.976,2.802
2025-12-24T17:15:00Z,131185,12.86,2025-12-24T17:14:50Z,2.684,0.976,2.803
2025-12-24T17:30:00Z,131186,12.84,2025-12-24T17:29:30Z,2.483,0.975,2.804
2025-12-24T17:45:00Z,131187,12.84,2025-12-24T17:44:45Z,2.329,0.977,2.804
2025-12-24T18:00:00Z,131188,12.83,2025-12-24T17:57:00Z,2.19,0.977,2.806
2025-12-24T18:15:00Z,131189,12.83,2025-12-24T18:11:55Z,2.041,0.977,2.807
2025-12-24T18:30:00Z,131190,12.81,2025-12-24T18:29:30Z,1.929,0.979,2.808
2025-12-24T18:45:00Z,131191,12.77,2025-12-24T18:36:10Z,1.814,0.978,2.808
2025-12-24T19:00:00Z,131192,12.79,2025-12-24T18:57:00Z,1.743,0.979,2.809
2025-12-24T19:15:00Z,131193,12.79,2025-12-24T19:02:05Z,1.708,0.978,2.81
2025-12-24T19:30:00Z,131194,12.79,2025-12-24T19:27:30Z,1.674,0.979,2.812
2025-12-24T19:45:00Z,131195,12.79,2025-12-24T19:39:45Z,1.657,0.978,2.814
2025-12-24T20:00:00Z,131196,12.78,2025-12-24T19:58:05Z,1.726,0.978,2.815
2025-12-24T20:15:00Z,131197,12.78,2025-12-24T20:13:30Z,1.802,0.976,2.817
2025-12-24T20:30:00Z,131198,12.76,2025-12-24T20:29:30Z,1.841,0.98,2.818
2025-12-24T20:45:00Z,131199,12.77,2025-12-24T20:39:40Z,1.893,0.979,2.819
2025-12-24T21:00:00Z,131200,12.74,2025-12-24T20:57:00Z,2.108,0.978,2.821
2025-12-24T21:15:00Z,131201,12.75,2025-12-24T21:06:20Z,2.403,0.98,2.822
2025-12-24T21:30:00Z,131202,12.74,2025-12-24T21:28:00Z,2.619,0.979,2.823
2025-12-24T21:45:00Z,131203,12.74,2025-12-24T21:42:30Z,2.815,0.978,2.824
2025-12-24T22:00:00Z,131204,12.73,2025-12-24T21:59:40Z,3.041,0.979,2.825
2025-12-24T22:15:00Z,131205,12.73,2025-12-24T22:13:00Z,3.1,0.979,2.826
2025-12-24T22:30:00Z,131206,12.71,2025-12-24T22:29:30Z,3.094,0.98,2.827
2025-12-24T22:45:00Z,131207,12.72,2025-12-24T22:37:10Z,3.116,0.98,2.828
2025-12-24T23:00:00Z,131208,12.71,2025-12-24T22:57:00Z,3.155,0.982,2.829
2025-12-24T23:15:00Z,131209,12.69,2025-12-24T23:02:00Z,3.174,0.979,2.829
2025-12-24T23:30:00Z,131210,12.69,2025-12-24T23:24:05Z,3.202,0.98,2.83
2025-12-24T23:45:00Z,131211,12.69,2025-12-24T23:36:50Z,3.218,0.986,2.831
2025-12-25T00:15:00Z,131213,12.67,2025-12-25T00:02:10Z,3.273,0.981,2.833
2025-12-25T00:30:00Z,131214,12.66,2025-12-25T00:29:30Z,3.318,0.981,2.834
2025-12-25T00:45:00Z,131215,12.66,2025-12-25T00:42:10Z,3.393,0.981,2.834
2025-12-25T01:00:00Z,131216,12.66,2025-12-25T00:47:30Z,3.48,0.98,2.835
2025-12-25T01:15:00Z,131217,12.66,2025-12-25T01:00:50Z,3.544,0.981,2.836
2025-12-25T01:30:00Z,131218,12.64,2025-12-25T01:27:30Z,3.599,0.982,2.836
2025-12-25T01:45:00Z,131219,12.65,2025-12-25T01:30:10Z,3.641,0.982,2.837
2025-12-25T02:00:00Z,131220,12.63,2025-12-25T01:56:05Z,3.691,0.983,2.838
2025-12-25T02:15:00Z,131221,12.63,2025-12-25T02:01:55Z,3.723,0.981,2.838
2025-12-25T02:30:00Z,131222,12.64,2025-12-25T02:19:35Z,3.787,0.979,2.839
2025-12-25T02:45:00Z,131223,12.64,2025-12-25T02:30:05Z,3.94,0.979,2.839
2025-12-25T03:00:00Z,131224,12.63,2025-12-25T02:49:25Z,4.112,0.979,2.84
2025-12-25T03:15:00Z,131225,12.63,2025-12-25T03:00:10Z,4.286,0.981,2.841
2025-12-25T03:30:00Z,131226,12.63,2025-12-25T03:23:35Z,4.4,0.982,2.841
2025-12-25T03:45:00Z,131227,12.62,2025-12-25T03:38:00Z,4.428,0.982,2.842
2025-12-25T04:00:00Z,131228,12.62,2025-12-25T03:46:05Z,4.406,0.983,2.842
2025-12-25T04:15:00Z,131229,12.62,2025-12-25T04:01:55Z,4.344,0.984,2.842
2025-12-25T04:30:00Z,131230,12.61,2025-12-25T04:29:35Z,4.272,0.984,2.843
2025-12-25T04:45:00Z,131231,12.62,2025-12-25T04:30:05Z,4.209,0.984,2.843
2025-12-25T05:00:00Z,131232,12.62,2025-12-25T04:53:05Z,4.157,0.983,2.844
2025-12-25T05:15:00Z,131233,12.62,2025-12-25T05:02:05Z,4.097,0.985,2.845
2025-12-25T05:30:00Z,131234,12.61,2025-12-25T05:29:30Z,4.071,0.983,2.846
2025-12-25T05:45:00Z,131235,12.61,2025-12-25T05:33:55Z,4.064,0.981,2.846
2025-12-25T06:00:00Z,131236,12.61,2025-12-25T05:45:30Z,4.026,0.983,2.847
2025-12-25T06:15:00Z,131237,12.61,2025-12-25T06:11:05Z,3.958,0.98,2.848
2025-12-25T06:30:00Z,131238,12.61,2025-12-25T06:16:25Z,3.858,0.98,2.848
2025-12-25T06:45:00Z,131239,12.6,2025-12-25T06:35:05Z,3.672,0.978,2.849
2025-12-25T07:00:00Z,131240,12.6,2025-12-25T06:48:25Z,3.288,0.978,2.85
2025-12-25T07:15:00Z,131241,12.6,2025-12-25T07:01:45Z,2.856,0.98,2.851
2025-12-25T07:30:00Z,131242,12.6,2025-12-25T07:29:30Z,2.454,0.981,2.851
2025-12-25T07:45:00Z,131243,12.6,2025-12-25T07:33:45Z,2.08,0.983,2.852
2025-12-25T08:00:00Z,131244,12.59,2025-12-25T07:57:05Z,1.695,0.983,2.852
2025-12-25T08:15:00Z,131245,12.6,2025-12-25T08:05:45Z,1.371,0.984,2.853
2025-12-25T08:30:00Z,131246,12.6,2025-12-25T08:16:00Z,1.152,0.984,2.854
2025-12-25T08:45:00Z,131247,12.61,2025-12-25T08:30:05Z,1.001,0.983,2.855
2025-12-25T09:00:00Z,131248,12.62,2025-12-25T08:45:05Z,0.912,0.984,2.855
2025-12-25T09:15:00Z,131249,12.63,2025-12-25T09:00:35Z,0.923,0.981,2.856
2025-12-25T09:30:00Z,131250,12.67,2025-12-25T09:18:35Z,1.13,0.982,2.857
2025-12-25T09:45:00Z,131251,12.69,2025-12-25T09:30:10Z,1.393,0.981,2.858
2025-12-25T10:00:00Z,131252,12.73,2025-12-25T09:45:05Z,1.625,0.982,2.859
2025-12-25T10:15:00Z,131253,12.76,2025-12-25T10:00:05Z,1.845,0.983,2.86
2025-12-25T10:30:00Z,131254,12.84,2025-12-25T10:15:05Z,2.099,0.983,2.861
2025-12-25T10:45:00Z,131255,12.98,2025-12-25T10:30:05Z,2.773,0.985,2.862
2025-12-25T11:00:00Z,131256,12.95,2025-12-25T10:59:35Z,3.425,0.985,2.863
2025-12-25T11:15:00Z,131257,12.93,2025-12-25T11:02:05Z,3.83,1.051,2.86
2025-12-25T11:30:00Z,131258,12.99,2025-12-25T11:28:05Z,4.089,0.993,2.845
2025-12-25T11:45:00Z,131259,12.99,2025-12-25T11:30:45Z,4.416,0.985,2.847
2025-12-25T12:00:00Z,131260,13.04,2025-12-25T11:57:05Z,4.955,1.004,2.85
2025-12-25T12:15:00Z,131261,13.07,2025-12-25T12:00:05Z,5.504,0.988,2.853
2025-12-25T12:30:00Z,131262,13.29,2025-12-25T12:18:15Z,5.997,0.989,2.857
2025-12-25T12:45:00Z,131263,13.4,2025-12-25T12:30:30Z,6.561,0.989,2.86
2025-12-25T13:00:00Z,131264,13.34,2025-12-25T13:00:00Z,7.074,1.007,2.862
2025-12-25T13:15:00Z,131265,13.18,2025-12-25T13:14:45Z,7.317,0.995,2.859
2025-12-25T13:30:00Z,131266,13.18,2025-12-25T13:15:35Z,7.236,0.992,2.859
2025-12-25T13:45:00Z,131267,13.28,2025-12-25T13:33:15Z,7.187,0.989,2.861
2025-12-25T14:00:00Z,131268,13.25,2025-12-25T13:54:35Z,7.274,0.99,2.863
2025-12-25T14:15:00Z,131269,13.2,2025-12-25T14:14:55Z,7.36,0.991,2.865
2025-12-25T14:30:00Z,131270,13.16,2025-12-25T14:28:15Z,7.166,1.032,2.862
2025-12-25T14:45:00Z,131271,13.14,2025-12-25T14:43:15Z,6.849,0.995,2.857
2025-12-25T15:00:00Z,131272,13.05,2025-12-25T14:57:00Z,6.577,0.993,2.859
2025-12-25T15:15:00Z,131273,13.01,2025-12-25T15:13:05Z,6.346,0.993,2.861
2025-12-25T15:30:00Z,131274,12.99,2025-12-25T15:26:10Z,6.099,0.992,2.863
2025-12-25T15:45:00Z,131275,12.99,2025-12-25T15:37:15Z,5.85,0.993,2.865
2025-12-25T16:00:00Z,131276,13.01,2025-12-25T15:45:15Z,5.581,0.995,2.867
2025-12-25T16:15:00Z,131277,13.03,2025-12-25T16:10:45Z,5.235,0.992,2.869
2025-12-25T16:30:00Z,131278,12.99,2025-12-25T16:28:35Z,4.826,0.99,2.87
2025-12-25T16:45:00Z,131279,12.96,2025-12-25T16:44:40Z,4.466,0.992,2.872
2025-12-25T17:00:00Z,131280,12.9,2025-12-25T16:59:55Z,4.14,0.994,2.873
2025-12-25T17:15:00Z,131281,12.87,2025-12-25T17:14:20Z,3.754,0.993,2.874
2025-12-25T17:30:00Z,131282,12.85,2025-12-25T17:27:05Z,3.331,0.993,2.875
2025-12-25T17:45:00Z,131283,12.84,2025-12-25T17:40:55Z,2.908,1.031,2.876
2025-12-25T18:00:00Z,131284,12.83,2025-12-25T17:58:35Z,2.485,1.006,2.871
2025-12-25T18:15:00Z,131285,12.82,2025-12-25T18:12:55Z,2.175,0.994,2.871
2025-12-25T18:30:00Z,131286,12.8,2025-12-25T18:29:35Z,1.966,0.994,2.875
2025-12-25T18:45:00Z,131287,12.81,2025-12-25T18:42:15Z,1.819,0.994,2.878
2025-12-25T19:00:00Z,131288,12.77,2025-12-25T18:51:45Z,1.673,0.993,2.881
2025-12-25T19:15:00Z,131289,12.78,2025-12-25T19:11:35Z,1.542,0.994,2.884
2025-12-25T19:30:00Z,131290,12.79,2025-12-25T19:23:25Z,1.435,0.993,2.886
2025-12-25T19:45:00Z,131291,12.78,2025-12-25T19:38:15Z,1.33,0.994,2.888
2025-12-25T20:00:00Z,131292,12.77,2025-12-25T19:57:00Z,1.148,0.993,2.891
2025-12-25T20:15:00Z,131293,12.77,2025-12-25T20:09:10Z,0.971,0.993,2.892
2025-12-25T20:30:00Z,131294,12.76,2025-12-25T20:16:10Z,0.836,0.992,2.894
2025-12-25T20:45:00Z,131295,12.76,2025-12-25T20:39:45Z,0.711,1.024,2.895
2025-12-25T21:00:00Z,131296,12.75,2025-12-25T20:59:55Z,0.566,1.026,2.887
2025-12-25T21:15:00Z,131297,12.74,2025-12-25T21:09:00Z,0.409,0.993,2.885
2025-12-25T21:30:00Z,131298,12.73,2025-12-25T21:29:30Z,0.202,0.991,2.888
2025-12-25T21:45:00Z,131299,12.73,2025-12-25T21:43:00Z,-0.078,0.991,2.892
2025-12-25T22:00:00Z,131300,12.71,2025-12-25T21:57:00Z,-0.339,0.989,2.894
2025-12-25T22:15:00Z,131301,12.71,2025-12-25T22:06:15Z,-0.576,0.991,2.896
2025-12-25T22:30:00Z,131302,12.71,2025-12-25T22:23:55Z,-0.816,0.994,2.897
2025-12-25T22:45:00Z,131303,12.7,2025-12-25T22:43:30Z,-0.992,0.996,2.898
2025-12-25T23:00:00Z,131304,12.68,2025-12-25T22:57:00Z,-1.134,0.997,2.898
2025-12-25T23:15:00Z,131305,12.68,2025-12-25T23:02:15Z,-1.27,1.002,2.898
2025-12-25T23:30:00Z,131306,12.68,2025-12-25T23:29:55Z,-1.314,1,2.897
2025-12-25T23:45:00Z,131307,12.67,2025-12-25T23:41:25Z,-1.246,1.003,2.897
2025-12-26T00:15:00Z,131309,12.65,2025-12-26T00:01:55Z,-0.786,1.005,2.896
2025-12-26T00:30:00Z,131310,12.64,2025-12-26T00:29:30Z,-0.579,1.005,2.896
2025-12-26T00:45:00Z,131311,12.64,2025-12-26T00:35:10Z,-0.388,1,2.895
2025-12-26T01:00:00Z,131312,12.64,2025-12-26T00:45:50Z,-0.208,0.996,2.895
2025-12-26T01:15:00Z,131313,12.63,2025-12-26T01:01:55Z,-0.039,0.997,2.894
2025-12-26T01:30:00Z,131314,12.63,2025-12-26T01:16:15Z,0.118,0.993,2.893
2025-12-26T01:45:00Z,131315,12.63,2025-12-26T01:36:15Z,0.23,0.994,2.892
2025-12-26T02:00:00Z,131316,12.61,2025-12-26T01:45:45Z,0.296,0.994,2.891
2025-12-26T02:15:00Z,131317,12.61,2025-12-26T02:01:55Z,0.352,0.994,2.889
2025-12-26T02:30:00Z,131318,12.6,2025-12-26T02:26:00Z,0.392,0.993,2.888
2025-12-26T02:45:00Z,131319,12.61,2025-12-26T02:34:30Z,0.423,0.993,2.887
2025-12-26T03:00:00Z,131320,12.6,2025-12-26T02:52:55Z,0.448,0.994,2.885
2025-12-26T03:15:00Z,131321,12.58,2025-12-26T03:01:55Z,0.484,0.995,2.884
2025-12-26T03:30:00Z,131322,12.59,2025-12-26T03:29:20Z,0.509,0.993,2.882
2025-12-26T03:45:00Z,131323,12.59,2025-12-26T03:30:05Z,0.553,0.994,2.881
2025-12-26T04:00:00Z,131324,12.58,2025-12-26T03:57:00Z,0.61,0.995,2.879
2025-12-26T04:15:00Z,131325,12.57,2025-12-26T04:01:55Z,0.656,0.996,2.878
2025-12-26T04:30:00Z,131326,12.57,2025-12-26T04:29:35Z,0.689,0.999,2.876
2025-12-26T04:45:00Z,131327,12.58,2025-12-26T04:30:10Z,0.62,0.998,2.875
2025-12-26T05:00:00Z,131328,12.57,2025-12-26T04:52:30Z,0.525,0.998,2.874
2025-12-26T05:15:00Z,131329,12.56,2025-12-26T05:01:55Z,0.535,0.999,2.872
2025-12-26T05:30:00Z,131330,12.53,2025-12-26T05:29:40Z,0.601,0.999,2.871
2025-12-26T05:45:00Z,131331,12.57,2025-12-26T05:31:05Z,0.602,0.999,2.87
2025-12-26T06:00:00Z,131332,12.56,2025-12-26T05:50:45Z,0.486,1.001,2.869
2025-12-26T06:15:00Z,131333,12.52,2025-12-26T06:01:55Z,0.458,1.002,2.868
2025-12-26T06:30:00Z,131334,12.56,2025-12-26T06:20:05Z,0.439,1.002,2.866
2025-12-26T06:45:00Z,131335,12.56,2025-12-26T06:30:45Z,0.412,1.002,2.865
2025-12-26T07:00:00Z,131336,12.55,2025-12-26T06:54:45Z,0.394,1.011,2.864
2025-12-26T07:15:00Z,131337,12.55,2025-12-26T07:01:55Z,0.396,1.004,2.862
2025-12-26T07:30:00Z,131338,12.51,2025-12-26T07:29:40Z,0.379,1.004,2.861
2025-12-26T07:45:00Z,131339,12.56,2025-12-26T07:32:30Z,0.357,1.006,2.86
2025-12-26T08:00:00Z,131340,12.56,2025-12-26T07:45:05Z,0.354,1.003,2.86
2025-12-26T08:15:00Z,131341,12.55,2025-12-26T08:01:55Z,0.376,1.003,2.859
2025-12-26T08:30:00Z,131342,12.55,2025-12-26T08:28:05Z,0.41,1.003,2.858
2025-12-26T08:45:00Z,131343,12.55,2025-12-26T08:30:20Z,0.451,1.004,2.858
2025-12-26T09:00:00Z,131344,12.55,2025-12-26T08:45:10Z,0.493,1.005,2.857
2025-12-26T09:15:00Z,131345,12.53,2025-12-26T09:01:55Z,0.513,1.006,2.856
2025-12-26T09:30:00Z,131346,12.55,2025-12-26T09:15:05Z,0.537,1.008,2.856
2025-12-26T09:45:00Z,131347,12.55,2025-12-26T09:33:50Z,0.555,1.008,2.855
2025-12-26T10:00:00Z,131348,12.55,2025-12-26T09:55:55Z,0.579,1.007,2.854
2025-12-26T10:15:00Z,131349,12.54,2025-12-26T10:01:55Z,0.613,1.007,2.854
2025-12-26T10:30:00Z,131350,12.55,2025-12-26T10:18:05Z,0.657,1.009,2.853
2025-12-26T10:45:00Z,131351,12.55,2025-12-26T10:30:10Z,0.707,1.012,2.853
2025-12-26T11:00:00Z,131352,12.55,2025-12-26T10:46:15Z,0.785,1.014,2.852
2025-12-26T11:15:00Z,131353,12.55,2025-12-26T11:01:55Z,0.921,1.013,2.851
2025-12-26T11:30:00Z,131354,12.55,2025-12-26T11:29:35Z,1.132,1.02,2.851
2025-12-26T11:45:00Z,131355,12.56,2025-12-26T11:30:05Z,1.378,1.017,2.849
2025-12-26T12:00:00Z,131356,12.55,2025-12-26T11:46:20Z,1.629,1.017,2.848
2025-12-26T12:15:00Z,131357,12.54,2025-12-26T12:01:55Z,1.912,1.017,2.848
2025-12-26T12:30:00Z,131358,12.55,2025-12-26T12:15:40Z,2.163,1.016,2.847
2025-12-26T12:45:00Z,131359,12.56,2025-12-26T12:30:05Z,2.409,1.018,2.847
2025-12-26T13:00:00Z,131360,12.57,2025-12-26T12:45:10Z,2.68,1.018,2.847
2025-12-26T13:15:00Z,131361,12.61,2025-12-26T13:01:55Z,2.995,1.019,2.847
2025-12-26T13:30:00Z,131362,12.62,2025-12-26T13:29:35Z,3.366,1.019,2.846
2025-12-26T13:45:00Z,131363,12.61,2025-12-26T13:42:30Z,3.715,1.019,2.846
2025-12-26T14:00:00Z,131364,12.6,2025-12-26T13:57:05Z,4.02,1.019,2.845
2025-12-26T14:15:00Z,131365,12.59,2025-12-26T14:01:55Z,4.367,1.02,2.845
2025-12-26T14:30:00Z,131366,12.59,2025-12-26T14:24:35Z,4.814,1.019,2.845
2025-12-26T14:45:00Z,131367,12.61,2025-12-26T14:30:05Z,5.33,1.02,2.845
2025-12-26T15:00:00Z,131368,12.6,2025-12-26T14:59:15Z,5.842,1.021,2.844
2025-12-26T15:15:00Z,131369,12.58,2025-12-26T15:02:05Z,6.17,1.018,2.844
2025-12-26T15:30:00Z,131370,12.58,2025-12-26T15:27:10Z,6.274,1.019,2.844
2025-12-26T15:45:00Z,131371,12.57,2025-12-26T15:40:40Z,6.169,1.019,2.844
2025-12-26T16:00:00Z,131372,12.57,2025-12-26T15:45:15Z,5.984,1.019,2.844
2025-12-26T16:15:00Z,131373,12.55,2025-12-26T16:01:55Z,5.779,1.019,2.844
2025-12-26T16:30:00Z,131374,12.55,2025-12-26T16:20:45Z,5.606,1.019,2.844
2025-12-26T16:45:00Z,131375,12.55,2025-12-26T16:30:05Z,5.479,1.021,2.844
2025-12-26T17:00:00Z,131376,12.53,2025-12-26T16:57:05Z,5.388,1.032,2.845
2025-12-26T17:15:00Z,131377,12.53,2025-12-26T17:02:00Z,5.314,1.025,2.844
2025-12-26T17:30:00Z,131378,12.54,2025-12-26T17:17:55Z,5.258,1.022,2.844
2025-12-26T17:45:00Z,131379,12.53,2025-12-26T17:39:15Z,5.214,1.021,2.845
2025-12-26T18:00:00Z,131380,12.53,2025-12-26T17:49:55Z,5.184,1.02,2.847
2025-12-26T18:15:00Z,131381,12.53,2025-12-26T18:01:55Z,5.16,1.021,2.848
2025-12-26T18:30:00Z,131382,12.53,2025-12-26T18:27:15Z,5.143,1.02,2.85
2025-12-26T18:45:00Z,131383,12.53,2025-12-26T18:32:35Z,5.129,1.02,2.851
2025-12-26T19:00:00Z,131384,12.53,2025-12-26T18:45:55Z,5.103,1.021,2.853
2025-12-26T19:15:00Z,131385,12.51,2025-12-26T19:02:05Z,5.05,1.021,2.855
2025-12-26T19:30:00Z,131386,12.53,2025-12-26T19:15:15Z,4.985,1.02,2.857
2025-12-26T19:45:00Z,131387,12.53,2025-12-26T19:30:35Z,4.915,1.019,2.859
2025-12-26T20:00:00Z,131388,12.53,2025-12-26T19:45:05Z,4.815,1.019,2.861
2025-12-26T20:15:00Z,131389,12.52,2025-12-26T20:01:55Z,4.687,1.03,2.862
2025-12-26T20:30:00Z,131390,12.52,2025-12-26T20:29:35Z,4.558,1.021,2.864
2025-12-26T20:45:00Z,131391,12.52,2025-12-26T20:39:10Z,4.446,1.02,2.867
2025-12-26T21:00:00Z,131392,12.53,2025-12-26T20:45:20Z,4.361,1.02,2.87
2025-12-26T21:15:00Z,131393,12.53,2025-12-26T21:00:05Z,4.301,1.021,2.873
2025-12-26T21:30:00Z,131394,12.52,2025-12-26T21:29:35Z,4.257,1.021,2.876
2025-12-26T21:45:00Z,131395,12.52,2025-12-26T21:32:15Z,4.211,1.022,2.879
2025-12-26T22:00:00Z,131396,12.52,2025-12-26T21:51:05Z,4.161,1.022,2.882
2025-12-26T22:15:00Z,131397,12.51,2025-12-26T22:01:55Z,4.088,1.022,2.885
2025-12-26T22:30:00Z,131398,12.52,2025-12-26T22:18:50Z,4.032,1.021,2.888
2025-12-26T22:45:00Z,131399,12.52,2025-12-26T22:30:05Z,3.976,1.022,2.891
2025-12-26T23:00:00Z,131400,12.51,2025-12-26T22:57:05Z,3.908,1.022,2.895
2025-12-26T23:15:00Z,131401,12.52,2025-12-26T23:01:55Z,3.798,1.021,2.898
2025-12-26T23:30:00Z,131402,12.51,2025-12-26T23:29:30Z,3.69,1.021,2.902
2025-12-26T23:45:00Z,131403,12.52,2025-12-26T23:30:05Z,3.598,1.024,2.906
2025-12-27T00:15:00Z,131405,12.51,2025-12-27T00:01:55Z,3.406,1.025,2.914
2025-12-27T00:30:00Z,131406,12.51,2025-12-27T00:25:30Z,3.307,1.023,2.918
2025-12-27T00:45:00Z,131407,12.5,2025-12-27T00:41:30Z,3.206,1.024,2.922
2025-12-27T01:00:00Z,131408,12.5,2025-12-27T00:49:30Z,3.111,1.026,2.927
2025-12-27T01:15:00Z,131409,12.5,2025-12-27T01:01:55Z,3.019,1.024,2.932
2025-12-27T01:30:00Z,131410,12.51,2025-12-27T01:25:25Z,2.913,1.027,2.937
2025-12-27T01:45:00Z,131411,12.5,2025-12-27T01:35:45Z,2.818,1.027,2.942
2025-12-27T02:00:00Z,131412,12.51,2025-12-27T01:46:10Z,2.738,1.026,2.948
2025-12-27T02:15:00Z,131413,12.5,2025-12-27T02:02:00Z,2.663,1.026,2.953
2025-12-27T02:30:00Z,131414,12.49,2025-12-27T02:29:30Z,2.577,1.024,2.959
2025-12-27T02:45:00Z,131415,12.5,2025-12-27T02:30:05Z,2.491,1.025,2.965
2025-12-27T03:00:00Z,131416,12.5,2025-12-27T02:57:00Z,2.433,1.027,2.971
2025-12-27T03:15:00Z,131417,12.49,2025-12-27T03:01:55Z,2.38,1.028,2.977
2025-12-27T03:30:00Z,131418,12.49,2025-12-27T03:26:20Z,2.328,1.028,2.984
2025-12-27T03:45:00Z,131419,12.5,2025-12-27T03:30:05Z,2.291,1.029,2.99
2025-12-27T04:00:00Z,131420,12.49,2025-12-27T03:57:05Z,2.257,1.03,2.997
2025-12-27T04:15:00Z,131421,12.5,2025-12-27T04:02:00Z,2.228,1.03,3.004
2025-12-27T04:30:00Z,131422,12.5,2025-12-27T04:21:30Z,2.19,1.03,3.011
2025-12-27T04:45:00Z,131423,12.5,2025-12-27T04:31:35Z,2.158,1.031,3.018
2025-12-27T05:00:00Z,131424,12.5,2025-12-27T04:45:25Z,2.124,1.031,3.026
2025-12-27T05:15:00Z,131425,12.48,2025-12-27T05:01:55Z,2.098,1.031,3.033
2025-12-27T05:30:00Z,131426,12.48,2025-12-27T05:29:35Z,2.077,1.031,3.041
2025-12-27T05:45:00Z,131427,12.49,2025-12-27T05:30:25Z,2.055,1.031,3.049
2025-12-27T06:00:00Z,131428,12.48,2025-12-27T05:51:45Z,2.026,1.03,3.057
2025-12-27T06:15:00Z,131429,12.48,2025-12-27T06:02:00Z,1.998,1.03,3.065
2025-12-27T06:30:00Z,131430,12.48,2025-12-27T06:23:45Z,1.96,1.031,3.073
2025-12-27T06:45:00Z,131431,12.48,2025-12-27T06:42:25Z,1.911,1.029,3.08
2025-12-27T07:00:00Z,131432,12.48,2025-12-27T06:53:05Z,1.86,1.03,3.088
2025-12-27T07:15:00Z,131433,12.47,2025-12-27T07:01:55Z,1.816,1.035,3.096
2025-12-27T07:30:00Z,131434,12.48,2025-12-27T07:15:35Z,1.76,1.031,3.104
2025-12-27T07:45:00Z,131435,12.48,2025-12-27T07:30:05Z,1.696,1.031,3.112
2025-12-27T08:00:00Z,131436,12.48,2025-12-27T07:58:30Z,1.643,1.032,3.12
2025-12-27T08:15:00Z,131437,12.48,2025-12-27T08:06:20Z,1.585,1.032,3.128
2025-12-27T08:30:00Z,131438,12.48,2025-12-27T08:16:30Z,1.536,1.033,3.136
2025-12-27T08:45:00Z,131439,12.48,2025-12-27T08:37:55Z,1.508,1.034,3.144
2025-12-27T09:00:00Z,131440,12.48,2025-12-27T08:45:10Z,1.517,1.034,3.152
2025-12-27T09:15:00Z,131441,12.46,2025-12-27T09:02:00Z,1.543,1.034,3.16
2025-12-27T09:30:00Z,131442,12.48,2025-12-27T09:29:40Z,1.543,1.034,3.167
2025-12-27T09:45:00Z,131443,12.49,2025-12-27T09:30:05Z,1.53,1.033,3.175
2025-12-27T10:00:00Z,131444,12.5,2025-12-27T09:57:10Z,1.493,1.035,3.183
2025-12-27T10:15:00Z,131445,12.52,2025-12-27T10:10:25Z,1.469,1.034,3.191
2025-12-27T10:30:00Z,131446,12.52,2025-12-27T10:15:40Z,1.442,1.033,3.198
2025-12-27T10:45:00Z,131447,12.53,2025-12-27T10:30:05Z,1.421,1.035,3.206
2025-12-27T11:00:00Z,131448,12.53,2025-12-27T10:57:00Z,1.4,1.031,3.213
2025-12-27T11:15:00Z,131449,12.52,2025-12-27T11:07:20Z,1.369,1.032,3.22
2025-12-27T11:30:00Z,131450,12.55,2025-12-27T11:18:40Z,1.335,1.035,3.228
2025-12-27T11:45:00Z,131451,12.57,2025-12-27T11:30:05Z,1.351,1.039,3.235
2025-12-27T12:00:00Z,131452,12.6,2025-12-27T11:57:05Z,1.468,1.041,3.242
2025-12-27T12:15:00Z,131453,12.61,2025-12-27T12:02:15Z,1.642,1.041,3.249
2025-12-27T12:30:00Z,131454,12.6,2025-12-27T12:30:00Z,1.784,1.04,3.256
2025-12-27T12:45:00Z,131455,12.57,2025-12-27T12:43:20Z,1.897,1.04,3.263
2025-12-27T13:00:00Z,131456,12.56,2025-12-27T12:59:20Z,1.998,1.039,3.269
2025-12-27T13:15:00Z,131457,12.55,2025-12-27T13:01:55Z,2.073,1.041,3.276
2025-12-27T13:30:00Z,131458,12.57,2025-12-27T13:15:20Z,2.153,1.042,3.282
2025-12-27T13:45:00Z,131459,12.56,2025-12-27T13:44:45Z,2.22,1.042,3.289
2025-12-27T14:00:00Z,131460,12.54,2025-12-27T13:59:50Z,2.251,1.042,3.295
2025-12-27T14:15:00Z,131461,12.53,2025-12-27T14:02:00Z,2.283,1.043,3.302
2025-12-27T14:30:00Z,131462,12.55,2025-12-27T14:29:30Z,2.327,1.044,3.308
2025-12-27T14:45:00Z,131463,12.53,2025-12-27T14:35:55Z,2.318,1.043,3.315
2025-12-27T15:00:00Z,131464,12.52,2025-12-27T14:50:50Z,2.264,1.042,3.321
2025-12-27T15:15:00Z,131465,12.51,2025-12-27T15:14:50Z,2.221,1.039,3.328
2025-12-27T15:30:00Z,131466,12.49,2025-12-27T15:29:30Z,2.181,1.039,3.334
2025-12-27T15:45:00Z,131467,12.48,2025-12-27T15:41:00Z,2.082,1.042,3.341
2025-12-27T16:00:00Z,131468,12.48,2025-12-27T15:48:45Z,1.96,1.041,3.347
2025-12-27T16:15:00Z,131469,12.47,2025-12-27T16:02:10Z,1.851,1.04,3.354
2025-12-27T16:30:00Z,131470,12.47,2025-12-27T16:29:40Z,1.779,1.045,3.361
2025-12-27T16:45:00Z,131471,12.47,2025-12-27T16:32:15Z,1.712,1.043,3.367
2025-12-27T17:00:00Z,131472,12.47,2025-12-27T16:59:55Z,1.659,1.039,3.374
2025-12-27T17:15:00Z,131473,12.46,2025-12-27T17:01:55Z,1.614,1.041,3.381
2025-12-27T17:30:00Z,131474,12.47,2025-12-27T17:29:45Z,1.539,1.041,3.388
2025-12-27T17:45:00Z,131475,12.46,2025-12-27T17:42:55Z,1.444,1.042,3.396
2025-12-27T18:00:00Z,131476,12.46,2025-12-27T17:56:15Z,1.344,1.042,3.403
2025-12-27T18:15:00Z,131477,12.46,2025-12-27T18:06:25Z,1.248,1.04,3.41
2025-12-27T18:30:00Z,131478,12.46,2025-12-27T18:29:30Z,1.163,1.041,3.417
2025-12-27T18:45:00Z,131479,12.46,2025-12-27T18:41:35Z,1.085,1.041,3.424
2025-12-27T19:00:00Z,131480,12.46,2025-12-27T18:57:35Z,1.023,1.041,3.431
2025-12-27T19:15:00Z,131481,12.46,2025-12-27T19:13:35Z,0.972,1.039,3.438
2025-12-27T19:30:00Z,131482,12.46,2025-12-27T19:29:40Z,0.934,1.041,3.445
2025-12-27T19:45:00Z,131483,12.46,2025-12-27T19:37:20Z,0.883,1.04,3.452
2025-12-27T20:00:00Z,131484,12.45,2025-12-27T19:57:10Z,0.838,1.04,3.459
2025-12-27T20:15:00Z,131485,12.45,2025-12-27T20:01:55Z,0.78,1.04,3.466
2025-12-27T20:30:00Z,131486,12.46,2025-12-27T20:23:45Z,0.72,1.04,3.472
2025-12-27T20:45:00Z,131487,12.46,2025-12-27T20:34:55Z,0.668,1.04,3.479
2025-12-27T21:00:00Z,131488,12.45,2025-12-27T20:57:05Z,0.623,1.041,3.485
2025-12-27T21:15:00Z,131489,12.45,2025-12-27T21:01:55Z,0.607,1.042,3.491
2025-12-27T21:30:00Z,131490,12.46,2025-12-27T21:23:55Z,0.596,1.042,3.497
2025-12-27T21:45:00Z,131491,12.46,2025-12-27T21:40:25Z,0.608,1.041,3.503
2025-12-27T22:00:00Z,131492,12.45,2025-12-27T21:57:05Z,0.629,1.041,3.508
2025-12-27T22:15:00Z,131493,12.44,2025-12-27T22:01:55Z,0.675,1.044,3.514
2025-12-27T22:30:00Z,131494,12.45,2025-12-27T22:29:35Z,0.744,1.044,3.519
2025-12-27T22:45:00Z,131495,12.45,2025-12-27T22:41:45Z,0.82,1.047,3.524
2025-12-27T23:00:00Z,131496,12.45,2025-12-27T22:55:50Z,0.906,1.046,3.529
2025-12-27T23:15:00Z,131497,12.44,2025-12-27T23:02:05Z,0.991,1.045,3.533
2025-12-27T23:30:00Z,131498,12.44,2025-12-27T23:29:40Z,1.075,1.043,3.537
2025-12-27T23:45:00Z,131499,12.45,2025-12-27T23:35:50Z,1.149,1.046,3.542
2025-12-28T00:15:00Z,131501,12.43,2025-12-28T00:01:55Z,1.239,1.046,3.549
2025-12-28T00:30:00Z,131502,12.41,2025-12-28T00:29:35Z,1.245,1.045,3.553
2025-12-28T00:45:00Z,131503,12.45,2025-12-28T00:33:45Z,1.275,1.044,3.557
2025-12-28T01:00:00Z,131504,12.44,2025-12-28T00:53:10Z,1.287,1.045,3.56
2025-12-28T01:15:00Z,131505,12.44,2025-12-28T01:01:55Z,1.282,1.045,3.563
2025-12-28T01:30:00Z,131506,12.4,2025-12-28T01:26:35Z,1.288,1.046,3.566
2025-12-28T01:45:00Z,131507,12.45,2025-12-28T01:44:35Z,1.311,1.047,3.568
2025-12-28T02:00:00Z,131508,12.43,2025-12-28T01:57:10Z,1.351,1.045,3.571
2025-12-28T02:15:00Z,131509,12.44,2025-12-28T02:01:55Z,1.428,1.046,3.573
2025-12-28T02:30:00Z,131510,12.43,2025-12-28T02:26:10Z,1.507,1.043,3.575
2025-12-28T02:45:00Z,131511,12.45,2025-12-28T02:32:45Z,1.596,1.043,3.577
2025-12-28T03:00:00Z,131512,12.45,2025-12-28T02:53:00Z,1.689,1.042,3.579
2025-12-28T03:15:00Z,131513,12.44,2025-12-28T03:14:55Z,1.747,1.043,3.581
2025-12-28T03:30:00Z,131514,12.44,2025-12-28T03:16:30Z,1.78,1.044,3.583
2025-12-28T03:45:00Z,131515,12.45,2025-12-28T03:42:05Z,1.808,1.046,3.584
2025-12-28T04:00:00Z,131516,12.44,2025-12-28T03:57:05Z,1.842,1.045,3.586
2025-12-28T04:15:00Z,131517,12.43,2025-12-28T04:01:55Z,1.889,1.045,3.587
2025-12-28T04:30:00Z,131518,12.45,2025-12-28T04:17:15Z,1.931,1.047,3.588
2025-12-28T04:45:00Z,131519,12.45,2025-12-28T04:31:05Z,1.982,1.046,3.59
2025-12-28T05:00:00Z,131520,12.43,2025-12-28T04:48:45Z,2.077,1.045,3.591
2025-12-28T05:15:00Z,131521,12.43,2025-12-28T05:02:05Z,2.196,1.045,3.592
2025-12-28T05:30:00Z,131522,12.44,2025-12-28T05:28:45Z,2.307,1.044,3.593
2025-12-28T05:45:00Z,131523,12.44,2025-12-28T05:33:10Z,2.403,1.044,3.594
2025-12-28T06:00:00Z,131524,12.44,2025-12-28T05:47:25Z,2.516,1.045,3.595
2025-12-28T06:15:00Z,131525,12.44,2025-12-28T06:14:05Z,2.603,1.044,3.596
2025-12-28T06:30:00Z,131526,12.44,2025-12-28T06:22:05Z,2.659,1.044,3.597
2025-12-28T06:45:00Z,131527,12.44,2025-12-28T06:32:25Z,2.704,1.046,3.598
2025-12-28T07:00:00Z,131528,12.42,2025-12-28T06:57:15Z,2.776,1.048,3.599
2025-12-28T07:15:00Z,131529,12.43,2025-12-28T07:02:05Z,2.859,1.051,3.6
2025-12-28T07:30:00Z,131530,12.4,2025-12-28T07:29:40Z,2.955,1.054,3.601
2025-12-28T07:45:00Z,131531,12.44,2025-12-28T07:44:10Z,3.065,1.056,3.602
2025-12-28T08:00:00Z,131532,12.44,2025-12-28T07:58:35Z,3.151,1.058,3.603
2025-12-28T08:15:00Z,131533,12.43,2025-12-28T08:13:45Z,3.233,1.058,3.604
2025-12-28T08:30:00Z,131534,12.44,2025-12-28T08:29:35Z,3.322,1.058,3.605
2025-12-28T08:45:00Z,131535,12.44,2025-12-28T08:41:00Z,3.428,1.057,3.606
2025-12-28T09:00:00Z,131536,12.41,2025-12-28T08:46:30Z,3.55,1.059,3.607
2025-12-28T09:15:00Z,131537,12.44,2025-12-28T09:01:55Z,3.706,1.059,3.608
2025-12-28T09:30:00Z,131538,12.45,2025-12-28T09:27:40Z,3.905,1.06,3.609
2025-12-28T09:45:00Z,131539,12.45,2025-12-28T09:30:40Z,4.153,1.068,3.611
2025-12-28T10:00:00Z,131540,12.46,2025-12-28T09:59:40Z,4.43,1.064,3.612
2025-12-28T10:15:00Z,131541,12.45,2025-12-28T10:01:55Z,4.693,1.066,3.613
2025-12-28T10:30:00Z,131542,12.45,2025-12-28T10:27:55Z,4.925,1.065,3.615
2025-12-28T10:45:00Z,131543,12.45,2025-12-28T10:36:30Z,5.107,1.067,3.617
2025-12-28T11:00:00Z,131544,12.46,2025-12-28T10:45:05Z,5.292,1.074,3.618
2025-12-28T11:15:00Z,131545,12.46,2025-12-28T11:15:00Z,5.452,1.074,3.62
2025-12-28T11:30:00Z,131546,12.45,2025-12-28T11:29:40Z,5.548,1.082,3.622
2025-12-28T11:45:00Z,131547,12.46,2025-12-28T11:31:15Z,5.688,1.077,3.622
2025-12-28T12:00:00Z,131548,12.46,2025-12-28T11:57:10Z,5.916,1.076,3.624
2025-12-28T12:15:00Z,131549,12.46,2025-12-28T12:09:40Z,6.137,1.079,3.627
2025-12-28T12:30:00Z,131550,12.46,2025-12-28T12:29:35Z,6.353,1.084,3.63
2025-12-28T12:45:00Z,131551,12.46,2025-12-28T12:33:40Z,6.507,1.089,3.632
2025-12-28T13:00:00Z,131552,12.47,2025-12-28T12:57:05Z,6.619,1.092,3.635
2025-12-28T13:15:00Z,131553,12.46,2025-12-28T13:01:55Z,6.719,1.096,3.638
2025-12-28T13:30:00Z,131554,12.46,2025-12-28T13:29:55Z,6.814,1.105,3.642
2025-12-28T13:45:00Z,131555,12.46,2025-12-28T13:36:25Z,6.91,1.107,3.645
2025-12-28T14:00:00Z,131556,12.45,2025-12-28T13:57:55Z,7.033,1.106,3.649
2025-12-28T14:15:00Z,131557,12.45,2025-12-28T14:01:55Z,7.291,1.109,3.652
2025-12-28T14:30:00Z,131558,12.45,2025-12-28T14:16:30Z,7.528,1.107,3.656
2025-12-28T14:45:00Z,131559,12.46,2025-12-28T14:30:20Z,7.805,1.119,3.66
2025-12-28T15:00:00Z,131560,12.48,2025-12-28T14:59:55Z,8.29,1.119,3.665
2025-12-28T15:15:00Z,131561,12.46,2025-12-28T15:14:20Z,8.93,1.122,3.67
2025-12-28T15:30:00Z,131562,12.46,2025-12-28T15:22:50Z,9.54,1.129,3.674
2025-12-28T15:45:00Z,131563,12.46,2025-12-28T15:42:05Z,10.17,1.134,3.68
2025-12-28T16:00:00Z,131564,12.46,2025-12-28T15:57:05Z,10.76,1.141,3.685
2025-12-28T16:15:00Z,131565,12.42,2025-12-28T16:01:55Z,11.29,1.15,3.691
2025-12-28T16:30:00Z,131566,12.42,2025-12-28T16:29:40Z,11.9,1.16,3.697
2025-12-28T16:45:00Z,131567,12.46,2025-12-28T16:30:05Z,12.65,1.175,3.703
2025-12-28T17:00:00Z,131568,12.46,2025-12-28T16:45:05Z,13.52,1.196,3.71
2025-12-28T17:15:00Z,131569,12.46,2025-12-28T17:09:05Z,14.34,1.225,3.717
2025-12-28T17:30:00Z,131570,12.47,2025-12-28T17:25:40Z,14.94,1.256,3.724
2025-12-28T17:45:00Z,131571,12.47,2025-12-28T17:32:50Z,15.4,1.278,3.732
2025-12-28T18:00:00Z,131572,12.47,2025-12-28T17:56:35Z,15.71,1.299,3.74
2025-12-28T18:15:00Z,131573,12.41,2025-12-28T18:02:10Z,15.91,1.309,3.748
2025-12-28T18:30:00Z,131574,12.48,2025-12-28T18:18:50Z,16.02,1.316,3.757
2025-12-28T18:45:00Z,131575,12.48,2025-12-28T18:30:05Z,16.08,1.323,3.766
2025-12-28T19:00:00Z,131576,12.44,2025-12-28T18:57:05Z,16.12,1.326,3.776
2025-12-28T19:15:00Z,131577,12.47,2025-12-28T19:02:00Z,16.16,1.334,3.786
2025-12-28T19:30:00Z,131578,12.48,2025-12-28T19:27:55Z,16.19,1.345,3.797
2025-12-28T19:45:00Z,131579,12.48,2025-12-28T19:30:35Z,16.2,1.359,3.808
2025-12-28T20:00:00Z,131580,12.48,2025-12-28T19:49:15Z,16.19,1.378,3.819
2025-12-28T20:15:00Z,131581,12.48,2025-12-28T20:01:55Z,16.03,1.391,3.831
2025-12-28T20:30:00Z,131582,12.48,2025-12-28T20:15:55Z,15.58,1.404,3.844
2025-12-28T20:45:00Z,131583,12.49,2025-12-28T20:30:05Z,15.26,1.435,3.858
2025-12-28T21:00:00Z,131584,12.48,2025-12-28T20:57:05Z,15.17,1.484,3.871
2025-12-28T21:15:00Z,131585,12.48,2025-12-28T21:01:55Z,15.12,1.533,3.886
2025-12-28T21:30:00Z,131586,12.49,2025-12-28T21:15:05Z,15.03,1.57,3.901
2025-12-28T21:45:00Z,131587,12.48,2025-12-28T21:36:35Z,14.81,1.599,3.917
2025-12-28T22:00:00Z,131588,12.49,2025-12-28T21:45:45Z,14.51,1.621,3.933
2025-12-28T22:15:00Z,131589,12.48,2025-12-28T22:03:00Z,14.12,1.637,3.95
2025-12-28T22:30:00Z,131590,12.49,2025-12-28T22:15:10Z,13.67,1.647,3.968
2025-12-28T22:45:00Z,131591,12.49,2025-12-28T22:30:35Z,13.01,1.657,3.986
2025-12-28T23:00:00Z,131592,12.49,2025-12-28T22:47:15Z,12.04,1.658,4.005
2025-12-28T23:15:00Z,131593,12.49,2025-12-28T23:00:30Z,10.9,1.558,4.024
2025-12-28T23:30:00Z,131594,12.48,2025-12-28T23:25:40Z,9.9,1.543,4.043
2025-12-28T23:45:00Z,131595,12.48,2025-12-28T23:38:25Z,8.98,1.613,4.063
2025-12-29T00:15:00Z,131597,12.48,2025-12-29T00:02:05Z,7.139,1.67,4.106
2025-12-29T00:30:00Z,131598,12.48,2025-12-29T00:20:30Z,6.402,1.649,4.128
2025-12-29T00:45:00Z,131599,12.47,2025-12-29T00:36:20Z,5.832,1.695,4.15
2025-12-29T01:00:00Z,131600,12.48,2025-12-29T00:45:05Z,5.144,1.689,4.173
2025-12-29T01:15:00Z,131601,12.46,2025-12-29T01:02:00Z,4.259,1.687,4.196
2025-12-29T01:30:00Z,131602,12.47,2025-12-29T01:28:50Z,3.31,1.696,4.219
2025-12-29T01:45:00Z,131603,12.46,2025-12-29T01:42:10Z,2.447,1.695,4.243
2025-12-29T02:00:00Z,131604,12.46,2025-12-29T01:50:10Z,1.694,1.695,4.267
2025-12-29T02:15:00Z,131605,12.45,2025-12-29T02:00:50Z,1.03,1.681,4.29
2025-12-29T02:30:00Z,131606,12.44,2025-12-29T02:27:15Z,0.395,1.687,4.314
2025-12-29T02:45:00Z,131607,12.45,2025-12-29T02:30:10Z,-0.154,1.683,4.338
2025-12-29T03:00:00Z,131608,12.44,2025-12-29T02:57:15Z,-0.669,1.678,4.361
2025-12-29T03:15:00Z,131609,12.45,2025-12-29T03:00:05Z,-1.156,1.672,4.384
2025-12-29T03:30:00Z,131610,12.44,2025-12-29T03:20:00Z,-1.62,1.666,4.407
2025-12-29T03:45:00Z,131611,12.44,2025-12-29T03:30:25Z,-2.063,1.659,4.429
2025-12-29T04:00:00Z,131612,12.44,2025-12-29T03:47:25Z,-2.469,1.652,4.45
2025-12-29T04:15:00Z,131613,12.43,2025-12-29T04:12:00Z,-2.944,1.649,4.471
2025-12-29T04:30:00Z,131614,12.42,2025-12-29T04:18:15Z,-3.458,1.64,4.491
2025-12-29T04:45:00Z,131615,12.43,2025-12-29T04:40:25Z,-3.928,1.633,4.511
2025-12-29T05:00:00Z,131616,12.42,2025-12-29T04:56:35Z,-4.392,1.625,4.53
2025-12-29T05:15:00Z,131617,12.41,2025-12-29T05:02:00Z,-4.916,1.619,4.548
2025-12-29T05:30:00Z,131618,12.41,2025-12-29T05:29:35Z,-5.407,1.613,4.565
2025-12-29T05:45:00Z,131619,12.42,2025-12-29T05:30:10Z,-5.821,1.606,4.581
2025-12-29T06:00:00Z,131620,12.4,2025-12-29T05:57:05Z,-6.227,1.601,4.597
2025-12-29T06:15:00Z,131621,12.41,2025-12-29T06:00:05Z,-6.608,1.595,4.611
2025-12-29T06:30:00Z,131622,12.41,2025-12-29T06:20:25Z,-6.997,1.589,4.625
2025-12-29T06:45:00Z,131623,12.4,2025-12-29T06:38:00Z,-7.297,1.583,4.638
2025-12-29T07:00:00Z,131624,12.39,2025-12-29T06:57:10Z,-7.603,1.578,4.65
2025-12-29T07:15:00Z,131625,12.38,2025-12-29T07:02:00Z,-7.897,1.572,4.661
2025-12-29T07:30:00Z,131626,12.38,2025-12-29T07:27:05Z,-8.17,1.566,4.671
2025-12-29T07:45:00Z,131627,12.39,2025-12-29T07:30:25Z,-8.41,1.56,4.68
2025-12-29T08:00:00Z,131628,12.38,2025-12-29T07:57:05Z,-8.58,1.554,4.687
2025-12-29T08:15:00Z,131629,12.38,2025-12-29T08:00:50Z,-8.76,1.548,4.694
2025-12-29T08:30:00Z,131630,12.37,2025-12-29T08:29:40Z,-8.86,1.541,4.7
2025-12-29T08:45:00Z,131631,12.39,2025-12-29T08:30:05Z,-8.91,1.535,4.705
2025-12-29T09:00:00Z,131632,12.42,2025-12-29T08:45:05Z,-8.9,1.528,4.709
2025-12-29T09:15:00Z,131633,12.44,2025-12-29T09:14:00Z,-8.82,1.522,4.712
2025-12-29T09:30:00Z,131634,12.44,2025-12-29T09:15:05Z,-8.72,1.516,4.713
2025-12-29T09:45:00Z,131635,12.52,2025-12-29T09:30:05Z,-8.58,1.508,4.715
2025-12-29T10:00:00Z,131636,12.68,2025-12-29T09:45:15Z,-8.3,1.503,4.716
2025-12-29T10:15:00Z,131637,12.75,2025-12-29T10:12:10Z,-7.921,1.497,4.715
2025-12-29T10:30:00Z,131638,12.75,2025-12-29T10:15:05Z,-7.696,1.491,4.713
2025-12-29T10:45:00Z,131639,12.86,2025-12-29T10:35:00Z,-7.455,1.485,4.71
2025-12-29T11:00:00Z,131640,12.86,2025-12-29T10:59:30Z,-7.253,1.479,4.706
2025-12-29T11:15:00Z,131641,12.81,2025-12-29T11:06:40Z,-7.093,1.477,4.7
2025-12-29T11:30:00Z,131642,12.89,2025-12-29T11:15:05Z,-6.906,1.47,4.694
2025-12-29T11:45:00Z,131643,12.98,2025-12-29T11:33:20Z,-6.649,1.464,4.688
2025-12-29T12:00:00Z,131644,13.03,2025-12-29T11:45:05Z,-6.363,1.459,4.681
2025-12-29T12:15:00Z,131645,13.11,2025-12-29T12:00:05Z,-5.992,1.454,4.673
2025-12-29T12:30:00Z,131646,13.17,2025-12-29T12:29:55Z,-5.544,1.45,4.664
2025-12-29T12:45:00Z,131647,13.16,2025-12-29T12:44:10Z,-5.008,1.445,4.654
2025-12-29T13:00:00Z,131648,13.16,2025-12-29T12:59:35Z,-4.481,1.439,4.643
2025-12-29T13:15:00Z,131649,13.16,2025-12-29T13:00:20Z,-4.077,1.434,4.632
2025-12-29T13:30:00Z,131650,13.04,2025-12-29T13:29:35Z,-3.751,1.428,4.62
2025-12-29T13:45:00Z,131651,13.07,2025-12-29T13:30:10Z,-3.382,1.425,4.607
2025-12-29T14:00:00Z,131652,13.06,2025-12-29T13:57:05Z,-2.879,1.419,4.594
2025-12-29T14:15:00Z,131653,13.02,2025-12-29T14:10:10Z,-2.506,1.413,4.58
2025-12-29T14:30:00Z,131654,13,2025-12-29T14:17:35Z,-2.332,1.409,4.566
2025-12-29T14:45:00Z,131655,12.99,2025-12-29T14:44:25Z,-2.203,1.403,4.552
2025-12-29T15:00:00Z,131656,12.96,2025-12-29T14:57:10Z,-2.196,1.396,4.537
2025-12-29T15:15:00Z,131657,12.91,2025-12-29T15:14:45Z,-2.287,1.389,4.522
2025-12-29T15:30:00Z,131658,12.85,2025-12-29T15:28:35Z,-2.472,1.383,4.506
2025-12-29T15:45:00Z,131659,12.83,2025-12-29T15:43:30Z,-2.659,1.381,4.491
2025-12-29T16:00:00Z,131660,12.79,2025-12-29T15:56:40Z,-2.778,1.378,4.475
2025-12-29T16:15:00Z,131661,12.73,2025-12-29T16:14:15Z,-2.936,1.374,4.46
2025-12-29T16:30:00Z,131662,12.7,2025-12-29T16:27:35Z,-3.086,1.37,4.444
2025-12-29T16:45:00Z,131663,12.65,2025-12-29T16:43:30Z,-3.189,1.366,4.428
2025-12-29T17:00:00Z,131664,12.61,2025-12-29T16:57:05Z,-3.258,1.36,4.413
2025-12-29T17:15:00Z,131665,12.58,2025-12-29T17:12:55Z,-3.321,1.357,4.398
2025-12-29T17:30:00Z,131666,12.55,2025-12-29T17:28:55Z,-3.413,1.353,4.382
2025-12-29T17:45:00Z,131667,12.53,2025-12-29T17:43:45Z,-3.507,1.347,4.367
2025-12-29T18:00:00Z,131668,12.5,2025-12-29T17:57:10Z,-3.585,1.343,4.353
2025-12-29T18:15:00Z,131669,12.49,2025-12-29T18:13:25Z,-3.667,1.338,4.338
2025-12-29T18:30:00Z,131670,12.47,2025-12-29T18:28:50Z,-3.743,1.334,4.323
2025-12-29T18:45:00Z,131671,12.45,2025-12-29T18:41:45Z,-3.829,1.33,4.309
2025-12-29T19:00:00Z,131672,12.44,2025-12-29T18:57:05Z,-3.871,1.326,4.295
2025-12-29T19:15:00Z,131673,12.42,2025-12-29T19:02:00Z,-3.898,1.322,4.281
2025-12-29T19:30:00Z,131674,12.4,2025-12-29T19:29:35Z,-3.917,1.319,4.267
2025-12-29T19:45:00Z,131675,12.41,2025-12-29T19:36:45Z,-3.943,1.315,4.253
2025-12-29T20:00:00Z,131676,12.39,2025-12-29T19:55:30Z,-3.962,1.312,4.239
2025-12-29T20:15:00Z,131677,12.38,2025-12-29T20:02:30Z,-3.965,1.308,4.225
2025-12-29T20:30:00Z,131678,12.38,2025-12-29T20:30:00Z,-3.982,1.304,4.212
2025-12-29T20:45:00Z,131679,12.38,2025-12-29T20:30:10Z,-3.998,1.3,4.198
2025-12-29T21:00:00Z,131680,12.37,2025-12-29T20:47:10Z,-4.03,1.297,4.185
2025-12-29T21:15:00Z,131681,12.37,2025-12-29T21:02:05Z,-4.054,1.293,4.172
2025-12-29T21:30:00Z,131682,12.37,2025-12-29T21:21:50Z,-4.093,1.29,4.158
2025-12-29T21:45:00Z,131683,12.37,2025-12-29T21:35:10Z,-4.13,1.287,4.145
2025-12-29T22:00:00Z,131684,12.36,2025-12-29T21:59:10Z,-4.178,1.283,4.132
2025-12-29T22:15:00Z,131685,12.36,2025-12-29T22:01:50Z,-4.244,1.28,4.119
2025-12-29T22:30:00Z,131686,12.37,2025-12-29T22:15:10Z,-4.29,1.277,4.106
2025-12-29T22:45:00Z,131687,12.37,2025-12-29T22:30:10Z,-4.343,1.274,4.093
2025-12-29T23:00:00Z,131688,12.37,2025-12-29T22:45:10Z,-4.428,1.272,4.08
2025-12-29T23:15:00Z,131689,12.36,2025-12-29T23:02:10Z,-4.498,1.269,4.067
2025-12-29T23:30:00Z,131690,12.36,2025-12-29T23:16:45Z,-4.567,1.265,4.054
2025-12-29T23:45:00Z,131691,12.37,2025-12-29T23:30:05Z,-4.629,1.263,4.041
2025-12-30T00:15:00Z,131693,12.37,2025-12-30T00:00:05Z,-4.779,1.258,4.016
2025-12-30T00:30:00Z,131694,12.35,2025-12-30T00:29:35Z,-4.859,1.255,4.003
2025-12-30T00:45:00Z,131695,12.37,2025-12-30T00:30:05Z,-4.917,1.252,3.99
2025-12-30T01:00:00Z,131696,12.34,2025-12-30T00:57:05Z,-4.958,1.25,3.978
2025-12-30T01:15:00Z,131697,12.34,2025-12-30T01:02:00Z,-4.997,1.247,3.965
2025-12-30T01:30:00Z,131698,12.36,2025-12-30T01:25:05Z,-5.062,1.244,3.953
2025-12-30T01:45:00Z,131699,12.35,2025-12-30T01:38:00Z,-5.112,1.24,3.94
2025-12-30T02:00:00Z,131700,12.35,2025-12-30T01:57:05Z,-5.172,1.235,3.928
2025-12-30T02:15:00Z,131701,12.36,2025-12-30T02:05:25Z,-5.229,1.229,3.915
2025-12-30T02:30:00Z,131702,12.36,2025-12-30T02:16:05Z,-5.264,1.224,3.903
2025-12-30T02:45:00Z,131703,12.35,2025-12-30T02:37:25Z,-5.286,1.216,3.891
2025-12-30T03:00:00Z,131704,12.34,2025-12-30T02:56:05Z,-5.311,1.209,3.879
2025-12-30T03:15:00Z,131705,12.34,2025-12-30T03:02:00Z,-5.344,1.201,3.867
2025-12-30T03:30:00Z,131706,12.34,2025-12-30T03:26:00Z,-5.382,1.194,3.855
2025-12-30T03:45:00Z,131707,12.36,2025-12-30T03:30:05Z,-5.428,1.188,3.843
2025-12-30T04:00:00Z,131708,12.34,2025-12-30T03:57:05Z,-5.482,1.185,3.831
2025-12-30T04:15:00Z,131709,12.36,2025-12-30T04:00:05Z,-5.516,1.185,3.819
2025-12-30T04:30:00Z,131710,12.36,2025-12-30T04:15:05Z,-5.554,1.186,3.808
2025-12-30T04:45:00Z,131711,12.33,2025-12-30T04:42:10Z,-5.606,1.187,3.797
2025-12-30T05:00:00Z,131712,12.35,2025-12-30T04:46:50Z,-5.658,1.188,3.785
2025-12-30T05:15:00Z,131713,12.33,2025-12-30T05:02:00Z,-5.683,1.188,3.774
2025-12-30T05:30:00Z,131714,12.34,2025-12-30T05:29:35Z,-5.708,1.19,3.763
2025-12-30T05:45:00Z,131715,12.35,2025-12-30T05:30:20Z,-5.746,1.19,3.752
2025-12-30T06:00:00Z,131716,12.32,2025-12-30T05:57:05Z,-5.784,1.192,3.741
2025-12-30T06:15:00Z,131717,12.35,2025-12-30T06:00:15Z,-5.794,1.193,3.73
2025-12-30T06:30:00Z,131718,12.34,2025-12-30T06:29:35Z,-5.835,1.192,3.719
2025-12-30T06:45:00Z,131719,12.33,2025-12-30T06:36:45Z,-5.872,1.191,3.709
2025-12-30T07:00:00Z,131720,12.34,2025-12-30T06:46:20Z,-5.916,1.189,3.698
2025-12-30T07:15:00Z,131721,12.33,2025-12-30T07:02:00Z,-5.961,1.188,3.688
2025-12-30T07:30:00Z,131722,12.34,2025-12-30T07:20:05Z,-6,1.187,3.678
2025-12-30T07:45:00Z,131723,12.34,2025-12-30T07:42:20Z,-6.04,1.187,3.668
2025-12-30T08:00:00Z,131724,12.33,2025-12-30T07:57:05Z,-6.051,1.186,3.658
2025-12-30T08:15:00Z,131725,12.34,2025-12-30T08:00:05Z,-6.128,1.185,3.648
2025-12-30T08:30:00Z,131726,12.34,2025-12-30T08:19:10Z,-6.326,1.184,3.639
2025-12-30T08:45:00Z,131727,12.35,2025-12-30T08:30:20Z,-6.534,1.183,3.629
2025-12-30T09:00:00Z,131728,12.37,2025-12-30T08:45:05Z,-6.729,1.182,3.62
2025-12-30T09:15:00Z,131729,12.38,2025-12-30T09:02:05Z,-6.906,1.183,3.611
2025-12-30T09:30:00Z,131730,12.39,2025-12-30T09:15:05Z,-7.046,1.184,3.602
2025-12-30T09:45:00Z,131731,12.44,2025-12-30T09:30:05Z,-7.095,1.186,3.593
2025-12-30T10:00:00Z,131732,12.49,2025-12-30T09:45:05Z,-7.092,1.187,3.585
2025-12-30T10:15:00Z,131733,12.57,2025-12-30T10:02:20Z,-7.055,1.188,3.576
2025-12-30T10:30:00Z,131734,12.63,2025-12-30T10:15:25Z,-7,1.19,3.568
2025-12-30T10:45:00Z,131735,12.74,2025-12-30T10:30:05Z,-6.92,1.197,3.561
2025-12-30T11:00:00Z,131736,12.83,2025-12-30T10:45:05Z,-6.828,1.197,3.553
2025-12-30T11:15:00Z,131737,12.96,2025-12-30T11:00:05Z,-6.703,1.2,3.546
2025-12-30T11:30:00Z,131738,13.02,2025-12-30T11:15:05Z,-6.56,1.203,3.539
2025-12-30T11:45:00Z,131739,13.15,2025-12-30T11:30:05Z,-6.333,1.208,3.533
2025-12-30T12:00:00Z,131740,13.43,2025-12-30T11:49:00Z,-5.956,1.21,3.527
2025-12-30T12:15:00Z,131741,13.57,2025-12-30T12:04:50Z,-5.629,1.21,3.521
2025-12-30T12:30:00Z,131742,13.8,2025-12-30T12:25:55Z,-5.337,1.21,3.516
2025-12-30T12:45:00Z,131743,13.66,2025-12-30T12:42:20Z,-5.053,1.207,3.508
2025-12-30T13:00:00Z,131744,13.54,2025-12-30T12:52:30Z,-4.926,1.204,3.5
2025-12-30T13:15:00Z,131745,13.43,2025-12-30T13:09:45Z,-5.012,1.201,3.493
2025-12-30T13:30:00Z,131746,13.43,2025-12-30T13:15:55Z,-5.098,1.199,3.486
2025-12-30T13:45:00Z,131747,13.39,2025-12-30T13:44:45Z,-5.118,1.196,3.478
2025-12-30T14:00:00Z,131748,13.35,2025-12-30T13:49:20Z,-5.277,1.191,3.471
2025-12-30T14:15:00Z,131749,13.38,2025-12-30T14:14:55Z,-5.307,1.189,3.465
2025-12-30T14:30:00Z,131750,13.36,2025-12-30T14:19:00Z,-5.326,1.185,3.457
2025-12-30T14:45:00Z,131751,13.38,2025-12-30T14:44:35Z,-5.284,1.182,3.452
2025-12-30T15:00:00Z,131752,13.16,2025-12-30T14:59:35Z,-5.201,1.178,3.444
2025-12-30T15:15:00Z,131753,13.13,2025-12-30T15:02:05Z,-5.293,1.174,3.437
2025-12-30T15:30:00Z,131754,13.17,2025-12-30T15:15:05Z,-5.447,1.173,3.431
2025-12-30T15:45:00Z,131755,13.18,2025-12-30T15:30:05Z,-5.643,1.171,3.425
2025-12-30T16:00:00Z,131756,13.15,2025-12-30T15:57:05Z,-5.842,1.17,3.419
2025-12-30T16:15:00Z,131757,13.03,2025-12-30T16:15:00Z,-6.033,1.167,3.412
2025-12-30T16:30:00Z,131758,12.94,2025-12-30T16:29:30Z,-6.272,1.165,3.406
2025-12-30T16:45:00Z,131759,12.89,2025-12-30T16:44:25Z,-6.535,1.164,3.4
2025-12-30T17:00:00Z,131760,12.84,2025-12-30T16:57:00Z,-6.789,1.162,3.394
2025-12-30T17:15:00Z,131761,12.81,2025-12-30T17:14:50Z,-7.02,1.16,3.388
2025-12-30T17:30:00Z,131762,12.79,2025-12-30T17:29:30Z,-7.218,1.159,3.383
2025-12-30T17:45:00Z,131763,12.79,2025-12-30T17:41:20Z,-7.407,1.158,3.378
2025-12-30T18:00:00Z,131764,12.76,2025-12-30T17:57:00Z,-7.585,1.156,3.373
2025-12-30T18:15:00Z,131765,12.76,2025-12-30T18:08:55Z,-7.692,1.153,3.368
2025-12-30T18:30:00Z,131766,12.71,2025-12-30T18:29:40Z,-7.751,1.15,3.363
2025-12-30T18:45:00Z,131767,12.74,2025-12-30T18:43:10Z,-7.807,1.147,3.359
2025-12-30T19:00:00Z,131768,12.72,2025-12-30T18:57:00Z,-7.838,1.143,3.354
2025-12-30T19:15:00Z,131769,12.73,2025-12-30T19:13:25Z,-7.858,1.138,3.35
2025-12-30T19:30:00Z,131770,12.7,2025-12-30T19:26:50Z,-7.861,1.134,3.345
2025-12-30T19:45:00Z,131771,12.71,2025-12-30T19:40:30Z,-7.884,1.131,3.341
2025-12-30T20:00:00Z,131772,12.7,2025-12-30T19:57:00Z,-7.903,1.129,3.337
2025-12-30T20:15:00Z,131773,12.7,2025-12-30T20:04:35Z,-7.878,1.128,3.333
2025-12-30T20:30:00Z,131774,12.69,2025-12-30T20:29:30Z,-7.86,1.128,3.328
2025-12-30T20:45:00Z,131775,12.68,2025-12-30T20:41:05Z,-7.873,1.129,3.324
2025-12-30T21:00:00Z,131776,12.66,2025-12-30T20:57:00Z,-7.889,1.129,3.32
2025-12-30T21:15:00Z,131777,12.67,2025-12-30T21:07:45Z,-7.863,1.131,3.316
2025-12-30T21:30:00Z,131778,12.65,2025-12-30T21:29:30Z,-7.787,1.132,3.312
2025-12-30T21:45:00Z,131779,12.66,2025-12-30T21:31:45Z,-7.684,1.133,3.308
2025-12-30T22:00:00Z,131780,12.62,2025-12-30T21:57:05Z,-7.582,1.134,3.303
2025-12-30T22:15:00Z,131781,12.64,2025-12-30T22:09:05Z,-7.485,1.134,3.299
2025-12-30T22:30:00Z,131782,12.64,2025-12-30T22:29:40Z,-7.406,1.134,3.295
2025-12-30T22:45:00Z,131783,12.64,2025-12-30T22:43:45Z,-7.428,1.135,3.291
2025-12-30T23:00:00Z,131784,12.62,2025-12-30T22:57:00Z,-7.463,1.135,3.286
2025-12-30T23:15:00Z,131785,12.62,2025-12-30T23:02:00Z,-7.381,1.135,3.282
2025-12-30T23:30:00Z,131786,12.61,2025-12-30T23:29:30Z,-7.236,1.136,3.278
2025-12-30T23:45:00Z,131787,12.62,2025-12-30T23:44:40Z,-7.106,1.137,3.274
2025-12-31T00:15:00Z,131789,12.6,2025-12-31T00:13:45Z,-6.835,1.139,3.265
2025-12-31T00:30:00Z,131790,12.59,2025-12-31T00:29:30Z,-6.687,1.14,3.261
2025-12-31T00:45:00Z,131791,12.59,2025-12-31T00:31:25Z,-6.562,1.14,3.257
2025-12-31T01:00:00Z,131792,12.55,2025-12-31T00:55:45Z,-6.444,1.141,3.253
2025-12-31T01:15:00Z,131793,12.58,2025-12-31T01:15:00Z,-6.284,1.143,3.249
2025-12-31T01:30:00Z,131794,12.56,2025-12-31T01:29:30Z,-6.228,1.141,3.245
2025-12-31T01:45:00Z,131795,12.57,2025-12-31T01:38:00Z,-6.393,1.14,3.241
2025-12-31T02:00:00Z,131796,12.54,2025-12-31T01:57:00Z,-6.517,1.139,3.237
2025-12-31T02:15:00Z,131797,12.54,2025-12-31T02:02:05Z,-6.367,1.139,3.233
2025-12-31T02:30:00Z,131798,12.53,2025-12-31T02:26:00Z,-6.104,1.139,3.229
2025-12-31T02:45:00Z,131799,12.53,2025-12-31T02:31:20Z,-5.836,1.139,3.225
2025-12-31T03:00:00Z,131800,12.51,2025-12-31T02:57:00Z,-5.574,1.139,3.221
2025-12-31T03:15:00Z,131801,12.52,2025-12-31T03:04:55Z,-5.346,1.139,3.217
2025-12-31T03:30:00Z,131802,12.5,2025-12-31T03:29:15Z,-5.165,1.139,3.213
2025-12-31T03:45:00Z,131803,12.5,2025-12-31T03:31:50Z,-5.012,1.138,3.209
2025-12-31T04:00:00Z,131804,12.48,2025-12-31T03:59:10Z,-4.874,1.137,3.205
2025-12-31T04:15:00Z,131805,12.48,2025-12-31T04:07:45Z,-4.752,1.136,3.201
2025-12-31T04:30:00Z,131806,12.47,2025-12-31T04:25:05Z,-4.644,1.145,3.196
2025-12-31T04:45:00Z,131807,12.45,2025-12-31T04:36:45Z,-4.552,1.135,3.189
2025-12-31T05:00:00Z,131808,12.44,2025-12-31T04:58:55Z,-4.449,1.133,3.186
2025-12-31T05:15:00Z,131809,12.43,2025-12-31T05:14:50Z,-4.332,1.131,3.183
2025-12-31T05:30:00Z,131810,12.43,2025-12-31T05:29:15Z,-4.23,1.13,3.18
2025-12-31T05:45:00Z,131811,12.42,2025-12-31T05:36:20Z,-4.137,1.131,3.176
2025-12-31T06:00:00Z,131812,12.41,2025-12-31T05:57:05Z,-4.054,1.129,3.172
2025-12-31T06:15:00Z,131813,12.4,2025-12-31T06:02:00Z,-3.977,1.127,3.169
2025-12-31T06:30:00Z,131814,12.39,2025-12-31T06:26:55Z,-3.909,1.125,3.165
2025-12-31T06:45:00Z,131815,12.39,2025-12-31T06:37:35Z,-3.826,1.124,3.162
2025-12-31T07:00:00Z,131816,12.39,2025-12-31T06:45:35Z,-3.738,1.123,3.159
2025-12-31T07:15:00Z,131817,12.38,2025-12-31T07:09:35Z,-3.657,1.122,3.155
2025-12-31T07:30:00Z,131818,12.37,2025-12-31T07:25:35Z,-3.572,1.121,3.152
2025-12-31T07:45:00Z,131819,12.37,2025-12-31T07:30:55Z,-3.48,1.119,3.149
2025-12-31T08:00:00Z,131820,12.37,2025-12-31T07:56:30Z,-3.384,1.119,3.145
2025-12-31T08:15:00Z,131821,12.37,2025-12-31T08:00:15Z,-3.286,1.121,3.142
2025-12-31T08:30:00Z,131822,12.37,2025-12-31T08:29:35Z,-3.189,1.119,3.139
2025-12-31T08:45:00Z,131823,12.37,2025-12-31T08:37:25Z,-3.084,1.119,3.136
2025-12-31T09:00:00Z,131824,12.37,2025-12-31T08:47:00Z,-2.992,1.118,3.133
2025-12-31T09:15:00Z,131825,12.37,2025-12-31T09:00:25Z,-2.905,1.118,3.13
2025-12-31T09:30:00Z,131826,12.37,2025-12-31T09:20:50Z,-2.814,1.117,3.127
2025-12-31T09:45:00Z,131827,12.38,2025-12-31T09:30:30Z,-2.713,1.117,3.124
2025-12-31T10:00:00Z,131828,12.38,2025-12-31T09:45:40Z,-2.581,1.116,3.121
2025-12-31T10:15:00Z,131829,12.38,2025-12-31T10:02:00Z,-2.451,1.117,3.118
2025-12-31T10:30:00Z,131830,12.39,2025-12-31T10:29:35Z,-2.315,1.115,3.115
2025-12-31T10:45:00Z,131831,12.39,2025-12-31T10:32:40Z,-2.196,1.115,3.112
2025-12-31T11:00:00Z,131832,12.38,2025-12-31T10:57:00Z,-2.101,1.114,3.11
2025-12-31T11:15:00Z,131833,12.38,2025-12-31T11:02:05Z,-2.013,1.115,3.107
2025-12-31T11:30:00Z,131834,12.39,2025-12-31T11:23:35Z,-1.913,1.115,3.104
2025-12-31T11:45:00Z,131835,12.39,2025-12-31T11:35:40Z,-1.831,1.116,3.102
2025-12-31T12:00:00Z,131836,12.39,2025-12-31T11:45:10Z,-1.755,1.116,3.099
2025-12-31T12:15:00Z,131837,12.38,2025-12-31T12:02:00Z,-1.666,1.116,3.097
2025-12-31T12:30:00Z,131838,12.41,2025-12-31T12:17:10Z,-1.552,1.116,3.094
2025-12-31T12:45:00Z,131839,12.41,2025-12-31T12:33:10Z,-1.423,1.115,3.092
2025-12-31T13:00:00Z,131840,12.41,2025-12-31T12:49:10Z,-1.31,1.114,3.09
2025-12-31T13:15:00Z,131841,12.42,2025-12-31T13:13:10Z,-1.218,1.114,3.087
2025-12-31T13:30:00Z,131842,12.4,2025-12-31T13:29:35Z,-1.139,1.117,3.084
2025-12-31T13:45:00Z,131843,12.4,2025-12-31T13:41:40Z,-1.09,1.112,3.081
2025-12-31T14:00:00Z,131844,12.39,2025-12-31T13:52:45Z,-1.086,1.112,3.079
2025-12-31T14:15:00Z,131845,12.38,2025-12-31T14:02:00Z,-1.102,1.11,3.077
2025-12-31T14:30:00Z,131846,12.38,2025-12-31T14:29:35Z,-1.135,1.11,3.075
2025-12-31T14:45:00Z,131847,12.39,2025-12-31T14:30:05Z,-1.151,1.11,3.073
2025-12-31T15:00:00Z,131848,12.41,2025-12-31T14:45:05Z,-1.081,1.11,3.072
2025-12-31T15:15:00Z,131849,12.4,2025-12-31T15:11:15Z,-0.858,1.109,3.07
2025-12-31T15:30:00Z,131850,12.38,2025-12-31T15:29:35Z,-0.715,1.108,3.068
2025-12-31T15:45:00Z,131851,12.38,2025-12-31T15:37:00Z,-0.658,1.108,3.066
2025-12-31T16:00:00Z,131852,12.35,2025-12-31T15:57:05Z,-0.664,1.108,3.064
2025-12-31T16:15:00Z,131853,12.38,2025-12-31T16:02:05Z,-0.672,1.115,3.062
2025-12-31T16:30:00Z,131854,12.37,2025-12-31T16:29:35Z,-0.632,1.108,3.059
2025-12-31T16:45:00Z,131855,12.38,2025-12-31T16:39:25Z,-0.595,1.107,3.058
2025-12-31T17:00:00Z,131856,12.37,2025-12-31T16:47:25Z,-0.548,1.106,3.057
2025-12-31T17:15:00Z,131857,12.37,2025-12-31T17:08:45Z,-0.492,1.105,3.055
2025-12-31T17:30:00Z,131858,12.36,2025-12-31T17:26:50Z,-0.43,1.105,3.054
2025-12-31T17:45:00Z,131859,12.37,2025-12-31T17:30:05Z,-0.347,1.104,3.053
2025-12-31T18:00:00Z,131860,12.37,2025-12-31T17:51:25Z,-0.238,1.104,3.052
2025-12-31T18:15:00Z,131861,12.37,2025-12-31T18:04:45Z,-0.116,1.104,3.05
2025-12-31T18:30:00Z,131862,12.37,2025-12-31T18:15:25Z,-0.005,1.104,3.049
2025-12-31T18:45:00Z,131863,12.37,2025-12-31T18:30:50Z,0.089,1.103,3.048
2025-12-31T19:00:00Z,131864,12.36,2025-12-31T18:57:05Z,0.175,1.103,3.047
2025-12-31T19:15:00Z,131865,12.37,2025-12-31T19:02:05Z,0.246,1.101,3.045
2025-12-31T19:30:00Z,131866,12.37,2025-12-31T19:16:50Z,0.302,1.099,3.044
2025-12-31T19:45:00Z,131867,12.37,2025-12-31T19:30:05Z,0.124,1.098,3.043
2025-12-31T20:00:00Z,131868,12.33,2025-12-31T19:57:05Z,-0.402,1.099,3.042
2025-12-31T20:15:00Z,131869,12.33,2025-12-31T20:03:50Z,-0.973,1.1,3.04
2025-12-31T20:30:00Z,131870,12.37,2025-12-31T20:18:00Z,-1.616,1.104,3.039
2025-12-31T20:45:00Z,131871,12.37,2025-12-31T20:33:00Z,-2.22,1.101,3.037
2025-12-31T21:00:00Z,131872,12.37,2025-12-31T20:46:00Z,-2.802,1.098,3.036
2025-12-31T21:15:00Z,131873,12.36,2025-12-31T21:06:50Z,-3.262,1.096,3.034
2025-12-31T21:30:00Z,131874,12.36,2025-12-31T21:29:30Z,-3.629,1.096,3.033
2025-12-31T21:45:00Z,131875,12.37,2025-12-31T21:43:15Z,-3.947,1.096,3.032
2025-12-31T22:00:00Z,131876,12.37,2025-12-31T21:46:50Z,-4.242,1.094,3.03
2025-12-31T22:15:00Z,131877,12.37,2025-12-31T22:00:05Z,-4.554,1.094,3.029
2025-12-31T22:30:00Z,131878,12.36,2025-12-31T22:29:40Z,-4.908,1.094,3.027
2025-12-31T22:45:00Z,131879,12.36,2025-12-31T22:40:20Z,-5.319,1.096,3.025
2025-12-31T23:00:00Z,131880,12.34,2025-12-31T22:57:00Z,-5.679,1.097,3.024
2025-12-31T23:15:00Z,131881,12.34,2025-12-31T23:02:00Z,-5.976,1.098,3.022
2025-12-31T23:30:00Z,131882,12.35,2025-12-31T23:17:40Z,-6.258,1.099,3.02
2025-12-31T23:45:00Z,131883,12.36,2025-12-31T23:30:50Z,-6.553,1.099,3.018
2026-01-01T00:15:00Z,131885,12.33,2026-01-01T00:02:00Z,-7.032,1.098,3.014
2026-01-01T00:30:00Z,131886,12.34,2026-01-01T00:29:30Z,-7.24,1.096,3.012
2026-01-01T00:45:00Z,131887,12.35,2026-01-01T00:30:05Z,-7.745,1.094,3.01
2026-01-01T01:00:00Z,131888,12.31,2026-01-01T00:46:55Z,-8.34,1.092,3.008
2026-01-01T01:15:00Z,131889,12.33,2026-01-01T01:02:05Z,-8.91,1.091,3.006
2026-01-01T01:30:00Z,131890,12.33,2026-01-01T01:28:15Z,-9.49,1.09,3.003
2026-01-01T01:45:00Z,131891,12.34,2026-01-01T01:31:15Z,-9.84,1.089,3.001
2026-01-01T02:00:00Z,131892,12.34,2026-01-01T01:53:45Z,-10.08,1.094,2.999
2026-01-01T02:15:00Z,131893,12.33,2026-01-01T02:02:05Z,-10.33,1.09,2.995
2026-01-01T02:30:00Z,131894,12.32,2026-01-01T02:26:00Z,-10.56,1.09,2.993
2026-01-01T02:45:00Z,131895,12.33,2026-01-01T02:30:20Z,-10.75,1.092,2.991
2026-01-01T03:00:00Z,131896,12.31,2026-01-01T02:57:00Z,-10.97,1.094,2.989
2026-01-01T03:15:00Z,131897,12.32,2026-01-01T03:02:05Z,-11.24,1.097,2.987
2026-01-01T03:30:00Z,131898,12.31,2026-01-01T03:29:15Z,-11.56,1.1,2.985
2026-01-01T03:45:00Z,131899,12.31,2026-01-01T03:34:35Z,-11.93,1.103,2.983
2026-01-01T04:00:00Z,131900,12.31,2026-01-01T03:45:15Z,-12.23,1.106,2.981
2026-01-01T04:15:00Z,131901,12.3,2026-01-01T04:02:05Z,-12.39,1.108,2.978
2026-01-01T04:30:00Z,131902,12.31,2026-01-01T04:25:15Z,-12.38,1.108,2.976
2026-01-01T04:45:00Z,131903,12.31,2026-01-01T04:41:15Z,-12.24,1.107,2.974
2026-01-01T05:00:00Z,131904,12.3,2026-01-01T04:57:00Z,-12.06,1.106,2.972
2026-01-01T05:15:00Z,131905,12.31,2026-01-01T05:14:50Z,-11.83,1.104,2.97
2026-01-01T05:30:00Z,131906,12.31,2026-01-01T05:18:50Z,-11.67,1.105,2.968
2026-01-01T05:45:00Z,131907,12.3,2026-01-01T05:36:30Z,-11.49,1.097,2.964
2026-01-01T06:00:00Z,131908,12.3,2026-01-01T05:57:05Z,-11.27,1.093,2.963
2026-01-01T06:15:00Z,131909,12.29,2026-01-01T06:02:05Z,-11.03,1.09,2.961
2026-01-01T06:30:00Z,131910,12.29,2026-01-01T06:29:30Z,-10.79,1.087,2.959
2026-01-01T06:45:00Z,131911,12.3,2026-01-01T06:45:00Z,-10.56,1.084,2.958
2026-01-01T07:00:00Z,131912,12.28,2026-01-01T06:57:10Z,-10.38,1.083,2.956
2026-01-01T07:15:00Z,131913,12.28,2026-01-01T07:02:00Z,-10.25,1.081,2.954
2026-01-01T07:30:00Z,131914,12.28,2026-01-01T07:29:30Z,-10.17,1.08,2.953
2026-01-01T07:45:00Z,131915,12.29,2026-01-01T07:30:10Z,-10.16,1.079,2.951
2026-01-01T08:00:00Z,131916,12.29,2026-01-01T07:48:50Z,-10.23,1.076,2.949
2026-01-01T08:15:00Z,131917,12.26,2026-01-01T08:06:55Z,-10.34,1.075,2.947
2026-01-01T08:30:00Z,131918,12.3,2026-01-01T08:15:30Z,-10.33,1.075,2.946
2026-01-01T08:45:00Z,131919,12.3,2026-01-01T08:34:00Z,-10.26,1.075,2.944
2026-01-01T09:00:00Z,131920,12.32,2026-01-01T08:47:10Z,-10.12,1.072,2.942
2026-01-01T09:15:00Z,131921,12.32,2026-01-01T09:06:55Z,-9.83,1.072,2.941
2026-01-01T09:30:00Z,131922,12.36,2026-01-01T09:29:30Z,-9.46,1.074,2.939
2026-01-01T09:45:00Z,131923,12.37,2026-01-01T09:30:05Z,-9.04,1.073,2.938
2026-01-01T10:00:00Z,131924,12.41,2026-01-01T09:45:10Z,-8.65,1.072,2.936
2026-01-01T10:15:00Z,131925,12.42,2026-01-01T10:02:00Z,-8.24,1.073,2.935
2026-01-01T10:30:00Z,131926,12.46,2026-01-01T10:15:05Z,-7.794,1.073,2.934
2026-01-01T10:45:00Z,131927,12.49,2026-01-01T10:30:05Z,-7.37,1.071,2.932
2026-01-01T11:00:00Z,131928,12.51,2026-01-01T10:45:05Z,-7.034,1.072,2.931
2026-01-01T11:15:00Z,131929,12.53,2026-01-01T11:02:00Z,-6.729,1.072,2.93
2026-01-01T11:30:00Z,131930,12.58,2026-01-01T11:15:05Z,-6.409,1.071,2.928
2026-01-01T11:45:00Z,131931,12.61,2026-01-01T11:39:05Z,-6.131,1.074,2.927
2026-01-01T12:00:00Z,131932,12.68,2026-01-01T11:45:05Z,-5.877,1.073,2.927
2026-01-01T12:15:00Z,131933,12.87,2026-01-01T12:00:10Z,-5.382,1.075,2.927
2026-01-01T12:30:00Z,131934,12.94,2026-01-01T12:24:25Z,-4.959,1.078,2.926
2026-01-01T12:45:00Z,131935,12.98,2026-01-01T12:30:05Z,-4.645,1.075,2.924
2026-01-01T13:00:00Z,131936,13.05,2026-01-01T12:53:45Z,-4.359,1.075,2.923
2026-01-01T13:15:00Z,131937,13.04,2026-01-01T13:08:50Z,-4.223,1.074,2.923
2026-01-01T13:30:00Z,131938,13.02,2026-01-01T13:29:50Z,-4.202,1.074,2.922
2026-01-01T13:45:00Z,131939,13.01,2026-01-01T13:30:55Z,-4.226,1.075,2.921
2026-01-01T14:00:00Z,131940,13.13,2026-01-01T13:45:05Z,-4.287,1.075,2.921
2026-01-01T14:15:00Z,131941,13.2,2026-01-01T14:00:05Z,-4.291,1.074,2.921
2026-01-01T14:30:00Z,131942,13.2,2026-01-01T14:20:50Z,-4.327,1.076,2.919
2026-01-01T14:45:00Z,131943,13.21,2026-01-01T14:44:45Z,-4.304,1.073,2.918
2026-01-01T15:00:00Z,131944,13.14,2026-01-01T14:53:45Z,-4.325,1.072,2.918
2026-01-01T15:15:00Z,131945,13.14,2026-01-01T15:06:50Z,-4.436,1.07,2.917
2026-01-01T15:30:00Z,131946,13.05,2026-01-01T15:29:50Z,-4.487,1.07,2.916
2026-01-01T15:45:00Z,131947,12.99,2026-01-01T15:37:15Z,-4.564,1.07,2.915
2026-01-01T16:00:00Z,131948,12.9,2026-01-01T15:59:10Z,-4.693,1.069,2.914
2026-01-01T16:15:00Z,131949,12.82,2026-01-01T16:13:10Z,-4.897,1.067,2.913
2026-01-01T16:30:00Z,131950,12.79,2026-01-01T16:29:40Z,-5.18,1.067,2.912
2026-01-01T16:45:00Z,131951,12.75,2026-01-01T16:38:40Z,-5.432,1.068,2.911
2026-01-01T17:00:00Z,131952,12.71,2026-01-01T17:00:00Z,-5.69,1.067,2.909
2026-01-01T17:15:00Z,131953,12.66,2026-01-01T17:13:20Z,-5.907,1.067,2.908
2026-01-01T17:30:00Z,131954,12.62,2026-01-01T17:26:40Z,-6.113,1.07,2.907
2026-01-01T17:45:00Z,131955,12.6,2026-01-01T17:37:20Z,-6.314,1.068,2.906
2026-01-01T18:00:00Z,131956,12.57,2026-01-01T17:59:40Z,-6.475,1.068,2.905
2026-01-01T18:15:00Z,131957,12.55,2026-01-01T18:13:05Z,-6.618,1.066,2.904
2026-01-01T18:30:00Z,131958,12.52,2026-01-01T18:29:30Z,-6.742,1.066,2.903
2026-01-01T18:45:00Z,131959,12.5,2026-01-01T18:43:40Z,-6.836,1.065,2.903
2026-01-01T19:00:00Z,131960,12.49,2026-01-01T18:57:05Z,-6.895,1.064,2.902
2026-01-01T19:15:00Z,131961,12.45,2026-01-01T19:02:00Z,-6.942,1.064,2.901
2026-01-01T19:30:00Z,131962,12.45,2026-01-01T19:28:25Z,-6.991,1.064,2.901
2026-01-01T19:45:00Z,131963,12.43,2026-01-01T19:40:45Z,-7.044,1.064,2.9
2026-01-01T20:00:00Z,131964,12.42,2026-01-01T19:59:40Z,-7.094,1.063,2.899
2026-01-01T20:15:00Z,131965,12.41,2026-01-01T20:10:55Z,-7.138,1.063,2.898
2026-01-01T20:30:00Z,131966,12.37,2026-01-01T20:29:30Z,-7.178,1.063,2.897
2026-01-01T20:45:00Z,131967,12.38,2026-01-01T20:42:15Z,-7.212,1.062,2.897
2026-01-01T21:00:00Z,131968,12.37,2026-01-01T20:47:35Z,-7.226,1.062,2.896
2026-01-01T21:15:00Z,131969,12.36,2026-01-01T21:11:35Z,-7.239,1.061,2.895
2026-01-01T21:30:00Z,131970,12.35,2026-01-01T21:24:55Z,-7.239,1.061,2.894
2026-01-01T21:45:00Z,131971,12.34,2026-01-01T21:40:55Z,-7.23,1.06,2.893
2026-01-01T22:00:00Z,131972,12.33,2026-01-01T21:57:05Z,-7.217,1.059,2.892
2026-01-01T22:15:00Z,131973,12.33,2026-01-01T22:02:00Z,-7.216,1.058,2.891
2026-01-01T22:30:00Z,131974,12.32,2026-01-01T22:26:15Z,-7.21,1.058,2.89
2026-01-01T22:45:00Z,131975,12.33,2026-01-01T22:34:15Z,-7.194,1.058,2.889
2026-01-01T23:00:00Z,131976,12.32,2026-01-01T22:57:05Z,-7.195,1.058,2.888
2026-01-01T23:15:00Z,131977,12.33,2026-01-01T23:00:10Z,-7.216,1.058,2.887
2026-01-01T23:30:00Z,131978,12.32,2026-01-01T23:22:40Z,-7.216,1.058,2.886
2026-01-01T23:45:00Z,131979,12.32,2026-01-01T23:30:05Z,-7.221,1.058,2.885
2026-01-02T00:15:00Z,131981,12.31,2026-01-02T00:02:00Z,-7.281,1.058,2.883
2026-01-02T00:30:00Z,131982,12.31,2026-01-02T00:29:30Z,-7.452,1.057,2.882
2026-01-02T00:45:00Z,131983,12.31,2026-01-02T00:36:50Z,-7.62,1.057,2.881
2026-01-02T01:00:00Z,131984,12.32,2026-01-02T00:58:25Z,-7.713,1.056,2.88
2026-01-02T01:15:00Z,131985,12.31,2026-01-02T01:02:05Z,-7.908,1.057,2.879
2026-01-02T01:30:00Z,131986,12.31,2026-01-02T01:28:30Z,-8.41,1.057,2.878
2026-01-02T01:45:00Z,131987,12.31,2026-01-02T01:31:10Z,-8.94,1.057,2.877
2026-01-02T02:00:00Z,131988,12.3,2026-01-02T01:57:05Z,-9.22,1.056,2.875
2026-01-02T02:15:00Z,131989,12.3,2026-01-02T02:02:05Z,-9.16,1.055,2.874
2026-01-02T02:30:00Z,131990,12.3,2026-01-02T02:29:35Z,-8.97,1.054,2.873
2026-01-02T02:45:00Z,131991,12.3,2026-01-02T02:35:10Z,-8.67,1.054,2.872
2026-01-02T03:00:00Z,131992,12.31,2026-01-02T02:59:10Z,-8.39,1.055,2.871
2026-01-02T03:15:00Z,131993,12.29,2026-01-02T03:02:00Z,-8.12,1.053,2.87
2026-01-02T03:30:00Z,131994,12.29,2026-01-02T03:29:30Z,-7.887,1.055,2.869
2026-01-02T03:45:00Z,131995,12.31,2026-01-02T03:36:00Z,-7.725,1.054,2.867
2026-01-02T04:00:00Z,131996,12.29,2026-01-02T03:57:00Z,-7.596,1.053,2.865
2026-01-02T04:15:00Z,131997,12.31,2026-01-02T04:00:40Z,-7.468,1.053,2.864
2026-01-02T04:30:00Z,131998,12.31,2026-01-02T04:17:25Z,-7.373,1.052,2.863
2026-01-02T04:45:00Z,131999,12.31,2026-01-02T04:31:35Z,-7.29,1.052,2.862
2026-01-02T05:00:00Z,132000,12.29,2026-01-02T04:57:00Z,-7.215,1.052,2.861
2026-01-02T05:15:00Z,132001,12.3,2026-01-02T05:02:00Z,-7.146,1.052,2.86
2026-01-02T05:30:00Z,132002,12.3,2026-01-02T05:29:30Z,-7.062,1.051,2.859
2026-01-02T05:45:00Z,132003,12.31,2026-01-02T05:30:15Z,-6.965,1.05,2.858
2026-01-02T06:00:00Z,132004,12.29,2026-01-02T05:57:00Z,-6.863,1.05,2.857
2026-01-02T06:15:00Z,132005,12.29,2026-01-02T06:06:55Z,-6.76,1.049,2.856
2026-01-02T06:30:00Z,132006,12.3,2026-01-02T06:28:05Z,-6.67,1.049,2.854
2026-01-02T06:45:00Z,132007,12.3,2026-01-02T06:30:45Z,-6.627,1.049,2.853
2026-01-02T07:00:00Z,132008,12.3,2026-01-02T06:46:45Z,-6.6,1.048,2.852
2026-01-02T07:15:00Z,132009,12.3,2026-01-02T07:00:05Z,-6.574,1.048,2.851
2026-01-02T07:30:00Z,132010,12.29,2026-01-02T07:22:15Z,-6.52,1.047,2.85
2026-01-02T07:45:00Z,132011,12.3,2026-01-02T07:42:10Z,-6.456,1.047,2.849
2026-01-02T08:00:00Z,132012,12.29,2026-01-02T07:57:00Z,-6.41,1.048,2.847
2026-01-02T08:15:00Z,132013,12.31,2026-01-02T08:01:00Z,-6.372,1.047,2.846
2026-01-02T08:30:00Z,132014,12.31,2026-01-02T08:15:05Z,-6.348,1.047,2.845
2026-01-02T08:45:00Z,132015,12.31,2026-01-02T08:30:35Z,-6.322,1.046,2.844
2026-01-02T09:00:00Z,132016,12.32,2026-01-02T08:45:05Z,-6.261,1.046,2.843
2026-01-02T09:15:00Z,132017,12.33,2026-01-02T09:02:00Z,-6.151,1.046,2.842
2026-01-02T09:30:00Z,132018,12.37,2026-01-02T09:15:05Z,-6.012,1.046,2.841
2026-01-02T09:45:00Z,132019,12.41,2026-01-02T09:30:05Z,-5.829,1.045,2.84
2026-01-02T10:00:00Z,132020,12.44,2026-01-02T09:45:05Z,-5.637,1.046,2.839
2026-01-02T10:15:00Z,132021,12.48,2026-01-02T10:02:10Z,-5.456,1.046,2.838
2026-01-02T10:30:00Z,132022,12.52,2026-01-02T10:15:05Z,-5.281,1.051,2.837
2026-01-02T10:45:00Z,132023,12.55,2026-01-02T10:30:05Z,-5.107,1.047,2.835
2026-01-02T11:00:00Z,132024,12.62,2026-01-02T10:45:05Z,-4.917,1.046,2.834
2026-01-02T11:15:00Z,132025,12.69,2026-01-02T11:00:05Z,-4.741,1.045,2.834
2026-01-02T11:30:00Z,132026,12.73,2026-01-02T11:15:05Z,-4.575,1.046,2.834
2026-01-02T11:45:00Z,132027,12.81,2026-01-02T11:30:20Z,-4.455,1.048,2.834
2026-01-02T12:00:00Z,132028,12.94,2026-01-02T11:45:05Z,-4.276,1.047,2.834
2026-01-02T12:15:00Z,132029,13.03,2026-01-02T12:00:05Z,-4.088,1.047,2.835
2026-01-02T12:30:00Z,132030,13.1,2026-01-02T12:15:05Z,-3.881,1.047,2.835
2026-01-02T12:45:00Z,132031,13.32,2026-01-02T12:44:45Z,-3.644,1.047,2.836
2026-01-02T13:00:00Z,132032,13.3,2026-01-02T12:54:10Z,-3.443,1.047,2.835
2026-01-02T13:15:00Z,132033,13.32,2026-01-02T13:00:05Z,-3.329,1.046,2.835
2026-01-02T13:30:00Z,132034,13.3,2026-01-02T13:18:50Z,-3.263,1.045,2.834
2026-01-02T13:45:00Z,132035,13.23,2026-01-02T13:44:10Z,-3.299,1.045,2.834
2026-01-02T14:00:00Z,132036,13.19,2026-01-02T13:56:55Z,-3.303,1.043,2.832
2026-01-02T14:15:00Z,132037,13.21,2026-01-02T14:00:05Z,-3.422,1.043,2.832
2026-01-02T14:30:00Z,132038,13.27,2026-01-02T14:15:20Z,-3.68,1.043,2.832
2026-01-02T14:45:00Z,132039,13.31,2026-01-02T14:33:20Z,-4.025,1.043,2.832
2026-01-02T15:00:00Z,132040,13.3,2026-01-02T14:59:50Z,-4.066,1.043,2.831
2026-01-02T15:15:00Z,132041,13.22,2026-01-02T15:12:05Z,-4.069,1.042,2.83
2026-01-02T15:30:00Z,132042,13.23,2026-01-02T15:21:10Z,-4.152,1.04,2.829
2026-01-02T15:45:00Z,132043,13.2,2026-01-02T15:33:25Z,-4.234,1.038,2.83
2026-01-02T16:00:00Z,132044,13.15,2026-01-02T15:57:00Z,-4.265,1.039,2.829
2026-01-02T16:15:00Z,132045,13.07,2026-01-02T16:14:50Z,-4.476,1.039,2.826
2026-01-02T16:30:00Z,132046,13.06,2026-01-02T16:16:50Z,-4.899,1.039,2.826
2026-01-02T16:45:00Z,132047,12.96,2026-01-02T16:43:15Z,-5.273,1.038,2.824
2026-01-02T17:00:00Z,132048,12.89,2026-01-02T16:59:35Z,-5.711,1.039,2.822
2026-01-02T17:15:00Z,132049,12.84,2026-01-02T17:14:25Z,-6.225,1.038,2.821
2026-01-02T17:30:00Z,132050,12.79,2026-01-02T17:29:40Z,-6.729,1.038,2.82
2026-01-02T17:45:00Z,132051,12.78,2026-01-02T17:44:25Z,-7.32,1.038,2.818
2026-01-02T18:00:00Z,132052,12.76,2026-01-02T17:57:10Z,-7.924,1.037,2.818
2026-01-02T18:15:00Z,132053,12.75,2026-01-02T18:13:35Z,-8.4,1.037,2.817
2026-01-02T18:30:00Z,132054,12.74,2026-01-02T18:26:50Z,-8.87,1.036,2.816
2026-01-02T18:45:00Z,132055,12.73,2026-01-02T18:40:00Z,-9.37,1.036,2.815
2026-01-02T19:00:00Z,132056,12.71,2026-01-02T18:57:10Z,-9.85,1.036,2.815
2026-01-02T19:15:00Z,132057,12.71,2026-01-02T19:14:50Z,-10.21,1.036,2.814
2026-01-02T19:30:00Z,132058,12.7,2026-01-02T19:27:25Z,-10.4,1.035,2.813
2026-01-02T19:45:00Z,132059,12.69,2026-01-02T19:44:45Z,-10.79,1.035,2.812
2026-01-02T20:00:00Z,132060,12.67,2026-01-02T19:57:00Z,-11.43,1.04,2.811
2026-01-02T20:15:00Z,132061,12.67,2026-01-02T20:02:05Z,-12.21,1.037,2.81
2026-01-02T20:30:00Z,132062,12.66,2026-01-02T20:29:35Z,-12.98,1.036,2.809
2026-01-02T20:45:00Z,132063,12.66,2026-01-02T20:36:10Z,-13.62,1.036,2.808
2026-01-02T21:00:00Z,132064,12.65,2026-01-02T20:57:30Z,-14.06,1.036,2.808
2026-01-02T21:15:00Z,132065,12.64,2026-01-02T21:10:50Z,-14.4,1.036,2.807
2026-01-02T21:30:00Z,132066,12.62,2026-01-02T21:29:30Z,-14.23,1.036,2.806
2026-01-02T21:45:00Z,132067,12.63,2026-01-02T21:37:30Z,-13.62,1.037,2.805
2026-01-02T22:00:00Z,132068,12.61,2026-01-02T21:57:00Z,-13.01,1.036,2.804
2026-01-02T22:15:00Z,132069,12.6,2026-01-02T22:02:00Z,-12.72,1.036,2.803
2026-01-02T22:30:00Z,132070,12.6,2026-01-02T22:29:30Z,-12.28,1.035,2.802
2026-01-02T22:45:00Z,132071,12.59,2026-01-02T22:37:00Z,-11.63,1.034,2.801
2026-01-02T23:00:00Z,132072,12.59,2026-01-02T22:59:05Z,-10.9,1.033,2.801
2026-01-02T23:15:00Z,132073,12.58,2026-01-02T23:01:55Z,-10.26,1.033,2.8
2026-01-02T23:30:00Z,132074,12.57,2026-01-02T23:29:35Z,-9.74,1.032,2.799
2026-01-02T23:45:00Z,132075,12.58,2026-01-02T23:38:50Z,-9.33,1.032,2.798
2026-01-03T00:15:00Z,132077,12.55,2026-01-03T00:02:00Z,-8.71,1.032,2.796
2026-01-03T00:30:00Z,132078,12.54,2026-01-03T00:27:00Z,-8.48,1.032,2.795
2026-01-03T00:45:00Z,132079,12.55,2026-01-03T00:43:55Z,-8.3,1.031,2.794
2026-01-03T01:00:00Z,132080,12.54,2026-01-03T00:53:05Z,-8.13,1.031,2.793
2026-01-03T01:15:00Z,132081,12.54,2026-01-03T01:14:50Z,-7.995,1.032,2.792
2026-01-03T01:30:00Z,132082,12.53,2026-01-03T01:17:05Z,-7.924,1.032,2.791
2026-01-03T01:45:00Z,132083,12.52,2026-01-03T01:43:45Z,-7.878,1.031,2.79
2026-01-03T02:00:00Z,132084,12.52,2026-01-03T01:51:45Z,-7.798,1.033,2.788
2026-01-03T02:15:00Z,132085,12.5,2026-01-03T02:02:00Z,-7.701,1.03,2.786
2026-01-03T02:30:00Z,132086,12.49,2026-01-03T02:29:30Z,-7.628,1.03,2.785
2026-01-03T02:45:00Z,132087,12.5,2026-01-03T02:42:30Z,-7.538,1.029,2.784
2026-01-03T03:00:00Z,132088,12.48,2026-01-03T02:57:00Z,-7.423,1.03,2.783
2026-01-03T03:15:00Z,132089,12.48,2026-01-03T03:02:00Z,-7.34,1.03,2.782
2026-01-03T03:30:00Z,132090,12.46,2026-01-03T03:29:30Z,-7.295,1.029,2.781
2026-01-03T03:45:00Z,132091,12.47,2026-01-03T03:39:00Z,-7.267,1.03,2.78
2026-01-03T04:00:00Z,132092,12.44,2026-01-03T03:57:00Z,-7.244,1.03,2.779
2026-01-03T04:15:00Z,132093,12.44,2026-01-03T04:02:00Z,-7.242,1.03,2.778
2026-01-03T04:30:00Z,132094,12.42,2026-01-03T04:29:30Z,-7.219,1.031,2.777
2026-01-03T04:45:00Z,132095,12.43,2026-01-03T04:40:05Z,-7.207,1.032,2.776
2026-01-03T05:00:00Z,132096,12.42,2026-01-03T04:59:50Z,-7.184,1.033,2.774
2026-01-03T05:15:00Z,132097,12.41,2026-01-03T05:02:05Z,-7.167,1.031,2.773
2026-01-03T05:30:00Z,132098,12.39,2026-01-03T05:28:40Z,-7.104,1.031,2.773
2026-01-03T05:45:00Z,132099,12.39,2026-01-03T05:44:40Z,-7.009,1.03,2.772
2026-01-03T06:00:00Z,132100,12.37,2026-01-03T05:57:00Z,-6.929,1.029,2.771
2026-01-03T06:15:00Z,132101,12.37,2026-01-03T06:08:40Z,-6.87,1.029,2.77
2026-01-03T06:30:00Z,132102,12.35,2026-01-03T06:29:30Z,-6.883,1.029,2.769
2026-01-03T06:45:00Z,132103,12.36,2026-01-03T06:43:50Z,-6.893,1.028,2.769
2026-01-03T07:00:00Z,132104,12.34,2026-01-03T06:57:00Z,-6.907,1.029,2.768
2026-01-03T07:15:00Z,132105,12.34,2026-01-03T07:15:00Z,-6.907,1.028,2.767
2026-01-03T07:30:00Z,132106,12.34,2026-01-03T07:19:05Z,-6.904,1.028,2.766
2026-01-03T07:45:00Z,132107,12.34,2026-01-03T07:36:10Z,-6.871,1.028,2.765
2026-01-03T08:00:00Z,132108,12.32,2026-01-03T07:57:00Z,-6.837,1.027,2.764
2026-01-03T08:15:00Z,132109,12.32,2026-01-03T08:02:00Z,-6.798,1.027,2.763
2026-01-03T08:30:00Z,132110,12.32,2026-01-03T08:29:30Z,-6.729,1.027,2.762
2026-01-03T08:45:00Z,132111,12.34,2026-01-03T08:35:25Z,-6.62,1.027,2.762
2026-01-03T09:00:00Z,132112,12.36,2026-01-03T08:45:20Z,-6.486,1.027,2.761
2026-01-03T09:15:00Z,132113,12.38,2026-01-03T09:00:10Z,-6.322,1.025,2.76
2026-01-03T09:30:00Z,132114,12.41,2026-01-03T09:15:05Z,-6.093,1.024,2.76
2026-01-03T09:45:00Z,132115,12.43,2026-01-03T09:32:15Z,-5.851,1.023,2.759
2026-01-03T10:00:00Z,132116,12.45,2026-01-03T09:45:05Z,-5.63,1.024,2.758
2026-01-03T10:15:00Z,132117,12.47,2026-01-03T10:02:00Z,-5.431,1.024,2.758
2026-01-03T10:30:00Z,132118,12.52,2026-01-03T10:15:40Z,-5.239,1.024,2.757
2026-01-03T10:45:00Z,132119,12.59,2026-01-03T10:30:05Z,-5.032,1.024,2.757
2026-01-03T11:00:00Z,132120,12.68,2026-01-03T10:45:05Z,-4.756,1.025,2.757
2026-01-03T11:15:00Z,132121,12.76,2026-01-03T11:00:15Z,-4.494,1.026,2.757
2026-01-03T11:30:00Z,132122,12.92,2026-01-03T11:15:05Z,-4.212,1.026,2.758
2026-01-03T11:45:00Z,132123,12.99,2026-01-03T11:40:45Z,-3.891,1.03,2.758
2026-01-03T12:00:00Z,132124,13,2026-01-03T11:51:10Z,-3.637,1.029,2.757
2026-01-03T12:15:00Z,132125,13,2026-01-03T12:02:00Z,-3.43,1.029,2.757
2026-01-03T12:30:00Z,132126,13.1,2026-01-03T12:18:50Z,-3.144,1.029,2.757
2026-01-03T12:45:00Z,132127,13.22,2026-01-03T12:30:05Z,-2.713,1.036,2.757
2026-01-03T13:00:00Z,132128,13.43,2026-01-03T12:46:50Z,-2.219,1.031,2.758
2026-01-03T13:15:00Z,132129,13.47,2026-01-03T13:15:00Z,-1.904,1.031,2.758
2026-01-03T13:30:00Z,132130,13.14,2026-01-03T13:29:55Z,-1.636,1.032,2.757
2026-01-03T13:45:00Z,132131,13.1,2026-01-03T13:37:15Z,-1.487,1.032,2.755
2026-01-03T14:00:00Z,132132,13.12,2026-01-03T13:57:05Z,-1.471,1.032,2.755
2026-01-03T14:15:00Z,132133,13.05,2026-01-03T14:13:30Z,-1.462,1.033,2.754
2026-01-03T14:30:00Z,132134,13.03,2026-01-03T14:22:55Z,-1.562,1.034,2.753
2026-01-03T14:45:00Z,132135,13.03,2026-01-03T14:38:10Z,-1.709,1.034,2.753
2026-01-03T15:00:00Z,132136,13.06,2026-01-03T14:45:10Z,-1.798,1.033,2.752
2026-01-03T15:15:00Z,132137,13.06,2026-01-03T15:07:05Z,-1.807,1.037,2.751
2026-01-03T15:30:00Z,132138,13.09,2026-01-03T15:27:50Z,-1.848,1.033,2.75
2026-01-03T15:45:00Z,132139,13.05,2026-01-03T15:38:30Z,-1.909,1.034,2.75
2026-01-03T16:00:00Z,132140,13.03,2026-01-03T15:49:05Z,-1.99,1.034,2.75
2026-01-03T16:15:00Z,132141,12.96,2026-01-03T16:10:30Z,-2.101,1.033,2.749
2026-01-03T16:30:00Z,132142,12.95,2026-01-03T16:29:30Z,-2.152,1.032,2.749
2026-01-03T16:45:00Z,132143,12.86,2026-01-03T16:44:40Z,-2.15,1.031,2.748
2026-01-03T17:00:00Z,132144,12.8,2026-01-03T16:57:15Z,-2.254,1.03,2.747
2026-01-03T17:15:00Z,132145,12.76,2026-01-03T17:14:10Z,-2.42,1.03,2.746
2026-01-03T17:30:00Z,132146,12.74,2026-01-03T17:25:25Z,-2.605,1.029,2.746
2026-01-03T17:45:00Z,132147,12.73,2026-01-03T17:40:25Z,-2.784,1.028,2.745
2026-01-03T18:00:00Z,132148,12.7,2026-01-03T17:57:05Z,-2.915,1.028,2.744
2026-01-03T18:15:00Z,132149,12.69,2026-01-03T18:02:00Z,-3.012,1.028,2.744
2026-01-03T18:30:00Z,132150,12.68,2026-01-03T18:29:30Z,-3.085,1.028,2.743
2026-01-03T18:45:00Z,132151,12.68,2026-01-03T18:39:10Z,-3.144,1.028,2.743
2026-01-03T19:00:00Z,132152,12.66,2026-01-03T18:58:45Z,-3.194,1.028,2.742
2026-01-03T19:15:00Z,132153,12.65,2026-01-03T19:12:00Z,-3.241,1.029,2.742
2026-01-03T19:30:00Z,132154,12.65,2026-01-03T19:29:50Z,-3.284,1.028,2.741
2026-01-03T19:45:00Z,132155,12.64,2026-01-03T19:35:10Z,-3.314,1.027,2.74
2026-01-03T20:00:00Z,132156,12.63,2026-01-03T19:56:45Z,-3.321,1.031,2.74
2026-01-03T20:15:00Z,132157,12.62,2026-01-03T20:02:00Z,-3.321,1.028,2.739
2026-01-03T20:30:00Z,132158,12.6,2026-01-03T20:29:30Z,-3.314,1.026,2.738
2026-01-03T20:45:00Z,132159,12.6,2026-01-03T20:37:15Z,-3.294,1.027,2.738
2026-01-03T21:00:00Z,132160,12.59,2026-01-03T20:57:00Z,-3.278,1.026,2.738
2026-01-03T21:15:00Z,132161,12.59,2026-01-03T21:02:05Z,-3.25,1.026,2.737
2026-01-03T21:30:00Z,132162,12.58,2026-01-03T21:28:45Z,-3.215,1.025,2.737
2026-01-03T21:45:00Z,132163,12.57,2026-01-03T21:44:45Z,-3.168,1.025,2.736
2026-01-03T22:00:00Z,132164,12.56,2026-01-03T21:52:45Z,-3.129,1.025,2.735
2026-01-03T22:15:00Z,132165,12.54,2026-01-03T22:02:10Z,-3.094,1.024,2.735
2026-01-03T22:30:00Z,132166,12.53,2026-01-03T22:29:30Z,-3.063,1.024,2.734
2026-01-03T22:45:00Z,132167,12.53,2026-01-03T22:39:35Z,-3.042,1.024,2.733
2026-01-03T23:00:00Z,132168,12.5,2026-01-03T22:57:00Z,-3.025,1.024,2.733
2026-01-03T23:15:00Z,132169,12.5,2026-01-03T23:14:50Z,-3.02,1.024,2.732
2026-01-03T23:30:00Z,132170,12.49,2026-01-03T23:29:45Z,-3,1.024,2.731
2026-01-03T23:45:00Z,132171,12.48,2026-01-03T23:43:00Z,-2.998,1.023,2.73
2026-01-04T00:15:00Z,132173,12.46,2026-01-04T00:02:00Z,-3.002,1.023,2.729
2026-01-04T00:30:00Z,132174,12.44,2026-01-04T00:29:30Z,-3.022,1.023,2.728
2026-01-04T00:45:00Z,132175,12.44,2026-01-04T00:42:50Z,-3.047,1.023,2.727
2026-01-04T01:00:00Z,132176,12.42,2026-01-04T00:57:00Z,-3.071,1.023,2.727
2026-01-04T01:15:00Z,132177,12.42,2026-01-04T01:01:55Z,-3.103,1.022,2.726
2026-01-04T01:30:00Z,132178,12.41,2026-01-04T01:29:40Z,-3.136,1.022,2.725
2026-01-04T01:45:00Z,132179,12.41,2026-01-04T01:43:00Z,-3.161,1.022,2.724
2026-01-04T02:00:00Z,132180,12.39,2026-01-04T01:55:35Z,-3.185,1.022,2.724
2026-01-04T02:15:00Z,132181,12.39,2026-01-04T02:15:00Z,-3.197,1.022,2.723
2026-01-04T02:30:00Z,132182,12.38,2026-01-04T02:28:20Z,-3.225,1.023,2.722
2026-01-04T02:45:00Z,132183,12.38,2026-01-04T02:33:40Z,-3.279,1.022,2.722
2026-01-04T03:00:00Z,132184,12.37,2026-01-04T02:57:10Z,-3.351,1.022,2.721
2026-01-04T03:15:00Z,132185,12.37,2026-01-04T03:14:55Z,-3.4,1.022,2.72
2026-01-04T03:30:00Z,132186,12.36,2026-01-04T03:29:40Z,-3.417,1.022,2.72
2026-01-04T03:45:00Z,132187,12.37,2026-01-04T03:44:45Z,-3.408,1.021,2.719
2026-01-04T04:00:00Z,132188,12.36,2026-01-04T03:57:00Z,-3.39,1.02,2.718
2026-01-04T04:15:00Z,132189,12.31,2026-01-04T04:02:05Z,-3.338,1.02,2.718
2026-01-04T04:30:00Z,132190,12.36,2026-01-04T04:23:40Z,-3.288,1.021,2.717
2026-01-04T04:45:00Z,132191,12.36,2026-01-04T04:42:50Z,-3.278,1.02,2.716
2026-01-04T05:00:00Z,132192,12.36,2026-01-04T04:45:05Z,-3.289,1.02,2.715
2026-01-04T05:15:00Z,132193,12.35,2026-01-04T05:02:00Z,-3.31,1.019,2.715
2026-01-04T05:30:00Z,132194,12.34,2026-01-04T05:29:40Z,-3.301,1.018,2.714
2026-01-04T05:45:00Z,132195,12.35,2026-01-04T05:38:50Z,-3.256,1.018,2.713
2026-01-04T06:00:00Z,132196,12.34,2026-01-04T05:52:20Z,-3.197,1.017,2.713
2026-01-04T06:15:00Z,132197,12.34,2026-01-04T06:02:10Z,-3.154,1.017,2.712
2026-01-04T06:30:00Z,132198,12.33,2026-01-04T06:29:40Z,-3.118,1.016,2.711
2026-01-04T06:45:00Z,132199,12.34,2026-01-04T06:30:05Z,-3.095,1.016,2.71
2026-01-04T07:00:00Z,132200,12.34,2026-01-04T06:55:55Z,-3.052,1.017,2.71
2026-01-04T07:15:00Z,132201,12.33,2026-01-04T07:02:05Z,-2.999,1.016,2.709
2026-01-04T07:30:00Z,132202,12.34,2026-01-04T07:17:15Z,-2.953,1.018,2.708
2026-01-04T07:45:00Z,132203,12.33,2026-01-04T07:37:15Z,-2.916,1.017,2.708
2026-01-04T08:00:00Z,132204,12.33,2026-01-04T07:46:35Z,-2.886,1.017,2.707
2026-01-04T08:15:00Z,132205,12.33,2026-01-04T08:13:15Z,-2.869,1.017,2.706
2026-01-04T08:30:00Z,132206,12.33,2026-01-04T08:29:35Z,-2.851,1.015,2.705
2026-01-04T08:45:00Z,132207,12.34,2026-01-04T08:31:05Z,-2.824,1.015,2.705
2026-01-04T09:00:00Z,132208,12.35,2026-01-04T08:57:05Z,-2.783,1.014,2.704
2026-01-04T09:15:00Z,132209,12.37,2026-01-04T09:08:25Z,-2.722,1.014,2.703
2026-01-04T09:30:00Z,132210,12.38,2026-01-04T09:27:10Z,-2.633,1.014,2.703
2026-01-04T09:45:00Z,132211,12.4,2026-01-04T09:32:10Z,-2.52,1.013,2.702
2026-01-04T10:00:00Z,132212,12.42,2026-01-04T09:45:05Z,-2.402,1.012,2.702
2026-01-04T10:15:00Z,132213,12.43,2026-01-04T10:02:05Z,-2.28,1.013,2.701
2026-01-04T10:30:00Z,132214,12.47,2026-01-04T10:15:05Z,-2.154,1.011,2.701
2026-01-04T10:45:00Z,132215,12.5,2026-01-04T10:31:05Z,-2.033,1.011,2.7
2026-01-04T11:00:00Z,132216,12.53,2026-01-04T10:45:05Z,-1.913,1.012,2.7
2026-01-04T11:15:00Z,132217,12.57,2026-01-04T11:00:45Z,-1.795,1.013,2.7
2026-01-04T11:30:00Z,132218,12.63,2026-01-04T11:17:10Z,-1.638,1.013,2.699
2026-01-04T11:45:00Z,132219,12.72,2026-01-04T11:30:20Z,-1.417,1.013,2.7
2026-01-04T12:00:00Z,132220,12.8,2026-01-04T11:46:35Z,-1.189,1.013,2.7
2026-01-04T12:15:00Z,132221,12.83,2026-01-04T12:00:50Z,-1.033,1.013,2.7
2026-01-04T12:30:00Z,132222,12.94,2026-01-04T12:16:50Z,-0.828,1.013,2.7
2026-01-04T12:45:00Z,132223,12.97,2026-01-04T12:30:10Z,-0.603,1.013,2.7
2026-01-04T13:00:00Z,132224,13.01,2026-01-04T12:46:10Z,-0.331,1.013,2.7
2026-01-04T13:15:00Z,132225,13.01,2026-01-04T13:11:05Z,-0.111,1.013,2.7
2026-01-04T13:30:00Z,132226,13.02,2026-01-04T13:18:50Z,-0.047,1.012,2.7
2026-01-04T13:45:00Z,132227,13.1,2026-01-04T13:36:50Z,0.079,1.013,2.7
2026-01-04T14:00:00Z,132228,13.06,2026-01-04T13:55:00Z,0.321,1.013,2.7
2026-01-04T14:15:00Z,132229,13.1,2026-01-04T14:13:30Z,0.559,1.012,2.7
2026-01-04T14:30:00Z,132230,13.08,2026-01-04T14:29:40Z,0.801,1.014,2.699
2026-01-04T14:45:00Z,132231,13.08,2026-01-04T14:30:45Z,0.996,1.012,2.699
2026-01-04T15:00:00Z,132232,13.05,2026-01-04T14:57:20Z,1.169,1.013,2.699
2026-01-04T15:15:00Z,132233,13.02,2026-01-04T15:14:55Z,1.289,1.012,2.698
2026-01-04T15:30:00Z,132234,12.95,2026-01-04T15:29:30Z,1.323,1.011,2.698
2026-01-04T15:45:00Z,132235,12.94,2026-01-04T15:41:25Z,1.236,1.011,2.697
2026-01-04T16:00:00Z,132236,12.88,2026-01-04T15:58:50Z,1.139,1.013,2.697
2026-01-04T16:15:00Z,132237,12.83,2026-01-04T16:14:35Z,0.903,1.011,2.696
2026-01-04T16:30:00Z,132238,12.79,2026-01-04T16:29:00Z,0.57,1.011,2.695
2026-01-04T16:45:00Z,132239,12.74,2026-01-04T16:45:00Z,0.235,1.011,2.695
2026-01-04T17:00:00Z,132240,12.71,2026-01-04T16:59:30Z,-0.085,1.011,2.694
2026-01-04T17:15:00Z,132241,12.68,2026-01-04T17:13:10Z,-0.386,1.012,2.694
2026-01-04T17:30:00Z,132242,12.65,2026-01-04T17:27:40Z,-0.672,1.011,2.694
2026-01-04T17:45:00Z,132243,12.63,2026-01-04T17:43:05Z,-0.949,1.012,2.693
2026-01-04T18:00:00Z,132244,12.61,2026-01-04T17:57:00Z,-1.202,1.013,2.693
2026-01-04T18:15:00Z,132245,12.6,2026-01-04T18:12:25Z,-1.476,1.012,2.693
2026-01-04T18:30:00Z,132246,12.58,2026-01-04T18:29:30Z,-1.707,1.013,2.693
2026-01-04T18:45:00Z,132247,12.57,2026-01-04T18:41:45Z,-1.956,1.014,2.693
2026-01-04T19:00:00Z,132248,12.54,2026-01-04T18:57:00Z,-2.197,1.013,2.693
2026-01-04T19:15:00Z,132249,12.54,2026-01-04T19:13:15Z,-2.459,1.011,2.693
2026-01-04T19:30:00Z,132250,12.53,2026-01-04T19:25:35Z,-2.618,1.01,2.693
2026-01-04T19:45:00Z,132251,12.52,2026-01-04T19:43:45Z,-2.709,1.009,2.692
2026-01-04T20:00:00Z,132252,12.5,2026-01-04T19:58:35Z,-2.773,1.01,2.692
2026-01-04T20:15:00Z,132253,12.49,2026-01-04T20:14:35Z,-2.727,1.011,2.692
2026-01-04T20:30:00Z,132254,12.46,2026-01-04T20:29:30Z,-2.685,1.011,2.692
2026-01-04T20:45:00Z,132255,12.46,2026-01-04T20:43:55Z,-2.651,1.012,2.691
2026-01-04T21:00:00Z,132256,12.41,2026-01-04T20:57:00Z,-2.613,1.013,2.691
2026-01-04T21:15:00Z,132257,12.43,2026-01-04T21:13:55Z,-2.574,1.013,2.691
2026-01-04T21:30:00Z,132258,12.37,2026-01-04T21:29:40Z,-2.506,1.014,2.69
2026-01-04T21:45:00Z,132259,12.42,2026-01-04T21:41:30Z,-2.41,1.013,2.69
2026-01-04T22:00:00Z,132260,12.41,2026-01-04T21:59:45Z,-2.313,1.013,2.689
2026-01-04T22:15:00Z,132261,12.39,2026-01-04T22:03:35Z,-2.244,1.011,2.689
2026-01-04T22:30:00Z,132262,12.38,2026-01-04T22:17:20Z,-2.193,1.011,2.689
2026-01-04T22:45:00Z,132263,12.38,2026-01-04T22:37:20Z,-2.168,1.012,2.688
2026-01-04T23:00:00Z,132264,12.38,2026-01-04T22:45:20Z,-2.145,1.012,2.688
2026-01-04T23:15:00Z,132265,12.36,2026-01-04T23:02:00Z,-2.241,1.013,2.687
2026-01-04T23:30:00Z,132266,12.36,2026-01-04T23:29:35Z,-2.414,1.014,2.687
2026-01-04T23:45:00Z,132267,12.36,2026-01-04T23:38:40Z,-2.693,1.016,2.686
2026-01-05T00:15:00Z,132269,12.35,2026-01-05T00:05:40Z,-2.951,1.012,2.685
2026-01-05T00:30:00Z,132270,12.35,2026-01-05T00:29:30Z,-2.909,1.014,2.685
2026-01-05T00:45:00Z,132271,12.35,2026-01-05T00:44:30Z,-2.849,1.013,2.685
2026-01-05T01:00:00Z,132272,12.34,2026-01-05T00:57:10Z,-2.821,1.012,2.684
2026-01-05T01:15:00Z,132273,12.34,2026-01-05T01:02:05Z,-2.776,1.012,2.684
2026-01-05T01:30:00Z,132274,12.31,2026-01-05T01:29:40Z,-2.695,1.011,2.683
2026-01-05T01:45:00Z,132275,12.35,2026-01-05T01:42:05Z,-2.61,1.01,2.683
2026-01-05T02:00:00Z,132276,12.34,2026-01-05T01:58:05Z,-2.543,1.011,2.682
2026-01-05T02:15:00Z,132277,12.34,2026-01-05T02:14:35Z,-2.482,1.01,2.681
2026-01-05T02:30:00Z,132278,12.3,2026-01-05T02:29:35Z,-2.399,1.011,2.681
2026-01-05T02:45:00Z,132279,12.35,2026-01-05T02:33:15Z,-2.314,1.011,2.68
2026-01-05T03:00:00Z,132280,12.33,2026-01-05T02:57:10Z,-2.253,1.01,2.68
2026-01-05T03:15:00Z,132281,12.33,2026-01-05T03:02:20Z,-2.24,1.01,2.679
2026-01-05T03:30:00Z,132282,12.34,2026-01-05T03:25:00Z,-2.216,1.01,2.679
2026-01-05T03:45:00Z,132283,12.34,2026-01-05T03:32:30Z,-2.153,1.01,2.678
2026-01-05T04:00:00Z,132284,12.32,2026-01-05T03:47:25Z,-2.09,1.012,2.677
2026-01-05T04:15:00Z,132285,12.32,2026-01-05T04:02:00Z,-2.057,1.011,2.677
2026-01-05T04:30:00Z,132286,12.33,2026-01-05T04:24:55Z,-2.089,1.011,2.676
2026-01-05T04:45:00Z,132287,12.33,2026-01-05T04:43:35Z,-2.187,1.011,2.676
2026-01-05T05:00:00Z,132288,12.33,2026-01-05T04:59:35Z,-2.434,1.01,2.675
2026-01-05T05:15:00Z,132289,12.32,2026-01-05T05:02:00Z,-2.82,1.012,2.675
2026-01-05T05:30:00Z,132290,12.33,2026-01-05T05:29:30Z,-3.165,1.011,2.674
2026-01-05T05:45:00Z,132291,12.32,2026-01-05T05:37:15Z,-3.434,1.011,2.674
2026-01-05T06:00:00Z,132292,12.34,2026-01-05T05:47:35Z,-3.65,1.01,2.673
2026-01-05T06:15:00Z,132293,12.32,2026-01-05T06:02:00Z,-3.825,1.01,2.672
2026-01-05T06:30:00Z,132294,12.33,2026-01-05T06:28:15Z,-3.928,1.01,2.672
2026-01-05T06:45:00Z,132295,12.33,2026-01-05T06:31:45Z,-3.986,1.011,2.671
2026-01-05T07:00:00Z,132296,12.33,2026-01-05T06:58:50Z,-4.025,1.01,2.671
2026-01-05T07:15:00Z,132297,12.32,2026-01-05T07:02:00Z,-4.081,1.01,2.67
2026-01-05T07:30:00Z,132298,12.32,2026-01-05T07:27:15Z,-4.109,1.009,2.67
2026-01-05T07:45:00Z,132299,12.33,2026-01-05T07:33:20Z,-4.271,1.01,2.669
2026-01-05T08:00:00Z,132300,12.33,2026-01-05T07:57:05Z,-4.55,1.01,2.668
2026-01-05T08:15:00Z,132301,12.32,2026-01-05T08:02:00Z,-4.768,1.01,2.668
2026-01-05T08:30:00Z,132302,12.34,2026-01-05T08:15:05Z,-4.96,1.01,2.667
2026-01-05T08:45:00Z,132303,12.36,2026-01-05T08:30:05Z,-4.92,1.008,2.667
2026-01-05T09:00:00Z,132304,12.38,2026-01-05T08:46:35Z,-4.693,1.011,2.666
2026-01-05T09:15:00Z,132305,12.38,2026-01-05T09:02:00Z,-4.27,1.014,2.665
2026-01-05T09:30:00Z,132306,12.49,2026-01-05T09:15:05Z,-3.512,1.009,2.665
2026-01-05T09:45:00Z,132307,12.68,2026-01-05T09:30:05Z,-2.381,1.009,2.666
2026-01-05T10:00:00Z,132308,12.73,2026-01-05T09:45:05Z,-1.555,1.007,2.666
2026-01-05T10:15:00Z,132309,12.81,2026-01-05T10:02:00Z,-0.964,1.007,2.667
2026-01-05T10:30:00Z,132310,12.85,2026-01-05T10:15:10Z,-0.512,1.006,2.667
2026-01-05T10:45:00Z,132311,12.94,2026-01-05T10:30:05Z,-0.068,1.006,2.667
2026-01-05T11:00:00Z,132312,12.96,2026-01-05T10:47:10Z,0.304,1.005,2.667
2026-01-05T11:15:00Z,132313,13.05,2026-01-05T11:02:00Z,0.71,1.005,2.667
2026-01-05T11:30:00Z,132314,13.15,2026-01-05T11:15:05Z,1.266,1.006,2.667
2026-01-05T11:45:00Z,132315,13.11,2026-01-05T11:33:05Z,1.922,1.006,2.667
2026-01-05T12:00:00Z,132316,13.16,2026-01-05T11:55:20Z,2.684,1.007,2.667
2026-01-05T12:15:00Z,132317,13.14,2026-01-05T12:04:50Z,3.429,1.009,2.666
2026-01-05T12:30:00Z,132318,13.32,2026-01-05T12:18:45Z,4.087,1.009,2.667
2026-01-05T12:45:00Z,132319,13.28,2026-01-05T12:44:20Z,4.765,1.01,2.667
2026-01-05T13:00:00Z,132320,13.28,2026-01-05T12:58:10Z,5.224,1.01,2.667
2026-01-05T13:15:00Z,132321,13.14,2026-01-05T13:13:50Z,5.425,1.01,2.666
2026-01-05T13:30:00Z,132322,13.14,2026-01-05T13:16:35Z,5.344,1.01,2.665
2026-01-05T13:45:00Z,132323,13.23,2026-01-05T13:30:20Z,5.145,1.011,2.665
2026-01-05T14:00:00Z,132324,13.25,2026-01-05T13:57:05Z,5.008,1.012,2.665
2026-01-05T14:15:00Z,132325,13.21,2026-01-05T14:05:10Z,4.865,1.019,2.664
2026-01-05T14:30:00Z,132326,13.19,2026-01-05T14:15:25Z,4.676,1.012,2.662
2026-01-05T14:45:00Z,132327,13.27,2026-01-05T14:31:55Z,4.636,1.012,2.664
2026-01-05T15:00:00Z,132328,13.41,2026-01-05T14:56:20Z,4.652,1.012,2.665
2026-01-05T15:15:00Z,132329,13.08,2026-01-05T15:07:10Z,4.66,1.012,2.663
2026-01-05T15:30:00Z,132330,13.14,2026-01-05T15:28:55Z,4.499,1.012,2.663
2026-01-05T15:45:00Z,132331,13.1,2026-01-05T15:33:25Z,4.312,1.011,2.663
2026-01-05T16:00:00Z,132332,13.41,2026-01-05T15:46:30Z,4.218,1.012,2.665
2026-01-05T16:15:00Z,132333,13.21,2026-01-05T16:11:50Z,4.355,1.013,2.665
2026-01-05T16:30:00Z,132334,12.95,2026-01-05T16:29:25Z,4.444,1.013,2.663
2026-01-05T16:45:00Z,132335,12.92,2026-01-05T16:45:00Z,4.156,1.013,2.662
2026-01-05T17:00:00Z,132336,12.88,2026-01-05T16:59:55Z,3.685,1.013,2.661
2026-01-05T17:15:00Z,132337,12.84,2026-01-05T17:14:30Z,3.186,1.013,2.66
2026-01-05T17:30:00Z,132338,12.81,2026-01-05T17:29:15Z,2.588,1.014,2.66
2026-01-05T17:45:00Z,132339,12.79,2026-01-05T17:42:20Z,1.856,1.015,2.66
2026-01-05T18:00:00Z,132340,12.78,2026-01-05T17:58:05Z,1.14,1.015,2.659
2026-01-05T18:15:00Z,132341,12.77,2026-01-05T18:02:10Z,0.353,1.015,2.659
2026-01-05T18:30:00Z,132342,12.76,2026-01-05T18:29:35Z,-0.445,1.015,2.659
2026-01-05T18:45:00Z,132343,12.75,2026-01-05T18:44:35Z,-1.152,1.015,2.659
2026-01-05T19:00:00Z,132344,12.74,2026-01-05T18:56:05Z,-1.633,1.015,2.659
2026-01-05T19:15:00Z,132345,12.73,2026-01-05T19:02:00Z,-1.968,1.016,2.659
2026-01-05T19:30:00Z,132346,12.73,2026-01-05T19:29:55Z,-2.264,1.016,2.659
2026-01-05T19:45:00Z,132347,12.72,2026-01-05T19:42:10Z,-2.449,1.017,2.659
2026-01-05T20:00:00Z,132348,12.72,2026-01-05T19:49:30Z,-2.442,1.016,2.658
2026-01-05T20:15:00Z,132349,12.71,2026-01-05T20:02:00Z,-2.339,1.017,2.658
2026-01-05T20:30:00Z,132350,12.7,2026-01-05T20:29:05Z,-2.258,1.016,2.658
2026-01-05T20:45:00Z,132351,12.7,2026-01-05T20:41:00Z,-2.251,1.016,2.658
2026-01-05T21:00:00Z,132352,12.69,2026-01-05T20:57:05Z,-2.281,1.016,2.658
2026-01-05T21:15:00Z,132353,12.68,2026-01-05T21:02:00Z,-2.363,1.017,2.657
2026-01-05T21:30:00Z,132354,12.68,2026-01-05T21:26:20Z,-2.493,1.016,2.657
2026-01-05T21:45:00Z,132355,12.68,2026-01-05T21:31:40Z,-2.607,1.017,2.657
2026-01-05T22:00:00Z,132356,12.68,2026-01-05T21:58:20Z,-2.628,1.017,2.656
2026-01-05T22:15:00Z,132357,12.67,2026-01-05T22:02:05Z,-2.544,1.015,2.656
2026-01-05T22:30:00Z,132358,12.66,2026-01-05T22:29:45Z,-2.455,1.016,2.655
2026-01-05T22:45:00Z,132359,12.67,2026-01-05T22:38:40Z,-2.561,1.018,2.655
2026-01-05T23:00:00Z,132360,12.66,2026-01-05T22:57:10Z,-2.674,1.017,2.654
2026-01-05T23:15:00Z,132361,12.65,2026-01-05T23:02:05Z,-2.571,1.015,2.653
2026-01-05T23:30:00Z,132362,12.64,2026-01-05T23:29:45Z,-2.346,1.014,2.653
2026-01-05T23:45:00Z,132363,12.65,2026-01-05T23:38:50Z,-2.065,1.014,2.652
2026-01-06T00:15:00Z,132365,12.63,2026-01-06T00:02:05Z,-1.563,1.013,2.651
2026-01-06T00:30:00Z,132366,12.64,2026-01-06T00:19:55Z,-1.433,1.013,2.651
2026-01-06T00:45:00Z,132367,12.64,2026-01-06T00:43:40Z,-1.454,1.014,2.65
2026-01-06T01:00:00Z,132368,12.63,2026-01-06T00:57:10Z,-1.57,1.017,2.65
2026-01-06T01:15:00Z,132369,12.63,2026-01-06T01:14:45Z,-1.589,1.014,2.649
2026-01-06T01:30:00Z,132370,12.63,2026-01-06T01:22:20Z,-1.378,1.014,2.648
2026-01-06T01:45:00Z,132371,12.63,2026-01-06T01:44:45Z,-1.035,1.015,2.648
2026-01-06T02:00:00Z,132372,12.61,2026-01-06T01:47:20Z,-0.706,1.014,2.648
2026-01-06T02:15:00Z,132373,12.62,2026-01-06T02:09:55Z,-0.537,1.012,2.647
2026-01-06T02:30:00Z,132374,12.62,2026-01-06T02:26:20Z,-0.381,1.013,2.647
2026-01-06T02:45:00Z,132375,12.61,2026-01-06T02:39:15Z,-0.162,1.012,2.646
2026-01-06T03:00:00Z,132376,12.61,2026-01-06T02:57:05Z,0.062,1.013,2.646
2026-01-06T03:15:00Z,132377,12.6,2026-01-06T03:02:00Z,0.3,1.013,2.646
2026-01-06T03:30:00Z,132378,12.6,2026-01-06T03:29:30Z,0.507,1.013,2.645
2026-01-06T03:45:00Z,132379,12.57,2026-01-06T03:37:20Z,0.646,1.013,2.645
2026-01-06T04:00:00Z,132380,12.59,2026-01-06T03:57:00Z,0.695,1.013,2.644
2026-01-06T04:15:00Z,132381,12.61,2026-01-06T04:02:35Z,0.678,1.013,2.644
2026-01-06T04:30:00Z,132382,12.59,2026-01-06T04:29:30Z,0.771,1.014,2.643
2026-01-06T04:45:00Z,132383,12.6,2026-01-06T04:41:35Z,0.917,1.013,2.643
2026-01-06T05:00:00Z,132384,12.59,2026-01-06T04:57:00Z,1.108,1.013,2.643
2026-01-06T05:15:00Z,132385,12.59,2026-01-06T05:02:05Z,1.285,1.013,2.642
2026-01-06T05:30:00Z,132386,12.58,2026-01-06T05:29:35Z,1.428,1.013,2.642
2026-01-06T05:45:00Z,132387,12.59,2026-01-06T05:42:05Z,1.53,1.013,2.641
2026-01-06T06:00:00Z,132388,12.58,2026-01-06T05:57:05Z,1.632,1.013,2.641
2026-01-06T06:15:00Z,132389,12.58,2026-01-06T06:02:00Z,1.704,1.013,2.641
2026-01-06T06:30:00Z,132390,12.59,2026-01-06T06:15:40Z,1.789,1.015,2.64
2026-01-06T06:45:00Z,132391,12.59,2026-01-06T06:30:05Z,1.853,1.016,2.64
2026-01-06T07:00:00Z,132392,12.58,2026-01-06T06:48:25Z,1.916,1.014,2.639
2026-01-06T07:15:00Z,132393,12.57,2026-01-06T07:02:05Z,2.063,1.016,2.639
2026-01-06T07:30:00Z,132394,12.57,2026-01-06T07:20:10Z,2.232,1.012,2.639
2026-01-06T07:45:00Z,132395,12.57,2026-01-06T07:41:30Z,2.354,1.013,2.638
2026-01-06T08:00:00Z,132396,12.57,2026-01-06T07:57:10Z,2.394,1.014,2.638
2026-01-06T08:15:00Z,132397,12.57,2026-01-06T08:00:10Z,2.392,1.015,2.638
2026-01-06T08:30:00Z,132398,12.56,2026-01-06T08:29:30Z,2.383,1.014,2.637
2026-01-06T08:45:00Z,132399,12.57,2026-01-06T08:32:10Z,2.425,1.022,2.637
2026-01-06T09:00:00Z,132400,12.56,2026-01-06T08:50:50Z,2.49,1.015,2.635
2026-01-06T09:15:00Z,132401,12.56,2026-01-06T09:02:00Z,2.59,1.014,2.635
2026-01-06T09:30:00Z,132402,12.55,2026-01-06T09:29:30Z,2.748,1.014,2.634
2026-01-06T09:45:00Z,132403,12.56,2026-01-06T09:30:50Z,2.953,1.013,2.634
2026-01-06T10:00:00Z,132404,12.55,2026-01-06T09:57:00Z,3.115,1.014,2.634
2026-01-06T10:15:00Z,132405,12.56,2026-01-06T10:09:20Z,3.282,1.015,2.634
2026-01-06T10:30:00Z,132406,12.56,2026-01-06T10:22:25Z,3.511,1.015,2.634
2026-01-06T10:45:00Z,132407,12.56,2026-01-06T10:36:35Z,3.77,1.015,2.634
2026-01-06T11:00:00Z,132408,12.56,2026-01-06T10:57:00Z,4.04,1.015,2.634
2026-01-06T11:15:00Z,132409,12.55,2026-01-06T11:02:00Z,4.303,1.021,2.634
2026-01-06T11:30:00Z,132410,12.55,2026-01-06T11:29:30Z,4.517,1.016,2.633
2026-01-06T11:45:00Z,132411,12.56,2026-01-06T11:32:30Z,4.676,1.016,2.633
2026-01-06T12:00:00Z,132412,12.56,2026-01-06T11:45:15Z,4.795,1.017,2.633
2026-01-06T12:15:00Z,132413,12.56,2026-01-06T12:02:00Z,4.871,1.017,2.633
2026-01-06T12:30:00Z,132414,12.56,2026-01-06T12:18:55Z,4.974,1.018,2.633
2026-01-06T12:45:00Z,132415,12.56,2026-01-06T12:30:15Z,5.083,1.019,2.633
2026-01-06T13:00:00Z,132416,12.57,2026-01-06T12:45:05Z,5.221,1.021,2.632
2026-01-06T13:15:00Z,132417,12.57,2026-01-06T13:02:00Z,5.422,1.021,2.632
2026-01-06T13:30:00Z,132418,12.59,2026-01-06T13:29:05Z,5.678,1.021,2.633
2026-01-06T13:45:00Z,132419,12.57,2026-01-06T13:44:15Z,5.923,1.03,2.632
2026-01-06T14:00:00Z,132420,12.56,2026-01-06T13:55:45Z,6.096,1.025,2.631
2026-01-06T14:15:00Z,132421,12.55,2026-01-06T14:02:05Z,6.265,1.024,2.63
2026-01-06T14:30:00Z,132422,12.54,2026-01-06T14:29:05Z,6.454,1.023,2.63
2026-01-06T14:45:00Z,132423,12.55,2026-01-06T14:30:10Z,6.615,1.024,2.63
2026-01-06T15:00:00Z,132424,12.53,2026-01-06T14:49:05Z,6.708,1.024,2.63
2026-01-06T15:15:00Z,132425,12.52,2026-01-06T15:13:05Z,6.745,1.025,2.63
2026-01-06T15:30:00Z,132426,12.52,2026-01-06T15:15:45Z,6.741,1.026,2.63
2026-01-06T15:45:00Z,132427,12.52,2026-01-06T15:30:05Z,6.711,1.028,2.63
2026-01-06T16:00:00Z,132428,12.53,2026-01-06T15:57:10Z,6.666,1.03,2.63
2026-01-06T16:15:00Z,132429,12.52,2026-01-06T16:08:55Z,6.596,1.03,2.63
2026-01-06T16:30:00Z,132430,12.51,2026-01-06T16:20:00Z,6.448,1.031,2.63
2026-01-06T16:45:00Z,132431,12.51,2026-01-06T16:34:35Z,6.298,1.033,2.63
2026-01-06T17:00:00Z,132432,12.5,2026-01-06T16:54:40Z,6.114,1.034,2.63
2026-01-06T17:15:00Z,132433,12.5,2026-01-06T17:00:05Z,5.882,1.036,2.629
2026-01-06T17:30:00Z,132434,12.5,2026-01-06T17:16:00Z,5.671,1.036,2.629
2026-01-06T17:45:00Z,132435,12.49,2026-01-06T17:39:10Z,5.448,1.037,2.629
2026-01-06T18:00:00Z,132436,12.49,2026-01-06T17:45:05Z,5.17,1.038,2.629
2026-01-06T18:15:00Z,132437,12.48,2026-01-06T18:02:05Z,4.904,1.039,2.629
2026-01-06T18:30:00Z,132438,12.47,2026-01-06T18:29:30Z,4.699,1.04,2.629
2026-01-06T18:45:00Z,132439,12.46,2026-01-06T18:44:25Z,4.539,1.04,2.629
2026-01-06T19:00:00Z,132440,12.46,2026-01-06T18:57:10Z,4.395,1.042,2.629
2026-01-06T19:15:00Z,132441,12.46,2026-01-06T19:02:00Z,4.269,1.046,2.629
2026-01-06T19:30:00Z,132442,12.45,2026-01-06T19:29:30Z,4.159,1.05,2.629
2026-01-06T19:45:00Z,132443,12.46,2026-01-06T19:42:50Z,4.065,1.054,2.629
2026-01-06T20:00:00Z,132444,12.45,2026-01-06T19:57:00Z,3.996,1.057,2.629
2026-01-06T20:15:00Z,132445,12.43,2026-01-06T20:02:00Z,3.934,1.06,2.628
2026-01-06T20:30:00Z,132446,12.44,2026-01-06T20:28:40Z,3.887,1.062,2.628
2026-01-06T20:45:00Z,132447,12.43,2026-01-06T20:42:00Z,3.854,1.063,2.628
2026-01-06T21:00:00Z,132448,12.43,2026-01-06T20:50:00Z,3.843,1.065,2.628
2026-01-06T21:15:00Z,132449,12.42,2026-01-06T21:14:00Z,3.825,1.066,2.628
2026-01-06T21:30:00Z,132450,12.42,2026-01-06T21:29:30Z,3.807,1.066,2.628
2026-01-06T21:45:00Z,132451,12.42,2026-01-06T21:43:20Z,3.807,1.067,2.628
2026-01-06T22:00:00Z,132452,12.41,2026-01-06T21:57:00Z,3.807,1.068,2.628
2026-01-06T22:15:00Z,132453,12.41,2026-01-06T22:02:05Z,3.801,1.077,2.627
2026-01-06T22:30:00Z,132454,12.41,2026-01-06T22:29:40Z,3.805,1.07,2.627
2026-01-06T22:45:00Z,132455,12.41,2026-01-06T22:45:00Z,3.807,1.071,2.627
2026-01-06T23:00:00Z,132456,12.41,2026-01-06T22:45:15Z,3.825,1.071,2.628
2026-01-06T23:15:00Z,132457,12.37,2026-01-06T23:02:05Z,3.845,1.073,2.628
2026-01-06T23:30:00Z,132458,12.35,2026-01-06T23:29:40Z,3.88,1.074,2.628
2026-01-06T23:45:00Z,132459,12.4,2026-01-06T23:30:10Z,3.901,1.075,2.628
2026-01-07T00:15:00Z,132461,12.38,2026-01-07T00:02:00Z,3.941,1.079,2.628
2026-01-07T00:30:00Z,132462,12.4,2026-01-07T00:19:50Z,3.956,1.08,2.628
2026-01-07T00:45:00Z,132463,12.4,2026-01-07T00:30:05Z,3.963,1.082,2.628
2026-01-07T01:00:00Z,132464,12.39,2026-01-07T00:50:05Z,3.985,1.092,2.627
2026-01-07T01:15:00Z,132465,12.39,2026-01-07T01:00:05Z,4.031,1.085,2.625
2026-01-07T01:30:00Z,132466,12.38,2026-01-07T01:29:30Z,4.075,1.087,2.625
2026-01-07T01:45:00Z,132467,12.38,2026-01-07T01:37:30Z,4.123,1.087,2.625
2026-01-07T02:00:00Z,132468,12.37,2026-01-07T01:57:00Z,4.165,1.088,2.625
2026-01-07T02:15:00Z,132469,12.37,2026-01-07T02:02:00Z,4.2,1.09,2.625
2026-01-07T02:30:00Z,132470,12.37,2026-01-07T02:26:05Z,4.225,1.089,2.625
2026-01-07T02:45:00Z,132471,12.38,2026-01-07T02:40:15Z,4.256,1.09,2.625
2026-01-07T03:00:00Z,132472,12.38,2026-01-07T02:45:55Z,4.284,1.092,2.625
2026-01-07T03:15:00Z,132473,12.37,2026-01-07T03:12:15Z,4.304,1.094,2.625
2026-01-07T03:30:00Z,132474,12.37,2026-01-07T03:28:15Z,4.322,1.096,2.625
2026-01-07T03:45:00Z,132475,12.37,2026-01-07T03:30:55Z,4.305,1.096,2.625
2026-01-07T04:00:00Z,132476,12.34,2026-01-07T03:57:00Z,4.283,1.097,2.625
2026-01-07T04:15:00Z,132477,12.37,2026-01-07T04:02:00Z,4.255,1.106,2.625
2026-01-07T04:30:00Z,132478,12.38,2026-01-07T04:15:20Z,4.217,1.101,2.624
2026-01-07T04:45:00Z,132479,12.38,2026-01-07T04:30:05Z,4.173,1.102,2.624
2026-01-07T05:00:00Z,132480,12.38,2026-01-07T04:45:05Z,4.123,1.099,2.624
2026-01-07T05:15:00Z,132481,12.38,2026-01-07T05:00:05Z,4.079,1.101,2.625
2026-01-07T05:30:00Z,132482,12.37,2026-01-07T05:29:30Z,4.06,1.102,2.626
2026-01-07T05:45:00Z,132483,12.38,2026-01-07T05:30:05Z,4.027,1.102,2.626
2026-01-07T06:00:00Z,132484,12.37,2026-01-07T05:57:00Z,4.002,1.102,2.627
2026-01-07T06:15:00Z,132485,12.37,2026-01-07T06:00:30Z,3.985,1.103,2.627
2026-01-07T06:30:00Z,132486,12.37,2026-01-07T06:16:00Z,3.978,1.103,2.628
2026-01-07T06:45:00Z,132487,12.37,2026-01-07T06:30:05Z,3.966,1.103,2.628
2026-01-07T07:00:00Z,132488,12.35,2026-01-07T06:57:20Z,3.929,1.104,2.629
2026-01-07T07:15:00Z,132489,12.37,2026-01-07T07:00:05Z,3.896,1.105,2.63
2026-01-07T07:30:00Z,132490,12.36,2026-01-07T07:29:30Z,3.871,1.106,2.631
2026-01-07T07:45:00Z,132491,12.37,2026-01-07T07:30:05Z,3.85,1.107,2.632
2026-01-07T08:00:00Z,132492,12.36,2026-01-07T07:57:00Z,3.834,1.107,2.634
2026-01-07T08:15:00Z,132493,12.36,2026-01-07T08:02:00Z,3.815,1.109,2.635
2026-01-07T08:30:00Z,132494,12.37,2026-01-07T08:17:10Z,3.807,1.113,2.637
2026-01-07T08:45:00Z,132495,12.37,2026-01-07T08:30:05Z,3.807,1.114,2.638
2026-01-07T09:00:00Z,132496,12.37,2026-01-07T08:46:30Z,3.814,1.112,2.64
2026-01-07T09:15:00Z,132497,12.38,2026-01-07T09:00:05Z,3.843,1.112,2.643
2026-01-07T09:30:00Z,132498,12.4,2026-01-07T09:29:30Z,3.906,1.112,2.646
2026-01-07T09:45:00Z,132499,12.41,2026-01-07T09:39:50Z,3.97,1.113,2.649
2026-01-07T10:00:00Z,132500,12.39,2026-01-07T09:57:00Z,4.044,1.113,2.653
2026-01-07T10:15:00Z,132501,12.39,2026-01-07T10:02:00Z,4.125,1.114,2.657
2026-01-07T10:30:00Z,132502,12.41,2026-01-07T10:18:20Z,4.196,1.113,2.661
2026-01-07T10:45:00Z,132503,12.41,2026-01-07T10:30:05Z,4.268,1.114,2.665
2026-01-07T11:00:00Z,132504,12.41,2026-01-07T10:47:30Z,4.373,1.115,2.67
2026-01-07T11:15:00Z,132505,12.42,2026-01-07T11:00:50Z,4.479,1.116,2.674
2026-01-07T11:30:00Z,132506,12.42,2026-01-07T11:28:50Z,4.6,1.117,2.68
2026-01-07T11:45:00Z,132507,12.41,2026-01-07T11:42:30Z,4.724,1.117,2.685
2026-01-07T12:00:00Z,132508,12.4,2026-01-07T11:51:15Z,4.787,1.118,2.691
2026-01-07T12:15:00Z,132509,12.41,2026-01-07T12:02:00Z,4.828,1.119,2.697
2026-01-07T12:30:00Z,132510,12.43,2026-01-07T12:15:25Z,4.872,1.121,2.703
2026-01-07T12:45:00Z,132511,12.45,2026-01-07T12:42:50Z,4.919,1.121,2.71
2026-01-07T13:00:00Z,132512,12.46,2026-01-07T12:45:05Z,4.958,1.121,2.718
2026-01-07T13:15:00Z,132513,12.45,2026-01-07T13:10:40Z,4.996,1.122,2.725
2026-01-07T13:30:00Z,132514,12.45,2026-01-07T13:20:25Z,5.009,1.122,2.733
2026-01-07T13:45:00Z,132515,12.45,2026-01-07T13:34:30Z,5.02,1.124,2.741
2026-01-07T14:00:00Z,132516,12.49,2026-01-07T13:45:05Z,5.061,1.123,2.749
2026-01-07T14:15:00Z,132517,12.49,2026-01-07T14:02:00Z,5.153,1.124,2.758
2026-01-07T14:30:00Z,132518,12.5,2026-01-07T14:27:30Z,5.286,1.124,2.768
2026-01-07T14:45:00Z,132519,12.51,2026-01-07T14:30:05Z,5.418,1.123,2.777
2026-01-07T15:00:00Z,132520,12.53,2026-01-07T14:51:10Z,5.541,1.123,2.787
2026-01-07T15:15:00Z,132521,12.53,2026-01-07T15:08:45Z,5.633,1.124,2.797
2026-01-07T15:30:00Z,132522,12.49,2026-01-07T15:29:35Z,5.72,1.124,2.807
2026-01-07T15:45:00Z,132523,12.48,2026-01-07T15:43:25Z,5.763,1.124,2.817
2026-01-07T16:00:00Z,132524,12.48,2026-01-07T15:46:05Z,5.803,1.124,2.827
2026-01-07T16:15:00Z,132525,12.46,2026-01-07T16:02:00Z,5.839,1.124,2.838
2026-01-07T16:30:00Z,132526,12.46,2026-01-07T16:17:30Z,5.784,1.123,2.849
2026-01-07T16:45:00Z,132527,12.57,2026-01-07T16:42:05Z,5.679,1.124,2.861
2026-01-07T17:00:00Z,132528,12.51,2026-01-07T16:59:35Z,5.349,1.123,2.873
2026-01-07T17:15:00Z,132529,12.44,2026-01-07T17:14:05Z,4.735,1.122,2.884
2026-01-07T17:30:00Z,132530,12.4,2026-01-07T17:29:10Z,3.944,1.123,2.896
2026-01-07T17:45:00Z,132531,12.37,2026-01-07T17:37:55Z,2.908,1.124,2.908
2026-01-07T18:00:00Z,132532,12.37,2026-01-07T17:57:10Z,1.84,1.125,2.92
2026-01-07T18:15:00Z,132533,12.37,2026-01-07T18:02:00Z,0.822,1.126,2.933
2026-01-07T18:30:00Z,132534,12.37,2026-01-07T18:29:40Z,-0.089,1.125,2.946
2026-01-07T18:45:00Z,132535,12.37,2026-01-07T18:30:10Z,-0.869,1.126,2.959
2026-01-07T19:00:00Z,132536,12.37,2026-01-07T18:45:10Z,-1.522,1.125,2.972
2026-01-07T19:15:00Z,132537,12.35,2026-01-07T19:02:00Z,-2.053,1.124,2.986
2026-01-07T19:30:00Z,132538,12.36,2026-01-07T19:29:45Z,-2.422,1.125,2.999
2026-01-07T19:45:00Z,132539,12.36,2026-01-07T19:30:15Z,-2.461,1.126,3.012
2026-01-07T20:00:00Z,132540,12.36,2026-01-07T19:50:30Z,-2.261,1.125,3.026
2026-01-07T20:15:00Z,132541,12.31,2026-01-07T20:02:00Z,-2.185,1.125,3.039
2026-01-07T20:30:00Z,132542,12.35,2026-01-07T20:21:55Z,-2.136,1.125,3.052
2026-01-07T20:45:00Z,132543,12.35,2026-01-07T20:40:20Z,-2.142,1.125,3.065
2026-01-07T21:00:00Z,132544,12.35,2026-01-07T20:51:00Z,-2.16,1.125,3.078
2026-01-07T21:15:00Z,132545,12.34,2026-01-07T21:02:05Z,-2.063,1.125,3.091
2026-01-07T21:30:00Z,132546,12.34,2026-01-07T21:28:20Z,-1.808,1.126,3.103
2026-01-07T21:45:00Z,132547,12.34,2026-01-07T21:44:20Z,-1.562,1.126,3.115
2026-01-07T22:00:00Z,132548,12.33,2026-01-07T21:57:10Z,-1.275,1.125,3.126
2026-01-07T22:15:00Z,132549,12.33,2026-01-07T22:02:00Z,-0.953,1.125,3.137
2026-01-07T22:30:00Z,132550,12.3,2026-01-07T22:29:30Z,-0.654,1.125,3.148
2026-01-07T22:45:00Z,132551,12.34,2026-01-07T22:31:40Z,-0.303,1.125,3.158
2026-01-07T23:00:00Z,132552,12.34,2026-01-07T22:57:10Z,-0.011,1.125,3.167
2026-01-07T23:15:00Z,132553,12.34,2026-01-07T23:02:10Z,0.192,1.124,3.177
2026-01-07T23:30:00Z,132554,12.32,2026-01-07T23:21:20Z,0.396,1.124,3.185
2026-01-07T23:45:00Z,132555,12.33,2026-01-07T23:36:40Z,0.639,1.123,3.194
2026-01-08T00:15:00Z,132557,12.32,2026-01-08T00:02:10Z,0.94,1.122,3.209
2026-01-08T00:30:00Z,132558,12.33,2026-01-08T00:29:40Z,0.946,1.122,3.216
2026-01-08T00:45:00Z,132559,12.34,2026-01-08T00:30:05Z,0.914,1.121,3.223
2026-01-08T01:00:00Z,132560,12.34,2026-01-08T00:47:30Z,0.901,1.121,3.229
2026-01-08T01:15:00Z,132561,12.34,2026-01-08T01:02:05Z,0.837,1.12,3.235
2026-01-08T01:30:00Z,132562,12.32,2026-01-08T01:29:35Z,0.696,1.12,3.24
2026-01-08T01:45:00Z,132563,12.34,2026-01-08T01:32:25Z,0.544,1.12,3.245
2026-01-08T02:00:00Z,132564,12.32,2026-01-08T01:57:05Z,0.375,1.119,3.25
2026-01-08T02:15:00Z,132565,12.32,2026-01-08T02:02:05Z,0.304,1.119,3.255
2026-01-08T02:30:00Z,132566,12.33,2026-01-08T02:17:15Z,0.296,1.119,3.259
2026-01-08T02:45:00Z,132567,12.33,2026-01-08T02:33:15Z,0.285,1.119,3.263
2026-01-08T03:00:00Z,132568,12.32,2026-01-08T02:57:00Z,0.275,1.119,3.267
2026-01-08T03:15:00Z,132569,12.29,2026-01-08T03:02:00Z,0.27,1.119,3.271
2026-01-08T03:30:00Z,132570,12.32,2026-01-08T03:17:35Z,0.253,1.118,3.274
2026-01-08T03:45:00Z,132571,12.33,2026-01-08T03:39:55Z,0.238,1.117,3.277
2026-01-08T04:00:00Z,132572,12.32,2026-01-08T03:57:00Z,0.174,1.118,3.28
2026-01-08T04:15:00Z,132573,12.32,2026-01-08T04:02:05Z,0.014,1.118,3.283
2026-01-08T04:30:00Z,132574,12.33,2026-01-08T04:27:55Z,-0.184,1.117,3.286
2026-01-08T04:45:00Z,132575,12.33,2026-01-08T04:30:05Z,-0.32,1.116,3.289
2026-01-08T05:00:00Z,132576,12.32,2026-01-08T04:57:10Z,-0.351,1.117,3.291
2026-01-08T05:15:00Z,132577,12.32,2026-01-08T05:02:05Z,-0.407,1.116,3.293
2026-01-08T05:30:00Z,132578,12.33,2026-01-08T05:15:10Z,-0.546,1.115,3.295
2026-01-08T05:45:00Z,132579,12.32,2026-01-08T05:33:50Z,-0.735,1.115,3.297
2026-01-08T06:00:00Z,132580,12.32,2026-01-08T05:57:10Z,-0.825,1.115,3.299
2026-01-08T06:15:00Z,132581,12.32,2026-01-08T06:04:05Z,-0.831,1.115,3.3
2026-01-08T06:30:00Z,132582,12.32,2026-01-08T06:21:45Z,-0.765,1.114,3.301
2026-01-08T06:45:00Z,132583,12.32,2026-01-08T06:32:25Z,-0.676,1.114,3.303
2026-01-08T07:00:00Z,132584,12.32,2026-01-08T06:51:40Z,-0.559,1.114,3.304
2026-01-08T07:15:00Z,132585,12.31,2026-01-08T07:02:05Z,-0.485,1.113,3.305
2026-01-08T07:30:00Z,132586,12.31,2026-01-08T07:29:40Z,-0.429,1.113,3.305
2026-01-08T07:45:00Z,132587,12.31,2026-01-08T07:33:25Z,-0.379,1.112,3.306
2026-01-08T08:00:00Z,132588,12.31,2026-01-08T07:57:10Z,-0.301,1.114,3.306
2026-01-08T08:15:00Z,132589,12.31,2026-01-08T08:02:00Z,-0.229,1.112,3.306
2026-01-08T08:30:00Z,132590,12.32,2026-01-08T08:23:30Z,-0.224,1.11,3.307
2026-01-08T08:45:00Z,132591,12.33,2026-01-08T08:31:30Z,-0.199,1.11,3.307
2026-01-08T09:00:00Z,132592,12.35,2026-01-08T08:47:35Z,-0.104,1.11,3.307
2026-01-08T09:15:00Z,132593,12.38,2026-01-08T09:02:10Z,0.159,1.109,3.307
2026-01-08T09:30:00Z,132594,12.45,2026-01-08T09:17:40Z,0.569,1.108,3.307
2026-01-08T09:45:00Z,132595,12.49,2026-01-08T09:30:05Z,1.017,1.108,3.307
2026-01-08T10:00:00Z,132596,12.5,2026-01-08T09:54:20Z,1.571,1.107,3.306
2026-01-08T10:15:00Z,132597,12.51,2026-01-08T10:07:25Z,2.086,1.109,3.306
2026-01-08T10:30:00Z,132598,12.53,2026-01-08T10:15:20Z,2.466,1.114,3.305
2026-01-08T10:45:00Z,132599,12.68,2026-01-08T10:30:05Z,2.803,1.109,3.304
2026-01-08T11:00:00Z,132600,12.77,2026-01-08T10:45:30Z,3.257,1.108,3.304
2026-01-08T11:15:00Z,132601,12.79,2026-01-08T11:02:10Z,3.694,1.106,3.304
2026-01-08T11:30:00Z,132602,12.83,2026-01-08T11:16:25Z,4.082,1.106,3.303
2026-01-08T11:45:00Z,132603,12.85,2026-01-08T11:44:10Z,4.47,1.109,3.303
2026-01-08T12:00:00Z,132604,12.86,2026-01-08T11:45:15Z,4.858,1.11,3.302
2026-01-08T12:15:00Z,132605,12.97,2026-01-08T12:05:20Z,5.511,1.109,3.302
2026-01-08T12:30:00Z,132606,13.01,2026-01-08T12:17:15Z,6.035,1.109,3.301
2026-01-08T12:45:00Z,132607,13.28,2026-01-08T12:39:55Z,6.978,1.111,3.302
2026-01-08T13:00:00Z,132608,13.26,2026-01-08T12:59:55Z,8.32,1.108,3.302
2026-01-08T13:15:00Z,132609,13.06,2026-01-08T13:14:45Z,9.46,1.109,3.301
2026-01-08T13:30:00Z,132610,12.99,2026-01-08T13:26:55Z,10.11,1.109,3.299
2026-01-08T13:45:00Z,132611,13.02,2026-01-08T13:30:05Z,10.5,1.108,3.299
2026-01-08T14:00:00Z,132612,12.95,2026-01-08T13:59:35Z,10.93,1.107,3.299
2026-01-08T14:15:00Z,132613,12.94,2026-01-08T14:03:05Z,11.07,1.105,3.299
2026-01-08T14:30:00Z,132614,12.97,2026-01-08T14:28:30Z,11.04,1.107,3.299
2026-01-08T14:45:00Z,132615,12.95,2026-01-08T14:44:50Z,11.11,1.106,3.3
2026-01-08T15:00:00Z,132616,12.85,2026-01-08T14:57:10Z,11.23,1.105,3.301
2026-01-08T15:15:00Z,132617,12.8,2026-01-08T15:14:50Z,11.39,1.104,3.303
2026-01-08T15:30:00Z,132618,12.79,2026-01-08T15:17:45Z,11.47,1.104,3.305
2026-01-08T15:45:00Z,132619,12.81,2026-01-08T15:44:45Z,11.54,1.105,3.308
2026-01-08T16:00:00Z,132620,12.77,2026-01-08T15:58:30Z,11.6,1.104,3.312
2026-01-08T16:15:00Z,132621,12.74,2026-01-08T16:14:55Z,11.65,1.104,3.316
2026-01-08T16:30:00Z,132622,12.72,2026-01-08T16:29:30Z,11.66,1.104,3.321
2026-01-08T16:45:00Z,132623,12.7,2026-01-08T16:45:00Z,11.66,1.105,3.327
2026-01-08T17:00:00Z,132624,12.68,2026-01-08T16:59:25Z,11.64,1.104,3.334
2026-01-08T17:15:00Z,132625,12.65,2026-01-08T17:08:50Z,11.64,1.103,3.341
2026-01-08T17:30:00Z,132626,12.65,2026-01-08T17:29:45Z,11.6,1.102,3.35
2026-01-08T17:45:00Z,132627,12.64,2026-01-08T17:43:20Z,11.13,1.104,3.359
2026-01-08T18:00:00Z,132628,12.64,2026-01-08T17:52:10Z,10.6,1.105,3.369
2026-01-08T18:15:00Z,132629,12.62,2026-01-08T18:11:45Z,10.17,1.105,3.38
2026-01-08T18:30:00Z,132630,12.61,2026-01-08T18:29:40Z,9.86,1.104,3.392
2026-01-08T18:45:00Z,132631,12.62,2026-01-08T18:33:55Z,9.67,1.106,3.405
2026-01-08T19:00:00Z,132632,12.6,2026-01-08T18:57:20Z,9.55,1.104,3.418
2026-01-08T19:15:00Z,132633,12.59,2026-01-08T19:02:00Z,9.57,1.105,3.432
2026-01-08T19:30:00Z,132634,12.53,2026-01-08T19:29:35Z,9.85,1.103,3.446
2026-01-08T19:45:00Z,132635,12.59,2026-01-08T19:30:45Z,10.17,1.106,3.461
2026-01-08T20:00:00Z,132636,12.57,2026-01-08T19:56:00Z,10.39,1.103,3.476
2026-01-08T20:15:00Z,132637,12.57,2026-01-08T20:10:50Z,10.53,1.105,3.491
2026-01-08T20:30:00Z,132638,12.57,2026-01-08T20:23:40Z,10.6,1.104,3.507
2026-01-08T20:45:00Z,132639,12.55,2026-01-08T20:38:40Z,10.64,1.105,3.523
2026-01-08T21:00:00Z,132640,12.54,2026-01-08T20:57:10Z,10.7,1.104,3.54
2026-01-08T21:15:00Z,132641,12.53,2026-01-08T21:13:20Z,10.85,1.106,3.556
2026-01-08T21:30:00Z,132642,12.52,2026-01-08T21:29:30Z,11.03,1.105,3.573
2026-01-08T21:45:00Z,132643,12.52,2026-01-08T21:40:00Z,11.09,1.108,3.59
2026-01-08T22:00:00Z,132644,12.5,2026-01-08T21:57:00Z,11.25,1.106,3.607
2026-01-08T22:15:00Z,132645,12.5,2026-01-08T22:02:05Z,11.53,1.113,3.624
2026-01-08T22:30:00Z,132646,12.48,2026-01-08T22:29:35Z,11.75,1.111,3.641
2026-01-08T22:45:00Z,132647,12.49,2026-01-08T22:38:50Z,11.88,1.109,3.658
2026-01-08T23:00:00Z,132648,12.48,2026-01-08T22:59:55Z,12.08,1.109,3.675
2026-01-08T23:15:00Z,132649,12.44,2026-01-08T23:02:00Z,12.38,1.108,3.692
2026-01-08T23:30:00Z,132650,12.45,2026-01-08T23:29:30Z,12.69,1.108,3.709
2026-01-08T23:45:00Z,132651,12.45,2026-01-08T23:42:00Z,12.95,1.109,3.726
2026-01-09T00:15:00Z,132653,12.44,2026-01-09T00:02:15Z,12.58,1.109,3.759
2026-01-09T00:30:00Z,132654,12.44,2026-01-09T00:23:30Z,12.39,1.111,3.776
2026-01-09T00:45:00Z,132655,12.43,2026-01-09T00:32:45Z,12.34,1.108,3.793
2026-01-09T01:00:00Z,132656,12.42,2026-01-09T00:57:20Z,12.35,1.109,3.81
2026-01-09T01:15:00Z,132657,12.42,2026-01-09T01:13:10Z,12.37,1.109,3.827
2026-01-09T01:30:00Z,132658,12.41,2026-01-09T01:26:40Z,12.46,1.11,3.843
2026-01-09T01:45:00Z,132659,12.42,2026-01-09T01:30:50Z,12.66,1.111,3.86
2026-01-09T02:00:00Z,132660,12.41,2026-01-09T01:57:05Z,12.91,1.11,3.877
2026-01-09T02:15:00Z,132661,12.4,2026-01-09T02:02:00Z,13.2,1.111,3.894
2026-01-09T02:30:00Z,132662,12.4,2026-01-09T02:29:30Z,13.49,1.135,3.911
2026-01-09T02:45:00Z,132663,12.41,2026-01-09T02:30:05Z,13.59,1.127,3.928
2026-01-09T03:00:00Z,132664,12.4,2026-01-09T02:57:10Z,13.48,1.13,3.945
2026-01-09T03:15:00Z,132665,12.39,2026-01-09T03:07:40Z,13.36,1.136,3.963
2026-01-09T03:30:00Z,132666,12.4,2026-01-09T03:29:30Z,13.23,1.135,3.98
2026-01-09T03:45:00Z,132667,12.41,2026-01-09T03:33:05Z,13.06,1.136,3.998
2026-01-09T04:00:00Z,132668,12.39,2026-01-09T03:57:00Z,12.91,1.142,4.016
2026-01-09T04:15:00Z,132669,12.39,2026-01-09T04:02:00Z,12.84,1.162,4.033
2026-01-09T04:30:00Z,132670,12.39,2026-01-09T04:29:30Z,12.87,1.193,4.052
2026-01-09T04:45:00Z,132671,12.39,2026-01-09T04:31:35Z,12.97,1.232,4.07
2026-01-09T05:00:00Z,132672,12.38,2026-01-09T04:57:40Z,13.09,1.257,4.089
2026-01-09T05:15:00Z,132673,12.39,2026-01-09T05:02:05Z,13.23,1.273,4.108
2026-01-09T05:30:00Z,132674,12.39,2026-01-09T05:29:35Z,13.32,1.281,4.128
2026-01-09T05:45:00Z,132675,12.39,2026-01-09T05:34:40Z,13.33,1.285,4.147
2026-01-09T06:00:00Z,132676,12.39,2026-01-09T05:57:05Z,13.33,1.288,4.168
2026-01-09T06:15:00Z,132677,12.39,2026-01-09T06:02:00Z,13.33,1.283,4.188
2026-01-09T06:30:00Z,132678,12.39,2026-01-09T06:29:30Z,13.32,1.284,4.209
2026-01-09T06:45:00Z,132679,12.4,2026-01-09T06:30:05Z,13.26,1.278,4.23
2026-01-09T07:00:00Z,132680,12.38,2026-01-09T06:47:45Z,13.23,1.273,4.251
2026-01-09T07:15:00Z,132681,12.39,2026-01-09T07:04:35Z,13.19,1.269,4.272
2026-01-09T07:30:00Z,132682,12.39,2026-01-09T07:16:10Z,13.15,1.264,4.294
2026-01-09T07:45:00Z,132683,12.39,2026-01-09T07:34:25Z,13.3,1.261,4.315
2026-01-09T08:00:00Z,132684,12.39,2026-01-09T07:57:00Z,13.47,1.258,4.336
2026-01-09T08:15:00Z,132685,12.39,2026-01-09T08:00:10Z,13.62,1.256,4.358
2026-01-09T08:30:00Z,132686,12.39,2026-01-09T08:29:40Z,13.63,1.254,4.379
2026-01-09T08:45:00Z,132687,12.39,2026-01-09T08:37:45Z,13.48,1.252,4.4
2026-01-09T09:00:00Z,132688,12.41,2026-01-09T08:45:05Z,13.17,1.251,4.421
2026-01-09T09:15:00Z,132689,12.41,2026-01-09T09:00:05Z,12.79,1.25,4.442
2026-01-09T09:30:00Z,132690,12.42,2026-01-09T09:15:05Z,12.57,1.249,4.462
2026-01-09T09:45:00Z,132691,12.43,2026-01-09T09:30:05Z,12.33,1.247,4.482
2026-01-09T10:00:00Z,132692,12.43,2026-01-09T09:58:05Z,11.82,1.247,4.503
2026-01-09T10:15:00Z,132693,12.41,2026-01-09T10:02:05Z,11.13,1.246,4.522
2026-01-09T10:30:00Z,132694,12.39,2026-01-09T10:29:35Z,10.35,1.245,4.542
2026-01-09T10:45:00Z,132695,12.4,2026-01-09T10:30:05Z,9.45,1.245,4.561
2026-01-09T11:00:00Z,132696,12.4,2026-01-09T10:45:50Z,8.65,1.245,4.581
2026-01-09T11:15:00Z,132697,12.41,2026-01-09T11:01:50Z,8.06,1.244,4.6
2026-01-09T11:30:00Z,132698,12.41,2026-01-09T11:15:10Z,7.685,1.244,4.62
2026-01-09T11:45:00Z,132699,12.42,2026-01-09T11:31:10Z,7.457,1.245,4.639
2026-01-09T12:00:00Z,132700,12.41,2026-01-09T11:57:05Z,7.311,1.243,4.658
2026-01-09T12:15:00Z,132701,12.43,2026-01-09T12:00:30Z,7.165,1.243,4.677
2026-01-09T12:30:00Z,132702,12.5,2026-01-09T12:15:05Z,7.013,1.241,4.696
2026-01-09T12:45:00Z,132703,12.52,2026-01-09T12:30:05Z,6.569,1.239,4.715
2026-01-09T13:00:00Z,132704,12.73,2026-01-09T12:55:35Z,6.264,1.24,4.734
2026-01-09T13:15:00Z,132705,12.73,2026-01-09T13:07:10Z,6.109,1.238,4.752
2026-01-09T13:30:00Z,132706,12.75,2026-01-09T13:29:35Z,6.002,1.238,4.771
2026-01-09T13:45:00Z,132707,12.72,2026-01-09T13:42:05Z,5.96,1.236,4.788
2026-01-09T14:00:00Z,132708,12.66,2026-01-09T13:58:15Z,5.941,1.235,4.804
2026-01-09T14:15:00Z,132709,12.61,2026-01-09T14:13:50Z,5.815,1.235,4.821
2026-01-09T14:30:00Z,132710,12.56,2026-01-09T14:29:25Z,5.582,1.233,4.836
2026-01-09T14:45:00Z,132711,12.53,2026-01-09T14:42:00Z,5.314,1.232,4.852
2026-01-09T15:00:00Z,132712,12.51,2026-01-09T14:57:10Z,5.112,1.232,4.867
2026-01-09T15:15:00Z,132713,12.49,2026-01-09T15:14:55Z,5,1.233,4.882
2026-01-09T15:30:00Z,132714,12.47,2026-01-09T15:29:35Z,4.966,1.232,4.896
2026-01-09T15:45:00Z,132715,12.5,2026-01-09T15:45:00Z,5.023,1.232,4.911
2026-01-09T16:00:00Z,132716,12.48,2026-01-09T15:57:10Z,5.141,1.23,4.925
2026-01-09T16:15:00Z,132717,12.46,2026-01-09T16:07:35Z,5.239,1.229,4.938
2026-01-09T16:30:00Z,132718,12.43,2026-01-09T16:29:40Z,5.287,1.229,4.951
2026-01-09T16:45:00Z,132719,12.41,2026-01-09T16:44:05Z,5.292,1.227,4.963
2026-01-09T17:00:00Z,132720,12.39,2026-01-09T16:57:10Z,5.278,1.227,4.976
2026-01-09T17:15:00Z,132721,12.38,2026-01-09T17:02:00Z,5.225,1.226,4.987
2026-01-09T17:30:00Z,132722,12.37,2026-01-09T17:24:05Z,5.155,1.225,4.999
2026-01-09T17:45:00Z,132723,12.37,2026-01-09T17:32:05Z,5.062,1.225,5.01
2026-01-09T18:00:00Z,132724,12.36,2026-01-09T17:56:05Z,4.974,1.224,5.02
2026-01-09T18:15:00Z,132725,12.36,2026-01-09T18:12:05Z,4.893,1.223,5.031
2026-01-09T18:30:00Z,132726,12.35,2026-01-09T18:22:45Z,4.805,1.222,5.04
2026-01-09T18:45:00Z,132727,12.36,2026-01-09T18:30:45Z,4.717,1.221,5.05
2026-01-09T19:00:00Z,132728,12.35,2026-01-09T18:46:50Z,4.66,1.22,5.059
2026-01-09T19:15:00Z,132729,12.34,2026-01-09T19:02:05Z,4.622,1.218,5.068
2026-01-09T19:30:00Z,132730,12.34,2026-01-09T19:29:35Z,4.575,1.217,5.076
2026-01-09T19:45:00Z,132731,12.36,2026-01-09T19:30:05Z,4.506,1.218,5.084
2026-01-09T20:00:00Z,132732,12.35,2026-01-09T19:57:00Z,4.432,1.215,5.091
2026-01-09T20:15:00Z,132733,12.3,2026-01-09T20:03:00Z,4.361,1.215,5.098
2026-01-09T20:30:00Z,132734,12.34,2026-01-09T20:29:30Z,4.288,1.214,5.105
2026-01-09T20:45:00Z,132735,12.35,2026-01-09T20:43:20Z,4.197,1.213,5.111
2026-01-09T21:00:00Z,132736,12.35,2026-01-09T20:45:55Z,4.107,1.211,5.117
2026-01-09T21:15:00Z,132737,12.34,2026-01-09T21:02:00Z,4.01,1.211,5.122
2026-01-09T21:30:00Z,132738,12.33,2026-01-09T21:27:50Z,3.925,1.21,5.127
2026-01-09T21:45:00Z,132739,12.35,2026-01-09T21:30:05Z,3.838,1.209,5.132
2026-01-09T22:00:00Z,132740,12.34,2026-01-09T21:48:00Z,3.742,1.209,5.136
2026-01-09T22:15:00Z,132741,12.33,2026-01-09T22:02:00Z,3.642,1.209,5.14
2026-01-09T22:30:00Z,132742,12.33,2026-01-09T22:29:30Z,3.548,1.208,5.144
2026-01-09T22:45:00Z,132743,12.34,2026-01-09T22:30:05Z,3.458,1.208,5.147
2026-01-09T23:00:00Z,132744,12.33,2026-01-09T22:57:00Z,3.359,1.208,5.15
2026-01-09T23:15:00Z,132745,12.34,2026-01-09T23:02:05Z,3.212,1.207,5.153
2026-01-09T23:30:00Z,132746,12.29,2026-01-09T23:17:45Z,3.099,1.207,5.155
2026-01-09T23:45:00Z,132747,12.34,2026-01-09T23:33:00Z,2.905,1.206,5.158
2026-01-10T00:15:00Z,132749,12.33,2026-01-10T00:10:20Z,1.71,1.203,5.161
2026-01-10T00:30:00Z,132750,12.33,2026-01-10T00:18:20Z,1.077,1.201,5.163
2026-01-10T00:45:00Z,132751,12.33,2026-01-10T00:39:40Z,0.745,1.203,5.164
2026-01-10T01:00:00Z,132752,12.33,2026-01-10T00:47:40Z,0.539,1.203,5.165
2026-01-10T01:15:00Z,132753,12.32,2026-01-10T01:07:45Z,0.206,1.201,5.166
2026-01-10T01:30:00Z,132754,12.33,2026-01-10T01:15:05Z,-0.148,1.198,5.166
2026-01-10T01:45:00Z,132755,12.33,2026-01-10T01:30:05Z,-0.419,1.197,5.167
2026-01-10T02:00:00Z,132756,12.32,2026-01-10T01:57:00Z,-0.293,1.197,5.167
2026-01-10T02:15:00Z,132757,12.33,2026-01-10T02:02:00Z,0.053,1.196,5.167
2026-01-10T02:30:00Z,132758,12.32,2026-01-10T02:29:30Z,0.415,1.196,5.167
2026-01-10T02:45:00Z,132759,12.33,2026-01-10T02:30:05Z,0.778,1.195,5.166
2026-01-10T03:00:00Z,132760,12.32,2026-01-10T02:57:00Z,1.069,1.194,5.166
2026-01-10T03:15:00Z,132761,12.32,2026-01-10T03:06:55Z,1.262,1.193,5.165
2026-01-10T03:30:00Z,132762,12.32,2026-01-10T03:22:40Z,1.484,1.193,5.164
2026-01-10T03:45:00Z,132763,12.32,2026-01-10T03:30:20Z,1.699,1.192,5.162
2026-01-10T04:00:00Z,132764,12.32,2026-01-10T03:57:00Z,1.9,1.193,5.16
2026-01-10T04:15:00Z,132765,12.31,2026-01-10T04:02:00Z,2.062,1.193,5.158
2026-01-10T04:30:00Z,132766,12.32,2026-01-10T04:18:50Z,2.153,1.191,5.156
2026-01-10T04:45:00Z,132767,12.32,2026-01-10T04:35:55Z,2.21,1.191,5.154
2026-01-10T05:00:00Z,132768,12.32,2026-01-10T04:50:50Z,2.254,1.191,5.151
2026-01-10T05:15:00Z,132769,12.32,2026-01-10T05:04:35Z,2.286,1.189,5.148
2026-01-10T05:30:00Z,132770,12.32,2026-01-10T05:20:35Z,2.301,1.186,5.145
2026-01-10T05:45:00Z,132771,12.32,2026-01-10T05:39:15Z,2.338,1.187,5.142
2026-01-10T06:00:00Z,132772,12.31,2026-01-10T05:57:55Z,2.405,1.186,5.138
2026-01-10T06:15:00Z,132773,12.31,2026-01-10T06:05:55Z,2.475,1.184,5.135
2026-01-10T06:30:00Z,132774,12.32,2026-01-10T06:29:35Z,2.522,1.185,5.131
2026-01-10T06:45:00Z,132775,12.31,2026-01-10T06:37:50Z,2.565,1.185,5.127
2026-01-10T07:00:00Z,132776,12.31,2026-01-10T06:53:55Z,2.594,1.184,5.123
2026-01-10T07:15:00Z,132777,12.31,2026-01-10T07:02:05Z,2.619,1.183,5.119
2026-01-10T07:30:00Z,132778,12.31,2026-01-10T07:29:30Z,2.646,1.182,5.114
2026-01-10T07:45:00Z,132779,12.32,2026-01-10T07:40:05Z,2.672,1.182,5.11
2026-01-10T08:00:00Z,132780,12.31,2026-01-10T07:57:00Z,2.684,1.182,5.106
2026-01-10T08:15:00Z,132781,12.31,2026-01-10T08:02:05Z,2.698,1.182,5.101
2026-01-10T08:30:00Z,132782,12.31,2026-01-10T08:27:50Z,2.721,1.18,5.097
2026-01-10T08:45:00Z,132783,12.32,2026-01-10T08:31:50Z,2.752,1.179,5.092
2026-01-10T09:00:00Z,132784,12.32,2026-01-10T08:57:00Z,2.799,1.181,5.088
2026-01-10T09:15:00Z,132785,12.33,2026-01-10T09:05:30Z,2.876,1.179,5.083
2026-01-10T09:30:00Z,132786,12.31,2026-01-10T09:29:30Z,2.966,1.179,5.079
2026-01-10T09:45:00Z,132787,12.32,2026-01-10T09:36:10Z,3.027,1.179,5.074
2026-01-10T10:00:00Z,132788,12.32,2026-01-10T09:45:15Z,3.063,1.178,5.069
2026-01-10T10:15:00Z,132789,12.37,2026-01-10T10:13:00Z,3.162,1.177,5.065
2026-01-10T10:30:00Z,132790,12.35,2026-01-10T10:21:15Z,3.291,1.176,5.06
2026-01-10T10:45:00Z,132791,12.35,2026-01-10T10:33:30Z,3.374,1.191,5.055
2026-01-10T11:00:00Z,132792,12.36,2026-01-10T10:45:05Z,3.477,1.178,5.051
2026-01-10T11:15:00Z,132793,12.38,2026-01-10T11:02:05Z,3.632,1.176,5.046
2026-01-10T11:30:00Z,132794,12.4,2026-01-10T11:29:35Z,3.796,1.176,5.042
2026-01-10T11:45:00Z,132795,12.37,2026-01-10T11:34:50Z,3.96,1.172,5.038
2026-01-10T12:00:00Z,132796,12.33,2026-01-10T11:57:05Z,4.055,1.174,5.033
2026-01-10T12:15:00Z,132797,12.34,2026-01-10T12:06:50Z,4.102,1.173,5.029
2026-01-10T12:30:00Z,132798,12.35,2026-01-10T12:28:10Z,4.045,1.173,5.024
2026-01-10T12:45:00Z,132799,12.33,2026-01-10T12:43:20Z,3.916,1.17,5.02
2026-01-10T13:00:00Z,132800,12.34,2026-01-10T12:45:05Z,3.724,1.171,5.016
2026-01-10T13:15:00Z,132801,12.34,2026-01-10T13:08:55Z,3.587,1.18,5.012
2026-01-10T13:30:00Z,132802,12.35,2026-01-10T13:23:25Z,3.422,1.172,5.008
2026-01-10T13:45:00Z,132803,12.36,2026-01-10T13:30:10Z,3.218,1.169,5.004
2026-01-10T14:00:00Z,132804,12.36,2026-01-10T13:57:05Z,3.129,1.174,5.001
2026-01-10T14:15:00Z,132805,12.35,2026-01-10T14:10:40Z,3.025,1.171,4.998
2026-01-10T14:30:00Z,132806,12.35,2026-01-10T14:15:45Z,2.89,1.171,4.994
2026-01-10T14:45:00Z,132807,12.34,2026-01-10T14:44:30Z,2.833,1.17,4.991
2026-01-10T15:00:00Z,132808,12.33,2026-01-10T14:57:15Z,2.753,1.17,4.988
2026-01-10T15:15:00Z,132809,12.34,2026-01-10T15:03:40Z,2.685,1.172,4.985
2026-01-10T15:30:00Z,132810,12.33,2026-01-10T15:28:30Z,2.689,1.174,4.983
2026-01-10T15:45:00Z,132811,12.35,2026-01-10T15:30:05Z,2.778,1.175,4.98
2026-01-10T16:00:00Z,132812,12.35,2026-01-10T16:00:00Z,2.909,1.174,4.978
2026-01-10T16:15:00Z,132813,12.34,2026-01-10T16:10:55Z,2.879,1.172,4.976
2026-01-10T16:30:00Z,132814,12.31,2026-01-10T16:29:35Z,2.675,1.171,4.974
2026-01-10T16:45:00Z,132815,12.32,2026-01-10T16:31:45Z,2.404,1.172,4.972
2026-01-10T17:00:00Z,132816,12.32,2026-01-10T16:58:25Z,2.178,1.171,4.97
2026-01-10T17:15:00Z,132817,12.31,2026-01-10T17:02:00Z,1.985,1.171,4.968
2026-01-10T17:30:00Z,132818,12.31,2026-01-10T17:17:05Z,1.747,1.171,4.966
2026-01-10T17:45:00Z,132819,12.31,2026-01-10T17:33:05Z,1.529,1.171,4.964
2026-01-10T18:00:00Z,132820,12.31,2026-01-10T17:54:25Z,1.322,1.172,4.963
2026-01-10T18:15:00Z,132821,12.3,2026-01-10T18:02:25Z,1.151,1.173,4.961
2026-01-10T18:30:00Z,132822,12.27,2026-01-10T18:29:35Z,0.982,1.173,4.959
2026-01-10T18:45:00Z,132823,12.31,2026-01-10T18:36:10Z,0.74,1.174,4.958
2026-01-10T19:00:00Z,132824,12.31,2026-01-10T18:45:05Z,0.418,1.174,4.956
2026-01-10T19:15:00Z,132825,12.31,2026-01-10T19:10:35Z,0.176,1.175,4.955
2026-01-10T19:30:00Z,132826,12.29,2026-01-10T19:29:30Z,0.027,1.175,4.953
2026-01-10T19:45:00Z,132827,12.31,2026-01-10T19:37:10Z,-0.151,1.174,4.951
2026-01-10T20:00:00Z,132828,12.29,2026-01-10T19:57:00Z,-0.445,1.174,4.95
2026-01-10T20:15:00Z,132829,12.3,2026-01-10T20:02:00Z,-0.71,1.173,4.948
2026-01-10T20:30:00Z,132830,12.29,2026-01-10T20:29:30Z,-0.796,1.174,4.946
2026-01-10T20:45:00Z,132831,12.3,2026-01-10T20:33:30Z,-1.012,1.173,4.943
2026-01-10T21:00:00Z,132832,12.29,2026-01-10T20:57:00Z,-1.339,1.172,4.941
2026-01-10T21:15:00Z,132833,12.3,2026-01-10T21:03:40Z,-1.556,1.173,4.938
2026-01-10T21:30:00Z,132834,12.3,2026-01-10T21:18:00Z,-1.552,1.173,4.935
2026-01-10T21:45:00Z,132835,12.3,2026-01-10T21:30:05Z,-1.584,1.173,4.932
2026-01-10T22:00:00Z,132836,12.29,2026-01-10T21:57:00Z,-1.717,1.173,4.929
2026-01-10T22:15:00Z,132837,12.29,2026-01-10T22:03:20Z,-1.936,1.172,4.925
2026-01-10T22:30:00Z,132838,12.28,2026-01-10T22:29:30Z,-2.135,1.173,4.921
2026-01-10T22:45:00Z,132839,12.29,2026-01-10T22:32:40Z,-2.194,1.172,4.917
2026-01-10T23:00:00Z,132840,12.28,2026-01-10T22:57:00Z,-2.218,1.171,4.912
2026-01-10T23:15:00Z,132841,12.27,2026-01-10T23:08:00Z,-2.131,1.172,4.907
2026-01-10T23:30:00Z,132842,12.28,2026-01-10T23:23:20Z,-2.011,1.171,4.902
2026-01-10T23:45:00Z,132843,12.29,2026-01-10T23:36:40Z,-1.892,1.172,4.896
2026-01-11T00:15:00Z,132845,12.27,2026-01-11T00:02:05Z,-1.56,1.173,4.884
2026-01-11T00:30:00Z,132846,12.27,2026-01-11T00:29:35Z,-1.335,1.173,4.877
2026-01-11T00:45:00Z,132847,12.29,2026-01-11T00:42:40Z,-1.14,1.173,4.87
2026-01-11T01:00:00Z,132848,12.24,2026-01-11T00:57:50Z,-1.059,1.173,4.863
2026-01-11T01:15:00Z,132849,12.28,2026-01-11T01:02:00Z,-1.109,1.172,4.855
2026-01-11T01:30:00Z,132850,12.27,2026-01-11T01:29:30Z,-1.193,1.171,4.847
2026-01-11T01:45:00Z,132851,12.29,2026-01-11T01:30:10Z,-1.275,1.171,4.839
2026-01-11T02:00:00Z,132852,12.27,2026-01-11T01:57:00Z,-1.386,1.17,4.831
2026-01-11T02:15:00Z,132853,12.28,2026-01-11T02:02:00Z,-1.518,1.168,4.822
2026-01-11T02:30:00Z,132854,12.27,2026-01-11T02:26:00Z,-1.591,1.168,4.813
2026-01-11T02:45:00Z,132855,12.29,2026-01-11T02:30:05Z,-1.834,1.168,4.804
2026-01-11T03:00:00Z,132856,12.27,2026-01-11T02:57:00Z,-2.396,1.167,4.795
2026-01-11T03:15:00Z,132857,12.28,2026-01-11T03:02:00Z,-2.993,1.167,4.785
2026-01-11T03:30:00Z,132858,12.28,2026-01-11T03:16:15Z,-3.439,1.168,4.775
2026-01-11T03:45:00Z,132859,12.28,2026-01-11T03:30:15Z,-3.718,1.168,4.765
2026-01-11T04:00:00Z,132860,12.27,2026-01-11T03:45:35Z,-3.643,1.167,4.755
2026-01-11T04:15:00Z,132861,12.26,2026-01-11T04:02:05Z,-3.517,1.166,4.745
2026-01-11T04:30:00Z,132862,12.26,2026-01-11T04:29:35Z,-3.358,1.166,4.735
2026-01-11T04:45:00Z,132863,12.26,2026-01-11T04:37:55Z,-3.103,1.164,4.724
2026-01-11T05:00:00Z,132864,12.26,2026-01-11T04:57:05Z,-2.831,1.163,4.713
2026-01-11T05:15:00Z,132865,12.27,2026-01-11T05:05:35Z,-2.627,1.162,4.703
2026-01-11T05:30:00Z,132866,12.27,2026-01-11T05:29:35Z,-2.488,1.162,4.692
2026-01-11T05:45:00Z,132867,12.27,2026-01-11T05:30:35Z,-2.443,1.173,4.68
2026-01-11T06:00:00Z,132868,12.22,2026-01-11T05:57:15Z,-2.487,1.162,4.668
2026-01-11T06:15:00Z,132869,12.26,2026-01-11T06:02:05Z,-2.57,1.159,4.656
2026-01-11T06:30:00Z,132870,12.26,2026-01-11T06:27:55Z,-2.686,1.158,4.645
2026-01-11T06:45:00Z,132871,12.27,2026-01-11T06:33:40Z,-2.838,1.158,4.634
2026-01-11T07:00:00Z,132872,12.26,2026-01-11T06:57:05Z,-3.015,1.156,4.622
2026-01-11T07:15:00Z,132873,12.22,2026-01-11T07:02:00Z,-3.204,1.156,4.61
2026-01-11T07:30:00Z,132874,12.27,2026-01-11T07:15:15Z,-3.43,1.155,4.598
2026-01-11T07:45:00Z,132875,12.26,2026-01-11T07:43:40Z,-3.657,1.154,4.586
2026-01-11T08:00:00Z,132876,12.27,2026-01-11T07:45:05Z,-3.79,1.153,4.574
2026-01-11T08:15:00Z,132877,12.25,2026-01-11T08:02:00Z,-3.873,1.152,4.561
2026-01-11T08:30:00Z,132878,12.26,2026-01-11T08:29:30Z,-3.92,1.152,4.549
2026-01-11T08:45:00Z,132879,12.27,2026-01-11T08:30:10Z,-3.957,1.151,4.536
2026-01-11T09:00:00Z,132880,12.26,2026-01-11T08:57:00Z,-3.978,1.15,4.524
2026-01-11T09:15:00Z,132881,12.27,2026-01-11T09:02:05Z,-4.004,1.149,4.511
2026-01-11T09:30:00Z,132882,12.26,2026-01-11T09:29:35Z,-4.009,1.148,4.498
2026-01-11T09:45:00Z,132883,12.27,2026-01-11T09:35:50Z,-4.006,1.148,4.485
2026-01-11T10:00:00Z,132884,12.26,2026-01-11T09:57:05Z,-3.949,1.146,4.472
2026-01-11T10:15:00Z,132885,12.27,2026-01-11T10:02:05Z,-3.871,1.145,4.459
2026-01-11T10:30:00Z,132886,12.27,2026-01-11T10:29:35Z,-3.772,1.144,4.446
2026-01-11T10:45:00Z,132887,12.29,2026-01-11T10:30:05Z,-3.633,1.144,4.433
2026-01-11T11:00:00Z,132888,12.32,2026-01-11T10:45:05Z,-3.424,1.143,4.42
2026-01-11T11:15:00Z,132889,12.39,2026-01-11T11:07:05Z,-3.099,1.143,4.407
2026-01-11T11:30:00Z,132890,12.36,2026-01-11T11:29:45Z,-2.759,1.142,4.394
2026-01-11T11:45:00Z,132891,12.37,2026-01-11T11:32:30Z,-2.419,1.142,4.38
2026-01-11T12:00:00Z,132892,12.37,2026-01-11T11:45:45Z,-2.097,1.142,4.367
2026-01-11T12:15:00Z,132893,12.35,2026-01-11T12:02:10Z,-1.82,1.141,4.353
2026-01-11T12:30:00Z,132894,12.45,2026-01-11T12:15:05Z,-1.528,1.141,4.34
2026-01-11T12:45:00Z,132895,12.46,2026-01-11T12:35:25Z,-1.222,1.139,4.327
2026-01-11T13:00:00Z,132896,12.48,2026-01-11T12:52:30Z,-0.885,1.139,4.313
2026-01-11T13:15:00Z,132897,12.46,2026-01-11T13:08:50Z,-0.539,1.139,4.3
2026-01-11T13:30:00Z,132898,12.47,2026-01-11T13:15:05Z,-0.296,1.137,4.287
2026-01-11T13:45:00Z,132899,12.5,2026-01-11T13:43:50Z,-0.067,1.136,4.274
2026-01-11T14:00:00Z,132900,12.5,2026-01-11T13:45:05Z,0.139,1.136,4.261
2026-01-11T14:15:00Z,132901,12.59,2026-01-11T14:00:10Z,0.318,1.136,4.249
2026-01-11T14:30:00Z,132902,12.68,2026-01-11T14:15:05Z,0.481,1.135,4.237
2026-01-11T14:45:00Z,132903,12.84,2026-01-11T14:30:15Z,0.613,1.135,4.226
2026-01-11T15:00:00Z,132904,13.01,2026-01-11T14:59:10Z,0.79,1.133,4.216
2026-01-11T15:15:00Z,132905,12.9,2026-01-11T15:15:00Z,0.986,1.132,4.203
2026-01-11T15:30:00Z,132906,12.76,2026-01-11T15:29:45Z,1.103,1.131,4.191
2026-01-11T15:45:00Z,132907,12.71,2026-01-11T15:44:45Z,1.066,1.13,4.179
2026-01-11T16:00:00Z,132908,12.64,2026-01-11T15:57:05Z,0.979,1.129,4.168
2026-01-11T16:15:00Z,132909,12.59,2026-01-11T16:13:20Z,0.86,1.129,4.157
2026-01-11T16:30:00Z,132910,12.55,2026-01-11T16:29:35Z,0.733,1.128,4.146
2026-01-11T16:45:00Z,132911,12.5,2026-01-11T16:44:45Z,0.599,1.127,4.136
2026-01-11T17:00:00Z,132912,12.47,2026-01-11T16:57:15Z,0.479,1.127,4.127
2026-01-11T17:15:00Z,132913,12.43,2026-01-11T17:13:10Z,0.379,1.127,4.118
2026-01-11T17:30:00Z,132914,12.39,2026-01-11T17:27:55Z,0.263,1.126,4.109
2026-01-11T17:45:00Z,132915,12.38,2026-01-11T17:44:05Z,0.143,1.125,4.101
2026-01-11T18:00:00Z,132916,12.35,2026-01-11T17:57:10Z,0.035,1.124,4.093
2026-01-11T18:15:00Z,132917,12.34,2026-01-11T18:14:50Z,-0.046,1.124,4.086
2026-01-11T18:30:00Z,132918,12.31,2026-01-11T18:29:30Z,-0.122,1.124,4.079
2026-01-11T18:45:00Z,132919,12.31,2026-01-11T18:42:05Z,-0.196,1.123,4.073
2026-01-11T19:00:00Z,132920,12.29,2026-01-11T18:57:00Z,-0.26,1.122,4.067
2026-01-11T19:15:00Z,132921,12.29,2026-01-11T19:02:00Z,-0.314,1.123,4.061
2026-01-11T19:30:00Z,132922,12.28,2026-01-11T19:29:30Z,-0.354,1.123,4.056
2026-01-11T19:45:00Z,132923,12.29,2026-01-11T19:44:45Z,-0.382,1.124,4.051
2026-01-11T20:00:00Z,132924,12.28,2026-01-11T19:48:20Z,-0.401,1.122,4.046
2026-01-11T20:15:00Z,132925,12.27,2026-01-11T20:02:00Z,-0.43,1.121,4.042
2026-01-11T20:30:00Z,132926,12.27,2026-01-11T20:29:30Z,-0.465,1.121,4.038
2026-01-11T20:45:00Z,132927,12.27,2026-01-11T20:39:00Z,-0.511,1.121,4.034
2026-01-11T21:00:00Z,132928,12.27,2026-01-11T20:57:00Z,-0.612,1.12,4.03
2026-01-11T21:15:00Z,132929,12.26,2026-01-11T21:02:05Z,-0.712,1.12,4.026
2026-01-11T21:30:00Z,132930,12.28,2026-01-11T21:16:25Z,-0.76,1.118,4.022
2026-01-11T21:45:00Z,132931,12.28,2026-01-11T21:30:50Z,-0.838,1.118,4.019
2026-01-11T22:00:00Z,132932,12.27,2026-01-11T21:46:35Z,-0.969,1.117,4.015
2026-01-11T22:15:00Z,132933,12.27,2026-01-11T22:02:30Z,-1.125,1.118,4.011
2026-01-11T22:30:00Z,132934,12.27,2026-01-11T22:15:15Z,-1.309,1.117,4.007
2026-01-11T22:45:00Z,132935,12.27,2026-01-11T22:31:00Z,-1.469,1.117,4.004
2026-01-11T23:00:00Z,132936,12.26,2026-01-11T22:56:45Z,-1.619,1.117,4
2026-01-11T23:15:00Z,132937,12.26,2026-01-11T23:02:00Z,-1.752,1.117,3.996
2026-01-11T23:30:00Z,132938,12.23,2026-01-11T23:29:30Z,-1.873,1.117,3.993
2026-01-11T23:45:00Z,132939,12.27,2026-01-11T23:33:45Z,-1.937,1.116,3.989
2026-01-12T00:15:00Z,132941,12.26,2026-01-12T00:02:00Z,-2.015,1.116,3.981
2026-01-12T00:30:00Z,132942,12.27,2026-01-12T00:15:45Z,-2.047,1.116,3.977
2026-01-12T00:45:00Z,132943,12.26,2026-01-12T00:37:15Z,-2.056,1.116,3.973
2026-01-12T01:00:00Z,132944,12.27,2026-01-12T00:45:05Z,-2.066,1.115,3.969
2026-01-12T01:15:00Z,132945,12.25,2026-01-12T01:02:05Z,-2.127,1.121,3.964
2026-01-12T01:30:00Z,132946,12.26,2026-01-12T01:19:55Z,-2.282,1.117,3.959
2026-01-12T01:45:00Z,132947,12.26,2026-01-12T01:41:15Z,-2.479,1.116,3.954
2026-01-12T02:00:00Z,132948,12.26,2026-01-12T01:59:55Z,-2.626,1.115,3.949
2026-01-12T02:15:00Z,132949,12.26,2026-01-12T02:13:55Z,-2.745,1.113,3.945
2026-01-12T02:30:00Z,132950,12.25,2026-01-12T02:27:00Z,-2.922,1.113,3.94
2026-01-12T02:45:00Z,132951,12.26,2026-01-12T02:34:00Z,-3.148,1.112,3.935
2026-01-12T03:00:00Z,132952,12.25,2026-01-12T02:57:00Z,-3.309,1.112,3.93
2026-01-12T03:15:00Z,132953,12.25,2026-01-12T03:02:00Z,-3.42,1.112,3.925
2026-01-12T03:30:00Z,132954,12.26,2026-01-12T03:25:45Z,-3.52,1.112,3.92
2026-01-12T03:45:00Z,132955,12.26,2026-01-12T03:42:10Z,-3.654,1.112,3.914
2026-01-12T04:00:00Z,132956,12.26,2026-01-12T03:58:05Z,-3.888,1.111,3.909
2026-01-12T04:15:00Z,132957,12.25,2026-01-12T04:02:00Z,-4.07,1.112,3.903
2026-01-12T04:30:00Z,132958,12.23,2026-01-12T04:28:00Z,-4.284,1.111,3.897
2026-01-12T04:45:00Z,132959,12.25,2026-01-12T04:31:30Z,-4.518,1.111,3.891
2026-01-12T05:00:00Z,132960,12.24,2026-01-12T04:57:00Z,-4.748,1.111,3.885
2026-01-12T05:15:00Z,132961,12.24,2026-01-12T05:02:05Z,-4.917,1.11,3.879
2026-01-12T05:30:00Z,132962,12.25,2026-01-12T05:20:00Z,-5.015,1.109,3.873
2026-01-12T05:45:00Z,132963,12.25,2026-01-12T05:36:50Z,-5.09,1.108,3.866
2026-01-12T06:00:00Z,132964,12.24,2026-01-12T05:57:05Z,-5.128,1.108,3.86
2026-01-12T06:15:00Z,132965,12.25,2026-01-12T06:00:50Z,-5.149,1.107,3.853
2026-01-12T06:30:00Z,132966,12.24,2026-01-12T06:29:30Z,-5.161,1.105,3.846
2026-01-12T06:45:00Z,132967,12.24,2026-01-12T06:38:10Z,-5.243,1.101,3.839
2026-01-12T07:00:00Z,132968,12.24,2026-01-12T06:48:50Z,-5.368,1.096,3.831
2026-01-12T07:15:00Z,132969,12.24,2026-01-12T07:02:10Z,-5.46,1.089,3.824
2026-01-12T07:30:00Z,132970,12.24,2026-01-12T07:24:05Z,-5.524,1.084,3.816
2026-01-12T07:45:00Z,132971,12.24,2026-01-12T07:36:55Z,-5.524,1.078,3.809
2026-01-12T08:00:00Z,132972,12.24,2026-01-12T07:46:35Z,-5.551,1.073,3.801
2026-01-12T08:15:00Z,132973,12.23,2026-01-12T08:02:00Z,-5.586,1.07,3.793
2026-01-12T08:30:00Z,132974,12.25,2026-01-12T08:19:10Z,-5.586,1.071,3.784
2026-01-12T08:45:00Z,132975,12.26,2026-01-12T08:30:05Z,-5.523,1.072,3.776
2026-01-12T09:00:00Z,132976,12.28,2026-01-12T08:45:05Z,-5.349,1.076,3.768
2026-01-12T09:15:00Z,132977,12.34,2026-01-12T09:00:25Z,-4.874,1.081,3.76
2026-01-12T09:30:00Z,132978,12.4,2026-01-12T09:17:35Z,-4.331,1.087,3.751
2026-01-12T09:45:00Z,132979,12.43,2026-01-12T09:30:05Z,-3.926,1.093,3.742
2026-01-12T10:00:00Z,132980,12.49,2026-01-12T09:45:05Z,-3.529,1.098,3.734
2026-01-12T10:15:00Z,132981,12.58,2026-01-12T10:02:00Z,-3.134,1.103,3.726
2026-01-12T10:30:00Z,132982,12.7,2026-01-12T10:15:05Z,-2.703,1.106,3.718
2026-01-12T10:45:00Z,132983,12.82,2026-01-12T10:30:05Z,-2.275,1.111,3.71
2026-01-12T11:00:00Z,132984,12.93,2026-01-12T10:45:05Z,-1.81,1.117,3.701
2026-01-12T11:15:00Z,132985,12.92,2026-01-12T11:08:25Z,-1.393,1.121,3.693
2026-01-12T11:30:00Z,132986,12.94,2026-01-12T11:15:05Z,-1.103,1.127,3.684
2026-01-12T11:45:00Z,132987,12.95,2026-01-12T11:36:05Z,-0.825,1.127,3.675
2026-01-12T12:00:00Z,132988,13.05,2026-01-12T11:45:10Z,-0.448,1.125,3.667
2026-01-12T12:15:00Z,132989,12.93,2026-01-12T12:12:15Z,-0.079,1.122,3.658
2026-01-12T12:30:00Z,132990,12.97,2026-01-12T12:15:05Z,0.217,1.117,3.65
2026-01-12T12:45:00Z,132991,13.2,2026-01-12T12:30:05Z,0.707,1.114,3.643
2026-01-12T13:00:00Z,132992,13.29,2026-01-12T12:58:15Z,1.179,1.111,3.636
2026-01-12T13:15:00Z,132993,13.02,2026-01-12T13:15:00Z,1.453,1.11,3.627
2026-01-12T13:30:00Z,132994,12.97,2026-01-12T13:19:05Z,1.459,1.109,3.618
2026-01-12T13:45:00Z,132995,13.19,2026-01-12T13:45:00Z,1.453,1.107,3.612
2026-01-12T14:00:00Z,132996,13.15,2026-01-12T13:46:05Z,1.609,1.106,3.605
2026-01-12T14:15:00Z,132997,13.08,2026-01-12T14:09:20Z,1.813,1.106,3.596
2026-01-12T14:30:00Z,132998,13.08,2026-01-12T14:23:10Z,1.936,1.105,3.588
2026-01-12T14:45:00Z,132999,13.3,2026-01-12T14:36:00Z,2.049,1.104,3.583
2026-01-12T15:00:00Z,133000,13.57,2026-01-12T14:59:30Z,2.314,1.104,3.578
2026-01-12T15:15:00Z,133001,13.61,2026-01-12T15:14:10Z,2.732,1.103,3.571
2026-01-12T15:30:00Z,133002,13.42,2026-01-12T15:24:50Z,3.138,1.101,3.565
2026-01-12T15:45:00Z,133003,13.49,2026-01-12T15:44:50Z,3.435,1.101,3.558
2026-01-12T16:00:00Z,133004,13.44,2026-01-12T15:55:15Z,3.663,1.1,3.552
2026-01-12T16:15:00Z,133005,13.38,2026-01-12T16:14:35Z,3.775,1.1,3.547
2026-01-12T16:30:00Z,133006,13.14,2026-01-12T16:29:35Z,3.76,1.099,3.542
2026-01-12T16:45:00Z,133007,12.97,2026-01-12T16:43:55Z,3.594,1.1,3.536
2026-01-12T17:00:00Z,133008,12.9,2026-01-12T16:59:55Z,3.156,1.099,3.532
2026-01-12T17:15:00Z,133009,12.81,2026-01-12T17:14:35Z,2.554,1.099,3.528
2026-01-12T17:30:00Z,133010,12.77,2026-01-12T17:28:00Z,1.867,1.099,3.525
2026-01-12T17:45:00Z,133011,12.76,2026-01-12T17:44:10Z,1.121,1.098,3.523
2026-01-12T18:00:00Z,133012,12.74,2026-01-12T17:57:10Z,0.449,1.097,3.522
2026-01-12T18:15:00Z,133013,12.73,2026-01-12T18:14:35Z,-0.063,1.097,3.522
2026-01-12T18:30:00Z,133014,12.71,2026-01-12T18:29:35Z,-0.525,1.097,3.522
2026-01-12T18:45:00Z,133015,12.71,2026-01-12T18:45:00Z,-0.851,1.096,3.524
2026-01-12T19:00:00Z,133016,12.7,2026-01-12T18:58:20Z,-1.108,1.095,3.525
2026-01-12T19:15:00Z,133017,12.69,2026-01-12T19:02:15Z,-1.398,1.094,3.528
2026-01-12T19:30:00Z,133018,12.69,2026-01-12T19:26:05Z,-1.571,1.094,3.53
2026-01-12T19:45:00Z,133019,12.68,2026-01-12T19:42:50Z,-1.665,1.093,3.533
2026-01-12T20:00:00Z,133020,12.68,2026-01-12T19:47:35Z,-1.77,1.092,3.536
2026-01-12T20:15:00Z,133021,12.67,2026-01-12T20:02:05Z,-1.891,1.091,3.54
2026-01-12T20:30:00Z,133022,12.65,2026-01-12T20:29:35Z,-1.927,1.091,3.543
2026-01-12T20:45:00Z,133023,12.66,2026-01-12T20:35:25Z,-1.879,1.09,3.546
2026-01-12T21:00:00Z,133024,12.66,2026-01-12T20:59:55Z,-1.787,1.09,3.55
2026-01-12T21:15:00Z,133025,12.64,2026-01-12T21:02:05Z,-1.78,1.09,3.553
2026-01-12T21:30:00Z,133026,12.64,2026-01-12T21:23:35Z,-1.882,1.09,3.556
2026-01-12T21:45:00Z,133027,12.64,2026-01-12T21:44:55Z,-2.034,1.091,3.559
2026-01-12T22:00:00Z,133028,12.62,2026-01-12T21:57:20Z,-2.089,1.091,3.562
2026-01-12T22:15:00Z,133029,12.63,2026-01-12T22:07:45Z,-2.152,1.091,3.565
2026-01-12T22:30:00Z,133030,12.62,2026-01-12T22:29:40Z,-2.188,1.091,3.567
2026-01-12T22:45:00Z,133031,12.62,2026-01-12T22:35:35Z,-2.204,1.098,3.569
2026-01-12T23:00:00Z,133032,12.59,2026-01-12T22:45:40Z,-2.25,1.091,3.57
2026-01-12T23:15:00Z,133033,12.62,2026-01-12T23:04:10Z,-2.434,1.091,3.571
2026-01-12T23:30:00Z,133034,12.62,2026-01-12T23:18:25Z,-2.584,1.091,3.573
2026-01-12T23:45:00Z,133035,12.61,2026-01-12T23:35:15Z,-2.573,1.091,3.574
2026-01-13T00:15:00Z,133037,12.6,2026-01-13T00:02:10Z,-2.444,1.092,3.575
2026-01-13T00:30:00Z,133038,12.6,2026-01-13T00:29:35Z,-2.565,1.09,3.575
2026-01-13T00:45:00Z,133039,12.6,2026-01-13T00:39:30Z,-2.693,1.089,3.575
2026-01-13T01:00:00Z,133040,12.59,2026-01-13T00:57:05Z,-2.829,1.09,3.575
2026-01-13T01:15:00Z,133041,12.59,2026-01-13T01:02:05Z,-3.04,1.09,3.574
2026-01-13T01:30:00Z,133042,12.59,2026-01-13T01:29:30Z,-3.241,1.089,3.573
2026-01-13T01:45:00Z,133043,12.59,2026-01-13T01:44:45Z,-3.344,1.09,3.572
2026-01-13T02:00:00Z,133044,12.59,2026-01-13T01:45:10Z,-3.46,1.088,3.571
2026-01-13T02:15:00Z,133045,12.57,2026-01-13T02:02:00Z,-3.578,1.088,3.569
2026-01-13T02:30:00Z,133046,12.57,2026-01-13T02:26:10Z,-3.727,1.09,3.567
2026-01-13T02:45:00Z,133047,12.58,2026-01-13T02:37:20Z,-3.827,1.09,3.565
2026-01-13T03:00:00Z,133048,12.57,2026-01-13T02:55:10Z,-3.864,1.09,3.562
2026-01-13T03:15:00Z,133049,12.57,2026-01-13T03:11:10Z,-3.789,1.09,3.56
2026-01-13T03:30:00Z,133050,12.57,2026-01-13T03:21:50Z,-3.463,1.091,3.557
2026-01-13T03:45:00Z,133051,12.56,2026-01-13T03:37:50Z,-2.98,1.091,3.554
2026-01-13T04:00:00Z,133052,12.57,2026-01-13T03:52:10Z,-2.534,1.089,3.55
2026-01-13T04:15:00Z,133053,12.57,2026-01-13T04:09:45Z,-2.158,1.089,3.547
2026-01-13T04:30:00Z,133054,12.55,2026-01-13T04:29:30Z,-1.812,1.089,3.543
2026-01-13T04:45:00Z,133055,12.56,2026-01-13T04:45:00Z,-1.508,1.09,3.54
2026-01-13T05:00:00Z,133056,12.55,2026-01-13T04:57:00Z,-1.251,1.091,3.536
2026-01-13T05:15:00Z,133057,12.56,2026-01-13T05:03:10Z,-1.036,1.09,3.532
2026-01-13T05:30:00Z,133058,12.56,2026-01-13T05:15:55Z,-0.901,1.09,3.528
2026-01-13T05:45:00Z,133059,12.55,2026-01-13T05:43:10Z,-0.814,1.09,3.524
2026-01-13T06:00:00Z,133060,12.55,2026-01-13T05:57:00Z,-0.746,1.091,3.52
2026-01-13T06:15:00Z,133061,12.54,2026-01-13T06:02:05Z,-0.652,1.089,3.515
2026-01-13T06:30:00Z,133062,12.54,2026-01-13T06:29:30Z,-0.506,1.089,3.511
2026-01-13T06:45:00Z,133063,12.55,2026-01-13T06:35:55Z,-0.406,1.089,3.507
2026-01-13T07:00:00Z,133064,12.53,2026-01-13T06:57:00Z,-0.239,1.093,3.502
2026-01-13T07:15:00Z,133065,12.53,2026-01-13T07:02:05Z,0.003,1.09,3.497
2026-01-13T07:30:00Z,133066,12.55,2026-01-13T07:26:05Z,0.265,1.09,3.493
2026-01-13T07:45:00Z,133067,12.54,2026-01-13T07:38:45Z,0.525,1.09,3.489
2026-01-13T08:00:00Z,133068,12.54,2026-01-13T07:59:40Z,0.739,1.09,3.485
2026-01-13T08:15:00Z,133069,12.53,2026-01-13T08:09:35Z,0.87,1.09,3.481
2026-01-13T08:30:00Z,133070,12.51,2026-01-13T08:20:15Z,0.97,1.091,3.477
2026-01-13T08:45:00Z,133071,12.55,2026-01-13T08:45:00Z,1.051,1.09,3.473
2026-01-13T09:00:00Z,133072,12.54,2026-01-13T08:45:25Z,1.147,1.091,3.47
2026-01-13T09:15:00Z,133073,12.56,2026-01-13T09:04:05Z,1.314,1.092,3.466
2026-01-13T09:30:00Z,133074,12.57,2026-01-13T09:16:30Z,1.54,1.092,3.463
2026-01-13T09:45:00Z,133075,12.57,2026-01-13T09:44:50Z,1.764,1.092,3.46
2026-01-13T10:00:00Z,133076,12.56,2026-01-13T09:48:05Z,1.971,1.09,3.456
2026-01-13T10:15:00Z,133077,12.59,2026-01-13T10:08:45Z,2.24,1.09,3.454
2026-01-13T10:30:00Z,133078,12.61,2026-01-13T10:15:05Z,2.533,1.091,3.451
2026-01-13T10:45:00Z,133079,12.72,2026-01-13T10:35:35Z,3.022,1.091,3.449
2026-01-13T11:00:00Z,133080,12.67,2026-01-13T10:59:55Z,3.486,1.09,3.447
2026-01-13T11:15:00Z,133081,12.63,2026-01-13T11:14:35Z,3.698,1.09,3.444
2026-01-13T11:30:00Z,133082,12.6,2026-01-13T11:28:45Z,3.735,1.092,3.442
2026-01-13T11:45:00Z,133083,12.59,2026-01-13T11:43:50Z,3.722,1.096,3.44
2026-01-13T12:00:00Z,133084,12.58,2026-01-13T11:59:50Z,3.724,1.092,3.438
2026-01-13T12:15:00Z,133085,12.57,2026-01-13T12:05:30Z,3.641,1.093,3.437
2026-01-13T12:30:00Z,133086,12.6,2026-01-13T12:15:05Z,3.46,1.095,3.436
2026-01-13T12:45:00Z,133087,12.6,2026-01-13T12:43:25Z,3.378,1.09,3.435
2026-01-13T13:00:00Z,133088,12.6,2026-01-13T12:45:30Z,3.416,1.096,3.435
2026-01-13T13:15:00Z,133089,12.74,2026-01-13T13:00:05Z,3.71,1.095,3.436
2026-01-13T13:30:00Z,133090,12.81,2026-01-13T13:18:05Z,4.117,1.093,3.436
2026-01-13T13:45:00Z,133091,12.99,2026-01-13T13:35:20Z,4.389,1.094,3.438
2026-01-13T14:00:00Z,133092,13.04,2026-01-13T13:45:45Z,4.739,1.093,3.44
2026-01-13T14:15:00Z,133093,13.05,2026-01-13T14:09:00Z,5.248,1.097,3.441
2026-01-13T14:30:00Z,133094,13.07,2026-01-13T14:23:10Z,5.723,1.095,3.441
2026-01-13T14:45:00Z,133095,13.25,2026-01-13T14:34:45Z,6.121,1.092,3.444
2026-01-13T15:00:00Z,133096,13.25,2026-01-13T14:53:05Z,6.557,1.092,3.449
2026-01-13T15:15:00Z,133097,13.31,2026-01-13T15:01:10Z,6.996,1.092,3.451
2026-01-13T15:30:00Z,133098,13.25,2026-01-13T15:23:40Z,7.394,1.091,3.454
2026-01-13T15:45:00Z,133099,13.24,2026-01-13T15:43:00Z,7.732,1.091,3.457
2026-01-13T16:00:00Z,133100,13.34,2026-01-13T15:45:05Z,7.862,1.09,3.461
2026-01-13T16:15:00Z,133101,13.28,2026-01-13T16:15:00Z,7.91,1.089,3.466
2026-01-13T16:30:00Z,133102,12.93,2026-01-13T16:29:40Z,7.844,1.087,3.469
2026-01-13T16:45:00Z,133103,12.89,2026-01-13T16:40:40Z,7.447,1.088,3.472
2026-01-13T17:00:00Z,133104,12.85,2026-01-13T16:59:25Z,6.888,1.087,3.478
2026-01-13T17:15:00Z,133105,12.79,2026-01-13T17:13:30Z,6.291,1.087,3.483
2026-01-13T17:30:00Z,133106,12.76,2026-01-13T17:29:40Z,5.689,1.086,3.489
2026-01-13T17:45:00Z,133107,12.74,2026-01-13T17:39:35Z,5.059,1.086,3.496
2026-01-13T18:00:00Z,133108,12.72,2026-01-13T17:57:10Z,4.615,1.089,3.504
2026-01-13T18:15:00Z,133109,12.72,2026-01-13T18:02:10Z,4.461,1.089,3.512
2026-01-13T18:30:00Z,133110,12.7,2026-01-13T18:29:50Z,4.403,1.086,3.52
2026-01-13T18:45:00Z,133111,12.7,2026-01-13T18:43:00Z,4.329,1.086,3.53
2026-01-13T19:00:00Z,133112,12.69,2026-01-13T18:56:05Z,4.322,1.086,3.54
2026-01-13T19:15:00Z,133113,12.69,2026-01-13T19:07:10Z,4.385,1.086,3.55
2026-01-13T19:30:00Z,133114,12.68,2026-01-13T19:29:40Z,4.314,1.091,3.56
2026-01-13T19:45:00Z,133115,12.68,2026-01-13T19:35:25Z,4.062,1.084,3.571
2026-01-13T20:00:00Z,133116,12.66,2026-01-13T19:57:15Z,3.828,1.084,3.582
2026-01-13T20:15:00Z,133117,12.66,2026-01-13T20:02:10Z,3.628,1.083,3.593
2026-01-13T20:30:00Z,133118,12.66,2026-01-13T20:20:35Z,3.549,1.083,3.604
2026-01-13T20:45:00Z,133119,12.66,2026-01-13T20:33:55Z,3.611,1.083,3.615
2026-01-13T21:00:00Z,133120,12.65,2026-01-13T20:49:55Z,3.82,1.084,3.626
2026-01-13T21:15:00Z,133121,12.64,2026-01-13T21:05:55Z,4.061,1.084,3.636
2026-01-13T21:30:00Z,133122,12.64,2026-01-13T21:16:35Z,4.242,1.084,3.647
2026-01-13T21:45:00Z,133123,12.64,2026-01-13T21:32:35Z,4.312,1.084,3.657
2026-01-13T22:00:00Z,133124,12.64,2026-01-13T21:45:45Z,4.293,1.084,3.667
2026-01-13T22:15:00Z,133125,12.63,2026-01-13T22:02:00Z,4.21,1.085,3.676
2026-01-13T22:30:00Z,133126,12.63,2026-01-13T22:15:15Z,4.069,1.084,3.686
2026-01-13T22:45:00Z,133127,12.63,2026-01-13T22:35:40Z,3.902,1.084,3.695
2026-01-13T23:00:00Z,133128,12.62,2026-01-13T22:57:10Z,3.748,1.084,3.703
2026-01-13T23:15:00Z,133129,12.61,2026-01-13T23:02:00Z,3.566,1.084,3.712
2026-01-13T23:30:00Z,133130,12.62,2026-01-13T23:29:35Z,3.385,1.084,3.72
2026-01-13T23:45:00Z,133131,12.57,2026-01-13T23:36:10Z,3.224,1.083,3.728
2026-01-14T00:15:00Z,133133,12.61,2026-01-14T00:01:05Z,2.954,1.082,3.742
2026-01-14T00:30:00Z,133134,12.61,2026-01-14T00:15:05Z,2.849,1.083,3.749
2026-01-14T00:45:00Z,133135,12.61,2026-01-14T00:31:40Z,3.034,1.089,3.755
2026-01-14T01:00:00Z,133136,12.6,2026-01-14T00:51:10Z,3.291,1.083,3.761
2026-01-14T01:15:00Z,133137,12.6,2026-01-14T01:05:45Z,3.307,1.082,3.767
2026-01-14T01:30:00Z,133138,12.59,2026-01-14T01:29:35Z,3.148,1.081,3.772
2026-01-14T01:45:00Z,133139,12.6,2026-01-14T01:30:10Z,3.117,1.081,3.778
2026-01-14T02:00:00Z,133140,12.59,2026-01-14T01:46:50Z,3.208,1.08,3.783
2026-01-14T02:15:00Z,133141,12.58,2026-01-14T02:10:50Z,3.294,1.081,3.787
2026-01-14T02:30:00Z,133142,12.57,2026-01-14T02:18:10Z,3.406,1.081,3.792
2026-01-14T02:45:00Z,133143,12.58,2026-01-14T02:40:10Z,3.509,1.08,3.796
2026-01-14T03:00:00Z,133144,12.57,2026-01-14T02:52:35Z,3.338,1.078,3.8
2026-01-14T03:15:00Z,133145,12.57,2026-01-14T03:04:10Z,2.893,1.077,3.804
2026-01-14T03:30:00Z,133146,12.57,2026-01-14T03:20:10Z,2.501,1.079,3.807
2026-01-14T03:45:00Z,133147,12.57,2026-01-14T03:33:30Z,2.418,1.08,3.81
2026-01-14T04:00:00Z,133148,12.57,2026-01-14T03:55:00Z,2.42,1.08,3.814
2026-01-14T04:15:00Z,133149,12.56,2026-01-14T04:08:10Z,2.276,1.079,3.816
2026-01-14T04:30:00Z,133150,12.57,2026-01-14T04:15:05Z,2.133,1.08,3.819
2026-01-14T04:45:00Z,133151,12.56,2026-01-14T04:42:30Z,2.244,1.08,3.822
2026-01-14T05:00:00Z,133152,12.56,2026-01-14T04:53:30Z,2.44,1.08,3.824
2026-01-14T05:15:00Z,133153,12.56,2026-01-14T05:02:05Z,2.632,1.08,3.826
2026-01-14T05:30:00Z,133154,12.55,2026-01-14T05:23:20Z,2.799,1.08,3.829
2026-01-14T05:45:00Z,133155,12.55,2026-01-14T05:35:00Z,2.917,1.079,3.831
2026-01-14T06:00:00Z,133156,12.55,2026-01-14T05:58:40Z,2.993,1.08,3.833
2026-01-14T06:15:00Z,133157,12.54,2026-01-14T06:02:00Z,3.012,1.08,3.835
2026-01-14T06:30:00Z,133158,12.55,2026-01-14T06:15:05Z,2.966,1.078,3.837
2026-01-14T06:45:00Z,133159,12.55,2026-01-14T06:30:05Z,2.867,1.077,3.838
2026-01-14T07:00:00Z,133160,12.54,2026-01-14T06:58:50Z,2.77,1.078,3.84
2026-01-14T07:15:00Z,133161,12.54,2026-01-14T07:00:35Z,2.717,1.078,3.841
2026-01-14T07:30:00Z,133162,12.53,2026-01-14T07:29:05Z,2.667,1.078,3.843
2026-01-14T07:45:00Z,133163,12.53,2026-01-14T07:31:45Z,2.625,1.078,3.844
2026-01-14T08:00:00Z,133164,12.52,2026-01-14T07:48:20Z,2.618,1.078,3.846
2026-01-14T08:15:00Z,133165,12.52,2026-01-14T08:09:05Z,2.622,1.078,3.847
2026-01-14T08:30:00Z,133166,12.52,2026-01-14T08:17:05Z,2.629,1.077,3.848
2026-01-14T08:45:00Z,133167,12.52,2026-01-14T08:30:25Z,2.629,1.078,3.849
2026-01-14T09:00:00Z,133168,12.52,2026-01-14T08:59:45Z,2.6,1.078,3.851
2026-01-14T09:15:00Z,133169,12.51,2026-01-14T09:02:05Z,2.594,1.079,3.852
2026-01-14T09:30:00Z,133170,12.52,2026-01-14T09:15:45Z,2.662,1.078,3.853
2026-01-14T09:45:00Z,133171,12.52,2026-01-14T09:30:05Z,2.752,1.077,3.854
2026-01-14T10:00:00Z,133172,12.51,2026-01-14T09:57:00Z,2.8,1.077,3.855
2026-01-14T10:15:00Z,133173,12.52,2026-01-14T10:12:25Z,2.802,1.077,3.856
2026-01-14T10:30:00Z,133174,12.52,2026-01-14T10:15:10Z,2.77,1.077,3.858
2026-01-14T10:45:00Z,133175,12.53,2026-01-14T10:44:00Z,2.758,1.078,3.859
2026-01-14T11:00:00Z,133176,12.52,2026-01-14T10:45:30Z,2.625,1.068,3.86
2026-01-14T11:15:00Z,133177,12.53,2026-01-14T11:06:05Z,2.034,1.074,3.862
2026-01-14T11:30:00Z,133178,12.53,2026-01-14T11:28:20Z,1.445,1.076,3.863
2026-01-14T11:45:00Z,133179,12.53,2026-01-14T11:40:25Z,0.99,1.077,3.864
2026-01-14T12:00:00Z,133180,12.53,2026-01-14T11:57:05Z,0.612,1.078,3.866
2026-01-14T12:15:00Z,133181,12.54,2026-01-14T12:14:40Z,0.248,1.078,3.867
2026-01-14T12:30:00Z,133182,12.52,2026-01-14T12:29:30Z,-0.067,1.079,3.868
2026-01-14T12:45:00Z,133183,12.53,2026-01-14T12:32:10Z,-0.45,1.078,3.869
2026-01-14T13:00:00Z,133184,12.53,2026-01-14T12:57:00Z,-0.836,1.078,3.871
2026-01-14T13:15:00Z,133185,12.55,2026-01-14T13:08:40Z,-1.119,1.078,3.872
2026-01-14T13:30:00Z,133186,12.53,2026-01-14T13:18:20Z,-1.38,1.079,3.873
2026-01-14T13:45:00Z,133187,12.53,2026-01-14T13:43:20Z,-1.779,1.078,3.874
2026-01-14T14:00:00Z,133188,12.52,2026-01-14T13:57:10Z,-2.29,1.078,3.874
2026-01-14T14:15:00Z,133189,12.51,2026-01-14T14:02:00Z,-2.81,1.078,3.875
2026-01-14T14:30:00Z,133190,12.51,2026-01-14T14:29:30Z,-3.239,1.078,3.875
2026-01-14T14:45:00Z,133191,12.51,2026-01-14T14:34:00Z,-3.59,1.077,3.875
2026-01-14T15:00:00Z,133192,12.51,2026-01-14T14:57:00Z,-3.936,1.076,3.874
2026-01-14T15:15:00Z,133193,12.52,2026-01-14T15:08:15Z,-4.162,1.076,3.874
2026-01-14T15:30:00Z,133194,12.52,2026-01-14T15:26:30Z,-4.341,1.076,3.872
2026-01-14T15:45:00Z,133195,12.51,2026-01-14T15:34:25Z,-4.514,1.077,3.871
2026-01-14T16:00:00Z,133196,12.51,2026-01-14T15:52:05Z,-4.696,1.076,3.869
2026-01-14T16:15:00Z,133197,12.5,2026-01-14T16:02:15Z,-4.91,1.074,3.867
2026-01-14T16:30:00Z,133198,12.5,2026-01-14T16:25:45Z,-5.123,1.075,3.864
2026-01-14T16:45:00Z,133199,12.49,2026-01-14T16:40:45Z,-5.331,1.074,3.861
2026-01-14T17:00:00Z,133200,12.48,2026-01-14T16:57:10Z,-5.494,1.075,3.857
2026-01-14T17:15:00Z,133201,12.47,2026-01-14T17:14:55Z,-5.678,1.076,3.853
2026-01-14T17:30:00Z,133202,12.46,2026-01-14T17:29:05Z,-5.85,1.075,3.849
2026-01-14T17:45:00Z,133203,12.46,2026-01-14T17:37:45Z,-6.004,1.07,3.844
2026-01-14T18:00:00Z,133204,12.45,2026-01-14T17:57:05Z,-6.142,1.064,3.838
2026-01-14T18:15:00Z,133205,12.45,2026-01-14T18:02:05Z,-6.266,1.06,3.833
2026-01-14T18:30:00Z,133206,12.45,2026-01-14T18:29:35Z,-6.371,1.057,3.826
2026-01-14T18:45:00Z,133207,12.45,2026-01-14T18:34:55Z,-6.46,1.054,3.82
2026-01-14T19:00:00Z,133208,12.41,2026-01-14T18:57:05Z,-6.553,1.051,3.813
2026-01-14T19:15:00Z,133209,12.44,2026-01-14T19:14:55Z,-6.642,1.048,3.805
2026-01-14T19:30:00Z,133210,12.44,2026-01-14T19:22:55Z,-6.779,1.049,3.797
2026-01-14T19:45:00Z,133211,12.45,2026-01-14T19:30:05Z,-6.97,1.05,3.789
2026-01-14T20:00:00Z,133212,12.44,2026-01-14T19:56:40Z,-7.183,1.054,3.781
2026-01-14T20:15:00Z,133213,12.42,2026-01-14T20:02:05Z,-7.389,1.058,3.772
2026-01-14T20:30:00Z,133214,12.43,2026-01-14T20:29:35Z,-7.586,1.06,3.763
2026-01-14T20:45:00Z,133215,12.43,2026-01-14T20:38:15Z,-7.727,1.062,3.753
2026-01-14T21:00:00Z,133216,12.44,2026-01-14T20:55:05Z,-7.916,1.064,3.743
2026-01-14T21:15:00Z,133217,12.43,2026-01-14T21:02:05Z,-8.16,1.066,3.734
2026-01-14T21:30:00Z,133218,12.43,2026-01-14T21:29:30Z,-8.37,1.07,3.724
2026-01-14T21:45:00Z,133219,12.43,2026-01-14T21:43:25Z,-8.55,1.073,3.714
2026-01-14T22:00:00Z,133220,12.43,2026-01-14T21:47:35Z,-8.74,1.078,3.703
2026-01-14T22:15:00Z,133221,12.41,2026-01-14T22:02:05Z,-8.9,1.082,3.693
2026-01-14T22:30:00Z,133222,12.4,2026-01-14T22:28:15Z,-9.03,1.088,3.683
2026-01-14T22:45:00Z,133223,12.41,2026-01-14T22:38:30Z,-9.13,1.092,3.672
2026-01-14T23:00:00Z,133224,12.4,2026-01-14T22:57:10Z,-9.23,1.096,3.662
2026-01-14T23:15:00Z,133225,12.41,2026-01-14T23:13:10Z,-9.28,1.1,3.651
2026-01-14T23:30:00Z,133226,12.41,2026-01-14T23:26:30Z,-9.32,1.101,3.641
2026-01-14T23:45:00Z,133227,12.4,2026-01-14T23:39:50Z,-9.32,1.1,3.63
2026-01-15T00:15:00Z,133229,12.4,2026-01-15T00:02:00Z,-9.3,1.095,3.61
2026-01-15T00:30:00Z,133230,12.39,2026-01-15T00:18:20Z,-9.27,1.092,3.599
2026-01-15T00:45:00Z,133231,12.4,2026-01-15T00:30:05Z,-9.24,1.09,3.589
2026-01-15T01:00:00Z,133232,12.39,2026-01-15T00:57:10Z,-9.23,1.089,3.579
2026-01-15T01:15:00Z,133233,12.39,2026-01-15T01:02:05Z,-9.27,1.086,3.569
2026-01-15T01:30:00Z,133234,12.39,2026-01-15T01:29:30Z,-9.42,1.083,3.559
2026-01-15T01:45:00Z,133235,12.39,2026-01-15T01:30:50Z,-9.54,1.081,3.549
2026-01-15T02:00:00Z,133236,12.39,2026-01-15T01:45:05Z,-9.57,1.079,3.539
2026-01-15T02:15:00Z,133237,12.38,2026-01-15T02:02:05Z,-9.57,1.077,3.53
2026-01-15T02:30:00Z,133238,12.39,2026-01-15T02:24:55Z,-9.59,1.075,3.52
2026-01-15T02:45:00Z,133239,12.39,2026-01-15T02:30:35Z,-9.58,1.074,3.511
2026-01-15T03:00:00Z,133240,12.37,2026-01-15T02:57:00Z,-9.52,1.072,3.502
2026-01-15T03:15:00Z,133241,12.38,2026-01-15T03:02:00Z,-9.44,1.07,3.493
2026-01-15T03:30:00Z,133242,12.38,2026-01-15T03:24:45Z,-9.34,1.07,3.484
2026-01-15T03:45:00Z,133243,12.38,2026-01-15T03:30:05Z,-9.22,1.069,3.475
2026-01-15T04:00:00Z,133244,12.37,2026-01-15T03:58:25Z,-9.11,1.068,3.466
2026-01-15T04:15:00Z,133245,12.37,2026-01-15T04:02:05Z,-9.1,1.067,3.457
2026-01-15T04:30:00Z,133246,12.37,2026-01-15T04:15:25Z,-9.14,1.066,3.448
2026-01-15T04:45:00Z,133247,12.38,2026-01-15T04:30:05Z,-9.19,1.064,3.44
2026-01-15T05:00:00Z,133248,12.37,2026-01-15T04:52:40Z,-9.2,1.063,3.432
2026-01-15T05:15:00Z,133249,12.37,2026-01-15T05:02:00Z,-9.16,1.065,3.424
2026-01-15T05:30:00Z,133250,12.35,2026-01-15T05:29:30Z,-9.13,1.065,3.415
2026-01-15T05:45:00Z,133251,12.37,2026-01-15T05:30:05Z,-9.13,1.063,3.408
2026-01-15T06:00:00Z,133252,12.35,2026-01-15T05:57:00Z,-9.28,1.062,3.4
2026-01-15T06:15:00Z,133253,12.35,2026-01-15T06:02:00Z,-9.52,1.062,3.392
2026-01-15T06:30:00Z,133254,12.36,2026-01-15T06:17:35Z,-9.77,1.063,3.384
2026-01-15T06:45:00Z,133255,12.36,2026-01-15T06:44:55Z,-9.95,1.064,3.377
2026-01-15T07:00:00Z,133256,12.35,2026-01-15T06:57:05Z,-10.09,1.065,3.369
2026-01-15T07:15:00Z,133257,12.35,2026-01-15T07:02:05Z,-10.25,1.064,3.362
2026-01-15T07:30:00Z,133258,12.35,2026-01-15T07:29:00Z,-10.46,1.064,3.355
2026-01-15T07:45:00Z,133259,12.35,2026-01-15T07:35:55Z,-10.58,1.064,3.347
2026-01-15T08:00:00Z,133260,12.35,2026-01-15T07:49:40Z,-10.66,1.063,3.34
2026-01-15T08:15:00Z,133261,12.34,2026-01-15T08:02:05Z,-10.8,1.063,3.333
2026-01-15T08:30:00Z,133262,12.34,2026-01-15T08:29:40Z,-10.95,1.063,3.326
2026-01-15T08:45:00Z,133263,12.35,2026-01-15T08:32:20Z,-11.05,1.069,3.32
2026-01-15T09:00:00Z,133264,12.36,2026-01-15T08:45:30Z,-11.09,1.062,3.313
2026-01-15T09:15:00Z,133265,12.38,2026-01-15T09:00:05Z,-10.76,1.062,3.306
2026-01-15T09:30:00Z,133266,12.42,2026-01-15T09:15:05Z,-10.2,1.062,3.3
2026-01-15T09:45:00Z,133267,12.47,2026-01-15T09:34:25Z,-9.75,1.062,3.294
2026-01-15T10:00:00Z,133268,12.49,2026-01-15T09:45:05Z,-9.32,1.061,3.288
2026-01-15T10:15:00Z,133269,12.51,2026-01-15T10:00:05Z,-9.05,1.06,3.282
2026-01-15T10:30:00Z,133270,12.59,2026-01-15T10:15:05Z,-8.8,1.06,3.276
2026-01-15T10:45:00Z,133271,12.68,2026-01-15T10:30:05Z,-8.41,1.058,3.271
2026-01-15T11:00:00Z,133272,12.97,2026-01-15T10:57:15Z,-7.971,1.059,3.267
2026-01-15T11:15:00Z,133273,12.9,2026-01-15T11:14:55Z,-7.509,1.059,3.262
2026-01-15T11:30:00Z,133274,12.9,2026-01-15T11:15:25Z,-7.264,1.059,3.256
2026-01-15T11:45:00Z,133275,13.02,2026-01-15T11:37:05Z,-7.04,1.058,3.251
2026-01-15T12:00:00Z,133276,13.12,2026-01-15T11:46:25Z,-6.731,1.058,3.247
2026-01-15T12:15:00Z,133277,13.09,2026-01-15T12:14:35Z,-6.356,1.059,3.242
2026-01-15T12:30:00Z,133278,13.09,2026-01-15T12:17:15Z,-6.133,1.06,3.236
2026-01-15T12:45:00Z,133279,13.33,2026-01-15T12:31:35Z,-5.889,1.06,3.233
2026-01-15T13:00:00Z,133280,13.79,2026-01-15T13:00:00Z,-5.465,1.06,3.232
2026-01-15T13:15:00Z,133281,13.2,2026-01-15T13:14:55Z,-5.056,1.059,3.225
2026-01-15T13:30:00Z,133282,13.14,2026-01-15T13:19:10Z,-4.861,1.059,3.218
2026-01-15T13:45:00Z,133283,13.59,2026-01-15T13:44:55Z,-4.886,1.059,3.216
2026-01-15T14:00:00Z,133284,13.5,2026-01-15T13:46:50Z,-4.876,1.06,3.212
2026-01-15T14:15:00Z,133285,13.4,2026-01-15T14:11:00Z,-4.809,1.06,3.206
2026-01-15T14:30:00Z,133286,13.3,2026-01-15T14:28:15Z,-4.787,1.06,3.201
2026-01-15T14:45:00Z,133287,13.23,2026-01-15T14:41:10Z,-4.787,1.059,3.195
2026-01-15T15:00:00Z,133288,13.09,2026-01-15T14:57:05Z,-4.726,1.06,3.19
2026-01-15T15:15:00Z,133289,13.03,2026-01-15T15:14:50Z,-4.658,1.059,3.183
2026-01-15T15:30:00Z,133290,12.99,2026-01-15T15:22:25Z,-4.564,1.058,3.178
2026-01-15T15:45:00Z,133291,13.05,2026-01-15T15:45:00Z,-4.452,1.059,3.174
2026-01-15T16:00:00Z,133292,12.99,2026-01-15T15:59:40Z,-4.238,1.058,3.169
2026-01-15T16:15:00Z,133293,12.91,2026-01-15T16:14:15Z,-4.088,1.058,3.164
2026-01-15T16:30:00Z,133294,12.84,2026-01-15T16:29:30Z,-4.081,1.058,3.159
2026-01-15T16:45:00Z,133295,12.82,2026-01-15T16:36:50Z,-4.164,1.058,3.154
2026-01-15T17:00:00Z,133296,12.79,2026-01-15T16:59:55Z,-4.317,1.058,3.149
2026-01-15T17:15:00Z,133297,12.73,2026-01-15T17:02:10Z,-4.497,1.058,3.145
2026-01-15T17:30:00Z,133298,12.74,2026-01-15T17:29:15Z,-4.665,1.059,3.14
2026-01-15T17:45:00Z,133299,12.72,2026-01-15T17:43:30Z,-4.825,1.059,3.136
2026-01-15T18:00:00Z,133300,12.72,2026-01-15T17:55:30Z,-4.971,1.059,3.132
2026-01-15T18:15:00Z,133301,12.72,2026-01-15T18:14:05Z,-5.073,1.06,3.128
2026-01-15T18:30:00Z,133302,12.71,2026-01-15T18:24:50Z,-5.157,1.06,3.124
2026-01-15T18:45:00Z,133303,12.7,2026-01-15T18:39:05Z,-5.23,1.061,3.12
2026-01-15T19:00:00Z,133304,12.7,2026-01-15T18:53:35Z,-5.313,1.062,3.116
2026-01-15T19:15:00Z,133305,12.69,2026-01-15T19:12:50Z,-5.53,1.062,3.112
2026-01-15T19:30:00Z,133306,12.68,2026-01-15T19:30:00Z,-5.696,1.062,3.108
2026-01-15T19:45:00Z,133307,12.68,2026-01-15T19:30:20Z,-5.775,1.063,3.104
2026-01-15T20:00:00Z,133308,12.67,2026-01-15T19:55:45Z,-5.984,1.062,3.1
2026-01-15T20:15:00Z,133309,12.67,2026-01-15T20:04:35Z,-6.434,1.062,3.097
2026-01-15T20:30:00Z,133310,12.65,2026-01-15T20:28:30Z,-6.955,1.063,3.093
2026-01-15T20:45:00Z,133311,12.66,2026-01-15T20:38:35Z,-7.455,1.064,3.089
2026-01-15T21:00:00Z,133312,12.64,2026-01-15T20:57:05Z,-8.05,1.064,3.086
2026-01-15T21:15:00Z,133313,12.65,2026-01-15T21:02:00Z,-8.5,1.063,3.082
2026-01-15T21:30:00Z,133314,12.59,2026-01-15T21:29:40Z,-8.82,1.063,3.078
2026-01-15T21:45:00Z,133315,12.64,2026-01-15T21:35:25Z,-9.17,1.064,3.075
2026-01-15T22:00:00Z,133316,12.62,2026-01-15T21:57:00Z,-9.56,1.063,3.071
2026-01-15T22:15:00Z,133317,12.62,2026-01-15T22:02:00Z,-9.77,1.063,3.068
2026-01-15T22:30:00Z,133318,12.61,2026-01-15T22:29:30Z,-9.78,1.064,3.064
2026-01-15T22:45:00Z,133319,12.61,2026-01-15T22:43:05Z,-9.78,1.065,3.061
2026-01-15T23:00:00Z,133320,12.6,2026-01-15T22:57:00Z,-9.71,1.063,3.057
2026-01-15T23:15:00Z,133321,12.61,2026-01-15T23:02:10Z,-9.52,1.063,3.054
2026-01-15T23:30:00Z,133322,12.59,2026-01-15T23:28:50Z,-9.29,1.063,3.05
2026-01-15T23:45:00Z,133323,12.6,2026-01-15T23:32:15Z,-9.04,1.063,3.047
2026-01-16T00:15:00Z,133325,12.59,2026-01-16T00:02:05Z,-8.6,1.063,3.04
2026-01-16T00:30:00Z,133326,12.59,2026-01-16T00:18:25Z,-8.38,1.063,3.037
2026-01-16T00:45:00Z,133327,12.59,2026-01-16T00:30:05Z,-8.2,1.062,3.034
2026-01-16T01:00:00Z,133328,12.59,2026-01-16T00:56:25Z,-8.06,1.063,3.031
2026-01-16T01:15:00Z,133329,12.57,2026-01-16T01:02:05Z,-7.934,1.063,3.028
2026-01-16T01:30:00Z,133330,12.56,2026-01-16T01:29:30Z,-7.841,1.063,3.024
2026-01-16T01:45:00Z,133331,12.57,2026-01-16T01:37:20Z,-7.733,1.063,3.021
2026-01-16T02:00:00Z,133332,12.56,2026-01-16T01:57:00Z,-7.599,1.062,3.018
2026-01-16T02:15:00Z,133333,12.56,2026-01-16T02:02:05Z,-7.464,1.062,3.015
2026-01-16T02:30:00Z,133334,12.56,2026-01-16T02:17:20Z,-7.364,1.062,3.012
2026-01-16T02:45:00Z,133335,12.55,2026-01-16T02:41:20Z,-7.312,1.062,3.009
2026-01-16T03:00:00Z,133336,12.55,2026-01-16T02:49:20Z,-7.289,1.062,3.006
2026-01-16T03:15:00Z,133337,12.55,2026-01-16T03:02:40Z,-7.252,1.063,3.003
2026-01-16T03:30:00Z,133338,12.55,2026-01-16T03:29:35Z,-7.21,1.063,3.001
2026-01-16T03:45:00Z,133339,12.55,2026-01-16T03:37:20Z,-7.179,1.064,2.998
2026-01-16T04:00:00Z,133340,12.55,2026-01-16T03:57:30Z,-7.171,1.066,2.995
2026-01-16T04:15:00Z,133341,12.55,2026-01-16T04:13:00Z,-7.145,1.065,2.992
2026-01-16T04:30:00Z,133342,12.55,2026-01-16T04:27:25Z,-7.112,1.065,2.99
2026-01-16T04:45:00Z,133343,12.54,2026-01-16T04:40:30Z,-7.036,1.064,2.987
2026-01-16T05:00:00Z,133344,12.54,2026-01-16T04:55:20Z,-6.933,1.064,2.984
2026-01-16T05:15:00Z,133345,12.54,2026-01-16T05:06:25Z,-6.825,1.066,2.982
2026-01-16T05:30:00Z,133346,12.53,2026-01-16T05:21:55Z,-6.719,1.066,2.979
2026-01-16T05:45:00Z,133347,12.51,2026-01-16T05:38:25Z,-6.631,1.067,2.977
2026-01-16T06:00:00Z,133348,12.52,2026-01-16T05:54:10Z,-6.581,1.067,2.974
2026-01-16T06:15:00Z,133349,12.51,2026-01-16T06:02:05Z,-6.577,1.066,2.971
2026-01-16T06:30:00Z,133350,12.51,2026-01-16T06:29:30Z,-6.577,1.065,2.969
2026-01-16T06:45:00Z,133351,12.51,2026-01-16T06:44:55Z,-6.565,1.064,2.966
2026-01-16T07:00:00Z,133352,12.5,2026-01-16T06:57:05Z,-6.51,1.064,2.964
2026-01-16T07:15:00Z,133353,12.5,2026-01-16T07:06:15Z,-6.444,1.064,2.961
2026-01-16T07:30:00Z,133354,12.49,2026-01-16T07:28:25Z,-6.38,1.063,2.959
2026-01-16T07:45:00Z,133355,12.5,2026-01-16T07:30:15Z,-6.318,1.065,2.956
2026-01-16T08:00:00Z,133356,12.5,2026-01-16T07:56:00Z,-6.235,1.065,2.954
2026-01-16T08:15:00Z,133357,12.49,2026-01-16T08:02:05Z,-6.125,1.066,2.952
2026-01-16T08:30:00Z,133358,12.5,2026-01-16T08:19:25Z,-6.007,1.066,2.949
2026-01-16T08:45:00Z,133359,12.5,2026-01-16T08:34:20Z,-5.871,1.066,2.947
2026-01-16T09:00:00Z,133360,12.51,2026-01-16T08:45:05Z,-5.703,1.066,2.945
2026-01-16T09:15:00Z,133361,12.51,2026-01-16T09:02:05Z,-5.472,1.067,2.942
2026-01-16T09:30:00Z,133362,12.52,2026-01-16T09:18:25Z,-5.213,1.067,2.94
2026-01-16T09:45:00Z,133363,12.53,2026-01-16T09:44:35Z,-4.925,1.067,2.938
2026-01-16T10:00:00Z,133364,12.51,2026-01-16T09:51:05Z,-4.667,1.066,2.935
2026-01-16T10:15:00Z,133365,12.54,2026-01-16T10:02:00Z,-4.478,1.07,2.933
2026-01-16T10:30:00Z,133366,12.59,2026-01-16T10:15:05Z,-4.247,1.068,2.932
2026-01-16T10:45:00Z,133367,12.59,2026-01-16T10:32:10Z,-3.962,1.067,2.93
2026-01-16T11:00:00Z,133368,12.67,2026-01-16T10:57:00Z,-3.674,1.067,2.928
2026-01-16T11:15:00Z,133369,12.66,2026-01-16T11:02:00Z,-3.383,1.067,2.926
2026-01-16T11:30:00Z,133370,12.71,2026-01-16T11:16:10Z,-3.12,1.067,2.925
2026-01-16T11:45:00Z,133371,12.77,2026-01-16T11:44:45Z,-2.829,1.067,2.923
2026-01-16T12:00:00Z,133372,12.76,2026-01-16T11:57:20Z,-2.601,1.066,2.921
2026-01-16T12:15:00Z,133373,12.74,2026-01-16T12:14:55Z,-2.431,1.065,2.919
2026-01-16T12:30:00Z,133374,12.68,2026-01-16T12:29:30Z,-2.234,1.064,2.917
2026-01-16T12:45:00Z,133375,12.66,2026-01-16T12:43:40Z,-2.118,1.063,2.915
2026-01-16T13:00:00Z,133376,12.62,2026-01-16T12:57:00Z,-2.057,1.063,2.912
2026-01-16T13:15:00Z,133377,12.6,2026-01-16T13:14:50Z,-1.991,1.061,2.91
2026-01-16T13:30:00Z,133378,12.55,2026-01-16T13:29:30Z,-1.941,1.059,2.908
2026-01-16T13:45:00Z,133379,12.55,2026-01-16T13:44:25Z,-1.972,1.058,2.906
2026-01-16T14:00:00Z,133380,12.55,2026-01-16T13:57:05Z,-1.985,1.059,2.904
2026-01-16T14:15:00Z,133381,12.53,2026-01-16T14:13:25Z,-1.892,1.059,2.902
2026-01-16T14:30:00Z,133382,12.51,2026-01-16T14:29:30Z,-1.802,1.06,2.9
2026-01-16T14:45:00Z,133383,12.52,2026-01-16T14:36:50Z,-1.699,1.061,2.898
2026-01-16T15:00:00Z,133384,12.51,2026-01-16T14:57:00Z,-1.575,1.061,2.896
2026-01-16T15:15:00Z,133385,12.51,2026-01-16T15:04:15Z,-1.451,1.061,2.894
2026-01-16T15:30:00Z,133386,12.51,2026-01-16T15:29:00Z,-1.324,1.061,2.892
2026-01-16T15:45:00Z,133387,12.51,2026-01-16T15:37:40Z,-1.174,1.061,2.89
2026-01-16T16:00:00Z,133388,12.49,2026-01-16T15:49:45Z,-1.033,1.061,2.888
2026-01-16T16:15:00Z,133389,12.49,2026-01-16T16:12:25Z,-0.915,1.061,2.886
2026-01-16T16:30:00Z,133390,12.48,2026-01-16T16:29:30Z,-0.821,1.061,2.884
2026-01-16T16:45:00Z,133391,12.47,2026-01-16T16:38:30Z,-0.747,1.06,2.882
2026-01-16T17:00:00Z,133392,12.46,2026-01-16T16:57:00Z,-0.693,1.06,2.881
2026-01-16T17:15:00Z,133393,12.46,2026-01-16T17:05:25Z,-0.651,1.06,2.879
2026-01-16T17:30:00Z,133394,12.45,2026-01-16T17:29:35Z,-0.627,1.061,2.877
2026-01-16T17:45:00Z,133395,12.45,2026-01-16T17:41:50Z,-0.608,1.06,2.875
2026-01-16T18:00:00Z,133396,12.45,2026-01-16T17:50:45Z,-0.58,1.06,2.873
2026-01-16T18:15:00Z,133397,12.45,2026-01-16T18:07:50Z,-0.552,1.06,2.871
2026-01-16T18:30:00Z,133398,12.43,2026-01-16T18:28:35Z,-0.541,1.06,2.869
2026-01-16T18:45:00Z,133399,12.44,2026-01-16T18:41:15Z,-0.523,1.059,2.867
2026-01-16T19:00:00Z,133400,12.43,2026-01-16T18:55:40Z,-0.494,1.059,2.866
2026-01-16T19:15:00Z,133401,12.43,2026-01-16T19:12:35Z,-0.457,1.059,2.864
2026-01-16T19:30:00Z,133402,12.42,2026-01-16T19:29:05Z,-0.426,1.059,2.862
2026-01-16T19:45:00Z,133403,12.42,2026-01-16T19:35:45Z,-0.397,1.059,2.86
2026-01-16T20:00:00Z,133404,12.42,2026-01-16T19:54:20Z,-0.353,1.059,2.858
2026-01-16T20:15:00Z,133405,12.4,2026-01-16T20:02:00Z,-0.303,1.059,2.857
2026-01-16T20:30:00Z,133406,12.41,2026-01-16T20:18:35Z,-0.269,1.059,2.855
2026-01-16T20:45:00Z,133407,12.41,2026-01-16T20:45:00Z,-0.238,1.059,2.853
2026-01-16T21:00:00Z,133408,12.41,2026-01-16T20:57:30Z,-0.202,1.058,2.851
2026-01-16T21:15:00Z,133409,12.4,2026-01-16T21:02:05Z,-0.162,1.058,2.85
2026-01-16T21:30:00Z,133410,12.39,2026-01-16T21:29:30Z,-0.122,1.058,2.848
2026-01-16T21:45:00Z,133411,12.4,2026-01-16T21:41:30Z,-0.092,1.058,2.846
2026-01-16T22:00:00Z,133412,12.4,2026-01-16T21:51:40Z,-0.044,1.058,2.845
2026-01-16T22:15:00Z,133413,12.39,2026-01-16T22:06:40Z,0.009,1.058,2.843
2026-01-16T22:30:00Z,133414,12.39,2026-01-16T22:23:40Z,0.066,1.058,2.841
2026-01-16T22:45:00Z,133415,12.39,2026-01-16T22:41:25Z,0.152,1.058,2.84
2026-01-16T23:00:00Z,133416,12.39,2026-01-16T22:58:20Z,0.243,1.058,2.838
2026-01-16T23:15:00Z,133417,12.38,2026-01-16T23:14:20Z,0.336,1.058,2.836
2026-01-16T23:30:00Z,133418,12.38,2026-01-16T23:25:00Z,0.404,1.058,2.835
2026-01-16T23:45:00Z,133419,12.39,2026-01-16T23:35:40Z,0.416,1.058,2.833
2026-01-17T00:15:00Z,133421,12.37,2026-01-17T00:02:05Z,0.318,1.058,2.83
2026-01-17T00:30:00Z,133422,12.38,2026-01-17T00:29:10Z,0.276,1.058,2.828
2026-01-17T00:45:00Z,133423,12.38,2026-01-17T00:43:10Z,0.266,1.061,2.826
2026-01-17T01:00:00Z,133424,12.38,2026-01-17T00:58:20Z,0.241,1.059,2.825
2026-01-17T01:15:00Z,133425,12.38,2026-01-17T01:04:10Z,0.177,1.059,2.823
2026-01-17T01:30:00Z,133426,12.37,2026-01-17T01:26:30Z,0.127,1.059,2.821
2026-01-17T01:45:00Z,133427,12.37,2026-01-17T01:37:25Z,0.088,1.058,2.82
2026-01-17T02:00:00Z,133428,12.37,2026-01-17T01:48:30Z,0.065,1.058,2.819
2026-01-17T02:15:00Z,133429,12.36,2026-01-17T02:02:05Z,0.054,1.057,2.817
2026-01-17T02:30:00Z,133430,12.36,2026-01-17T02:26:05Z,0.057,1.057,2.815
2026-01-17T02:45:00Z,133431,12.37,2026-01-17T02:39:20Z,0.081,1.056,2.814
2026-01-17T03:00:00Z,133432,12.37,2026-01-17T02:56:10Z,0.102,1.056,2.813
2026-01-17T03:15:00Z,133433,12.37,2026-01-17T03:03:40Z,0.114,1.055,2.811
2026-01-17T03:30:00Z,133434,12.37,2026-01-17T03:25:00Z,0.107,1.055,2.81
2026-01-17T03:45:00Z,133435,12.36,2026-01-17T03:38:30Z,0.101,1.054,2.808
2026-01-17T04:00:00Z,133436,12.36,2026-01-17T03:57:55Z,0.072,1.053,2.807
2026-01-17T04:15:00Z,133437,12.35,2026-01-17T04:02:00Z,-0.005,1.053,2.805
2026-01-17T04:30:00Z,133438,12.35,2026-01-17T04:29:30Z,-0.12,1.053,2.804
2026-01-17T04:45:00Z,133439,12.36,2026-01-17T04:40:25Z,-0.268,1.052,2.802
2026-01-17T05:00:00Z,133440,12.31,2026-01-17T04:57:00Z,-0.448,1.053,2.801
2026-01-17T05:15:00Z,133441,12.36,2026-01-17T05:09:00Z,-0.643,1.052,2.799
2026-01-17T05:30:00Z,133442,12.34,2026-01-17T05:28:30Z,-0.823,1.051,2.798
2026-01-17T05:45:00Z,133443,12.35,2026-01-17T05:30:10Z,-1.016,1.05,2.796
2026-01-17T06:00:00Z,133444,12.34,2026-01-17T05:57:00Z,-1.262,1.051,2.795
2026-01-17T06:15:00Z,133445,12.35,2026-01-17T06:09:45Z,-1.583,1.051,2.793
2026-01-17T06:30:00Z,133446,12.34,2026-01-17T06:29:40Z,-1.889,1.052,2.792
2026-01-17T06:45:00Z,133447,12.35,2026-01-17T06:45:00Z,-2.205,1.052,2.791
2026-01-17T07:00:00Z,133448,12.34,2026-01-17T06:57:10Z,-2.515,1.053,2.789
2026-01-17T07:15:00Z,133449,12.34,2026-01-17T07:13:35Z,-2.808,1.052,2.788
2026-01-17T07:30:00Z,133450,12.34,2026-01-17T07:16:15Z,-3.081,1.052,2.786
2026-01-17T07:45:00Z,133451,12.34,2026-01-17T07:41:10Z,-3.371,1.052,2.785
2026-01-17T08:00:00Z,133452,12.33,2026-01-17T07:57:10Z,-3.648,1.052,2.783
2026-01-17T08:15:00Z,133453,12.33,2026-01-17T08:02:05Z,-3.938,1.053,2.781
2026-01-17T08:30:00Z,133454,12.33,2026-01-17T08:29:30Z,-4.212,1.052,2.78
2026-01-17T08:45:00Z,133455,12.33,2026-01-17T08:38:50Z,-4.453,1.052,2.778
2026-01-17T09:00:00Z,133456,12.33,2026-01-17T08:57:00Z,-4.604,1.052,2.777
2026-01-17T09:15:00Z,133457,12.33,2026-01-17T09:08:35Z,-4.669,1.052,2.775
2026-01-17T09:30:00Z,133458,12.34,2026-01-17T09:16:10Z,-4.674,1.056,2.774
2026-01-17T09:45:00Z,133459,12.35,2026-01-17T09:30:05Z,-4.706,1.052,2.771
2026-01-17T10:00:00Z,133460,12.36,2026-01-17T09:45:30Z,-4.747,1.051,2.77
2026-01-17T10:15:00Z,133461,12.36,2026-01-17T10:02:00Z,-4.697,1.051,2.769
2026-01-17T10:30:00Z,133462,12.38,2026-01-17T10:19:45Z,-4.598,1.051,2.768
2026-01-17T10:45:00Z,133463,12.39,2026-01-17T10:32:25Z,-4.392,1.051,2.766
2026-01-17T11:00:00Z,133464,12.43,2026-01-17T10:54:55Z,-4.373,1.05,2.765
2026-01-17T11:15:00Z,133465,12.45,2026-01-17T11:02:05Z,-4.574,1.049,2.764
2026-01-17T11:30:00Z,133466,12.51,2026-01-17T11:15:15Z,-4.719,1.051,2.763
2026-01-17T11:45:00Z,133467,12.61,2026-01-17T11:34:55Z,-4.809,1.052,2.762
2026-01-17T12:00:00Z,133468,12.64,2026-01-17T11:45:40Z,-4.927,1.053,2.762
2026-01-17T12:15:00Z,133469,12.69,2026-01-17T12:09:25Z,-5.116,1.054,2.761
2026-01-17T12:30:00Z,133470,12.69,2026-01-17T12:15:10Z,-5.33,1.054,2.759
2026-01-17T12:45:00Z,133471,12.84,2026-01-17T12:34:25Z,-5.507,1.055,2.759
2026-01-17T13:00:00Z,133472,12.99,2026-01-17T12:56:35Z,-5.624,1.055,2.759
2026-01-17T13:15:00Z,133473,13,2026-01-17T13:15:00Z,-5.725,1.056,2.758
2026-01-17T13:30:00Z,133474,12.93,2026-01-17T13:17:50Z,-5.865,1.056,2.757
2026-01-17T13:45:00Z,133475,13.01,2026-01-17T13:41:50Z,-5.972,1.056,2.757
2026-01-17T14:00:00Z,133476,12.98,2026-01-17T13:56:35Z,-6.145,1.055,2.756
2026-01-17T14:15:00Z,133477,13.03,2026-01-17T14:00:25Z,-6.446,1.054,2.755
2026-01-17T14:30:00Z,133478,13.08,2026-01-17T14:25:10Z,-6.597,1.053,2.755
2026-01-17T14:45:00Z,133479,13.35,2026-01-17T14:44:30Z,-6.541,1.052,2.757
2026-01-17T15:00:00Z,133480,13.33,2026-01-17T14:53:15Z,-6.231,1.052,2.758
2026-01-17T15:15:00Z,133481,13.09,2026-01-17T15:07:35Z,-6.032,1.05,2.755
2026-01-17T15:30:00Z,133482,13.12,2026-01-17T15:22:55Z,-6.028,1.05,2.753
2026-01-17T15:45:00Z,133483,13.12,2026-01-17T15:36:50Z,-6.076,1.049,2.751
2026-01-17T16:00:00Z,133484,13.21,2026-01-17T16:00:00Z,-6.141,1.048,2.753
2026-01-17T16:15:00Z,133485,13.09,2026-01-17T16:02:05Z,-6.21,1.046,2.751
2026-01-17T16:30:00Z,133486,13.65,2026-01-17T16:29:40Z,-6.312,1.047,2.752
2026-01-17T16:45:00Z,133487,13.29,2026-01-17T16:42:50Z,-6.294,1.046,2.75
2026-01-17T17:00:00Z,133488,13.23,2026-01-17T16:51:10Z,-6.419,1.045,2.747
2026-01-17T17:15:00Z,133489,12.9,2026-01-17T17:14:40Z,-6.852,1.045,2.745
2026-01-17T17:30:00Z,133490,12.81,2026-01-17T17:29:35Z,-7.49,1.044,2.742
2026-01-17T17:45:00Z,133491,12.79,2026-01-17T17:43:45Z,-8.17,1.043,2.74
2026-01-17T18:00:00Z,133492,12.77,2026-01-17T17:56:55Z,-8.82,1.043,2.739
2026-01-17T18:15:00Z,133493,12.75,2026-01-17T18:13:10Z,-9.36,1.043,2.737
2026-01-17T18:30:00Z,133494,12.74,2026-01-17T18:24:40Z,-9.76,1.043,2.736
2026-01-17T18:45:00Z,133495,12.72,2026-01-17T18:40:40Z,-10.08,1.042,2.735
2026-01-17T19:00:00Z,133496,12.71,2026-01-17T18:51:20Z,-10.39,1.042,2.734
2026-01-17T19:15:00Z,133497,12.7,2026-01-17T19:04:40Z,-10.73,1.043,2.733
2026-01-17T19:30:00Z,133498,12.7,2026-01-17T19:20:40Z,-11.03,1.044,2.732
2026-01-17T19:45:00Z,133499,12.69,2026-01-17T19:40:35Z,-11.28,1.044,2.731
2026-01-17T20:00:00Z,133500,12.67,2026-01-17T19:57:05Z,-11.51,1.044,2.729
2026-01-17T20:15:00Z,133501,12.68,2026-01-17T20:01:35Z,-11.74,1.044,2.728
2026-01-17T20:30:00Z,133502,12.67,2026-01-17T20:29:25Z,-11.89,1.044,2.727
2026-01-17T20:45:00Z,133503,12.66,2026-01-17T20:41:30Z,-12,1.044,2.726
2026-01-17T21:00:00Z,133504,12.65,2026-01-17T20:57:20Z,-12.01,1.044,2.725
2026-01-17T21:15:00Z,133505,12.64,2026-01-17T21:02:05Z,-12.01,1.044,2.724
2026-01-17T21:30:00Z,133506,12.65,2026-01-17T21:21:50Z,-12.06,1.045,2.723
2026-01-17T21:45:00Z,133507,12.64,2026-01-17T21:34:10Z,-12.16,1.045,2.722
2026-01-17T22:00:00Z,133508,12.62,2026-01-17T21:57:00Z,-12.36,1.045,2.721
2026-01-17T22:15:00Z,133509,12.63,2026-01-17T22:10:10Z,-12.7,1.045,2.72
2026-01-17T22:30:00Z,133510,12.62,2026-01-17T22:19:10Z,-13.04,1.045,2.719
2026-01-17T22:45:00Z,133511,12.62,2026-01-17T22:30:55Z,-13.27,1.045,2.718
2026-01-17T23:00:00Z,133512,12.61,2026-01-17T22:46:55Z,-13.47,1.045,2.717
2026-01-17T23:15:00Z,133513,12.6,2026-01-17T23:02:05Z,-13.62,1.045,2.716
2026-01-17T23:30:00Z,133514,12.6,2026-01-17T23:18:55Z,-13.77,1.045,2.715
2026-01-17T23:45:00Z,133515,12.6,2026-01-17T23:32:30Z,-13.89,1.045,2.714
2026-01-18T00:15:00Z,133517,12.59,2026-01-18T00:00:45Z,-14.08,1.044,2.711
2026-01-18T00:30:00Z,133518,12.59,2026-01-18T00:29:35Z,-14.1,1.044,2.71
2026-01-18T00:45:00Z,133519,12.58,2026-01-18T00:34:50Z,-13.99,1.045,2.709
2026-01-18T01:00:00Z,133520,12.57,2026-01-18T00:57:00Z,-13.81,1.045,2.708
2026-01-18T01:15:00Z,133521,12.56,2026-01-18T01:02:05Z,-13.59,1.044,2.707
2026-01-18T01:30:00Z,133522,12.57,2026-01-18T01:20:40Z,-13.31,1.044,2.706
2026-01-18T01:45:00Z,133523,12.55,2026-01-18T01:38:35Z,-12.96,1.045,2.705
2026-01-18T02:00:00Z,133524,12.55,2026-01-18T01:57:10Z,-12.62,1.044,2.704
2026-01-18T02:15:00Z,133525,12.56,2026-01-18T02:02:00Z,-12.34,1.045,2.703
2026-01-18T02:30:00Z,133526,12.55,2026-01-18T02:26:30Z,-12.13,1.045,2.702
2026-01-18T02:45:00Z,133527,12.55,2026-01-18T02:34:30Z,-11.99,1.045,2.701
2026-01-18T03:00:00Z,133528,12.55,2026-01-18T02:47:50Z,-11.9,1.045,2.7
2026-01-18T03:15:00Z,133529,12.54,2026-01-18T03:02:00Z,-11.84,1.045,2.699
2026-01-18T03:30:00Z,133530,12.55,2026-01-18T03:15:10Z,-11.82,1.045,2.698
2026-01-18T03:45:00Z,133531,12.54,2026-01-18T03:37:15Z,-11.82,1.045,2.697
2026-01-18T04:00:00Z,133532,12.54,2026-01-18T03:50:35Z,-11.82,1.045,2.696
2026-01-18T04:15:00Z,133533,12.54,2026-01-18T04:02:00Z,-11.84,1.045,2.694
2026-01-18T04:30:00Z,133534,12.53,2026-01-18T04:19:10Z,-11.86,1.046,2.693
2026-01-18T04:45:00Z,133535,12.53,2026-01-18T04:42:15Z,-11.86,1.046,2.692
2026-01-18T05:00:00Z,133536,12.51,2026-01-18T04:57:05Z,-11.86,1.045,2.691
2026-01-18T05:15:00Z,133537,12.51,2026-01-18T05:02:00Z,-11.82,1.045,2.69
2026-01-18T05:30:00Z,133538,12.51,2026-01-18T05:18:40Z,-11.76,1.045,2.689
2026-01-18T05:45:00Z,133539,12.53,2026-01-18T05:30:05Z,-11.68,1.045,2.688
2026-01-18T06:00:00Z,133540,12.52,2026-01-18T05:46:20Z,-11.62,1.045,2.687
2026-01-18T06:15:00Z,133541,12.51,2026-01-18T06:12:55Z,-11.56,1.045,2.686
2026-01-18T06:30:00Z,133542,12.51,2026-01-18T06:20:30Z,-11.49,1.044,2.685
2026-01-18T06:45:00Z,133543,12.51,2026-01-18T06:32:45Z,-11.41,1.044,2.684
2026-01-18T07:00:00Z,133544,12.5,2026-01-18T06:57:05Z,-11.32,1.044,2.683
2026-01-18T07:15:00Z,133545,12.5,2026-01-18T07:02:00Z,-11.21,1.044,2.682
2026-01-18T07:30:00Z,133546,12.49,2026-01-18T07:29:35Z,-11.1,1.044,2.681
2026-01-18T07:45:00Z,133547,12.5,2026-01-18T07:30:05Z,-10.99,1.044,2.68
2026-01-18T08:00:00Z,133548,12.5,2026-01-18T07:45:05Z,-10.9,1.043,2.679
2026-01-18T08:15:00Z,133549,12.5,2026-01-18T08:02:15Z,-10.82,1.043,2.678
2026-01-18T08:30:00Z,133550,12.5,2026-01-18T08:29:35Z,-10.75,1.044,2.677
2026-01-18T08:45:00Z,133551,12.51,2026-01-18T08:30:05Z,-10.67,1.044,2.676
2026-01-18T09:00:00Z,133552,12.53,2026-01-18T08:45:05Z,-10.56,1.044,2.675
2026-01-18T09:15:00Z,133553,12.55,2026-01-18T09:02:00Z,-10.4,1.044,2.675
2026-01-18T09:30:00Z,133554,12.62,2026-01-18T09:15:05Z,-10.24,1.044,2.674
2026-01-18T09:45:00Z,133555,12.76,2026-01-18T09:31:10Z,-9.95,1.045,2.674
2026-01-18T10:00:00Z,133556,12.86,2026-01-18T09:45:05Z,-9.66,1.047,2.674
2026-01-18T10:15:00Z,133557,12.92,2026-01-18T10:10:55Z,-9.44,1.045,2.673
2026-01-18T10:30:00Z,133558,12.99,2026-01-18T10:15:05Z,-9.29,1.044,2.673
2026-01-18T10:45:00Z,133559,13.07,2026-01-18T10:30:05Z,-9.23,1.042,2.672
2026-01-18T11:00:00Z,133560,13.14,2026-01-18T10:57:20Z,-9.13,1.043,2.672
2026-01-18T11:15:00Z,133561,13.19,2026-01-18T11:00:05Z,-8.93,1.042,2.672
2026-01-18T11:30:00Z,133562,13.19,2026-01-18T11:27:45Z,-8.63,1.042,2.671
2026-01-18T11:45:00Z,133563,13.21,2026-01-18T11:35:00Z,-8.34,1.042,2.671
2026-01-18T12:00:00Z,133564,13.23,2026-01-18T11:45:05Z,-8.13,1.043,2.67
2026-01-18T12:15:00Z,133565,13.27,2026-01-18T12:00:05Z,-7.894,1.045,2.67
2026-01-18T12:30:00Z,133566,13.31,2026-01-18T12:28:35Z,-7.694,1.045,2.67
2026-01-18T12:45:00Z,133567,13.37,2026-01-18T12:30:05Z,-7.517,1.045,2.671
2026-01-18T13:00:00Z,133568,13.52,2026-01-18T12:59:55Z,-7.28,1.046,2.672
2026-01-18T13:15:00Z,133569,13.31,2026-01-18T13:14:35Z,-7.113,1.045,2.67
2026-01-18T13:30:00Z,133570,13.31,2026-01-18T13:15:05Z,-7.008,1.046,2.669
2026-01-18T13:45:00Z,133571,13.33,2026-01-18T13:31:55Z,-6.964,1.046,2.668
2026-01-18T14:00:00Z,133572,13.28,2026-01-18T13:54:45Z,-6.991,1.046,2.667
2026-01-18T14:15:00Z,133573,13.28,2026-01-18T14:15:00Z,-7.031,1.046,2.666
2026-01-18T14:30:00Z,133574,13.2,2026-01-18T14:25:10Z,-7.095,1.045,2.666
2026-01-18T14:45:00Z,133575,13.08,2026-01-18T14:42:50Z,-7.222,1.045,2.664
2026-01-18T15:00:00Z,133576,13.05,2026-01-18T14:57:00Z,-7.437,1.046,2.663
2026-01-18T15:15:00Z,133577,13.07,2026-01-18T15:00:10Z,-7.714,1.047,2.663
2026-01-18T15:30:00Z,133578,13.04,2026-01-18T15:29:30Z,-7.86,1.047,2.662
2026-01-18T15:45:00Z,133579,13,2026-01-18T15:35:35Z,-8.04,1.048,2.661
2026-01-18T16:00:00Z,133580,13.08,2026-01-18T15:45:05Z,-8.28,1.049,2.661
2026-01-18T16:15:00Z,133581,12.96,2026-01-18T16:14:45Z,-8.49,1.049,2.66
2026-01-18T16:30:00Z,133582,12.92,2026-01-18T16:21:00Z,-8.69,1.048,2.658
2026-01-18T16:45:00Z,133583,12.88,2026-01-18T16:44:25Z,-8.85,1.049,2.658
2026-01-18T17:00:00Z,133584,12.8,2026-01-18T16:57:40Z,-8.96,1.05,2.656
2026-01-18T17:15:00Z,133585,12.77,2026-01-18T17:13:45Z,-9.15,1.05,2.655
2026-01-18T17:30:00Z,133586,12.72,2026-01-18T17:29:30Z,-9.34,1.051,2.654
2026-01-18T17:45:00Z,133587,12.72,2026-01-18T17:41:50Z,-9.5,1.053,2.653
2026-01-18T18:00:00Z,133588,12.7,2026-01-18T17:57:00Z,-9.62,1.061,2.652
2026-01-18T18:15:00Z,133589,12.69,2026-01-18T18:08:45Z,-9.7,1.054,2.65
2026-01-18T18:30:00Z,133590,12.67,2026-01-18T18:29:30Z,-9.73,1.055,2.65
2026-01-18T18:45:00Z,133591,12.67,2026-01-18T18:44:55Z,-9.75,1.056,2.649
2026-01-18T19:00:00Z,133592,12.66,2026-01-18T18:59:30Z,-9.73,1.056,2.649
2026-01-18T19:15:00Z,133593,12.66,2026-01-18T19:02:10Z,-9.7,1.057,2.648
2026-01-18T19:30:00Z,133594,12.65,2026-01-18T19:28:50Z,-9.67,1.058,2.648
2026-01-18T19:45:00Z,133595,12.64,2026-01-18T19:39:30Z,-9.64,1.058,2.647
2026-01-18T20:00:00Z,133596,12.64,2026-01-18T19:57:00Z,-9.6,1.059,2.646
2026-01-18T20:15:00Z,133597,12.63,2026-01-18T20:14:10Z,-9.57,1.059,2.646
2026-01-18T20:30:00Z,133598,12.62,2026-01-18T20:24:50Z,-9.55,1.059,2.645
2026-01-18T20:45:00Z,133599,12.62,2026-01-18T20:30:10Z,-9.54,1.059,2.644
2026-01-18T21:00:00Z,133600,12.62,2026-01-18T20:57:20Z,-9.5,1.06,2.644
2026-01-18T21:15:00Z,133601,12.61,2026-01-18T21:02:00Z,-9.46,1.06,2.643
2026-01-18T21:30:00Z,133602,12.61,2026-01-18T21:17:05Z,-9.42,1.061,2.642
2026-01-18T21:45:00Z,133603,12.61,2026-01-18T21:37:00Z,-9.41,1.074,2.641
2026-01-18T22:00:00Z,133604,12.59,2026-01-18T21:48:40Z,-9.39,1.061,2.638
2026-01-18T22:15:00Z,133605,12.6,2026-01-18T22:08:55Z,-9.36,1.062,2.638
2026-01-18T22:30:00Z,133606,12.6,2026-01-18T22:15:05Z,-9.32,1.062,2.638
2026-01-18T22:45:00Z,133607,12.59,2026-01-18T22:40:10Z,-9.26,1.062,2.637
2026-01-18T23:00:00Z,133608,12.59,2026-01-18T22:45:05Z,-9.2,1.063,2.637
2026-01-18T23:15:00Z,133609,12.58,2026-01-18T23:02:05Z,-9.15,1.063,2.636
2026-01-18T23:30:00Z,133610,12.57,2026-01-18T23:29:35Z,-9.2,1.063,2.635
2026-01-18T23:45:00Z,133611,12.58,2026-01-18T23:37:35Z,-9.27,1.064,2.634
2026-01-19T00:15:00Z,133613,12.56,2026-01-19T00:12:25Z,-9.37,1.065,2.633
2026-01-19T00:30:00Z,133614,12.56,2026-01-19T00:23:05Z,-9.47,1.065,2.632
2026-01-19T00:45:00Z,133615,12.56,2026-01-19T00:33:45Z,-9.61,1.065,2.632
2026-01-19T01:00:00Z,133616,12.55,2026-01-19T00:47:05Z,-9.78,1.066,2.631
2026-01-19T01:15:00Z,133617,12.55,2026-01-19T01:05:45Z,-10.03,1.066,2.63
2026-01-19T01:30:00Z,133618,12.54,2026-01-19T01:28:45Z,-10.16,1.066,2.629
2026-01-19T01:45:00Z,133619,12.55,2026-01-19T01:30:05Z,-10.1,1.067,2.628
2026-01-19T02:00:00Z,133620,12.54,2026-01-19T01:57:05Z,-9.85,1.067,2.628
2026-01-19T02:15:00Z,133621,12.53,2026-01-19T02:02:00Z,-9.54,1.067,2.627
2026-01-19T02:30:00Z,133622,12.51,2026-01-19T02:26:55Z,-9.24,1.067,2.626
2026-01-19T02:45:00Z,133623,12.53,2026-01-19T02:36:55Z,-8.99,1.065,2.625
2026-01-19T03:00:00Z,133624,12.53,2026-01-19T02:45:05Z,-8.77,1.066,2.624
2026-01-19T03:15:00Z,133625,12.52,2026-01-19T03:02:05Z,-8.6,1.066,2.623
2026-01-19T03:30:00Z,133626,12.51,2026-01-19T03:18:55Z,-8.45,1.066,2.622
2026-01-19T03:45:00Z,133627,12.51,2026-01-19T03:43:30Z,-8.36,1.067,2.622
2026-01-19T04:00:00Z,133628,12.51,2026-01-19T03:45:05Z,-8.28,1.068,2.621
2026-01-19T04:15:00Z,133629,12.5,2026-01-19T04:02:05Z,-8.22,1.069,2.62
2026-01-19T04:30:00Z,133630,12.5,2026-01-19T04:15:35Z,-8.17,1.068,2.619
2026-01-19T04:45:00Z,133631,12.49,2026-01-19T04:34:40Z,-8.13,1.069,2.618
2026-01-19T05:00:00Z,133632,12.49,2026-01-19T04:58:40Z,-8.1,1.068,2.617
2026-01-19T05:15:00Z,133633,12.49,2026-01-19T05:02:05Z,-8.05,1.07,2.617
2026-01-19T05:30:00Z,133634,12.48,2026-01-19T05:20:00Z,-8.03,1.075,2.615
2026-01-19T05:45:00Z,133635,12.48,2026-01-19T05:38:40Z,-8,1.069,2.614
2026-01-19T06:00:00Z,133636,12.48,2026-01-19T05:56:30Z,-7.964,1.068,2.613
2026-01-19T06:15:00Z,133637,12.48,2026-01-19T06:00:10Z,-7.992,1.065,2.612
2026-01-19T06:30:00Z,133638,12.48,2026-01-19T06:15:05Z,-7.996,1.067,2.611
2026-01-19T06:45:00Z,133639,12.48,2026-01-19T06:40:25Z,-8.05,1.067,2.61
2026-01-19T07:00:00Z,133640,12.48,2026-01-19T06:46:05Z,-8.11,1.067,2.609
2026-01-19T07:15:00Z,133641,12.46,2026-01-19T07:02:05Z,-8.15,1.068,2.609
2026-01-19T07:30:00Z,133642,12.47,2026-01-19T07:16:55Z,-8.36,1.068,2.608
2026-01-19T07:45:00Z,133643,12.46,2026-01-19T07:40:30Z,-8.75,1.067,2.607
2026-01-19T08:00:00Z,133644,12.46,2026-01-19T07:57:10Z,-9.23,1.067,2.606
2026-01-19T08:15:00Z,133645,12.46,2026-01-19T08:02:00Z,-9.62,1.066,2.605
2026-01-19T08:30:00Z,133646,12.46,2026-01-19T08:29:30Z,-9.81,1.067,2.604
2026-01-19T08:45:00Z,133647,12.46,2026-01-19T08:30:05Z,-9.91,1.066,2.603
2026-01-19T09:00:00Z,133648,12.46,2026-01-19T08:48:55Z,-9.94,1.066,2.602
2026-01-19T09:15:00Z,133649,12.46,2026-01-19T09:02:05Z,-9.9,1.067,2.601
2026-01-19T09:30:00Z,133650,12.46,2026-01-19T09:26:15Z,-9.81,1.067,2.6
2026-01-19T09:45:00Z,133651,12.46,2026-01-19T09:31:35Z,-9.77,1.067,2.599
2026-01-19T10:00:00Z,133652,12.48,2026-01-19T09:57:00Z,-9.91,1.067,2.598
2026-01-19T10:15:00Z,133653,12.48,2026-01-19T10:02:00Z,-10.07,1.067,2.597
2026-01-19T10:30:00Z,133654,12.52,2026-01-19T10:21:25Z,-10.14,1.067,2.597
2026-01-19T10:45:00Z,133655,12.52,2026-01-19T10:30:05Z,-10.19,1.066,2.596
2026-01-19T11:00:00Z,133656,12.54,2026-01-19T10:48:55Z,-10.25,1.066,2.595
2026-01-19T11:15:00Z,133657,12.57,2026-01-19T11:00:05Z,-10.31,1.066,2.594
2026-01-19T11:30:00Z,133658,12.59,2026-01-19T11:15:05Z,-10.35,1.066,2.593
2026-01-19T11:45:00Z,133659,12.61,2026-01-19T11:31:35Z,-10.31,1.066,2.593
2026-01-19T12:00:00Z,133660,12.67,2026-01-19T11:45:05Z,-10.22,1.066,2.592
2026-01-19T12:15:00Z,133661,12.72,2026-01-19T12:07:50Z,-10.02,1.067,2.592
2026-01-19T12:30:00Z,133662,12.75,2026-01-19T12:15:05Z,-9.82,1.066,2.591
2026-01-19T12:45:00Z,133663,12.76,2026-01-19T12:30:05Z,-9.78,1.066,2.591
2026-01-19T13:00:00Z,133664,12.79,2026-01-19T12:45:50Z,-9.91,1.066,2.59
2026-01-19T13:15:00Z,133665,12.85,2026-01-19T13:00:15Z,-10.18,1.066,2.59
2026-01-19T13:30:00Z,133666,12.87,2026-01-19T13:23:40Z,-10.5,1.065,2.589
2026-01-19T13:45:00Z,133667,12.91,2026-01-19T13:31:20Z,-10.74,1.066,2.589
2026-01-19T14:00:00Z,133668,12.91,2026-01-19T13:59:10Z,-10.99,1.065,2.588
2026-01-19T14:15:00Z,133669,12.91,2026-01-19T14:03:00Z,-11.23,1.064,2.588
2026-01-19T14:30:00Z,133670,12.92,2026-01-19T14:16:30Z,-11.4,1.063,2.587
2026-01-19T14:45:00Z,133671,13.05,2026-01-19T14:30:05Z,-11.49,1.063,2.587
2026-01-19T15:00:00Z,133672,13.26,2026-01-19T14:58:45Z,-11.49,1.062,2.588
2026-01-19T15:15:00Z,133673,13.19,2026-01-19T15:13:55Z,-11.45,1.062,2.588
2026-01-19T15:30:00Z,133674,13.3,2026-01-19T15:29:40Z,-11.41,1.061,2.588
2026-01-19T15:45:00Z,133675,13.14,2026-01-19T15:37:10Z,-11.43,1.06,2.587
2026-01-19T16:00:00Z,133676,13.19,2026-01-19T15:49:30Z,-11.5,1.059,2.586
2026-01-19T16:15:00Z,133677,13.27,2026-01-19T16:02:00Z,-11.65,1.057,2.586
2026-01-19T16:30:00Z,133678,13.24,2026-01-19T16:29:30Z,-11.83,1.055,2.585
2026-01-19T16:45:00Z,133679,13.14,2026-01-19T16:42:55Z,-12.04,1.054,2.584
2026-01-19T17:00:00Z,133680,13.1,2026-01-19T16:57:00Z,-12.36,1.052,2.583
2026-01-19T17:15:00Z,133681,12.85,2026-01-19T17:14:50Z,-12.81,1.051,2.581
2026-01-19T17:30:00Z,133682,12.78,2026-01-19T17:28:05Z,-13.47,1.049,2.579
2026-01-19T17:45:00Z,133683,12.73,2026-01-19T17:45:00Z,-14.23,1.047,2.577
2026-01-19T18:00:00Z,133684,12.7,2026-01-19T17:57:05Z,-14.93,1.045,2.576
2026-01-19T18:15:00Z,133685,12.69,2026-01-19T18:05:25Z,-15.47,1.044,2.575
2026-01-19T18:30:00Z,133686,12.66,2026-01-19T18:29:35Z,-15.91,1.043,2.574
2026-01-19T18:45:00Z,133687,12.65,2026-01-19T18:43:00Z,-16.26,1.041,2.573
2026-01-19T19:00:00Z,133688,12.64,2026-01-19T18:55:40Z,-16.55,1.04,2.572
2026-01-19T19:15:00Z,133689,12.62,2026-01-19T19:08:30Z,-16.78,1.039,2.571
2026-01-19T19:30:00Z,133690,12.61,2026-01-19T19:21:50Z,-16.96,1.038,2.57
2026-01-19T19:45:00Z,133691,12.6,2026-01-19T19:42:50Z,-17.1,1.038,2.569
2026-01-19T20:00:00Z,133692,12.59,2026-01-19T19:52:10Z,-17.2,1.038,2.569
2026-01-19T20:15:00Z,133693,12.57,2026-01-19T20:02:00Z,-17.24,1.038,2.568
2026-01-19T20:30:00Z,133694,12.55,2026-01-19T20:29:30Z,-17.27,1.038,2.567
2026-01-19T20:45:00Z,133695,12.56,2026-01-19T20:39:00Z,-17.28,1.038,2.566
2026-01-19T21:00:00Z,133696,12.54,2026-01-19T20:57:00Z,-17.32,1.038,2.566
2026-01-19T21:15:00Z,133697,12.54,2026-01-19T21:02:20Z,-17.33,1.038,2.565
2026-01-19T21:30:00Z,133698,12.53,2026-01-19T21:23:40Z,-17.35,1.038,2.564
2026-01-19T21:45:00Z,133699,12.51,2026-01-19T21:39:40Z,-17.35,1.038,2.564
2026-01-19T22:00:00Z,133700,12.51,2026-01-19T21:47:40Z,-17.38,1.039,2.563
2026-01-19T22:15:00Z,133701,12.5,2026-01-19T22:02:00Z,-17.38,1.039,2.562
2026-01-19T22:30:00Z,133702,12.49,2026-01-19T22:25:55Z,-17.37,1.04,2.561
2026-01-19T22:45:00Z,133703,12.48,2026-01-19T22:40:15Z,-17.33,1.041,2.561
2026-01-19T23:00:00Z,133704,12.48,2026-01-19T22:54:50Z,-17.32,1.041,2.56
2026-01-19T23:15:00Z,133705,12.46,2026-01-19T23:10:05Z,-17.3,1.042,2.559
2026-01-19T23:30:00Z,133706,12.45,2026-01-19T23:28:55Z,-17.28,1.042,2.559
2026-01-19T23:45:00Z,133707,12.45,2026-01-19T23:39:15Z,-17.26,1.042,2.558
2026-01-20T00:15:00Z,133709,12.42,2026-01-20T00:02:00Z,-17.21,1.043,2.556
2026-01-20T00:30:00Z,133710,12.43,2026-01-20T00:25:45Z,-17.16,1.043,2.556
2026-01-20T00:45:00Z,133711,12.41,2026-01-20T00:39:15Z,-17.14,1.044,2.555
2026-01-20T01:00:00Z,133712,12.41,2026-01-20T00:45:05Z,-17.14,1.045,2.554
2026-01-20T01:15:00Z,133713,12.39,2026-01-20T01:01:55Z,-17.14,1.046,2.553
2026-01-20T01:30:00Z,133714,12.4,2026-01-20T01:16:35Z,-17.17,1.046,2.553
2026-01-20T01:45:00Z,133715,12.39,2026-01-20T01:35:15Z,-17.22,1.046,2.552
2026-01-20T02:00:00Z,133716,12.38,2026-01-20T01:57:00Z,-17.28,1.047,2.551
2026-01-20T02:15:00Z,133717,12.39,2026-01-20T02:02:10Z,-17.31,1.047,2.551
2026-01-20T02:30:00Z,133718,12.38,2026-01-20T02:29:35Z,-17.32,1.048,2.55
2026-01-20T02:45:00Z,133719,12.38,2026-01-20T02:36:15Z,-17.28,1.048,2.549
2026-01-20T03:00:00Z,133720,12.37,2026-01-20T02:57:05Z,-17.24,1.048,2.549
2026-01-20T03:15:00Z,133721,12.37,2026-01-20T03:02:00Z,-17.25,1.048,2.548
2026-01-20T03:30:00Z,133722,12.36,2026-01-20T03:29:35Z,-17.29,1.048,2.547
2026-01-20T03:45:00Z,133723,12.36,2026-01-20T03:39:55Z,-17.37,1.048,2.547
2026-01-20T04:00:00Z,133724,12.31,2026-01-20T03:57:05Z,-17.47,1.049,2.546
2026-01-20T04:15:00Z,133725,12.35,2026-01-20T04:01:55Z,-17.59,1.049,2.545
2026-01-20T04:30:00Z,133726,12.36,2026-01-20T04:15:15Z,-17.7,1.048,2.545
2026-01-20T04:45:00Z,133727,12.35,2026-01-20T04:34:50Z,-17.81,1.049,2.544
2026-01-20T05:00:00Z,133728,12.35,2026-01-20T04:48:10Z,-17.89,1.049,2.543
2026-01-20T05:15:00Z,133729,12.35,2026-01-20T05:01:30Z,-17.94,1.049,2.543
2026-01-20T05:30:00Z,133730,12.34,2026-01-20T05:29:35Z,-17.99,1.049,2.542
2026-01-20T05:45:00Z,133731,12.35,2026-01-20T05:30:05Z,-18.05,1.049,2.541
2026-01-20T06:00:00Z,133732,12.33,2026-01-20T05:57:05Z,-18.1,1.049,2.541
2026-01-20T06:15:00Z,133733,12.31,2026-01-20T06:01:55Z,-18.15,1.049,2.54
2026-01-20T06:30:00Z,133734,12.34,2026-01-20T06:29:35Z,-18.18,1.049,2.539
2026-01-20T06:45:00Z,133735,12.34,2026-01-20T06:35:40Z,-18.21,1.049,2.539
2026-01-20T07:00:00Z,133736,12.33,2026-01-20T06:48:50Z,-18.24,1.049,2.538
2026-01-20T07:15:00Z,133737,12.33,2026-01-20T07:02:00Z,-18.27,1.049,2.537
2026-01-20T07:30:00Z,133738,12.33,2026-01-20T07:18:55Z,-18.29,1.048,2.537
2026-01-20T07:45:00Z,133739,12.33,2026-01-20T07:30:05Z,-18.3,1.048,2.536
2026-01-20T08:00:00Z,133740,12.32,2026-01-20T07:57:05Z,-18.34,1.048,2.535
2026-01-20T08:15:00Z,133741,12.32,2026-01-20T08:02:05Z,-18.32,1.048,2.535
2026-01-20T08:30:00Z,133742,12.33,2026-01-20T08:17:05Z,-18.21,1.048,2.534
2026-01-20T08:45:00Z,133743,12.31,2026-01-20T08:38:55Z,-17.9,1.049,2.534
2026-01-20T09:00:00Z,133744,12.34,2026-01-20T08:57:05Z,-17.58,1.049,2.533
2026-01-20T09:15:00Z,133745,12.33,2026-01-20T09:02:00Z,-16.96,1.048,2.532
2026-01-20T09:30:00Z,133746,12.33,2026-01-20T09:29:40Z,-16.16,1.048,2.532
2026-01-20T09:45:00Z,133747,12.39,2026-01-20T09:31:20Z,-15.46,1.049,2.532
2026-01-20T10:00:00Z,133748,12.39,2026-01-20T09:45:30Z,-14.87,1.05,2.531
2026-01-20T10:15:00Z,133749,12.39,2026-01-20T10:01:55Z,-14.39,1.049,2.53
2026-01-20T10:30:00Z,133750,12.48,2026-01-20T10:15:05Z,-13.91,1.048,2.53
2026-01-20T10:45:00Z,133751,12.48,2026-01-20T10:36:50Z,-13.16,1.048,2.53
2026-01-20T11:00:00Z,133752,12.56,2026-01-20T10:46:50Z,-12.55,1.047,2.53
2026-01-20T11:15:00Z,133753,12.58,2026-01-20T11:14:50Z,-12,1.046,2.53
2026-01-20T11:30:00Z,133754,12.57,2026-01-20T11:15:25Z,-11.69,1.045,2.529
2026-01-20T11:45:00Z,133755,12.61,2026-01-20T11:35:20Z,-11.5,1.044,2.529
2026-01-20T12:00:00Z,133756,12.72,2026-01-20T11:46:45Z,-11.26,1.043,2.529
2026-01-20T12:15:00Z,133757,12.79,2026-01-20T12:12:40Z,-10.83,1.044,2.53
2026-01-20T12:30:00Z,133758,12.81,2026-01-20T12:18:00Z,-10.55,1.044,2.529
2026-01-20T12:45:00Z,133759,12.97,2026-01-20T12:30:05Z,-10.38,1.044,2.53
2026-01-20T13:00:00Z,133760,13.19,2026-01-20T12:45:10Z,-10.09,1.044,2.532
2026-01-20T13:15:00Z,133761,13.19,2026-01-20T13:06:00Z,-9.77,1.044,2.532
2026-01-20T13:30:00Z,133762,13.1,2026-01-20T13:18:50Z,-9.66,1.043,2.532
2026-01-20T13:45:00Z,133763,13.27,2026-01-20T13:39:40Z,-9.53,1.043,2.533
2026-01-20T14:00:00Z,133764,13.24,2026-01-20T13:49:55Z,-9.48,1.044,2.533
2026-01-20T14:15:00Z,133765,13.32,2026-01-20T14:11:55Z,-9.5,1.045,2.533
2026-01-20T14:30:00Z,133766,13.32,2026-01-20T14:15:45Z,-9.54,1.046,2.533
2026-01-20T14:45:00Z,133767,13.79,2026-01-20T14:30:05Z,-9.59,1.046,2.536
2026-01-20T15:00:00Z,133768,14.69,2026-01-20T14:45:05Z,-9.43,1.048,2.541
2026-01-20T15:15:00Z,133769,14.89,2026-01-20T15:07:55Z,-9.13,1.048,2.544
2026-01-20T15:30:00Z,133770,14.23,2026-01-20T15:20:50Z,-8.86,1.05,2.543
2026-01-20T15:45:00Z,133771,14.06,2026-01-20T15:42:35Z,-8.68,1.05,2.544
2026-01-20T16:00:00Z,133772,13.9,2026-01-20T15:59:30Z,-8.51,1.049,2.542
2026-01-20T16:15:00Z,133773,13.69,2026-01-20T16:14:15Z,-8.37,1.051,2.539
2026-01-20T16:30:00Z,133774,13.56,2026-01-20T16:26:45Z,-8.28,1.052,2.536
2026-01-20T16:45:00Z,133775,13.2,2026-01-20T16:44:45Z,-8.33,1.052,2.533
2026-01-20T17:00:00Z,133776,13.14,2026-01-20T16:49:55Z,-8.62,1.052,2.53
2026-01-20T17:15:00Z,133777,13,2026-01-20T17:14:55Z,-9.08,1.051,2.528
2026-01-20T17:30:00Z,133778,12.92,2026-01-20T17:28:45Z,-9.57,1.052,2.526
2026-01-20T17:45:00Z,133779,12.88,2026-01-20T17:42:20Z,-10.21,1.051,2.525
2026-01-20T18:00:00Z,133780,12.85,2026-01-20T17:57:00Z,-11.05,1.052,2.524
2026-01-20T18:15:00Z,133781,12.84,2026-01-20T18:11:45Z,-12,1.052,2.523
2026-01-20T18:30:00Z,133782,12.82,2026-01-20T18:29:30Z,-13.07,1.052,2.522
2026-01-20T18:45:00Z,133783,12.81,2026-01-20T18:42:45Z,-14.2,1.052,2.521
2026-01-20T19:00:00Z,133784,12.8,2026-01-20T18:57:00Z,-15.29,1.051,2.521
2026-01-20T19:15:00Z,133785,12.76,2026-01-20T19:02:05Z,-16.28,1.051,2.52
2026-01-20T19:30:00Z,133786,12.77,2026-01-20T19:29:35Z,-17.17,1.051,2.519
2026-01-20T19:45:00Z,133787,12.77,2026-01-20T19:39:50Z,-17.94,1.05,2.519
2026-01-20T20:00:00Z,133788,12.76,2026-01-20T19:58:30Z,-18.57,1.05,2.518
2026-01-20T20:15:00Z,133789,12.75,2026-01-20T20:09:10Z,-19.06,1.05,2.517
2026-01-20T20:30:00Z,133790,12.75,2026-01-20T20:29:40Z,-19.39,1.05,2.517
2026-01-20T20:45:00Z,133791,12.74,2026-01-20T20:30:30Z,-19.61,1.05,2.516
2026-01-20T21:00:00Z,133792,12.74,2026-01-20T20:57:15Z,-19.65,1.05,2.516
2026-01-20T21:15:00Z,133793,12.73,2026-01-20T21:02:25Z,-19.36,1.049,2.515
2026-01-20T21:30:00Z,133794,12.71,2026-01-20T21:25:40Z,-18.76,1.05,2.515
2026-01-20T21:45:00Z,133795,12.72,2026-01-20T21:38:15Z,-18.03,1.049,2.514
2026-01-20T22:00:00Z,133796,12.71,2026-01-20T21:48:15Z,-17.14,1.049,2.514
2026-01-20T22:15:00Z,133797,12.7,2026-01-20T22:02:00Z,-16.12,1.049,2.513
2026-01-20T22:30:00Z,133798,12.7,2026-01-20T22:22:45Z,-15.13,1.049,2.513
2026-01-20T22:45:00Z,133799,12.7,2026-01-20T22:43:35Z,-14.25,1.05,2.512
2026-01-20T23:00:00Z,133800,12.7,2026-01-20T22:46:30Z,-13.62,1.05,2.512
2026-01-20T23:15:00Z,133801,12.69,2026-01-20T23:09:55Z,-13.26,1.053,2.511
2026-01-20T23:30:00Z,133802,12.69,2026-01-20T23:19:00Z,-13.02,1.053,2.51
2026-01-20T23:45:00Z,133803,12.68,2026-01-20T23:40:45Z,-12.84,1.051,2.51
2026-01-21T00:15:00Z,133805,12.67,2026-01-21T00:02:00Z,-12.32,1.051,2.509
2026-01-21T00:30:00Z,133806,12.67,2026-01-21T00:29:35Z,-11.89,1.052,2.509
2026-01-21T00:45:00Z,133807,12.67,2026-01-21T00:35:10Z,-11.48,1.051,2.509
2026-01-21T01:00:00Z,133808,12.67,2026-01-21T00:52:00Z,-11.12,1.052,2.508
2026-01-21T01:15:00Z,133809,12.67,2026-01-21T01:00:20Z,-10.79,1.051,2.508
2026-01-21T01:30:00Z,133810,12.66,2026-01-21T01:26:30Z,-10.5,1.052,2.507
2026-01-21T01:45:00Z,133811,12.66,2026-01-21T01:36:05Z,-10.24,1.052,2.506
2026-01-21T02:00:00Z,133812,12.65,2026-01-21T01:57:05Z,-10.04,1.052,2.506
2026-01-21T02:15:00Z,133813,12.65,2026-01-21T02:02:00Z,-9.8,1.052,2.506
2026-01-21T02:30:00Z,133814,12.64,2026-01-21T02:26:00Z,-9.54,1.052,2.505
2026-01-21T02:45:00Z,133815,12.66,2026-01-21T02:30:05Z,-9.28,1.052,2.505
2026-01-21T03:00:00Z,133816,12.65,2026-01-21T02:53:20Z,-9.03,1.053,2.504
2026-01-21T03:15:00Z,133817,12.64,2026-01-21T03:02:05Z,-8.82,1.053,2.504
2026-01-21T03:30:00Z,133818,12.65,2026-01-21T03:29:35Z,-8.65,1.053,2.504
2026-01-21T03:45:00Z,133819,12.64,2026-01-21T03:36:20Z,-8.51,1.054,2.503
2026-01-21T04:00:00Z,133820,12.64,2026-01-21T03:57:05Z,-8.39,1.053,2.503
2026-01-21T04:15:00Z,133821,12.64,2026-01-21T04:00:20Z,-8.28,1.055,2.502
2026-01-21T04:30:00Z,133822,12.59,2026-01-21T04:29:35Z,-8.17,1.056,2.502
2026-01-21T04:45:00Z,133823,12.64,2026-01-21T04:34:30Z,-8.07,1.056,2.502
2026-01-21T05:00:00Z,133824,12.64,2026-01-21T04:46:05Z,-7.944,1.057,2.501
2026-01-21T05:15:00Z,133825,12.64,2026-01-21T05:00:10Z,-7.828,1.057,2.501
2026-01-21T05:30:00Z,133826,12.64,2026-01-21T05:15:05Z,-7.704,1.058,2.501
2026-01-21T05:45:00Z,133827,12.63,2026-01-21T05:42:15Z,-7.571,1.058,2.5
2026-01-21T06:00:00Z,133828,12.63,2026-01-21T05:53:00Z,-7.427,1.059,2.5
2026-01-21T06:15:00Z,133829,12.61,2026-01-21T06:02:00Z,-7.262,1.059,2.5
2026-01-21T06:30:00Z,133830,12.61,2026-01-21T06:29:30Z,-7.104,1.059,2.499
2026-01-21T06:45:00Z,133831,12.61,2026-01-21T06:38:55Z,-6.958,1.059,2.499
2026-01-21T07:00:00Z,133832,12.62,2026-01-21T06:57:10Z,-6.821,1.061,2.499
2026-01-21T07:15:00Z,133833,12.61,2026-01-21T07:02:00Z,-6.669,1.065,2.498
2026-01-21T07:30:00Z,133834,12.62,2026-01-21T07:15:20Z,-6.549,1.059,2.497
2026-01-21T07:45:00Z,133835,12.61,2026-01-21T07:33:30Z,-6.442,1.059,2.497
2026-01-21T08:00:00Z,133836,12.6,2026-01-21T07:57:05Z,-6.324,1.059,2.497
2026-01-21T08:15:00Z,133837,12.6,2026-01-21T08:02:00Z,-6.205,1.06,2.496
2026-01-21T08:30:00Z,133838,12.6,2026-01-21T08:28:55Z,-6.09,1.06,2.496
2026-01-21T08:45:00Z,133839,12.61,2026-01-21T08:38:35Z,-5.976,1.061,2.496
2026-01-21T09:00:00Z,133840,12.6,2026-01-21T08:51:55Z,-5.845,1.061,2.496
2026-01-21T09:15:00Z,133841,12.61,2026-01-21T09:02:35Z,-5.665,1.061,2.496
2026-01-21T09:30:00Z,133842,12.61,2026-01-21T09:29:30Z,-5.374,1.061,2.495
2026-01-21T09:45:00Z,133843,12.62,2026-01-21T09:30:05Z,-5.047,1.062,2.495
2026-01-21T10:00:00Z,133844,12.62,2026-01-21T09:46:20Z,-4.698,1.062,2.495
2026-01-21T10:15:00Z,133845,12.64,2026-01-21T10:10:45Z,-4.247,1.063,2.495
2026-01-21T10:30:00Z,133846,12.66,2026-01-21T10:15:05Z,-3.735,1.063,2.494
2026-01-21T10:45:00Z,133847,12.67,2026-01-21T10:44:30Z,-3.101,1.063,2.494
2026-01-21T11:00:00Z,133848,12.62,2026-01-21T10:57:05Z,-2.607,1.063,2.494
2026-01-21T11:15:00Z,133849,12.63,2026-01-21T11:03:05Z,-2.397,1.063,2.493
2026-01-21T11:30:00Z,133850,12.62,2026-01-21T11:26:05Z,-2.334,1.062,2.493
2026-01-21T11:45:00Z,133851,12.62,2026-01-21T11:35:40Z,-2.279,1.063,2.492
2026-01-21T12:00:00Z,133852,12.62,2026-01-21T11:57:00Z,-2.167,1.064,2.492
2026-01-21T12:15:00Z,133853,12.62,2026-01-21T12:02:10Z,-1.912,1.066,2.491
2026-01-21T12:30:00Z,133854,12.63,2026-01-21T12:29:30Z,-1.493,1.066,2.491
2026-01-21T12:45:00Z,133855,12.64,2026-01-21T12:30:20Z,-1.093,1.067,2.491
2026-01-21T13:00:00Z,133856,12.64,2026-01-21T12:57:00Z,-0.69,1.067,2.491
2026-01-21T13:15:00Z,133857,12.66,2026-01-21T13:01:00Z,-0.317,1.067,2.49
2026-01-21T13:30:00Z,133858,12.68,2026-01-21T13:15:55Z,0.088,1.067,2.49
2026-01-21T13:45:00Z,133859,12.66,2026-01-21T13:43:30Z,0.412,1.071,2.49
2026-01-21T14:00:00Z,133860,12.66,2026-01-21T13:49:15Z,0.631,1.074,2.489
2026-01-21T14:15:00Z,133861,12.66,2026-01-21T14:12:50Z,0.77,1.072,2.489
2026-01-21T14:30:00Z,133862,12.66,2026-01-21T14:15:30Z,0.894,1.07,2.489
2026-01-21T14:45:00Z,133863,12.7,2026-01-21T14:30:05Z,1.035,1.07,2.489
2026-01-21T15:00:00Z,133864,12.72,2026-01-21T14:57:00Z,1.165,1.069,2.488
2026-01-21T15:15:00Z,133865,12.72,2026-01-21T15:02:00Z,1.276,1.069,2.488
2026-01-21T15:30:00Z,133866,12.76,2026-01-21T15:15:05Z,1.326,1.069,2.488
2026-01-21T15:45:00Z,133867,12.78,2026-01-21T15:30:05Z,1.358,1.068,2.488
2026-01-21T16:00:00Z,133868,12.87,2026-01-21T15:45:50Z,1.373,1.068,2.489
2026-01-21T16:15:00Z,133869,12.85,2026-01-21T16:14:35Z,1.353,1.068,2.488
2026-01-21T16:30:00Z,133870,12.77,2026-01-21T16:29:40Z,1.337,1.068,2.487
2026-01-21T16:45:00Z,133871,12.74,2026-01-21T16:44:35Z,1.284,1.067,2.487
2026-01-21T17:00:00Z,133872,12.7,2026-01-21T16:57:10Z,1.186,1.067,2.486
2026-01-21T17:15:00Z,133873,12.67,2026-01-21T17:13:15Z,1.055,1.068,2.485
2026-01-21T17:30:00Z,133874,12.64,2026-01-21T17:29:45Z,0.878,1.067,2.484
2026-01-21T17:45:00Z,133875,12.62,2026-01-21T17:39:00Z,0.7,1.067,2.483
2026-01-21T18:00:00Z,133876,12.62,2026-01-21T17:57:10Z,0.524,1.068,2.483
2026-01-21T18:15:00Z,133877,12.61,2026-01-21T18:13:05Z,0.322,1.069,2.482
2026-01-21T18:30:00Z,133878,12.6,2026-01-21T18:29:30Z,0.116,1.069,2.481
2026-01-21T18:45:00Z,133879,12.61,2026-01-21T18:36:10Z,-0.1,1.073,2.481
2026-01-21T19:00:00Z,133880,12.59,2026-01-21T18:57:00Z,-0.346,1.071,2.479
2026-01-21T19:15:00Z,133881,12.59,2026-01-21T19:02:00Z,-0.716,1.071,2.478
2026-01-21T19:30:00Z,133882,12.58,2026-01-21T19:29:30Z,-1.168,1.072,2.478
2026-01-21T19:45:00Z,133883,12.58,2026-01-21T19:39:05Z,-1.593,1.072,2.477
2026-01-21T20:00:00Z,133884,12.59,2026-01-21T19:51:40Z,-2.102,1.073,2.477
2026-01-21T20:15:00Z,133885,12.54,2026-01-21T20:03:15Z,-2.668,1.073,2.476
2026-01-21T20:30:00Z,133886,12.58,2026-01-21T20:21:25Z,-3.218,1.073,2.476
2026-01-21T20:45:00Z,133887,12.58,2026-01-21T20:30:15Z,-3.637,1.073,2.475
2026-01-21T21:00:00Z,133888,12.58,2026-01-21T20:45:55Z,-3.793,1.074,2.475
2026-01-21T21:15:00Z,133889,12.56,2026-01-21T21:14:00Z,-3.848,1.075,2.474
2026-01-21T21:30:00Z,133890,12.56,2026-01-21T21:29:30Z,-4.109,1.075,2.474
2026-01-21T21:45:00Z,133891,12.56,2026-01-21T21:34:55Z,-4.537,1.076,2.473
2026-01-21T22:00:00Z,133892,12.55,2026-01-21T21:57:05Z,-4.904,1.076,2.473
2026-01-21T22:15:00Z,133893,12.55,2026-01-21T22:02:05Z,-5.137,1.077,2.472
2026-01-21T22:30:00Z,133894,12.55,2026-01-21T22:29:40Z,-5.332,1.077,2.472
2026-01-21T22:45:00Z,133895,12.55,2026-01-21T22:41:00Z,-5.552,1.077,2.471
2026-01-21T23:00:00Z,133896,12.55,2026-01-21T22:45:05Z,-5.607,1.078,2.471
2026-01-21T23:15:00Z,133897,12.54,2026-01-21T23:13:20Z,-5.483,1.078,2.47
2026-01-21T23:30:00Z,133898,12.54,2026-01-21T23:16:00Z,-5.32,1.079,2.47
2026-01-21T23:45:00Z,133899,12.53,2026-01-21T23:42:40Z,-5.193,1.079,2.469
2026-01-22T00:15:00Z,133901,12.53,2026-01-22T00:01:20Z,-4.965,1.08,2.468
2026-01-22T00:30:00Z,133902,12.51,2026-01-22T00:29:30Z,-4.998,1.081,2.468
2026-01-22T00:45:00Z,133903,12.52,2026-01-22T00:33:20Z,-4.993,1.081,2.467
2026-01-22T01:00:00Z,133904,12.51,2026-01-22T00:49:20Z,-4.756,1.081,2.467
2026-01-22T01:15:00Z,133905,12.51,2026-01-22T01:00:05Z,-4.185,1.081,2.466
2026-01-22T01:30:00Z,133906,12.51,2026-01-22T01:29:40Z,-3.469,1.083,2.466
2026-01-22T01:45:00Z,133907,12.51,2026-01-22T01:33:15Z,-2.787,1.083,2.466
2026-01-22T02:00:00Z,133908,12.5,2026-01-22T01:59:05Z,-2.213,1.083,2.465
2026-01-22T02:15:00Z,133909,12.49,2026-01-22T02:01:55Z,-1.775,1.083,2.465
2026-01-22T02:30:00Z,133910,12.49,2026-01-22T02:29:35Z,-1.515,1.083,2.464
2026-01-22T02:45:00Z,133911,12.5,2026-01-22T02:41:15Z,-1.379,1.082,2.464
2026-01-22T03:00:00Z,133912,12.49,2026-01-22T02:57:00Z,-1.402,1.081,2.463
2026-01-22T03:15:00Z,133913,12.49,2026-01-22T03:09:05Z,-1.686,1.082,2.462
2026-01-22T03:30:00Z,133914,12.48,2026-01-22T03:29:35Z,-2.125,1.081,2.462
2026-01-22T03:45:00Z,133915,12.49,2026-01-22T03:40:10Z,-2.438,1.081,2.461
2026-01-22T04:00:00Z,133916,12.48,2026-01-22T03:57:00Z,-2.679,1.082,2.46
2026-01-22T04:15:00Z,133917,12.47,2026-01-22T04:01:55Z,-2.927,1.082,2.46
2026-01-22T04:30:00Z,133918,12.46,2026-01-22T04:29:30Z,-3.184,1.082,2.459
2026-01-22T04:45:00Z,133919,12.47,2026-01-22T04:42:15Z,-3.471,1.082,2.459
2026-01-22T05:00:00Z,133920,12.47,2026-01-22T04:47:35Z,-3.653,1.083,2.458
2026-01-22T05:15:00Z,133921,12.46,2026-01-22T05:02:10Z,-3.727,1.083,2.457
2026-01-22T05:30:00Z,133922,12.46,2026-01-22T05:16:55Z,-3.847,1.083,2.457
2026-01-22T05:45:00Z,133923,12.46,2026-01-22T05:43:35Z,-4.084,1.084,2.456
2026-01-22T06:00:00Z,133924,12.45,2026-01-22T05:57:10Z,-4.499,1.084,2.456
2026-01-22T06:15:00Z,133925,12.45,2026-01-22T06:02:00Z,-4.979,1.084,2.455
2026-01-22T06:30:00Z,133926,12.44,2026-01-22T06:29:35Z,-5.493,1.083,2.454
2026-01-22T06:45:00Z,133927,12.45,2026-01-22T06:30:35Z,-6.041,1.083,2.454
2026-01-22T07:00:00Z,133928,12.44,2026-01-22T06:48:45Z,-6.591,1.084,2.453
2026-01-22T07:15:00Z,133929,12.44,2026-01-22T07:06:35Z,-7.175,1.083,2.452
2026-01-22T07:30:00Z,133930,12.44,2026-01-22T07:16:05Z,-7.786,1.083,2.452
2026-01-22T07:45:00Z,133931,12.43,2026-01-22T07:32:45Z,-8.37,1.084,2.451
2026-01-22T08:00:00Z,133932,12.41,2026-01-22T07:57:10Z,-8.85,1.084,2.45
2026-01-22T08:15:00Z,133933,12.41,2026-01-22T08:02:00Z,-9.23,1.084,2.45
2026-01-22T08:30:00Z,133934,12.43,2026-01-22T08:15:25Z,-9.51,1.085,2.449
2026-01-22T08:45:00Z,133935,12.44,2026-01-22T08:30:05Z,-9.47,1.085,2.449
2026-01-22T09:00:00Z,133936,12.45,2026-01-22T08:45:40Z,-9.4,1.085,2.448
2026-01-22T09:15:00Z,133937,12.46,2026-01-22T09:02:00Z,-9.13,1.085,2.448
2026-01-22T09:30:00Z,133938,12.51,2026-01-22T09:20:30Z,-8.78,1.086,2.447
2026-01-22T09:45:00Z,133939,12.58,2026-01-22T09:32:25Z,-8.59,1.087,2.447
2026-01-22T10:00:00Z,133940,12.62,2026-01-22T09:45:05Z,-8.44,1.087,2.447
2026-01-22T10:15:00Z,133941,12.69,2026-01-22T10:00:30Z,-8.29,1.089,2.447
2026-01-22T10:30:00Z,133942,12.85,2026-01-22T10:15:05Z,-8.08,1.088,2.448
2026-01-22T10:45:00Z,133943,12.91,2026-01-22T10:38:35Z,-7.611,1.089,2.448
2026-01-22T11:00:00Z,133944,12.93,2026-01-22T10:45:10Z,-7.238,1.089,2.448
2026-01-22T11:15:00Z,133945,12.97,2026-01-22T11:14:50Z,-6.947,1.09,2.448
2026-01-22T11:30:00Z,133946,12.94,2026-01-22T11:19:45Z,-6.783,1.089,2.448
2026-01-22T11:45:00Z,133947,12.98,2026-01-22T11:31:10Z,-6.64,1.09,2.448
2026-01-22T12:00:00Z,133948,13.1,2026-01-22T11:51:55Z,-6.436,1.091,2.448
2026-01-22T12:15:00Z,133949,13.06,2026-01-22T12:13:30Z,-6.142,1.093,2.449
2026-01-22T12:30:00Z,133950,13.11,2026-01-22T12:28:50Z,-6.05,1.093,2.448
2026-01-22T12:45:00Z,133951,13.14,2026-01-22T12:30:45Z,-6.02,1.093,2.448
2026-01-22T13:00:00Z,133952,13.27,2026-01-22T12:50:20Z,-5.826,1.094,2.45
2026-01-22T13:15:00Z,133953,13.24,2026-01-22T13:07:05Z,-5.516,1.096,2.45
2026-01-22T13:30:00Z,133954,13.18,2026-01-22T13:18:45Z,-5.498,1.095,2.448
2026-01-22T13:45:00Z,133955,13.21,2026-01-22T13:37:25Z,-5.484,1.095,2.448
2026-01-22T14:00:00Z,133956,13.15,2026-01-22T13:56:05Z,-5.329,1.096,2.447
2026-01-22T14:15:00Z,133957,13.16,2026-01-22T14:02:50Z,-5.19,1.097,2.446
2026-01-22T14:30:00Z,133958,13.21,2026-01-22T14:16:20Z,-5.127,1.097,2.446
2026-01-22T14:45:00Z,133959,13.25,2026-01-22T14:38:45Z,-4.974,1.097,2.447
2026-01-22T15:00:00Z,133960,13.29,2026-01-22T14:51:35Z,-4.91,1.099,2.451
2026-01-22T15:15:00Z,133961,13.35,2026-01-22T15:13:25Z,-4.931,1.099,2.453
2026-01-22T15:30:00Z,133962,13.38,2026-01-22T15:24:35Z,-4.801,1.1,2.452
2026-01-22T15:45:00Z,133963,13.34,2026-01-22T15:45:00Z,-4.535,1.101,2.451
2026-01-22T16:00:00Z,133964,13.13,2026-01-22T16:00:00Z,-4.353,1.102,2.447
2026-01-22T16:15:00Z,133965,13.12,2026-01-22T16:02:00Z,-4.538,1.103,2.446
2026-01-22T16:30:00Z,133966,13.07,2026-01-22T16:21:30Z,-4.887,1.104,2.444
2026-01-22T16:45:00Z,133967,13.12,2026-01-22T16:30:05Z,-5.252,1.104,2.445
2026-01-22T17:00:00Z,133968,13.45,2026-01-22T16:59:55Z,-5.431,1.106,2.446
2026-01-22T17:15:00Z,133969,12.97,2026-01-22T17:14:50Z,-5.481,1.107,2.444
2026-01-22T17:30:00Z,133970,12.87,2026-01-22T17:29:10Z,-5.73,1.107,2.441
2026-01-22T17:45:00Z,133971,12.85,2026-01-22T17:43:40Z,-6.084,1.108,2.44
2026-01-22T18:00:00Z,133972,12.82,2026-01-22T17:57:00Z,-6.397,1.109,2.439
2026-01-22T18:15:00Z,133973,12.79,2026-01-22T18:01:55Z,-6.674,1.109,2.438
2026-01-22T18:30:00Z,133974,12.79,2026-01-22T18:29:00Z,-6.876,1.111,2.437
2026-01-22T18:45:00Z,133975,12.79,2026-01-22T18:39:40Z,-6.974,1.112,2.437
2026-01-22T19:00:00Z,133976,12.77,2026-01-22T18:47:40Z,-7.051,1.112,2.436
2026-01-22T19:15:00Z,133977,12.76,2026-01-22T19:09:00Z,-7.119,1.113,2.435
2026-01-22T19:30:00Z,133978,12.76,2026-01-22T19:19:10Z,-7.162,1.115,2.435
2026-01-22T19:45:00Z,133979,12.75,2026-01-22T19:44:15Z,-7.184,1.115,2.434
2026-01-22T20:00:00Z,133980,12.74,2026-01-22T19:57:10Z,-7.272,1.116,2.434
2026-01-22T20:15:00Z,133981,12.74,2026-01-22T20:12:20Z,-7.425,1.116,2.433
2026-01-22T20:30:00Z,133982,12.74,2026-01-22T20:24:05Z,-7.598,1.117,2.432
2026-01-22T20:45:00Z,133983,12.73,2026-01-22T20:37:10Z,-7.785,1.117,2.432
2026-01-22T21:00:00Z,133984,12.71,2026-01-22T20:57:05Z,-7.974,1.117,2.431
2026-01-22T21:15:00Z,133985,12.71,2026-01-22T21:06:40Z,-8.16,1.118,2.431
2026-01-22T21:30:00Z,133986,12.71,2026-01-22T21:24:30Z,-8.32,1.118,2.43
2026-01-22T21:45:00Z,133987,12.71,2026-01-22T21:44:35Z,-8.49,1.119,2.43
2026-01-22T22:00:00Z,133988,12.7,2026-01-22T21:58:40Z,-8.66,1.118,2.429
2026-01-22T22:15:00Z,133989,12.7,2026-01-22T22:00:45Z,-8.84,1.118,2.429
2026-01-22T22:30:00Z,133990,12.69,2026-01-22T22:29:55Z,-9.03,1.118,2.428
2026-01-22T22:45:00Z,133991,12.69,2026-01-22T22:38:50Z,-9.17,1.117,2.428
2026-01-22T23:00:00Z,133992,12.68,2026-01-22T22:59:15Z,-9.33,1.117,2.427
2026-01-22T23:15:00Z,133993,12.68,2026-01-22T23:02:05Z,-9.49,1.116,2.426
2026-01-22T23:30:00Z,133994,12.67,2026-01-22T23:28:35Z,-9.68,1.115,2.426
2026-01-22T23:45:00Z,133995,12.67,2026-01-22T23:31:15Z,-9.8,1.115,2.425
2026-01-23T00:15:00Z,133997,12.67,2026-01-23T00:00:35Z,-9.85,1.114,2.424
2026-01-23T00:30:00Z,133998,12.66,2026-01-23T00:22:45Z,-9.9,1.113,2.424
2026-01-23T00:45:00Z,133999,12.66,2026-01-23T00:42:25Z,-10.05,1.112,2.423
2026-01-23T01:00:00Z,134000,12.66,2026-01-23T00:47:00Z,-10.27,1.112,2.423
2026-01-23T01:15:00Z,134001,12.65,2026-01-23T01:01:55Z,-10.44,1.111,2.422
2026-01-23T01:30:00Z,134002,12.65,2026-01-23T01:21:25Z,-10.48,1.11,2.422
2026-01-23T01:45:00Z,134003,12.65,2026-01-23T01:36:05Z,-10.39,1.109,2.421
2026-01-23T02:00:00Z,134004,12.64,2026-01-23T01:57:05Z,-10.29,1.109,2.421
2026-01-23T02:15:00Z,134005,12.63,2026-01-23T02:02:05Z,-10.32,1.107,2.42
2026-01-23T02:30:00Z,134006,12.62,2026-01-23T02:26:05Z,-10.51,1.106,2.42
2026-01-23T02:45:00Z,134007,12.63,2026-01-23T02:39:05Z,-10.67,1.104,2.419
2026-01-23T03:00:00Z,134008,12.62,2026-01-23T02:57:05Z,-10.81,1.103,2.419
2026-01-23T03:15:00Z,134009,12.6,2026-01-23T03:01:55Z,-11.08,1.103,2.418
2026-01-23T03:30:00Z,134010,12.62,2026-01-23T03:26:50Z,-11.36,1.101,2.418
2026-01-23T03:45:00Z,134011,12.61,2026-01-23T03:40:10Z,-11.61,1.1,2.417
2026-01-23T04:00:00Z,134012,12.61,2026-01-23T03:58:50Z,-11.86,1.099,2.417
2026-01-23T04:15:00Z,134013,12.61,2026-01-23T04:01:30Z,-12.1,1.099,2.416
2026-01-23T04:30:00Z,134014,12.6,2026-01-23T04:29:35Z,-12.33,1.098,2.415
2026-01-23T04:45:00Z,134015,12.61,2026-01-23T04:36:20Z,-12.55,1.097,2.415
2026-01-23T05:00:00Z,134016,12.59,2026-01-23T04:57:05Z,-12.73,1.095,2.415
2026-01-23T05:15:00Z,134017,12.59,2026-01-23T05:01:55Z,-12.9,1.093,2.414
2026-01-23T05:30:00Z,134018,12.57,2026-01-23T05:29:30Z,-13.12,1.092,2.413
2026-01-23T05:45:00Z,134019,12.6,2026-01-23T05:30:05Z,-13.35,1.091,2.413
2026-01-23T06:00:00Z,134020,12.59,2026-01-23T05:50:50Z,-13.61,1.089,2.412
2026-01-23T06:15:00Z,134021,12.59,2026-01-23T06:00:20Z,-13.88,1.087,2.412
2026-01-23T06:30:00Z,134022,12.58,2026-01-23T06:19:10Z,-14.12,1.085,2.411
2026-01-23T06:45:00Z,134023,12.58,2026-01-23T06:35:05Z,-14.2,1.084,2.411
2026-01-23T07:00:00Z,134024,12.57,2026-01-23T06:57:05Z,-14.05,1.084,2.41
2026-01-23T07:15:00Z,134025,12.54,2026-01-23T07:01:55Z,-13.98,1.083,2.41
2026-01-23T07:30:00Z,134026,12.57,2026-01-23T07:17:05Z,-14.21,1.08,2.409
2026-01-23T07:45:00Z,134027,12.56,2026-01-23T07:35:45Z,-14.55,1.08,2.408
2026-01-23T08:00:00Z,134028,12.57,2026-01-23T07:45:05Z,-14.89,1.079,2.408
2026-01-23T08:15:00Z,134029,12.57,2026-01-23T08:00:05Z,-15.24,1.077,2.407
2026-01-23T08:30:00Z,134030,12.57,2026-01-23T08:29:35Z,-15.44,1.075,2.407
2026-01-23T08:45:00Z,134031,12.58,2026-01-23T08:32:20Z,-15.49,1.074,2.406
2026-01-23T09:00:00Z,134032,12.6,2026-01-23T08:52:00Z,-15.57,1.074,2.406
2026-01-23T09:15:00Z,134033,12.64,2026-01-23T09:00:05Z,-15.53,1.073,2.405
2026-01-23T09:30:00Z,134034,12.71,2026-01-23T09:16:55Z,-15.4,1.071,2.405
2026-01-23T09:45:00Z,134035,12.74,2026-01-23T09:30:05Z,-15.52,1.069,2.405
2026-01-23T10:00:00Z,134036,12.8,2026-01-23T09:45:05Z,-15.57,1.067,2.406
2026-01-23T10:15:00Z,134037,13.02,2026-01-23T10:14:25Z,-15.31,1.066,2.406
2026-01-23T10:30:00Z,134038,13.03,2026-01-23T10:15:30Z,-15.2,1.064,2.406
2026-01-23T10:45:00Z,134039,13.09,2026-01-23T10:38:30Z,-15.18,1.063,2.406
2026-01-23T11:00:00Z,134040,13.12,2026-01-23T10:45:05Z,-15.22,1.061,2.406
2026-01-23T11:15:00Z,134041,13.26,2026-01-23T11:02:00Z,-15.11,1.06,2.407
2026-01-23T11:30:00Z,134042,13.37,2026-01-23T11:20:20Z,-14.88,1.06,2.407
2026-01-23T11:45:00Z,134043,13.44,2026-01-23T11:42:55Z,-14.7,1.058,2.407
2026-01-23T12:00:00Z,134044,13.43,2026-01-23T11:55:15Z,-14.54,1.057,2.409
2026-01-23T12:15:00Z,134045,13.52,2026-01-23T12:15:00Z,-14.38,1.058,2.411
2026-01-23T12:30:00Z,134046,13.45,2026-01-23T12:26:00Z,-14.36,1.056,2.408
2026-01-23T12:45:00Z,134047,13.5,2026-01-23T12:32:15Z,-14.61,1.055,2.408
2026-01-23T13:00:00Z,134048,14.15,2026-01-23T12:45:10Z,-14.65,1.054,2.414
2026-01-23T13:15:00Z,134049,14.32,2026-01-23T13:15:00Z,-14.49,1.053,2.416
2026-01-23T13:30:00Z,134050,13.53,2026-01-23T13:24:00Z,-14.48,1.052,2.412
2026-01-23T13:45:00Z,134051,13.79,2026-01-23T13:40:55Z,-14.57,1.051,2.416
2026-01-23T14:00:00Z,134052,13.73,2026-01-23T13:57:15Z,-14.5,1.05,2.416
2026-01-23T14:15:00Z,134053,13.83,2026-01-23T14:02:10Z,-14.4,1.049,2.417
2026-01-23T14:30:00Z,134054,13.58,2026-01-23T14:28:15Z,-14.27,1.049,2.417
2026-01-23T14:45:00Z,134055,13.5,2026-01-23T14:42:50Z,-14.26,1.047,2.416
2026-01-23T15:00:00Z,134056,13.48,2026-01-23T14:50:40Z,-14.23,1.047,2.414
2026-01-23T15:15:00Z,134057,13.43,2026-01-23T15:13:35Z,-14.22,1.048,2.412
2026-01-23T15:30:00Z,134058,13.39,2026-01-23T15:29:45Z,-14.26,1.045,2.411
2026-01-23T15:45:00Z,134059,13.21,2026-01-23T15:44:55Z,-14.33,1.045,2.405
2026-01-23T16:00:00Z,134060,13.18,2026-01-23T15:50:20Z,-14.62,1.043,2.405
2026-01-23T16:15:00Z,134061,13.48,2026-01-23T16:12:05Z,-14.99,1.043,2.41
2026-01-23T16:30:00Z,134062,13.59,2026-01-23T16:27:15Z,-14.82,1.043,2.41
2026-01-23T16:45:00Z,134063,14.37,2026-01-23T16:30:20Z,-14.56,1.042,2.412
2026-01-23T17:00:00Z,134064,14.07,2026-01-23T16:59:00Z,-14.61,1.041,2.413
2026-01-23T17:15:00Z,134065,13.13,2026-01-23T17:14:50Z,-14.59,1.04,2.407
2026-01-23T17:30:00Z,134066,13,2026-01-23T17:29:30Z,-15.01,1.038,2.401
2026-01-23T17:45:00Z,134067,12.95,2026-01-23T17:44:30Z,-15.75,1.037,2.399
2026-01-23T18:00:00Z,134068,12.91,2026-01-23T17:57:00Z,-16.51,1.035,2.397
2026-01-23T18:15:00Z,134069,12.9,2026-01-23T18:11:50Z,-17.19,1.034,2.396
2026-01-23T18:30:00Z,134070,12.88,2026-01-23T18:23:50Z,-17.82,1.032,2.395
2026-01-23T18:45:00Z,134071,12.87,2026-01-23T18:44:10Z,-18.49,1.032,2.394
2026-01-23T19:00:00Z,134072,12.86,2026-01-23T18:53:45Z,-19.33,1.03,2.394
2026-01-23T19:15:00Z,134073,12.85,2026-01-23T19:02:00Z,-20.18,1.029,2.393
2026-01-23T19:30:00Z,134074,12.83,2026-01-23T19:29:30Z,-20.75,1.028,2.392
2026-01-23T19:45:00Z,134075,12.84,2026-01-23T19:44:45Z,-21.29,1.027,2.392
2026-01-23T20:00:00Z,134076,12.82,2026-01-23T19:57:00Z,-22.02,1.026,2.391
2026-01-23T20:15:00Z,134077,12.82,2026-01-23T20:02:05Z,-22.78,1.024,2.39
2026-01-23T20:30:00Z,134078,12.8,2026-01-23T20:29:55Z,-23.39,1.022,2.39
2026-01-23T20:45:00Z,134079,12.81,2026-01-23T20:39:05Z,-23.28,1.022,2.389
2026-01-23T21:00:00Z,134080,12.78,2026-01-23T20:57:25Z,-22.82,1.021,2.389
2026-01-23T21:15:00Z,134081,12.78,2026-01-23T21:02:00Z,-22.33,1.02,2.388
2026-01-23T21:30:00Z,134082,12.78,2026-01-23T21:26:40Z,-21.93,1.018,2.388
2026-01-23T21:45:00Z,134083,12.77,2026-01-23T21:34:05Z,-21.66,1.017,2.388
2026-01-23T22:00:00Z,134084,12.76,2026-01-23T21:58:05Z,-21.57,1.016,2.387
2026-01-23T22:15:00Z,134085,12.75,2026-01-23T22:08:45Z,-21.56,1.014,2.387
2026-01-23T22:30:00Z,134086,12.75,2026-01-23T22:27:25Z,-21.6,1.013,2.386
2026-01-23T22:45:00Z,134087,12.75,2026-01-23T22:45:00Z,-21.68,1.012,2.386
2026-01-23T23:00:00Z,134088,12.74,2026-01-23T22:57:00Z,-21.81,1.011,2.385
2026-01-23T23:15:00Z,134089,12.73,2026-01-23T23:02:00Z,-21.99,1.01,2.385
2026-01-23T23:30:00Z,134090,12.73,2026-01-23T23:29:30Z,-22.37,1.009,2.385
2026-01-23T23:45:00Z,134091,12.73,2026-01-23T23:40:45Z,-23.15,1.008,2.384
2026-01-24T00:15:00Z,134093,12.72,2026-01-24T00:05:00Z,-24.92,1.005,2.383
2026-01-24T00:30:00Z,134094,12.7,2026-01-24T00:29:30Z,-25.63,1.003,2.383
2026-01-24T00:45:00Z,134095,12.7,2026-01-24T00:39:50Z,-26.05,1.002,2.383
2026-01-24T01:00:00Z,134096,12.7,2026-01-24T00:55:00Z,-26.46,1.001,2.382
2026-01-24T01:15:00Z,134097,12.67,2026-01-24T01:01:55Z,-26.79,0.999,2.382
2026-01-24T01:30:00Z,134098,12.68,2026-01-24T01:29:25Z,-27.07,0.998,2.381
2026-01-24T01:45:00Z,134099,12.69,2026-01-24T01:41:00Z,-27.26,0.997,2.381
2026-01-24T02:00:00Z,134100,12.68,2026-01-24T01:58:40Z,-27.39,0.996,2.381
2026-01-24T02:15:00Z,134101,12.66,2026-01-24T02:01:55Z,-27.51,0.994,2.38
2026-01-24T02:30:00Z,134102,12.67,2026-01-24T02:25:45Z,-27.63,0.992,2.38
2026-01-24T02:45:00Z,134103,12.66,2026-01-24T02:38:25Z,-27.66,0.991,2.379
2026-01-24T03:00:00Z,134104,12.66,2026-01-24T02:55:20Z,-27.57,0.99,2.379
2026-01-24T03:15:00Z,134105,12.64,2026-01-24T03:01:55Z,-27.48,0.989,2.379
2026-01-24T03:30:00Z,134106,12.64,2026-01-24T03:29:30Z,-27.39,0.988,2.378
2026-01-24T03:45:00Z,134107,12.64,2026-01-24T03:43:55Z,-27.14,0.987,2.378
2026-01-24T04:00:00Z,134108,12.63,2026-01-24T03:57:15Z,-26.87,0.986,2.377
2026-01-24T04:15:00Z,134109,12.62,2026-01-24T04:01:55Z,-26.7,0.986,2.377
2026-01-24T04:30:00Z,134110,12.62,2026-01-24T04:29:30Z,-26.59,0.984,2.377
2026-01-24T04:45:00Z,134111,12.63,2026-01-24T04:42:10Z,-26.43,0.983,2.376
2026-01-24T05:00:00Z,134112,12.63,2026-01-24T04:46:15Z,-26.28,0.983,2.376
2026-01-24T05:15:00Z,134113,12.62,2026-01-24T05:01:55Z,-26.27,0.983,2.376
2026-01-24T05:30:00Z,134114,12.61,2026-01-24T05:15:20Z,-26.26,0.982,2.375
2026-01-24T05:45:00Z,134115,12.62,2026-01-24T05:36:15Z,-26.19,0.982,2.375
2026-01-24T06:00:00Z,134116,12.62,2026-01-24T05:45:35Z,-26.04,0.981,2.374
2026-01-24T06:15:00Z,134117,12.61,2026-01-24T06:07:15Z,-25.9,0.981,2.374
2026-01-24T06:30:00Z,134118,12.61,2026-01-24T06:27:30Z,-25.83,0.98,2.374
2026-01-24T06:45:00Z,134119,12.61,2026-01-24T06:30:10Z,-25.88,0.979,2.373
2026-01-24T07:00:00Z,134120,12.6,2026-01-24T06:57:05Z,-25.95,0.978,2.373
2026-01-24T07:15:00Z,134121,12.6,2026-01-24T07:02:05Z,-26.05,0.977,2.373
2026-01-24T07:30:00Z,134122,12.6,2026-01-24T07:15:05Z,-26.2,0.976,2.372
2026-01-24T07:45:00Z,134123,12.6,2026-01-24T07:40:45Z,-26.37,0.975,2.372
2026-01-24T08:00:00Z,134124,12.59,2026-01-24T07:57:10Z,-26.51,0.974,2.371
2026-01-24T08:15:00Z,134125,12.58,2026-01-24T08:01:55Z,-26.59,0.974,2.371
2026-01-24T08:30:00Z,134126,12.61,2026-01-24T08:15:05Z,-26.65,0.974,2.371
2026-01-24T08:45:00Z,134127,12.62,2026-01-24T08:30:05Z,-26.52,0.97,2.371
2026-01-24T09:00:00Z,134128,12.68,2026-01-24T08:45:05Z,-25.65,0.968,2.371
2026-01-24T09:15:00Z,134129,12.77,2026-01-24T09:01:55Z,-23.75,0.969,2.371
2026-01-24T09:30:00Z,134130,12.88,2026-01-24T09:29:45Z,-21.68,0.97,2.372
2026-01-24T09:45:00Z,134131,12.86,2026-01-24T09:35:05Z,-20.71,0.97,2.371
2026-01-24T10:00:00Z,134132,12.9,2026-01-24T09:45:45Z,-20.24,0.97,2.372
2026-01-24T10:15:00Z,134133,13.05,2026-01-24T10:01:55Z,-19.64,0.97,2.373
2026-01-24T10:30:00Z,134134,13.23,2026-01-24T10:15:05Z,-18.9,0.969,2.374
2026-01-24T10:45:00Z,134135,13.43,2026-01-24T10:30:20Z,-18.03,0.97,2.375
2026-01-24T11:00:00Z,134136,13.51,2026-01-24T10:45:05Z,-17.27,0.97,2.377
2026-01-24T11:15:00Z,134137,13.67,2026-01-24T11:14:55Z,-16.58,0.97,2.378
2026-01-24T11:30:00Z,134138,13.62,2026-01-24T11:17:05Z,-16.11,0.971,2.377
2026-01-24T11:45:00Z,134139,13.78,2026-01-24T11:30:15Z,-15.75,0.971,2.378
2026-01-24T12:00:00Z,134140,14.04,2026-01-24T11:53:20Z,-15.22,0.972,2.38
2026-01-24T12:15:00Z,134141,14.01,2026-01-24T12:15:00Z,-14.53,0.974,2.382
2026-01-24T12:30:00Z,134142,13.91,2026-01-24T12:16:50Z,-14.03,0.976,2.381
2026-01-24T12:45:00Z,134143,13.86,2026-01-24T12:44:55Z,-13.82,0.976,2.38
2026-01-24T13:00:00Z,134144,13.82,2026-01-24T12:52:20Z,-13.61,0.977,2.379
2026-01-24T13:15:00Z,134145,13.76,2026-01-24T13:15:00Z,-13.4,0.977,2.379
2026-01-24T13:30:00Z,134146,13.7,2026-01-24T13:17:20Z,-13.23,0.979,2.378
2026-01-24T13:45:00Z,134147,13.69,2026-01-24T13:32:55Z,-13.2,0.98,2.377
2026-01-24T14:00:00Z,134148,13.6,2026-01-24T13:58:15Z,-13.13,0.981,2.377
2026-01-24T14:15:00Z,134149,13.6,2026-01-24T14:01:55Z,-13.02,0.982,2.376
2026-01-24T14:30:00Z,134150,13.51,2026-01-24T14:29:35Z,-12.81,0.983,2.376
2026-01-24T14:45:00Z,134151,13.44,2026-01-24T14:43:55Z,-12.75,0.984,2.375
2026-01-24T15:00:00Z,134152,13.36,2026-01-24T14:59:40Z,-12.83,0.985,2.374
2026-01-24T15:15:00Z,134153,13.31,2026-01-24T15:09:15Z,-13.04,0.985,2.373
2026-01-24T15:30:00Z,134154,13.28,2026-01-24T15:29:30Z,-13.25,0.986,2.373
2026-01-24T15:45:00Z,134155,13.24,2026-01-24T15:44:45Z,-13.41,0.986,2.372
2026-01-24T16:00:00Z,134156,13.18,2026-01-24T15:59:50Z,-13.57,0.987,2.372
2026-01-24T16:15:00Z,134157,13.12,2026-01-24T16:14:40Z,-13.72,0.987,2.371
2026-01-24T16:30:00Z,134158,13.03,2026-01-24T16:29:30Z,-13.92,0.987,2.37
2026-01-24T16:45:00Z,134159,12.98,2026-01-24T16:44:45Z,-14.15,0.987,2.369
2026-01-24T17:00:00Z,134160,12.94,2026-01-24T16:56:55Z,-14.44,0.987,2.369
2026-01-24T17:15:00Z,134161,12.91,2026-01-24T17:12:55Z,-14.72,0.988,2.368
2026-01-24T17:30:00Z,134162,12.86,2026-01-24T17:29:35Z,-14.95,0.987,2.367
2026-01-24T17:45:00Z,134163,12.84,2026-01-24T17:44:55Z,-15.14,0.987,2.367
2026-01-24T18:00:00Z,134164,12.82,2026-01-24T17:58:15Z,-15.27,0.987,2.366
2026-01-24T18:15:00Z,134165,12.82,2026-01-24T18:01:55Z,-15.38,0.987,2.366
2026-01-24T18:30:00Z,134166,12.8,2026-01-24T18:29:35Z,-15.43,0.987,2.366
2026-01-24T18:45:00Z,134167,12.8,2026-01-24T18:38:15Z,-15.47,0.986,2.365
2026-01-24T19:00:00Z,134168,12.79,2026-01-24T18:57:00Z,-15.47,0.986,2.365
2026-01-24T19:15:00Z,134169,12.78,2026-01-24T19:01:55Z,-15.45,0.988,2.365
2026-01-24T19:30:00Z,134170,12.77,2026-01-24T19:29:30Z,-15.43,0.989,2.364
2026-01-24T19:45:00Z,134171,12.77,2026-01-24T19:33:40Z,-15.42,0.989,2.364
2026-01-24T20:00:00Z,134172,12.76,2026-01-24T19:56:25Z,-15.44,0.992,2.364
2026-01-24T20:15:00Z,134173,12.75,2026-01-24T20:01:55Z,-15.47,0.989,2.363
2026-01-24T20:30:00Z,134174,12.75,2026-01-24T20:29:35Z,-15.47,0.991,2.363
2026-01-24T20:45:00Z,134175,12.75,2026-01-24T20:36:10Z,-15.49,0.991,2.363
2026-01-24T21:00:00Z,134176,12.74,2026-01-24T20:57:05Z,-15.48,0.989,2.363
2026-01-24T21:15:00Z,134177,12.73,2026-01-24T21:01:55Z,-15.46,0.99,2.363
2026-01-24T21:30:00Z,134178,12.73,2026-01-24T21:16:30Z,-15.43,0.992,2.362
2026-01-24T21:45:00Z,134179,12.72,2026-01-24T21:39:25Z,-15.39,0.991,2.362
2026-01-24T22:00:00Z,134180,12.71,2026-01-24T21:57:25Z,-15.34,0.991,2.362
2026-01-24T22:15:00Z,134181,12.72,2026-01-24T22:09:10Z,-15.3,0.992,2.362
2026-01-24T22:30:00Z,134182,12.71,2026-01-24T22:21:15Z,-15.26,0.993,2.362
2026-01-24T22:45:00Z,134183,12.7,2026-01-24T22:39:10Z,-15.21,0.994,2.361
2026-01-24T23:00:00Z,134184,12.7,2026-01-24T22:56:25Z,-15.16,0.996,2.361
2026-01-24T23:15:00Z,134185,12.69,2026-01-24T23:01:55Z,-15.1,0.996,2.361
2026-01-24T23:30:00Z,134186,12.69,2026-01-24T23:29:30Z,-15.06,0.995,2.361
2026-01-24T23:45:00Z,134187,12.69,2026-01-24T23:31:35Z,-15.02,0.993,2.361
2026-01-25T00:15:00Z,134189,12.67,2026-01-25T00:01:55Z,-14.95,0.994,2.36
2026-01-25T00:30:00Z,134190,12.68,2026-01-25T00:23:30Z,-14.9,0.996,2.36
2026-01-25T00:45:00Z,134191,12.68,2026-01-25T00:30:15Z,-14.86,0.995,2.36
2026-01-25T01:00:00Z,134192,12.67,2026-01-25T00:53:25Z,-14.82,0.995,2.36
2026-01-25T01:15:00Z,134193,12.66,2026-01-25T01:01:55Z,-14.78,0.996,2.36
2026-01-25T01:30:00Z,134194,12.66,2026-01-25T01:29:30Z,-14.74,0.996,2.359
2026-01-25T01:45:00Z,134195,12.66,2026-01-25T01:33:25Z,-14.71,0.995,2.359
2026-01-25T02:00:00Z,134196,12.66,2026-01-25T01:57:00Z,-14.68,0.994,2.359
2026-01-25T02:15:00Z,134197,12.66,2026-01-25T02:03:40Z,-14.62,0.994,2.359
2026-01-25T02:30:00Z,134198,12.65,2026-01-25T02:19:20Z,-14.55,0.994,2.359
2026-01-25T02:45:00Z,134199,12.65,2026-01-25T02:44:55Z,-14.47,0.994,2.358
2026-01-25T03:00:00Z,134200,12.64,2026-01-25T02:57:05Z,-14.38,0.995,2.358
2026-01-25T03:15:00Z,134201,12.64,2026-01-25T03:02:05Z,-14.27,0.996,2.358
2026-01-25T03:30:00Z,134202,12.65,2026-01-25T03:16:20Z,-14.16,0.998,2.358
2026-01-25T03:45:00Z,134203,12.65,2026-01-25T03:30:05Z,-14.06,0.998,2.357
2026-01-25T04:00:00Z,134204,12.64,2026-01-25T03:46:45Z,-13.95,1,2.357
2026-01-25T04:15:00Z,134205,12.64,2026-01-25T04:09:15Z,-13.85,1.001,2.357
2026-01-25T04:30:00Z,134206,12.64,2026-01-25T04:29:30Z,-13.74,1.002,2.357
2026-01-25T04:45:00Z,134207,12.64,2026-01-25T04:33:00Z,-13.64,1.004,2.356
2026-01-25T05:00:00Z,134208,12.63,2026-01-25T04:57:00Z,-13.54,1.004,2.356
2026-01-25T05:15:00Z,134209,12.62,2026-01-25T05:01:55Z,-13.44,1.004,2.356
2026-01-25T05:30:00Z,134210,12.63,2026-01-25T05:15:40Z,-13.34,1.003,2.356
2026-01-25T05:45:00Z,134211,12.62,2026-01-25T05:34:20Z,-13.22,1.003,2.356
2026-01-25T06:00:00Z,134212,12.62,2026-01-25T05:57:00Z,-13.11,1.003,2.356
2026-01-25T06:15:00Z,134213,12.61,2026-01-25T06:02:00Z,-12.99,1.004,2.355
2026-01-25T06:30:00Z,134214,12.62,2026-01-25T06:21:05Z,-12.89,1.005,2.355
2026-01-25T06:45:00Z,134215,12.62,2026-01-25T06:30:05Z,-12.83,1.006,2.355
2026-01-25T07:00:00Z,134216,12.62,2026-01-25T06:45:10Z,-12.78,1.006,2.355
2026-01-25T07:15:00Z,134217,12.61,2026-01-25T07:01:55Z,-12.77,1.007,2.354
2026-01-25T07:30:00Z,134218,12.62,2026-01-25T07:21:50Z,-12.75,1.007,2.354
2026-01-25T07:45:00Z,134219,12.62,2026-01-25T07:31:30Z,-12.74,1.007,2.354
2026-01-25T08:00:00Z,134220,12.61,2026-01-25T07:49:15Z,-12.72,1.006,2.354
2026-01-25T08:15:00Z,134221,12.61,2026-01-25T08:13:35Z,-12.71,1.01,2.353
2026-01-25T08:30:00Z,134222,12.61,2026-01-25T08:19:00Z,-12.69,1.011,2.353
2026-01-25T08:45:00Z,134223,12.61,2026-01-25T08:32:15Z,-12.66,1.01,2.353
2026-01-25T09:00:00Z,134224,12.61,2026-01-25T08:57:55Z,-12.61,1.008,2.353
2026-01-25T09:15:00Z,134225,12.61,2026-01-25T09:00:35Z,-12.53,1.007,2.352
2026-01-25T09:30:00Z,134226,12.61,2026-01-25T09:24:35Z,-12.42,1.009,2.352
2026-01-25T09:45:00Z,134227,12.6,2026-01-25T09:39:15Z,-12.27,1.01,2.352
2026-01-25T10:00:00Z,134228,12.61,2026-01-25T09:45:15Z,-12.1,1.009,2.352
2026-01-25T10:15:00Z,134229,12.61,2026-01-25T10:01:55Z,-11.89,1.008,2.352
2026-01-25T10:30:00Z,134230,12.62,2026-01-25T10:16:20Z,-11.65,1.008,2.351
2026-01-25T10:45:00Z,134231,12.62,2026-01-25T10:30:05Z,-11.45,1.01,2.351
2026-01-25T11:00:00Z,134232,12.61,2026-01-25T10:57:00Z,-11.25,1.01,2.351
2026-01-25T11:15:00Z,134233,12.61,2026-01-25T11:01:55Z,-11.05,1.011,2.351
2026-01-25T11:30:00Z,134234,12.62,2026-01-25T11:29:15Z,-10.85,1.012,2.351
2026-01-25T11:45:00Z,134235,12.63,2026-01-25T11:30:50Z,-10.58,1.013,2.351
2026-01-25T12:00:00Z,134236,12.62,2026-01-25T11:57:00Z,-10.28,1.011,2.35
2026-01-25T12:15:00Z,134237,12.64,2026-01-25T12:01:55Z,-9.98,1.011,2.35
2026-01-25T12:30:00Z,134238,12.64,2026-01-25T12:20:20Z,-9.62,1.01,2.35
2026-01-25T12:45:00Z,134239,12.64,2026-01-25T12:40:20Z,-9.25,1.009,2.35
2026-01-25T13:00:00Z,134240,12.64,2026-01-25T12:55:30Z,-8.95,1.007,2.35
2026-01-25T13:15:00Z,134241,12.64,2026-01-25T13:00:05Z,-8.73,1.008,2.349
2026-01-25T13:30:00Z,134242,12.62,2026-01-25T13:29:35Z,-8.54,1.009,2.349
2026-01-25T13:45:00Z,134243,12.64,2026-01-25T13:30:50Z,-8.39,1.01,2.349
2026-01-25T14:00:00Z,134244,12.63,2026-01-25T13:57:30Z,-8.32,1.011,2.349
2026-01-25T14:15:00Z,134245,12.63,2026-01-25T14:00:10Z,-8.25,1.011,2.348
2026-01-25T14:30:00Z,134246,12.62,2026-01-25T14:26:50Z,-8.2,1.01,2.348
2026-01-25T14:45:00Z,134247,12.62,2026-01-25T14:34:50Z,-8.24,1.009,2.348
2026-01-25T15:00:00Z,134248,12.61,2026-01-25T14:57:00Z,-8.39,1.009,2.348
2026-01-25T15:15:00Z,134249,12.62,2026-01-25T15:02:05Z,-8.6,1.01,2.347
2026-01-25T15:30:00Z,134250,12.62,2026-01-25T15:29:30Z,-8.83,1.01,2.347
2026-01-25T15:45:00Z,134251,12.62,2026-01-25T15:30:05Z,-9.03,1.01,2.346
2026-01-25T16:00:00Z,134252,12.62,2026-01-25T15:49:20Z,-9.2,1.01,2.345
2026-01-25T16:15:00Z,134253,12.62,2026-01-25T16:00:10Z,-9.34,1.011,2.345
2026-01-25T16:30:00Z,134254,12.61,2026-01-25T16:16:45Z,-9.48,1.011,2.345
2026-01-25T16:45:00Z,134255,12.61,2026-01-25T16:30:15Z,-9.61,1.009,2.345
2026-01-25T17:00:00Z,134256,12.61,2026-01-25T16:50:10Z,-9.73,1.01,2.344
2026-01-25T17:15:00Z,134257,12.6,2026-01-25T17:04:40Z,-9.84,1.01,2.344
2026-01-25T17:30:00Z,134258,12.6,2026-01-25T17:21:05Z,-9.95,1.017,2.343
2026-01-25T17:45:00Z,134259,12.6,2026-01-25T17:30:20Z,-10.05,1.012,2.341
2026-01-25T18:00:00Z,134260,12.59,2026-01-25T17:57:05Z,-10.17,1.013,2.341
2026-01-25T18:15:00Z,134261,12.59,2026-01-25T18:01:55Z,-10.33,1.012,2.341
2026-01-25T18:30:00Z,134262,12.59,2026-01-25T18:22:25Z,-10.52,1.013,2.34
2026-01-25T18:45:00Z,134263,12.58,2026-01-25T18:33:50Z,-10.7,1.013,2.34
2026-01-25T19:00:00Z,134264,12.58,2026-01-25T18:49:20Z,-10.89,1.012,2.34
2026-01-25T19:15:00Z,134265,12.59,2026-01-25T19:00:05Z,-11.09,1.014,2.34
2026-01-25T19:30:00Z,134266,12.58,2026-01-25T19:29:35Z,-11.3,1.019,2.339
2026-01-25T19:45:00Z,134267,12.58,2026-01-25T19:31:30Z,-11.49,1.013,2.338
2026-01-25T20:00:00Z,134268,12.57,2026-01-25T19:57:05Z,-11.71,1.013,2.338
2026-01-25T20:15:00Z,134269,12.57,2026-01-25T20:01:55Z,-11.95,1.014,2.338
2026-01-25T20:30:00Z,134270,12.58,2026-01-25T20:17:55Z,-12.12,1.014,2.338
2026-01-25T20:45:00Z,134271,12.56,2026-01-25T20:35:35Z,-12.27,1.013,2.337
2026-01-25T21:00:00Z,134272,12.56,2026-01-25T20:57:00Z,-12.41,1.013,2.337
2026-01-25T21:15:00Z,134273,12.57,2026-01-25T21:00:10Z,-12.55,1.013,2.337
2026-01-25T21:30:00Z,134274,12.56,2026-01-25T21:24:40Z,-12.67,1.014,2.337
2026-01-25T21:45:00Z,134275,12.56,2026-01-25T21:30:25Z,-12.69,1.014,2.336
2026-01-25T22:00:00Z,134276,12.55,2026-01-25T21:57:05Z,-12.68,1.015,2.336
2026-01-25T22:15:00Z,134277,12.55,2026-01-25T22:07:20Z,-12.67,1.019,2.335
2026-01-25T22:30:00Z,134278,12.55,2026-01-25T22:15:20Z,-12.71,1.016,2.334
2026-01-25T22:45:00Z,134279,12.55,2026-01-25T22:34:00Z,-12.73,1.014,2.333
2026-01-25T23:00:00Z,134280,12.55,2026-01-25T22:47:20Z,-12.73,1.015,2.333
2026-01-25T23:15:00Z,134281,12.55,2026-01-25T23:02:00Z,-12.68,1.015,2.333
2026-01-25T23:30:00Z,134282,12.54,2026-01-25T23:29:30Z,-12.58,1.015,2.333
2026-01-25T23:45:00Z,134283,12.54,2026-01-25T23:33:40Z,-12.47,1.014,2.332
2026-01-26T00:15:00Z,134285,12.54,2026-01-26T00:02:00Z,-12.26,1.012,2.331
2026-01-26T00:30:00Z,134286,12.54,2026-01-26T00:17:10Z,-12.2,1.012,2.331
2026-01-26T00:45:00Z,134287,12.54,2026-01-26T00:44:40Z,-12.22,1.012,2.331
2026-01-26T01:00:00Z,134288,12.53,2026-01-26T00:57:00Z,-12.37,1.012,2.33
2026-01-26T01:15:00Z,134289,12.54,2026-01-26T01:00:40Z,-12.63,1.013,2.33
2026-01-26T01:30:00Z,134290,12.53,2026-01-26T01:18:30Z,-13,1.012,2.329
2026-01-26T01:45:00Z,134291,12.53,2026-01-26T01:32:15Z,-13.42,1.012,2.329
2026-01-26T02:00:00Z,134292,12.52,2026-01-26T01:57:05Z,-13.86,1.013,2.329
2026-01-26T02:15:00Z,134293,12.52,2026-01-26T02:02:00Z,-14.45,1.012,2.328
2026-01-26T02:30:00Z,134294,12.53,2026-01-26T02:15:05Z,-15.27,1.012,2.328
2026-01-26T02:45:00Z,134295,12.51,2026-01-26T02:42:55Z,-15.97,1.012,2.327
2026-01-26T03:00:00Z,134296,12.51,2026-01-26T02:53:35Z,-16.05,1.013,2.327
2026-01-26T03:15:00Z,134297,12.51,2026-01-26T03:02:05Z,-15.68,1.012,2.327
2026-01-26T03:30:00Z,134298,12.51,2026-01-26T03:28:00Z,-15.15,1.013,2.326
2026-01-26T03:45:00Z,134299,12.51,2026-01-26T03:33:10Z,-14.65,1.013,2.326
2026-01-26T04:00:00Z,134300,12.51,2026-01-26T03:45:10Z,-14.23,1.013,2.325
2026-01-26T04:15:00Z,134301,12.49,2026-01-26T04:02:00Z,-13.88,1.014,2.325
2026-01-26T04:30:00Z,134302,12.5,2026-01-26T04:22:40Z,-13.58,1.014,2.324
2026-01-26T04:45:00Z,134303,12.5,2026-01-26T04:30:20Z,-13.33,1.014,2.324
2026-01-26T05:00:00Z,134304,12.5,2026-01-26T04:45:45Z,-13.09,1.015,2.323
2026-01-26T05:15:00Z,134305,12.5,2026-01-26T05:00:05Z,-12.85,1.015,2.323
2026-01-26T05:30:00Z,134306,12.5,2026-01-26T05:15:05Z,-12.65,1.016,2.323
2026-01-26T05:45:00Z,134307,12.5,2026-01-26T05:39:50Z,-12.5,1.016,2.322
2026-01-26T06:00:00Z,134308,12.5,2026-01-26T05:47:50Z,-12.4,1.016,2.322
2026-01-26T06:15:00Z,134309,12.49,2026-01-26T06:02:05Z,-12.33,1.017,2.321
2026-01-26T06:30:00Z,134310,12.49,2026-01-26T06:29:35Z,-12.31,1.017,2.321
2026-01-26T06:45:00Z,134311,12.49,2026-01-26T06:43:50Z,-12.4,1.017,2.321
2026-01-26T07:00:00Z,134312,12.49,2026-01-26T06:57:10Z,-12.76,1.017,2.32
2026-01-26T07:15:00Z,134313,12.49,2026-01-26T07:02:00Z,-13.34,1.017,2.32
2026-01-26T07:30:00Z,134314,12.49,2026-01-26T07:15:40Z,-13.99,1.017,2.319
2026-01-26T07:45:00Z,134315,12.49,2026-01-26T07:30:05Z,-14.62,1.018,2.319
2026-01-26T08:00:00Z,134316,12.46,2026-01-26T07:57:05Z,-15.12,1.018,2.318
2026-01-26T08:15:00Z,134317,12.48,2026-01-26T08:02:00Z,-15.49,1.018,2.318
2026-01-26T08:30:00Z,134318,12.48,2026-01-26T08:30:00Z,-15.8,1.017,2.318
2026-01-26T08:45:00Z,134319,12.48,2026-01-26T08:38:20Z,-15.77,1.018,2.317
2026-01-26T09:00:00Z,134320,12.48,2026-01-26T08:50:00Z,-15.44,1.018,2.317
2026-01-26T09:15:00Z,134321,12.48,2026-01-26T09:01:55Z,-14.92,1.018,2.316
2026-01-26T09:30:00Z,134322,12.48,2026-01-26T09:29:25Z,-14.2,1.018,2.316
2026-01-26T09:45:00Z,134323,12.49,2026-01-26T09:30:05Z,-13.34,1.019,2.315
2026-01-26T10:00:00Z,134324,12.5,2026-01-26T09:45:05Z,-12.59,1.019,2.315
2026-01-26T10:15:00Z,134325,12.49,2026-01-26T10:02:00Z,-11.9,1.02,2.315
2026-01-26T10:30:00Z,134326,12.51,2026-01-26T10:16:00Z,-11.24,1.02,2.314
2026-01-26T10:45:00Z,134327,12.51,2026-01-26T10:39:25Z,-10.57,1.02,2.314
2026-01-26T11:00:00Z,134328,12.52,2026-01-26T10:47:05Z,-10.01,1.02,2.314
2026-01-26T11:15:00Z,134329,12.54,2026-01-26T11:00:05Z,-9.56,1.021,2.313
2026-01-26T11:30:00Z,134330,12.53,2026-01-26T11:19:30Z,-9.09,1.021,2.313
2026-01-26T11:45:00Z,134331,12.54,2026-01-26T11:30:05Z,-8.78,1.021,2.313
2026-01-26T12:00:00Z,134332,12.58,2026-01-26T11:45:05Z,-8.38,1.022,2.312
2026-01-26T12:15:00Z,134333,12.58,2026-01-26T12:03:50Z,-7.828,1.023,2.312
2026-01-26T12:30:00Z,134334,12.55,2026-01-26T12:29:35Z,-7.408,1.024,2.312
2026-01-26T12:45:00Z,134335,12.57,2026-01-26T12:36:25Z,-7.283,1.024,2.311
2026-01-26T13:00:00Z,134336,12.59,2026-01-26T12:46:30Z,-7.27,1.024,2.311
2026-01-26T13:15:00Z,134337,12.96,2026-01-26T13:00:05Z,-7.131,1.026,2.314
2026-01-26T13:30:00Z,134338,13.21,2026-01-26T13:26:15Z,-7.013,1.026,2.316
2026-01-26T13:45:00Z,134339,13.35,2026-01-26T13:30:15Z,-7.1,1.026,2.319
2026-01-26T14:00:00Z,134340,13.63,2026-01-26T13:58:50Z,-7.177,1.027,2.322
2026-01-26T14:15:00Z,134341,13.37,2026-01-26T14:10:40Z,-7.239,1.027,2.322
2026-01-26T14:30:00Z,134342,13.4,2026-01-26T14:29:50Z,-7.418,1.027,2.322
2026-01-26T14:45:00Z,134343,13.29,2026-01-26T14:32:20Z,-7.632,1.027,2.32
2026-01-26T15:00:00Z,134344,13.33,2026-01-26T14:57:20Z,-7.743,1.028,2.321
2026-01-26T15:15:00Z,134345,13.22,2026-01-26T15:08:25Z,-7.774,1.028,2.318
2026-01-26T15:30:00Z,134346,13.24,2026-01-26T15:30:00Z,-7.788,1.031,2.318
2026-01-26T15:45:00Z,134347,13.09,2026-01-26T15:44:20Z,-7.906,1.035,2.315
2026-01-26T16:00:00Z,134348,13.04,2026-01-26T15:57:05Z,-8.12,1.029,2.312
2026-01-26T16:15:00Z,134349,13.02,2026-01-26T16:13:30Z,-8.35,1.028,2.311
2026-01-26T16:30:00Z,134350,12.95,2026-01-26T16:29:35Z,-8.58,1.028,2.311
2026-01-26T16:45:00Z,134351,12.91,2026-01-26T16:42:30Z,-8.85,1.029,2.31
2026-01-26T17:00:00Z,134352,12.88,2026-01-26T16:59:20Z,-9.17,1.029,2.31
2026-01-26T17:15:00Z,134353,12.86,2026-01-26T17:11:50Z,-9.5,1.029,2.309
2026-01-26T17:30:00Z,134354,12.84,2026-01-26T17:25:50Z,-9.82,1.029,2.308
2026-01-26T17:45:00Z,134355,12.81,2026-01-26T17:40:45Z,-10.16,1.029,2.308
2026-01-26T18:00:00Z,134356,12.8,2026-01-26T17:58:35Z,-10.54,1.03,2.307
2026-01-26T18:15:00Z,134357,12.79,2026-01-26T18:02:00Z,-10.9,1.03,2.307
2026-01-26T18:30:00Z,134358,12.77,2026-01-26T18:29:30Z,-11.26,1.031,2.306
2026-01-26T18:45:00Z,134359,12.77,2026-01-26T18:39:25Z,-11.58,1.031,2.306
2026-01-26T19:00:00Z,134360,12.76,2026-01-26T18:59:55Z,-11.93,1.031,2.305
2026-01-26T19:15:00Z,134361,12.75,2026-01-26T19:02:00Z,-12.46,1.032,2.305
2026-01-26T19:30:00Z,134362,12.74,2026-01-26T19:29:15Z,-13.24,1.032,2.304
2026-01-26T19:45:00Z,134363,12.74,2026-01-26T19:31:55Z,-14.03,1.032,2.304
2026-01-26T20:00:00Z,134364,12.72,2026-01-26T19:55:55Z,-14.77,1.032,2.303
2026-01-26T20:15:00Z,134365,12.72,2026-01-26T20:01:55Z,-15.39,1.033,2.303
2026-01-26T20:30:00Z,134366,12.71,2026-01-26T20:26:40Z,-15.93,1.034,2.302
2026-01-26T20:45:00Z,134367,12.71,2026-01-26T20:43:20Z,-16.39,1.037,2.301
2026-01-26T21:00:00Z,134368,12.69,2026-01-26T20:57:00Z,-16.82,1.035,2.3
2026-01-26T21:15:00Z,134369,12.7,2026-01-26T21:02:00Z,-17.24,1.035,2.299
2026-01-26T21:30:00Z,134370,12.69,2026-01-26T21:29:30Z,-17.62,1.036,2.299
2026-01-26T21:45:00Z,134371,12.68,2026-01-26T21:44:15Z,-17.92,1.036,2.299
2026-01-26T22:00:00Z,134372,12.68,2026-01-26T21:59:25Z,-18.2,1.038,2.298
2026-01-26T22:15:00Z,134373,12.67,2026-01-26T22:11:45Z,-18.46,1.038,2.298
2026-01-26T22:30:00Z,134374,12.66,2026-01-26T22:29:35Z,-18.68,1.039,2.298
2026-01-26T22:45:00Z,134375,12.65,2026-01-26T22:39:30Z,-18.89,1.04,2.297
2026-01-26T23:00:00Z,134376,12.64,2026-01-26T22:57:05Z,-19.06,1.041,2.297
2026-01-26T23:15:00Z,134377,12.64,2026-01-26T23:14:10Z,-19.16,1.041,2.297
2026-01-26T23:30:00Z,134378,12.63,2026-01-26T23:27:30Z,-19.26,1.042,2.296
2026-01-26T23:45:00Z,134379,12.63,2026-01-26T23:30:10Z,-19.43,1.043,2.296
2026-01-27T00:15:00Z,134381,12.62,2026-01-27T00:02:00Z,-19.82,1.045,2.295
2026-01-27T00:30:00Z,134382,12.62,2026-01-27T00:29:15Z,-19.97,1.045,2.295
2026-01-27T00:45:00Z,134383,12.62,2026-01-27T00:34:50Z,-20.05,1.045,2.295
2026-01-27T01:00:00Z,134384,12.61,2026-01-27T00:47:00Z,-19.98,1.047,2.294
2026-01-27T01:15:00Z,134385,12.6,2026-01-27T01:10:25Z,-19.79,1.049,2.294
2026-01-27T01:30:00Z,134386,12.6,2026-01-27T01:26:05Z,-19.6,1.05,2.293
2026-01-27T01:45:00Z,134387,12.59,2026-01-27T01:44:45Z,-19.33,1.051,2.293
2026-01-27T02:00:00Z,134388,12.58,2026-01-27T01:59:25Z,-18.96,1.052,2.293
2026-01-27T02:15:00Z,134389,12.58,2026-01-27T02:13:45Z,-18.64,1.052,2.292
2026-01-27T02:30:00Z,134390,12.57,2026-01-27T02:26:00Z,-18.44,1.053,2.292
2026-01-27T02:45:00Z,134391,12.57,2026-01-27T02:43:05Z,-18.28,1.054,2.291
2026-01-27T03:00:00Z,134392,12.56,2026-01-27T02:57:00Z,-18.14,1.06,2.291
2026-01-27T03:15:00Z,134393,12.57,2026-01-27T03:00:05Z,-18.01,1.058,2.29
2026-01-27T03:30:00Z,134394,12.53,2026-01-27T03:29:35Z,-17.85,1.058,2.289
2026-01-27T03:45:00Z,134395,12.56,2026-01-27T03:41:25Z,-17.65,1.059,2.289
2026-01-27T04:00:00Z,134396,12.54,2026-01-27T03:57:00Z,-17.46,1.06,2.289
2026-01-27T04:15:00Z,134397,12.54,2026-01-27T04:01:55Z,-17.23,1.062,2.288
2026-01-27T04:30:00Z,134398,12.55,2026-01-27T04:26:35Z,-16.91,1.063,2.288
2026-01-27T04:45:00Z,134399,12.55,2026-01-27T04:45:00Z,-16.43,1.065,2.288
2026-01-27T05:00:00Z,134400,12.54,2026-01-27T04:53:05Z,-15.77,1.065,2.288
2026-01-27T05:15:00Z,134401,12.53,2026-01-27T05:01:55Z,-15.08,1.066,2.287
2026-01-27T05:30:00Z,134402,12.54,2026-01-27T05:15:50Z,-14.45,1.067,2.287
2026-01-27T05:45:00Z,134403,12.52,2026-01-27T05:39:25Z,-13.91,1.069,2.286
2026-01-27T06:00:00Z,134404,12.53,2026-01-27T05:50:40Z,-13.48,1.069,2.286
2026-01-27T06:15:00Z,134405,12.51,2026-01-27T06:01:55Z,-13.16,1.069,2.285
2026-01-27T06:30:00Z,134406,12.52,2026-01-27T06:22:40Z,-12.91,1.07,2.285
2026-01-27T06:45:00Z,134407,12.52,2026-01-27T06:30:40Z,-12.73,1.071,2.285
2026-01-27T07:00:00Z,134408,12.51,2026-01-27T06:57:00Z,-12.57,1.073,2.284
2026-01-27T07:15:00Z,134409,12.5,2026-01-27T07:01:55Z,-12.41,1.072,2.284
2026-01-27T07:30:00Z,134410,12.5,2026-01-27T07:29:25Z,-12.27,1.072,2.283
2026-01-27T07:45:00Z,134411,12.51,2026-01-27T07:39:30Z,-12.14,1.074,2.283
2026-01-27T08:00:00Z,134412,12.5,2026-01-27T07:57:05Z,-12.01,1.075,2.282
2026-01-27T08:15:00Z,134413,12.5,2026-01-27T08:01:55Z,-11.88,1.075,2.282
2026-01-27T08:30:00Z,134414,12.5,2026-01-27T08:29:35Z,-11.75,1.076,2.282
2026-01-27T08:45:00Z,134415,12.52,2026-01-27T08:30:05Z,-11.6,1.076,2.281
2026-01-27T09:00:00Z,134416,12.53,2026-01-27T08:45:05Z,-11.45,1.073,2.281
2026-01-27T09:15:00Z,134417,12.53,2026-01-27T09:01:55Z,-11.25,1.073,2.281
2026-01-27T09:30:00Z,134418,12.58,2026-01-27T09:15:05Z,-10.9,1.073,2.28
2026-01-27T09:45:00Z,134419,12.61,2026-01-27T09:30:05Z,-10.52,1.074,2.28
2026-01-27T10:00:00Z,134420,12.62,2026-01-27T09:46:30Z,-10.21,1.074,2.28
2026-01-27T10:15:00Z,134421,12.65,2026-01-27T10:01:55Z,-9.92,1.075,2.28
2026-01-27T10:30:00Z,134422,12.69,2026-01-27T10:15:05Z,-9.62,1.075,2.28
2026-01-27T10:45:00Z,134423,12.77,2026-01-27T10:32:00Z,-9.18,1.076,2.28
2026-01-27T11:00:00Z,134424,12.84,2026-01-27T10:52:20Z,-8.76,1.076,2.28
2026-01-27T11:15:00Z,134425,12.92,2026-01-27T11:00:05Z,-8.33,1.078,2.28
2026-01-27T11:30:00Z,134426,13,2026-01-27T11:27:45Z,-7.822,1.079,2.28
2026-01-27T11:45:00Z,134427,12.97,2026-01-27T11:36:25Z,-7.479,1.08,2.28
2026-01-27T12:00:00Z,134428,12.98,2026-01-27T11:45:05Z,-7.26,1.08,2.279
2026-01-27T12:15:00Z,134429,13.07,2026-01-27T12:14:50Z,-7,1.081,2.279
2026-01-27T12:30:00Z,134430,13.02,2026-01-27T12:23:30Z,-6.874,1.082,2.279
2026-01-27T12:45:00Z,134431,13.08,2026-01-27T12:30:05Z,-7.005,1.083,2.279
2026-01-27T13:00:00Z,134432,13.23,2026-01-27T12:46:30Z,-7.22,1.083,2.279
2026-01-27T13:15:00Z,134433,13.23,2026-01-27T13:02:05Z,-7.437,1.084,2.279
2026-01-27T13:30:00Z,134434,13.2,2026-01-27T13:19:15Z,-7.76,1.084,2.279
2026-01-27T13:45:00Z,134435,13.46,2026-01-27T13:30:20Z,-8,1.085,2.286
2026-01-27T14:00:00Z,134436,13.6,2026-01-27T14:00:00Z,-7.738,1.086,2.287
2026-01-27T14:15:00Z,134437,13.51,2026-01-27T14:01:15Z,-7.565,1.085,2.285
2026-01-27T14:30:00Z,134438,13.41,2026-01-27T14:29:50Z,-7.482,1.085,2.284
2026-01-27T14:45:00Z,134439,13.25,2026-01-27T14:37:50Z,-7.669,1.086,2.28
2026-01-27T15:00:00Z,134440,13.44,2026-01-27T14:48:25Z,-7.899,1.088,2.28
2026-01-27T15:15:00Z,134441,13.19,2026-01-27T15:14:40Z,-8.05,1.089,2.279
2026-01-27T15:30:00Z,134442,13.15,2026-01-27T15:23:10Z,-8.23,1.089,2.276
2026-01-27T15:45:00Z,134443,13.07,2026-01-27T15:44:55Z,-8.49,1.09,2.275
2026-01-27T16:00:00Z,134444,13.05,2026-01-27T15:49:45Z,-8.77,1.091,2.274
2026-01-27T16:15:00Z,134445,13.16,2026-01-27T16:14:55Z,-8.89,1.093,2.274
2026-01-27T16:30:00Z,134446,13.12,2026-01-27T16:18:15Z,-8.96,1.094,2.273
2026-01-27T16:45:00Z,134447,12.99,2026-01-27T16:44:10Z,-9.09,1.094,2.272
2026-01-27T17:00:00Z,134448,12.93,2026-01-27T16:57:00Z,-9.29,1.096,2.27
2026-01-27T17:15:00Z,134449,12.9,2026-01-27T17:14:50Z,-9.64,1.097,2.269
2026-01-27T17:30:00Z,134450,12.86,2026-01-27T17:28:05Z,-10.07,1.097,2.267
2026-01-27T17:45:00Z,134451,12.84,2026-01-27T17:42:05Z,-10.38,1.098,2.266
2026-01-27T18:00:00Z,134452,12.81,2026-01-27T17:59:20Z,-10.6,1.1,2.265
2026-01-27T18:15:00Z,134453,12.8,2026-01-27T18:01:55Z,-10.89,1.101,2.264
2026-01-27T18:30:00Z,134454,12.79,2026-01-27T18:29:15Z,-11.27,1.102,2.264
2026-01-27T18:45:00Z,134455,12.79,2026-01-27T18:33:25Z,-11.5,1.103,2.263
2026-01-27T19:00:00Z,134456,12.71,2026-01-27T18:57:00Z,-11.6,1.104,2.262
2026-01-27T19:15:00Z,134457,12.76,2026-01-27T19:13:25Z,-11.7,1.105,2.261
2026-01-27T19:30:00Z,134458,12.75,2026-01-27T19:29:25Z,-11.96,1.106,2.26
2026-01-27T19:45:00Z,134459,12.75,2026-01-27T19:32:05Z,-12.29,1.107,2.26
2026-01-27T20:00:00Z,134460,12.74,2026-01-27T19:50:55Z,-12.6,1.108,2.259
2026-01-27T20:15:00Z,134461,12.73,2026-01-27T20:01:55Z,-12.84,1.109,2.258
2026-01-27T20:30:00Z,134462,12.72,2026-01-27T20:16:40Z,-12.92,1.11,2.258
2026-01-27T20:45:00Z,134463,12.72,2026-01-27T20:32:15Z,-12.92,1.111,2.257
2026-01-27T21:00:00Z,134464,12.72,2026-01-27T20:56:00Z,-12.87,1.112,2.256
2026-01-27T21:15:00Z,134465,12.71,2026-01-27T21:07:50Z,-12.78,1.113,2.256
2026-01-27T21:30:00Z,134466,12.71,2026-01-27T21:24:00Z,-12.71,1.114,2.255
2026-01-27T21:45:00Z,134467,12.7,2026-01-27T21:39:55Z,-12.64,1.115,2.254
2026-01-27T22:00:00Z,134468,12.69,2026-01-27T21:57:10Z,-12.61,1.116,2.254
2026-01-27T22:15:00Z,134469,12.69,2026-01-27T22:01:55Z,-12.58,1.118,2.253
2026-01-27T22:30:00Z,134470,12.69,2026-01-27T22:29:45Z,-12.56,1.119,2.253
2026-01-27T22:45:00Z,134471,12.68,2026-01-27T22:43:10Z,-12.51,1.12,2.252
2026-01-27T23:00:00Z,134472,12.68,2026-01-27T22:47:00Z,-12.46,1.121,2.252
2026-01-27T23:15:00Z,134473,12.67,2026-01-27T23:02:00Z,-12.39,1.121,2.251
2026-01-27T23:30:00Z,134474,12.67,2026-01-27T23:17:00Z,-12.32,1.122,2.251
2026-01-27T23:45:00Z,134475,12.66,2026-01-27T23:35:40Z,-12.25,1.123,2.25
2026-01-28T00:15:00Z,134477,12.65,2026-01-28T00:01:55Z,-12.15,1.125,2.249
2026-01-28T00:30:00Z,134478,12.64,2026-01-28T00:27:20Z,-12.11,1.127,2.249
2026-01-28T00:45:00Z,134479,12.65,2026-01-28T00:30:05Z,-12.08,1.128,2.248
2026-01-28T01:00:00Z,134480,12.64,2026-01-28T00:57:00Z,-12.11,1.128,2.248
2026-01-28T01:15:00Z,134481,12.64,2026-01-28T01:01:30Z,-12.13,1.129,2.248
2026-01-28T01:30:00Z,134482,12.64,2026-01-28T01:20:05Z,-12.15,1.13,2.247
2026-01-28T01:45:00Z,134483,12.64,2026-01-28T01:30:10Z,-12.15,1.131,2.247
2026-01-28T02:00:00Z,134484,12.62,2026-01-28T01:54:20Z,-12.19,1.132,2.246
2026-01-28T02:15:00Z,134485,12.61,2026-01-28T02:02:00Z,-12.24,1.133,2.246
2026-01-28T02:30:00Z,134486,12.61,2026-01-28T02:29:35Z,-12.3,1.134,2.246
2026-01-28T02:45:00Z,134487,12.61,2026-01-28T02:34:25Z,-12.34,1.135,2.245
2026-01-28T03:00:00Z,134488,12.6,2026-01-28T02:57:05Z,-12.38,1.136,2.245
2026-01-28T03:15:00Z,134489,12.6,2026-01-28T03:12:35Z,-12.39,1.137,2.244
2026-01-28T03:30:00Z,134490,12.6,2026-01-28T03:25:55Z,-12.39,1.138,2.244
2026-01-28T03:45:00Z,134491,12.59,2026-01-28T03:31:15Z,-12.36,1.139,2.243
2026-01-28T04:00:00Z,134492,12.59,2026-01-28T03:47:15Z,-12.33,1.14,2.243
2026-01-28T04:15:00Z,134493,12.58,2026-01-28T04:02:00Z,-12.3,1.141,2.243
2026-01-28T04:30:00Z,134494,12.58,2026-01-28T04:21:55Z,-12.27,1.142,2.242
2026-01-28T04:45:00Z,134495,12.58,2026-01-28T04:31:25Z,-12.27,1.142,2.242
2026-01-28T05:00:00Z,134496,12.57,2026-01-28T04:57:05Z,-12.27,1.143,2.241
2026-01-28T05:15:00Z,134497,12.57,2026-01-28T05:07:30Z,-12.28,1.144,2.241
2026-01-28T05:30:00Z,134498,12.57,2026-01-28T05:15:05Z,-12.31,1.144,2.241
2026-01-28T05:45:00Z,134499,12.56,2026-01-28T05:31:35Z,-12.34,1.145,2.24
2026-01-28T06:00:00Z,134500,12.55,2026-01-28T05:57:05Z,-12.37,1.146,2.24
2026-01-28T06:15:00Z,134501,12.55,2026-01-28T06:02:00Z,-12.4,1.147,2.239
2026-01-28T06:30:00Z,134502,12.55,2026-01-28T06:22:20Z,-12.44,1.147,2.239
2026-01-28T06:45:00Z,134503,12.54,2026-01-28T06:44:20Z,-12.47,1.148,2.239
2026-01-28T07:00:00Z,134504,12.53,2026-01-28T06:57:05Z,-12.5,1.149,2.238
2026-01-28T07:15:00Z,134505,12.53,2026-01-28T07:01:55Z,-12.5,1.149,2.238
2026-01-28T07:30:00Z,134506,12.51,2026-01-28T07:29:30Z,-12.5,1.149,2.237
2026-01-28T07:45:00Z,134507,12.52,2026-01-28T07:42:50Z,-12.51,1.149,2.237
2026-01-28T08:00:00Z,134508,12.51,2026-01-28T07:53:30Z,-12.63,1.15,2.236
2026-01-28T08:15:00Z,134509,12.51,2026-01-28T08:01:30Z,-12.91,1.15,2.236
2026-01-28T08:30:00Z,134510,12.53,2026-01-28T08:15:05Z,-13.23,1.15,2.236
2026-01-28T08:45:00Z,134511,12.53,2026-01-28T08:30:05Z,-13.49,1.151,2.235
2026-01-28T09:00:00Z,134512,12.56,2026-01-28T08:45:05Z,-13.61,1.151,2.235
2026-01-28T09:15:00Z,134513,12.57,2026-01-28T09:01:55Z,-13.64,1.152,2.235
2026-01-28T09:30:00Z,134514,12.6,2026-01-28T09:15:05Z,-13.67,1.152,2.235
2026-01-28T09:45:00Z,134515,12.67,2026-01-28T09:30:05Z,-13.47,1.153,2.235
2026-01-28T10:00:00Z,134516,12.71,2026-01-28T09:45:20Z,-13.29,1.152,2.235
2026-01-28T10:15:00Z,134517,12.76,2026-01-28T10:00:05Z,-13.21,1.152,2.235
2026-01-28T10:30:00Z,134518,12.84,2026-01-28T10:15:05Z,-13.08,1.152,2.236
2026-01-28T10:45:00Z,134519,12.9,2026-01-28T10:31:45Z,-12.82,1.152,2.236
2026-01-28T11:00:00Z,134520,12.98,2026-01-28T10:45:40Z,-12.33,1.154,2.236
2026-01-28T11:15:00Z,134521,12.97,2026-01-28T11:01:55Z,-11.96,1.153,2.237
2026-01-28T11:30:00Z,134522,13,2026-01-28T11:24:10Z,-11.6,1.154,2.236
2026-01-28T11:45:00Z,134523,13.01,2026-01-28T11:30:25Z,-11.4,1.154,2.236
2026-01-28T12:00:00Z,134524,13.11,2026-01-28T11:45:05Z,-11.21,1.155,2.237
2026-01-28T12:15:00Z,134525,13.19,2026-01-28T12:13:05Z,-10.86,1.156,2.237
2026-01-28T12:30:00Z,134526,13.23,2026-01-28T12:15:05Z,-10.58,1.155,2.238
2026-01-28T12:45:00Z,134527,13.37,2026-01-28T12:33:30Z,-10.3,1.155,2.238
2026-01-28T13:00:00Z,134528,13.37,2026-01-28T12:50:50Z,-9.97,1.156,2.238
2026-01-28T13:15:00Z,134529,13.42,2026-01-28T13:14:00Z,-9.75,1.157,2.239
2026-01-28T13:30:00Z,134530,13.35,2026-01-28T13:29:30Z,-9.58,1.157,2.238
2026-01-28T13:45:00Z,134531,13.36,2026-01-28T13:30:10Z,-9.44,1.158,2.238
2026-01-28T14:00:00Z,134532,13.4,2026-01-28T13:52:20Z,-9.36,1.159,2.238
2026-01-28T14:15:00Z,134533,13.48,2026-01-28T14:01:55Z,-9.37,1.159,2.238
2026-01-28T14:30:00Z,134534,13.41,2026-01-28T14:29:25Z,-9.19,1.16,2.238
2026-01-28T14:45:00Z,134535,13.28,2026-01-28T14:43:40Z,-8.98,1.159,2.237
2026-01-28T15:00:00Z,134536,13.25,2026-01-28T14:57:00Z,-8.92,1.16,2.236
2026-01-28T15:15:00Z,134537,13.22,2026-01-28T15:08:50Z,-8.99,1.16,2.235
2026-01-28T15:30:00Z,134538,13.26,2026-01-28T15:15:05Z,-9.13,1.16,2.235
2026-01-28T15:45:00Z,134539,13.18,2026-01-28T15:44:40Z,-9.29,1.16,2.234
2026-01-28T16:00:00Z,134540,13.11,2026-01-28T15:59:30Z,-9.46,1.16,2.233
2026-01-28T16:15:00Z,134541,13.05,2026-01-28T16:14:00Z,-9.71,1.159,2.232
2026-01-28T16:30:00Z,134542,12.99,2026-01-28T16:29:30Z,-9.99,1.159,2.231
2026-01-28T16:45:00Z,134543,12.99,2026-01-28T16:44:55Z,-10.29,1.159,2.23
2026-01-28T17:00:00Z,134544,12.98,2026-01-28T16:47:35Z,-10.6,1.158,2.23
2026-01-28T17:15:00Z,134545,12.97,2026-01-28T17:14:45Z,-10.85,1.159,2.23
2026-01-28T17:30:00Z,134546,12.86,2026-01-28T17:29:30Z,-11.18,1.159,2.228
2026-01-28T17:45:00Z,134547,12.82,2026-01-28T17:43:10Z,-11.48,1.159,2.227
2026-01-28T18:00:00Z,134548,12.79,2026-01-28T17:57:05Z,-11.71,1.159,2.227
2026-01-28T18:15:00Z,134549,12.78,2026-01-28T18:01:55Z,-11.89,1.159,2.226
2026-01-28T18:30:00Z,134550,12.71,2026-01-28T18:19:45Z,-12.04,1.159,2.225
2026-01-28T18:45:00Z,134551,12.76,2026-01-28T18:35:05Z,-12.15,1.159,2.225
2026-01-28T19:00:00Z,134552,12.74,2026-01-28T19:00:00Z,-12.23,1.159,2.224
2026-01-28T19:15:00Z,134553,12.73,2026-01-28T19:01:55Z,-12.26,1.159,2.223
2026-01-28T19:30:00Z,134554,12.72,2026-01-28T19:26:20Z,-12.27,1.159,2.223
2026-01-28T19:45:00Z,134555,12.72,2026-01-28T19:42:35Z,-12.25,1.159,2.223
2026-01-28T20:00:00Z,134556,12.7,2026-01-28T19:58:55Z,-12.21,1.158,2.222
2026-01-28T20:15:00Z,134557,12.69,2026-01-28T20:05:30Z,-12.15,1.157,2.222
2026-01-28T20:30:00Z,134558,12.69,2026-01-28T20:25:35Z,-12.09,1.157,2.221
2026-01-28T20:45:00Z,134559,12.68,2026-01-28T20:44:15Z,-12.02,1.157,2.221
2026-01-28T21:00:00Z,134560,12.68,2026-01-28T20:57:15Z,-11.95,1.157,2.22
2026-01-28T21:15:00Z,134561,12.67,2026-01-28T21:01:55Z,-11.88,1.157,2.22
2026-01-28T21:30:00Z,134562,12.66,2026-01-28T21:29:30Z,-11.81,1.156,2.219
2026-01-28T21:45:00Z,134563,12.67,2026-01-28T21:31:45Z,-11.73,1.156,2.219
2026-01-28T22:00:00Z,134564,12.65,2026-01-28T21:57:05Z,-11.65,1.156,2.219
2026-01-28T22:15:00Z,134565,12.65,2026-01-28T22:01:55Z,-11.58,1.155,2.218
2026-01-28T22:30:00Z,134566,12.64,2026-01-28T22:19:10Z,-11.48,1.155,2.218
2026-01-28T22:45:00Z,134567,12.65,2026-01-28T22:31:50Z,-11.37,1.155,2.217
2026-01-28T23:00:00Z,134568,12.64,2026-01-28T22:48:45Z,-11.28,1.155,2.217
2026-01-28T23:15:00Z,134569,12.62,2026-01-28T23:01:55Z,-11.23,1.154,2.216
2026-01-28T23:30:00Z,134570,12.62,2026-01-28T23:29:30Z,-11.21,1.154,2.216
2026-01-28T23:45:00Z,134571,12.62,2026-01-28T23:35:40Z,-11.21,1.153,2.216
2026-01-29T00:15:00Z,134573,12.61,2026-01-29T00:01:55Z,-11.23,1.152,2.215
2026-01-29T00:30:00Z,134574,12.61,2026-01-29T00:15:50Z,-11.23,1.152,2.214
2026-01-29T00:45:00Z,134575,12.6,2026-01-29T00:39:50Z,-11.23,1.152,2.214
2026-01-29T01:00:00Z,134576,12.59,2026-01-29T00:50:30Z,-11.23,1.152,2.213
2026-01-29T01:15:00Z,134577,12.58,2026-01-29T01:01:55Z,-11.24,1.153,2.213
2026-01-29T01:30:00Z,134578,12.57,2026-01-29T01:29:25Z,-11.26,1.151,2.212
2026-01-29T01:45:00Z,134579,12.58,2026-01-29T01:35:00Z,-11.28,1.151,2.212
2026-01-29T02:00:00Z,134580,12.58,2026-01-29T01:50:25Z,-11.3,1.151,2.211
2026-01-29T02:15:00Z,134581,12.57,2026-01-29T02:02:05Z,-11.32,1.151,2.211
2026-01-29T02:30:00Z,134582,12.54,2026-01-29T02:29:35Z,-11.34,1.15,2.21
2026-01-29T02:45:00Z,134583,12.55,2026-01-29T02:44:25Z,-11.36,1.15,2.21
2026-01-29T03:00:00Z,134584,12.54,2026-01-29T02:56:55Z,-11.39,1.149,2.209
2026-01-29T03:15:00Z,134585,12.53,2026-01-29T03:09:50Z,-11.45,1.149,2.209
2026-01-29T03:30:00Z,134586,12.52,2026-01-29T03:29:25Z,-11.59,1.149,2.209
2026-01-29T03:45:00Z,134587,12.54,2026-01-29T03:35:20Z,-11.98,1.15,2.208
2026-01-29T04:00:00Z,134588,12.53,2026-01-29T03:58:50Z,-12.68,1.15,2.208
2026-01-29T04:15:00Z,134589,12.53,2026-01-29T04:02:00Z,-13.44,1.149,2.207
2026-01-29T04:30:00Z,134590,12.51,2026-01-29T04:29:35Z,-13.9,1.149,2.207
2026-01-29T04:45:00Z,134591,12.51,2026-01-29T04:30:05Z,-14.11,1.148,2.207
2026-01-29T05:00:00Z,134592,12.5,2026-01-29T04:56:55Z,-14.13,1.148,2.206
2026-01-29T05:15:00Z,134593,12.5,2026-01-29T05:01:55Z,-14.1,1.147,2.206
2026-01-29T05:30:00Z,134594,12.49,2026-01-29T05:29:25Z,-14.09,1.147,2.205
2026-01-29T05:45:00Z,134595,12.5,2026-01-29T05:30:45Z,-14.02,1.146,2.205
2026-01-29T06:00:00Z,134596,12.5,2026-01-29T05:57:10Z,-13.85,1.145,2.204
2026-01-29T06:15:00Z,134597,12.5,2026-01-29T06:00:10Z,-13.67,1.145,2.204
2026-01-29T06:30:00Z,134598,12.49,2026-01-29T06:17:40Z,-13.48,1.145,2.204
2026-01-29T06:45:00Z,134599,12.49,2026-01-29T06:31:55Z,-13.29,1.144,2.203
2026-01-29T07:00:00Z,134600,12.49,2026-01-29T06:57:05Z,-13.1,1.143,2.203
2026-01-29T07:15:00Z,134601,12.48,2026-01-29T07:01:55Z,-12.89,1.143,2.202
2026-01-29T07:30:00Z,134602,12.48,2026-01-29T07:29:30Z,-12.71,1.142,2.202
2026-01-29T07:45:00Z,134603,12.48,2026-01-29T07:37:00Z,-12.54,1.142,2.201
2026-01-29T08:00:00Z,134604,12.48,2026-01-29T07:45:30Z,-12.37,1.141,2.201
2026-01-29T08:15:00Z,134605,12.48,2026-01-29T08:00:10Z,-12.21,1.14,2.201
2026-01-29T08:30:00Z,134606,12.47,2026-01-29T08:29:25Z,-12.04,1.139,2.2
2026-01-29T08:45:00Z,134607,12.49,2026-01-29T08:31:00Z,-11.85,1.139,2.2
2026-01-29T09:00:00Z,134608,12.5,2026-01-29T08:45:05Z,-11.61,1.138,2.199
2026-01-29T09:15:00Z,134609,12.51,2026-01-29T09:01:55Z,-11.32,1.138,2.199
2026-01-29T09:30:00Z,134610,12.55,2026-01-29T09:15:10Z,-10.99,1.137,2.199
2026-01-29T09:45:00Z,134611,12.59,2026-01-29T09:30:05Z,-10.64,1.137,2.199
2026-01-29T10:00:00Z,134612,12.64,2026-01-29T09:45:05Z,-10.25,1.136,2.199
2026-01-29T10:15:00Z,134613,12.7,2026-01-29T10:00:05Z,-9.82,1.136,2.199
2026-01-29T10:30:00Z,134614,12.77,2026-01-29T10:15:05Z,-9.35,1.135,2.199
2026-01-29T10:45:00Z,134615,12.85,2026-01-29T10:30:05Z,-8.89,1.135,2.2
2026-01-29T11:00:00Z,134616,12.92,2026-01-29T10:45:05Z,-8.44,1.135,2.2
2026-01-29T11:15:00Z,134617,13,2026-01-29T11:01:55Z,-7.953,1.135,2.2
2026-01-29T11:30:00Z,134618,13.11,2026-01-29T11:15:05Z,-7.492,1.134,2.201
2026-01-29T11:45:00Z,134619,13.2,2026-01-29T11:30:05Z,-7.001,1.134,2.202
2026-01-29T12:00:00Z,134620,13.28,2026-01-29T11:45:05Z,-6.5,1.134,2.202
2026-01-29T12:15:00Z,134621,13.35,2026-01-29T12:00:10Z,-6.045,1.134,2.202
2026-01-29T12:30:00Z,134622,13.36,2026-01-29T12:28:25Z,-5.685,1.134,2.203
2026-01-29T12:45:00Z,134623,13.41,2026-01-29T12:30:05Z,-5.416,1.134,2.203
2026-01-29T13:00:00Z,134624,13.41,2026-01-29T12:58:50Z,-5.184,1.134,2.203
2026-01-29T13:15:00Z,134625,13.45,2026-01-29T13:01:55Z,-4.957,1.134,2.203
2026-01-29T13:30:00Z,134626,13.39,2026-01-29T13:29:15Z,-4.759,1.135,2.203
2026-01-29T13:45:00Z,134627,13.38,2026-01-29T13:41:15Z,-4.591,1.161,2.202
2026-01-29T14:00:00Z,134628,13.35,2026-01-29T13:57:15Z,-4.512,1.187,2.201
2026-01-29T14:15:00Z,134629,13.34,2026-01-29T14:13:50Z,-4.508,1.197,2.201
2026-01-29T14:30:00Z,134630,13.29,2026-01-29T14:29:40Z,-4.558,1.201,2.2
2026-01-29T14:45:00Z,134631,13.27,2026-01-29T14:43:25Z,-4.614,1.203,2.199
2026-01-29T15:00:00Z,134632,13.23,2026-01-29T14:50:20Z,-4.719,1.204,2.198
2026-01-29T15:15:00Z,134633,13.21,2026-01-29T15:13:10Z,-4.903,1.203,2.198
2026-01-29T15:30:00Z,134634,13.15,2026-01-29T15:29:25Z,-5.128,1.202,2.197
2026-01-29T15:45:00Z,134635,13.13,2026-01-29T15:42:40Z,-5.35,1.202,2.196
2026-01-29T16:00:00Z,134636,13.08,2026-01-29T15:59:35Z,-5.592,1.2,2.196
2026-01-29T16:15:00Z,134637,13.03,2026-01-29T16:13:55Z,-5.855,1.199,2.195
2026-01-29T16:30:00Z,134638,12.98,2026-01-29T16:29:30Z,-6.158,1.196,2.194
2026-01-29T16:45:00Z,134639,12.94,2026-01-29T16:44:15Z,-6.5,1.194,2.193
2026-01-29T17:00:00Z,134640,12.9,2026-01-29T16:59:30Z,-6.849,1.192,2.193
2026-01-29T17:15:00Z,134641,12.86,2026-01-29T17:12:35Z,-7.171,1.19,2.192
2026-01-29T17:30:00Z,134642,12.82,2026-01-29T17:29:40Z,-7.489,1.188,2.191
2026-01-29T17:45:00Z,134643,12.8,2026-01-29T17:44:50Z,-7.808,1.187,2.191
2026-01-29T18:00:00Z,134644,12.77,2026-01-29T17:58:10Z,-8.15,1.186,2.19
2026-01-29T18:15:00Z,134645,12.76,2026-01-29T18:09:45Z,-8.48,1.185,2.19
2026-01-29T18:30:00Z,134646,12.76,2026-01-29T18:22:10Z,-8.81,1.183,2.189
2026-01-29T18:45:00Z,134647,12.75,2026-01-29T18:35:30Z,-9.1,1.182,2.189
2026-01-29T19:00:00Z,134648,12.73,2026-01-29T18:56:50Z,-9.37,1.181,2.188
2026-01-29T19:15:00Z,134649,12.73,2026-01-29T19:02:00Z,-9.58,1.18,2.188
2026-01-29T19:30:00Z,134650,12.72,2026-01-29T19:29:30Z,-9.76,1.179,2.187
2026-01-29T19:45:00Z,134651,12.72,2026-01-29T19:32:10Z,-9.9,1.178,2.187
2026-01-29T20:00:00Z,134652,12.71,2026-01-29T19:49:15Z,-10.02,1.177,2.187
2026-01-29T20:15:00Z,134653,12.7,2026-01-29T20:01:55Z,-10.12,1.176,2.186
2026-01-29T20:30:00Z,134654,12.7,2026-01-29T20:21:00Z,-10.16,1.175,2.186
2026-01-29T20:45:00Z,134655,12.7,2026-01-29T20:37:40Z,-10.19,1.174,2.186
2026-01-29T21:00:00Z,134656,12.69,2026-01-29T20:47:05Z,-10.22,1.173,2.185
2026-01-29T21:15:00Z,134657,12.67,2026-01-29T21:02:05Z,-10.26,1.171,2.185
2026-01-29T21:30:00Z,134658,12.66,2026-01-29T21:29:25Z,-10.3,1.17,2.185
2026-01-29T21:45:00Z,134659,12.67,2026-01-29T21:40:55Z,-10.35,1.169,2.184
2026-01-29T22:00:00Z,134660,12.66,2026-01-29T21:57:05Z,-10.38,1.168,2.184
2026-01-29T22:15:00Z,134661,12.66,2026-01-29T22:01:55Z,-10.41,1.166,2.184
2026-01-29T22:30:00Z,134662,12.66,2026-01-29T22:17:45Z,-10.44,1.165,2.183
2026-01-29T22:45:00Z,134663,12.65,2026-01-29T22:41:45Z,-10.48,1.163,2.183
2026-01-29T23:00:00Z,134664,12.64,2026-01-29T22:55:05Z,-10.5,1.161,2.183
2026-01-29T23:15:00Z,134665,12.64,2026-01-29T23:02:00Z,-10.52,1.16,2.182
2026-01-29T23:30:00Z,134666,12.63,2026-01-29T23:29:30Z,-10.54,1.159,2.182
2026-01-29T23:45:00Z,134667,12.64,2026-01-29T23:31:10Z,-10.56,1.158,2.182
2026-01-30T00:15:00Z,134669,12.61,2026-01-30T00:02:00Z,-10.64,1.155,2.181
2026-01-30T00:30:00Z,134670,12.61,2026-01-30T00:29:40Z,-10.7,1.154,2.181
2026-01-30T00:45:00Z,134671,12.61,2026-01-30T00:31:00Z,-10.75,1.152,2.18
2026-01-30T01:00:00Z,134672,12.61,2026-01-30T00:49:50Z,-10.77,1.151,2.179
2026-01-30T01:15:00Z,134673,12.59,2026-01-30T01:01:55Z,-10.77,1.15,2.179
2026-01-30T01:30:00Z,134674,12.58,2026-01-30T01:29:25Z,-10.76,1.149,2.179
2026-01-30T01:45:00Z,134675,12.59,2026-01-30T01:37:15Z,-10.73,1.148,2.179
2026-01-30T02:00:00Z,134676,12.54,2026-01-30T01:56:55Z,-10.72,1.148,2.178
2026-01-30T02:15:00Z,134677,12.57,2026-01-30T02:01:55Z,-10.74,1.147,2.178
2026-01-30T02:30:00Z,134678,12.58,2026-01-30T02:26:25Z,-10.75,1.145,2.178
2026-01-30T02:45:00Z,134679,12.57,2026-01-30T02:34:40Z,-10.76,1.144,2.177
2026-01-30T03:00:00Z,134680,12.56,2026-01-30T02:58:40Z,-10.74,1.144,2.177
2026-01-30T03:15:00Z,134681,12.55,2026-01-30T03:01:55Z,-10.74,1.143,2.177
2026-01-30T03:30:00Z,134682,12.55,2026-01-30T03:17:20Z,-10.76,1.142,2.176
2026-01-30T03:45:00Z,134683,12.55,2026-01-30T03:41:00Z,-10.78,1.141,2.176
2026-01-30T04:00:00Z,134684,12.54,2026-01-30T03:57:00Z,-10.82,1.14,2.176
2026-01-30T04:15:00Z,134685,12.53,2026-01-30T04:02:05Z,-10.86,1.139,2.175
2026-01-30T04:30:00Z,134686,12.52,2026-01-30T04:29:35Z,-10.9,1.139,2.175
2026-01-30T04:45:00Z,134687,12.53,2026-01-30T04:43:30Z,-10.94,1.138,2.175
2026-01-30T05:00:00Z,134688,12.51,2026-01-30T04:57:05Z,-11.01,1.137,2.174
2026-01-30T05:15:00Z,134689,12.5,2026-01-30T05:09:45Z,-11.13,1.137,2.174
2026-01-30T05:30:00Z,134690,12.5,2026-01-30T05:29:25Z,-11.28,1.136,2.174
2026-01-30T05:45:00Z,134691,12.51,2026-01-30T05:31:10Z,-11.44,1.135,2.173
2026-01-30T06:00:00Z,134692,12.5,2026-01-30T05:56:55Z,-11.57,1.134,2.173
2026-01-30T06:15:00Z,134693,12.49,2026-01-30T06:01:55Z,-11.7,1.134,2.173
2026-01-30T06:30:00Z,134694,12.5,2026-01-30T06:15:05Z,-11.82,1.133,2.172
2026-01-30T06:45:00Z,134695,12.5,2026-01-30T06:39:55Z,-11.92,1.133,2.172
2026-01-30T07:00:00Z,134696,12.49,2026-01-30T06:51:35Z,-12,1.132,2.172
2026-01-30T07:15:00Z,134697,12.48,2026-01-30T07:02:00Z,-12.06,1.131,2.171
2026-01-30T07:30:00Z,134698,12.48,2026-01-30T07:28:55Z,-12.09,1.13,2.171
2026-01-30T07:45:00Z,134699,12.48,2026-01-30T07:31:35Z,-12.1,1.13,2.17
2026-01-30T08:00:00Z,134700,12.48,2026-01-30T07:47:35Z,-12.11,1.129,2.17
2026-01-30T08:15:00Z,134701,12.47,2026-01-30T08:02:00Z,-12.12,1.128,2.169
2026-01-30T08:30:00Z,134702,12.49,2026-01-30T08:15:05Z,-12.12,1.128,2.169
2026-01-30T08:45:00Z,134703,12.5,2026-01-30T08:30:05Z,-12.1,1.128,2.169
2026-01-30T09:00:00Z,134704,12.52,2026-01-30T08:45:05Z,-12.06,1.127,2.169
2026-01-30T09:15:00Z,134705,12.53,2026-01-30T09:01:55Z,-12.02,1.126,2.168
2026-01-30T09:30:00Z,134706,12.59,2026-01-30T09:15:05Z,-11.94,1.126,2.168
2026-01-30T09:45:00Z,134707,12.66,2026-01-30T09:30:05Z,-11.74,1.124,2.169
2026-01-30T10:00:00Z,134708,12.76,2026-01-30T09:45:05Z,-11.41,1.124,2.169
2026-01-30T10:15:00Z,134709,12.85,2026-01-30T10:02:00Z,-11.07,1.123,2.17
2026-01-30T10:30:00Z,134710,12.93,2026-01-30T10:15:05Z,-10.65,1.123,2.17
2026-01-30T10:45:00Z,134711,13.03,2026-01-30T10:30:05Z,-10.24,1.123,2.171
2026-01-30T11:00:00Z,134712,13.16,2026-01-30T10:45:05Z,-9.89,1.122,2.172
2026-01-30T11:15:00Z,134713,13.37,2026-01-30T11:00:05Z,-9.43,1.121,2.173
2026-01-30T11:30:00Z,134714,13.43,2026-01-30T11:29:25Z,-8.89,1.121,2.174
2026-01-30T11:45:00Z,134715,13.44,2026-01-30T11:42:55Z,-8.5,1.121,2.174
2026-01-30T12:00:00Z,134716,13.38,2026-01-30T11:56:55Z,-8.23,1.121,2.174
2026-01-30T12:15:00Z,134717,13.33,2026-01-30T12:03:10Z,-8.13,1.12,2.173
2026-01-30T12:30:00Z,134718,13.36,2026-01-30T12:29:30Z,-8.08,1.12,2.173
2026-01-30T12:45:00Z,134719,13.33,2026-01-30T12:38:40Z,-8.07,1.119,2.173
2026-01-30T13:00:00Z,134720,13.35,2026-01-30T12:45:05Z,-7.899,1.119,2.173
2026-01-30T13:15:00Z,134721,13.33,2026-01-30T13:09:05Z,-7.64,1.118,2.172
2026-01-30T13:30:00Z,134722,13.39,2026-01-30T13:19:15Z,-7.381,1.118,2.172
2026-01-30T13:45:00Z,134723,13.45,2026-01-30T13:33:50Z,-7.104,1.118,2.173
2026-01-30T14:00:00Z,134724,13.63,2026-01-30T13:45:05Z,-6.729,1.117,2.176
2026-01-30T14:15:00Z,134725,13.63,2026-01-30T14:04:55Z,-6.258,1.117,2.178
2026-01-30T14:30:00Z,134726,14.65,2026-01-30T14:16:30Z,-6.015,1.117,2.183
2026-01-30T14:45:00Z,134727,14.81,2026-01-30T14:43:50Z,-5.872,1.117,2.185
2026-01-30T15:00:00Z,134728,13.51,2026-01-30T14:56:05Z,-5.644,1.116,2.183
2026-01-30T15:15:00Z,134729,13.55,2026-01-30T15:15:00Z,-5.338,1.115,2.183
2026-01-30T15:30:00Z,134730,13.4,2026-01-30T15:26:05Z,-5.077,1.115,2.176
2026-01-30T15:45:00Z,134731,13.26,2026-01-30T15:44:20Z,-4.943,1.115,2.174
2026-01-30T16:00:00Z,134732,13.13,2026-01-30T15:56:55Z,-5.019,1.115,2.172
2026-01-30T16:15:00Z,134733,13.1,2026-01-30T16:09:55Z,-5.355,1.115,2.17
2026-01-30T16:30:00Z,134734,13.16,2026-01-30T16:15:05Z,-5.931,1.114,2.17
2026-01-30T16:45:00Z,134735,13.04,2026-01-30T16:44:40Z,-6.422,1.115,2.169
2026-01-30T17:00:00Z,134736,12.98,2026-01-30T16:56:05Z,-6.93,1.114,2.167
2026-01-30T17:15:00Z,134737,12.95,2026-01-30T17:14:00Z,-7.515,1.113,2.166
2026-01-30T17:30:00Z,134738,12.91,2026-01-30T17:29:30Z,-8.14,1.113,2.166
2026-01-30T17:45:00Z,134739,12.89,2026-01-30T17:41:55Z,-8.76,1.113,2.165
2026-01-30T18:00:00Z,134740,12.87,2026-01-30T17:56:50Z,-9.31,1.112,2.164
2026-01-30T18:15:00Z,134741,12.86,2026-01-30T18:02:00Z,-9.8,1.112,2.163
2026-01-30T18:30:00Z,134742,12.86,2026-01-30T18:21:00Z,-10.44,1.112,2.163
2026-01-30T18:45:00Z,134743,12.85,2026-01-30T18:38:35Z,-11.37,1.112,2.162
2026-01-30T19:00:00Z,134744,12.84,2026-01-30T18:55:35Z,-12.41,1.111,2.162
2026-01-30T19:15:00Z,134745,12.82,2026-01-30T19:02:00Z,-13.46,1.111,2.162
2026-01-30T19:30:00Z,134746,12.81,2026-01-30T19:29:40Z,-14.49,1.111,2.161
2026-01-30T19:45:00Z,134747,12.82,2026-01-30T19:44:45Z,-15.53,1.11,2.161
2026-01-30T20:00:00Z,134748,12.8,2026-01-30T19:57:05Z,-16.53,1.11,2.16
2026-01-30T20:15:00Z,134749,12.79,2026-01-30T20:01:55Z,-17.47,1.11,2.16
2026-01-30T20:30:00Z,134750,12.79,2026-01-30T20:17:00Z,-18.43,1.111,2.16
2026-01-30T20:45:00Z,134751,12.77,2026-01-30T20:43:40Z,-19.42,1.111,2.159
2026-01-30T21:00:00Z,134752,12.77,2026-01-30T20:49:00Z,-20.41,1.11,2.159
2026-01-30T21:15:00Z,134753,12.76,2026-01-30T21:01:55Z,-21.38,1.11,2.159
2026-01-30T21:30:00Z,134754,12.76,2026-01-30T21:27:45Z,-22.27,1.11,2.158
2026-01-30T21:45:00Z,134755,12.74,2026-01-30T21:39:50Z,-23.04,1.11,2.158
2026-01-30T22:00:00Z,134756,12.74,2026-01-30T21:57:00Z,-23.7,1.11,2.158
2026-01-30T22:15:00Z,134757,12.73,2026-01-30T22:01:55Z,-24.24,1.11,2.157
2026-01-30T22:30:00Z,134758,12.73,2026-01-30T22:24:00Z,-24.63,1.11,2.157
2026-01-30T22:45:00Z,134759,12.72,2026-01-30T22:43:25Z,-24.74,1.109,2.156
2026-01-30T23:00:00Z,134760,12.71,2026-01-30T22:52:25Z,-24.46,1.109,2.156
2026-01-30T23:15:00Z,134761,12.7,2026-01-30T23:01:55Z,-23.88,1.109,2.156
2026-01-30T23:30:00Z,134762,12.68,2026-01-30T23:29:50Z,-23.08,1.109,2.155
2026-01-30T23:45:00Z,134763,12.69,2026-01-30T23:43:15Z,-22.17,1.109,2.155
2026-01-31T00:15:00Z,134765,12.68,2026-01-31T00:04:35Z,-20.51,1.109,2.154
2026-01-31T00:30:00Z,134766,12.68,2026-01-31T00:23:50Z,-19.8,1.108,2.154
2026-01-31T00:45:00Z,134767,12.68,2026-01-31T00:45:00Z,-19.08,1.108,2.153
2026-01-31T01:00:00Z,134768,12.68,2026-01-31T00:58:00Z,-18.35,1.108,2.153
2026-01-31T01:15:00Z,134769,12.67,2026-01-31T01:02:05Z,-17.62,1.108,2.153
2026-01-31T01:30:00Z,134770,12.66,2026-01-31T01:19:50Z,-16.9,1.108,2.152
2026-01-31T01:45:00Z,134771,12.67,2026-01-31T01:37:15Z,-16.25,1.108,2.152
2026-01-31T02:00:00Z,134772,12.66,2026-01-31T01:57:15Z,-15.63,1.108,2.152
2026-01-31T02:15:00Z,134773,12.66,2026-01-31T02:10:40Z,-15.08,1.107,2.151
2026-01-31T02:30:00Z,134774,12.65,2026-01-31T02:29:35Z,-14.63,1.107,2.151
2026-01-31T02:45:00Z,134775,12.66,2026-01-31T02:44:05Z,-14.24,1.107,2.15
2026-01-31T03:00:00Z,134776,12.64,2026-01-31T02:57:00Z,-13.91,1.106,2.15
2026-01-31T03:15:00Z,134777,12.65,2026-01-31T03:02:00Z,-13.63,1.106,2.15
2026-01-31T03:30:00Z,134778,12.64,2026-01-31T03:29:30Z,-13.39,1.106,2.149
2026-01-31T03:45:00Z,134779,12.65,2026-01-31T03:44:10Z,-13.17,1.106,2.149
2026-01-31T04:00:00Z,134780,12.64,2026-01-31T03:49:30Z,-12.96,1.106,2.148
2026-01-31T04:15:00Z,134781,12.65,2026-01-31T04:02:50Z,-12.77,1.105,2.148
2026-01-31T04:30:00Z,134782,12.64,2026-01-31T04:29:25Z,-12.6,1.105,2.147
2026-01-31T04:45:00Z,134783,12.65,2026-01-31T04:31:10Z,-12.45,1.105,2.147
2026-01-31T05:00:00Z,134784,12.64,2026-01-31T04:56:55Z,-12.33,1.104,2.147
2026-01-31T05:15:00Z,134785,12.64,2026-01-31T05:01:55Z,-12.23,1.104,2.146
2026-01-31T05:30:00Z,134786,12.64,2026-01-31T05:29:25Z,-12.16,1.104,2.146
2026-01-31T05:45:00Z,134787,12.64,2026-01-31T05:30:30Z,-12.11,1.104,2.145
2026-01-31T06:00:00Z,134788,12.63,2026-01-31T05:56:55Z,-12.06,1.104,2.145
2026-01-31T06:15:00Z,134789,12.64,2026-01-31T06:02:05Z,-12.01,1.104,2.144
2026-01-31T06:30:00Z,134790,12.64,2026-01-31T06:16:10Z,-11.96,1.103,2.144
2026-01-31T06:45:00Z,134791,12.64,2026-01-31T06:31:00Z,-11.92,1.103,2.144
2026-01-31T07:00:00Z,134792,12.62,2026-01-31T06:54:25Z,-11.89,1.102,2.143
2026-01-31T07:15:00Z,134793,12.63,2026-01-31T07:01:55Z,-11.86,1.102,2.143
2026-01-31T07:30:00Z,134794,12.62,2026-01-31T07:29:25Z,-11.83,1.102,2.142
2026-01-31T07:45:00Z,134795,12.62,2026-01-31T07:39:45Z,-11.79,1.102,2.142
2026-01-31T08:00:00Z,134796,12.61,2026-01-31T07:56:55Z,-11.76,1.101,2.141
2026-01-31T08:15:00Z,134797,12.61,2026-01-31T08:01:55Z,-11.71,1.101,2.141
2026-01-31T08:30:00Z,134798,12.63,2026-01-31T08:17:05Z,-11.63,1.102,2.14
2026-01-31T08:45:00Z,134799,12.64,2026-01-31T08:30:10Z,-11.5,1.101,2.14
2026-01-31T09:00:00Z,134800,12.65,2026-01-31T08:45:05Z,-11.32,1.101,2.14
2026-01-31T09:15:00Z,134801,12.65,2026-01-31T09:02:05Z,-11.11,1.101,2.139
2026-01-31T09:30:00Z,134802,12.66,2026-01-31T09:15:05Z,-10.9,1.1,2.139
2026-01-31T09:45:00Z,134803,12.67,2026-01-31T09:33:30Z,-10.67,1.1,2.139
2026-01-31T10:00:00Z,134804,12.71,2026-01-31T09:45:10Z,-10.39,1.1,2.138
2026-01-31T10:15:00Z,134805,12.74,2026-01-31T10:00:15Z,-10.08,1.1,2.138
2026-01-31T10:30:00Z,134806,12.77,2026-01-31T10:15:05Z,-9.78,1.1,2.138
2026-01-31T10:45:00Z,134807,12.82,2026-01-31T10:30:05Z,-9.46,1.1,2.138
2026-01-31T11:00:00Z,134808,12.86,2026-01-31T10:45:05Z,-9.12,1.099,2.138
2026-01-31T11:15:00Z,134809,12.9,2026-01-31T11:00:05Z,-8.81,1.099,2.138
2026-01-31T11:30:00Z,134810,12.95,2026-01-31T11:15:10Z,-8.53,1.099,2.138
2026-01-31T11:45:00Z,134811,12.99,2026-01-31T11:30:05Z,-8.3,1.099,2.138
2026-01-31T12:00:00Z,134812,13.02,2026-01-31T11:45:05Z,-8.1,1.099,2.138
2026-01-31T12:15:00Z,134813,13.05,2026-01-31T12:00:10Z,-7.884,1.099,2.138
2026-01-31T12:30:00Z,134814,13.07,2026-01-31T12:15:20Z,-7.689,1.099,2.138
2026-01-31T12:45:00Z,134815,13.1,2026-01-31T12:30:05Z,-7.453,1.099,2.138
2026-01-31T13:00:00Z,134816,13.14,2026-01-31T12:45:05Z,-7.147,1.099,2.138
2026-01-31T13:15:00Z,134817,13.17,2026-01-31T13:00:05Z,-6.812,1.099,2.138
2026-01-31T13:30:00Z,134818,13.21,2026-01-31T13:15:05Z,-6.493,1.099,2.138
2026-01-31T13:45:00Z,134819,13.24,2026-01-31T13:30:05Z,-6.197,1.099,2.138
2026-01-31T14:00:00Z,134820,13.21,2026-01-31T13:59:45Z,-5.981,1.099,2.138
2026-01-31T14:15:00Z,134821,13.23,2026-01-31T14:02:00Z,-5.889,1.099,2.138
2026-01-31T14:30:00Z,134822,13.27,2026-01-31T14:15:05Z,-5.874,1.099,2.138
2026-01-31T14:45:00Z,134823,13.28,2026-01-31T14:30:10Z,-5.831,1.098,2.138
2026-01-31T15:00:00Z,134824,13.25,2026-01-31T15:00:00Z,-5.756,1.098,2.137
2026-01-31T15:15:00Z,134825,13.23,2026-01-31T15:00:35Z,-5.786,1.098,2.137
2026-01-31T15:30:00Z,134826,13.2,2026-01-31T15:29:30Z,-5.995,1.097,2.136
2026-01-31T15:45:00Z,134827,13.17,2026-01-31T15:42:45Z,-6.287,1.097,2.136
2026-01-31T16:00:00Z,134828,13.12,2026-01-31T15:56:20Z,-6.553,1.097,2.135
2026-01-31T16:15:00Z,134829,13.09,2026-01-31T16:14:55Z,-6.796,1.097,2.135
2026-01-31T16:30:00Z,134830,13.04,2026-01-31T16:29:35Z,-7.009,1.097,2.134
2026-01-31T16:45:00Z,134831,13,2026-01-31T16:45:00Z,-7.294,1.097,2.133
2026-01-31T17:00:00Z,134832,12.95,2026-01-31T16:56:15Z,-7.629,1.097,2.132
2026-01-31T17:15:00Z,134833,12.9,2026-01-31T17:14:55Z,-7.99,1.096,2.131
2026-01-31T17:30:00Z,134834,12.85,2026-01-31T17:29:30Z,-8.34,1.097,2.13
2026-01-31T17:45:00Z,134835,12.81,2026-01-31T17:43:30Z,-8.68,1.096,2.13
2026-01-31T18:00:00Z,134836,12.78,2026-01-31T17:56:55Z,-9,1.096,2.129
2026-01-31T18:15:00Z,134837,12.77,2026-01-31T18:01:55Z,-9.29,1.097,2.128
2026-01-31T18:30:00Z,134838,12.74,2026-01-31T18:29:25Z,-9.5,1.096,2.128
2026-01-31T18:45:00Z,134839,12.74,2026-01-31T18:40:50Z,-9.66,1.096,2.127
2026-01-31T19:00:00Z,134840,12.73,2026-01-31T18:54:35Z,-9.88,1.097,2.126
2026-01-31T19:15:00Z,134841,12.72,2026-01-31T19:12:30Z,-10.37,1.097,2.126
2026-01-31T19:30:00Z,134842,12.71,2026-01-31T19:29:35Z,-11.16,1.097,2.125
2026-01-31T19:45:00Z,134843,12.7,2026-01-31T19:35:30Z,-12.23,1.098,2.125
2026-01-31T20:00:00Z,134844,12.68,2026-01-31T19:56:55Z,-13.45,1.098,2.125
2026-01-31T20:15:00Z,134845,12.68,2026-01-31T20:08:30Z,-14.7,1.098,2.124
2026-01-31T20:30:00Z,134846,12.67,2026-01-31T20:28:55Z,-15.91,1.099,2.124
2026-01-31T20:45:00Z,134847,12.66,2026-01-31T20:41:10Z,-17.04,1.099,2.123
2026-01-31T21:00:00Z,134848,12.65,2026-01-31T20:57:05Z,-18.05,1.099,2.123
2026-01-31T21:15:00Z,134849,12.64,2026-01-31T21:13:10Z,-18.93,1.099,2.123
2026-01-31T21:30:00Z,134850,12.63,2026-01-31T21:30:00Z,-19.71,1.1,2.122
2026-01-31T21:45:00Z,134851,12.63,2026-01-31T21:39:00Z,-20.39,1.1,2.122
2026-01-31T22:00:00Z,134852,12.61,2026-01-31T21:57:00Z,-20.98,1.1,2.121
2026-01-31T22:15:00Z,134853,12.61,2026-01-31T22:01:55Z,-21.5,1.1,2.121
2026-01-31T22:30:00Z,134854,12.6,2026-01-31T22:29:25Z,-21.95,1.101,2.121
2026-01-31T22:45:00Z,134855,12.6,2026-01-31T22:42:50Z,-22.36,1.102,2.12
2026-01-31T23:00:00Z,134856,12.6,2026-01-31T22:53:10Z,-22.73,1.103,2.12
2026-01-31T23:15:00Z,134857,12.58,2026-01-31T23:02:00Z,-23.07,1.104,2.119
2026-01-31T23:30:00Z,134858,12.57,2026-01-31T23:29:25Z,-23.39,1.105,2.119
2026-01-31T23:45:00Z,134859,12.58,2026-01-31T23:44:35Z,-23.7,1.105,2.119
2026-02-01T00:15:00Z,134861,12.55,2026-02-01T00:01:55Z,-24.19,1.107,2.118
2026-02-01T00:30:00Z,134862,12.54,2026-02-01T00:29:25Z,-24.36,1.108,2.117
2026-02-01T00:45:00Z,134863,12.55,2026-02-01T00:36:30Z,-24.51,1.11,2.117
2026-02-01T01:00:00Z,134864,12.55,2026-02-01T00:59:55Z,-24.67,1.111,2.117
2026-02-01T01:15:00Z,134865,12.54,2026-02-01T01:10:00Z,-24.85,1.112,2.116
2026-02-01T01:30:00Z,134866,12.54,2026-02-01T01:29:15Z,-25.02,1.114,2.116
2026-02-01T01:45:00Z,134867,12.54,2026-02-01T01:36:55Z,-25.18,1.115,2.115
2026-02-01T02:00:00Z,134868,12.52,2026-02-01T01:57:05Z,-25.32,1.118,2.115
2026-02-01T02:15:00Z,134869,12.51,2026-02-01T02:02:00Z,-25.44,1.12,2.114
2026-02-01T02:30:00Z,134870,12.48,2026-02-01T02:29:30Z,-25.53,1.123,2.113
2026-02-01T02:45:00Z,134871,12.52,2026-02-01T02:45:00Z,-25.59,1.126,2.113
2026-02-01T03:00:00Z,134872,12.51,2026-02-01T02:58:35Z,-25.63,1.129,2.112
2026-02-01T03:15:00Z,134873,12.51,2026-02-01T03:09:40Z,-25.67,1.132,2.112
2026-02-01T03:30:00Z,134874,12.49,2026-02-01T03:29:30Z,-25.75,1.131,2.111
2026-02-01T03:45:00Z,134875,12.49,2026-02-01T03:36:20Z,-25.83,1.13,2.111
2026-02-01T04:00:00Z,134876,12.48,2026-02-01T03:57:00Z,-25.9,1.127,2.11
2026-02-01T04:15:00Z,134877,12.47,2026-02-01T04:01:55Z,-25.95,1.126,2.11
2026-02-01T04:30:00Z,134878,12.48,2026-02-01T04:29:25Z,-25.97,1.128,2.109
2026-02-01T04:45:00Z,134879,12.48,2026-02-01T04:45:00Z,-26,1.13,2.109
2026-02-01T05:00:00Z,134880,12.47,2026-02-01T04:50:00Z,-26.04,1.131,2.108
2026-02-01T05:15:00Z,134881,12.47,2026-02-01T05:02:00Z,-26.09,1.129,2.108
2026-02-01T05:30:00Z,134882,12.47,2026-02-01T05:29:30Z,-26.16,1.124,2.107
2026-02-01T05:45:00Z,134883,12.47,2026-02-01T05:39:55Z,-26.24,1.118,2.107
2026-02-01T06:00:00Z,134884,12.45,2026-02-01T05:57:00Z,-26.32,1.117,2.106
2026-02-01T06:15:00Z,134885,12.45,2026-02-01T06:02:00Z,-26.4,1.116,2.106
2026-02-01T06:30:00Z,134886,12.45,2026-02-01T06:29:30Z,-26.47,1.116,2.106
2026-02-01T06:45:00Z,134887,12.46,2026-02-01T06:30:35Z,-26.53,1.116,2.105
2026-02-01T07:00:00Z,134888,12.45,2026-02-01T06:58:15Z,-26.59,1.118,2.105
2026-02-01T07:15:00Z,134889,12.45,2026-02-01T07:01:55Z,-26.62,1.119,2.104
2026-02-01T07:30:00Z,134890,12.43,2026-02-01T07:29:25Z,-26.65,1.122,2.104
2026-02-01T07:45:00Z,134891,12.45,2026-02-01T07:30:15Z,-26.64,1.124,2.103
2026-02-01T08:00:00Z,134892,12.43,2026-02-01T07:56:55Z,-26.59,1.128,2.102
2026-02-01T08:15:00Z,134893,12.43,2026-02-01T08:01:55Z,-26.47,1.132,2.102
2026-02-01T08:30:00Z,134894,12.47,2026-02-01T08:15:05Z,-26.18,1.135,2.101
2026-02-01T08:45:00Z,134895,12.51,2026-02-01T08:32:15Z,-25.39,1.155,2.101
2026-02-01T09:00:00Z,134896,12.55,2026-02-01T08:45:05Z,-23.94,1.134,2.1
2026-02-01T09:15:00Z,134897,12.58,2026-02-01T09:02:00Z,-22.08,1.125,2.1
2026-02-01T09:30:00Z,134898,12.67,2026-02-01T09:15:05Z,-19.83,1.118,2.1
2026-02-01T09:45:00Z,134899,12.85,2026-02-01T09:30:10Z,-17.46,1.112,2.101
2026-02-01T10:00:00Z,134900,12.96,2026-02-01T09:45:05Z,-15.56,1.111,2.102
2026-02-01T10:15:00Z,134901,13.31,2026-02-01T10:00:10Z,-14.17,1.109,2.104
2026-02-01T10:30:00Z,134902,13.55,2026-02-01T10:25:10Z,-12.8,1.108,2.106
2026-02-01T10:45:00Z,134903,13.73,2026-02-01T10:30:15Z,-11.42,1.106,2.108
2026-02-01T11:00:00Z,134904,13.79,2026-02-01T10:51:20Z,-10.02,1.106,2.111
2026-02-01T11:15:00Z,134905,13.96,2026-02-01T11:09:25Z,-8.73,1.104,2.112
2026-02-01T11:30:00Z,134906,13.41,2026-02-01T11:27:30Z,-7.583,1.104,2.109
2026-02-01T11:45:00Z,134907,13.56,2026-02-01T11:30:05Z,-6.86,1.102,2.109
2026-02-01T12:00:00Z,134908,13.56,2026-02-01T11:48:50Z,-6.24,1.101,2.109
2026-02-01T12:15:00Z,134909,13.52,2026-02-01T12:04:50Z,-5.588,1.1,2.108
2026-02-01T12:30:00Z,134910,13.51,2026-02-01T12:29:25Z,-5.026,1.1,2.109
2026-02-01T12:45:00Z,134911,13.49,2026-02-01T12:35:55Z,-4.572,1.099,2.107
2026-02-01T13:00:00Z,134912,13.61,2026-02-01T12:45:05Z,-4.303,1.097,2.109
2026-02-01T13:15:00Z,134913,14.83,2026-02-01T13:12:30Z,-3.956,1.095,2.115
2026-02-01T13:30:00Z,134914,14.77,2026-02-01T13:28:30Z,-3.267,1.097,2.116
2026-02-01T13:45:00Z,134915,14.74,2026-02-01T13:32:50Z,-2.59,1.095,2.116
2026-02-01T14:00:00Z,134916,14.76,2026-02-01T13:59:55Z,-2.139,1.094,2.117
2026-02-01T14:15:00Z,134917,14.75,2026-02-01T14:13:45Z,-1.858,1.094,2.117
2026-02-01T14:30:00Z,134918,14.75,2026-02-01T14:15:20Z,-1.719,1.093,2.117
2026-02-01T14:45:00Z,134919,14.73,2026-02-01T14:38:35Z,-1.54,1.092,2.117
2026-02-01T15:00:00Z,134920,14.72,2026-02-01T14:56:35Z,-1.225,1.092,2.116
2026-02-01T15:15:00Z,134921,14.68,2026-02-01T15:14:00Z,-0.812,1.092,2.116
2026-02-01T15:30:00Z,134922,14.29,2026-02-01T15:28:30Z,-0.493,1.09,2.115
2026-02-01T15:45:00Z,134923,14.28,2026-02-01T15:44:40Z,-0.379,1.089,2.113
2026-02-01T16:00:00Z,134924,14.28,2026-02-01T15:45:15Z,-0.312,1.089,2.112
2026-02-01T16:15:00Z,134925,14.21,2026-02-01T16:10:25Z,-0.195,1.089,2.112
2026-02-01T16:30:00Z,134926,14.09,2026-02-01T16:29:35Z,-0.11,1.089,2.11
2026-02-01T16:45:00Z,134927,13.94,2026-02-01T16:40:50Z,-0.178,1.089,2.109
2026-02-01T17:00:00Z,134928,13.76,2026-02-01T16:59:50Z,-0.439,1.088,2.107
2026-02-01T17:15:00Z,134929,13.54,2026-02-01T17:15:00Z,-0.758,1.089,2.105
2026-02-01T17:30:00Z,134930,13.08,2026-02-01T17:29:00Z,-1.217,1.09,2.101
2026-02-01T17:45:00Z,134931,13.03,2026-02-01T17:42:10Z,-2.208,1.09,2.099
2026-02-01T18:00:00Z,134932,13,2026-02-01T17:59:25Z,-3.715,1.093,2.097
2026-02-01T18:15:00Z,134933,12.99,2026-02-01T18:09:25Z,-5.439,1.091,2.096
2026-02-01T18:30:00Z,134934,12.97,2026-02-01T18:28:00Z,-7.192,1.09,2.096
2026-02-01T18:45:00Z,134935,12.96,2026-02-01T18:41:50Z,-8.87,1.09,2.095
2026-02-01T19:00:00Z,134936,12.95,2026-02-01T19:00:00Z,-10.39,1.09,2.094
2026-02-01T19:15:00Z,134937,12.93,2026-02-01T19:10:40Z,-11.73,1.09,2.094
2026-02-01T19:30:00Z,134938,12.93,2026-02-01T19:26:35Z,-12.91,1.09,2.093
2026-02-01T19:45:00Z,134939,12.92,2026-02-01T19:30:05Z,-13.9,1.09,2.092
2026-02-01T20:00:00Z,134940,12.91,2026-02-01T19:57:05Z,-14.75,1.089,2.092
2026-02-01T20:15:00Z,134941,12.91,2026-02-01T20:12:00Z,-15.45,1.091,2.091
2026-02-01T20:30:00Z,134942,12.89,2026-02-01T20:29:35Z,-16.07,1.092,2.091
2026-02-01T20:45:00Z,134943,12.89,2026-02-01T20:44:30Z,-16.6,1.092,2.09
2026-02-01T21:00:00Z,134944,12.89,2026-02-01T20:51:25Z,-17.05,1.092,2.09
2026-02-01T21:15:00Z,134945,12.87,2026-02-01T21:01:55Z,-17.48,1.092,2.089
2026-02-01T21:30:00Z,134946,12.87,2026-02-01T21:25:20Z,-17.86,1.092,2.089
2026-02-01T21:45:00Z,134947,12.86,2026-02-01T21:39:55Z,-18.2,1.093,2.089
2026-02-01T22:00:00Z,134948,12.86,2026-02-01T21:59:40Z,-18.47,1.093,2.088
2026-02-01T22:15:00Z,134949,12.82,2026-02-01T22:03:00Z,-18.7,1.093,2.088
2026-02-01T22:30:00Z,134950,12.84,2026-02-01T22:29:30Z,-18.91,1.094,2.087
2026-02-01T22:45:00Z,134951,12.83,2026-02-01T22:42:15Z,-19.08,1.095,2.087
2026-02-01T23:00:00Z,134952,12.82,2026-02-01T22:58:05Z,-19.22,1.096,2.086
2026-02-01T23:15:00Z,134953,12.82,2026-02-01T23:01:55Z,-19.33,1.097,2.086
2026-02-01T23:30:00Z,134954,12.82,2026-02-01T23:16:55Z,-19.4,1.098,2.085
2026-02-01T23:45:00Z,134955,12.82,2026-02-01T23:42:35Z,-19.43,1.099,2.085
2026-02-02T00:15:00Z,134957,12.79,2026-02-02T00:01:55Z,-19.55,1.103,2.084
2026-02-02T00:30:00Z,134958,12.79,2026-02-02T00:29:30Z,-19.61,1.105,2.084
2026-02-02T00:45:00Z,134959,12.79,2026-02-02T00:40:45Z,-19.68,1.118,2.083
2026-02-02T01:00:00Z,134960,12.78,2026-02-02T00:57:00Z,-19.75,1.198,2.082
2026-02-02T01:15:00Z,134961,12.77,2026-02-02T01:01:55Z,-19.8,1.165,2.081
2026-02-02T01:30:00Z,134962,12.78,2026-02-02T01:22:15Z,-19.85,1.139,2.081
2026-02-02T01:45:00Z,134963,12.77,2026-02-02T01:44:30Z,-19.86,1.123,2.08
2026-02-02T02:00:00Z,134964,12.77,2026-02-02T01:55:10Z,-19.76,1.113,2.08
2026-02-02T02:15:00Z,134965,12.76,2026-02-02T02:08:30Z,-19.5,1.106,2.08
2026-02-02T02:30:00Z,134966,12.75,2026-02-02T02:26:50Z,-19.04,1.101,2.08
2026-02-02T02:45:00Z,134967,12.76,2026-02-02T02:41:45Z,-18.23,1.098,2.079
2026-02-02T03:00:00Z,134968,12.74,2026-02-02T02:57:00Z,-16.96,1.096,2.079
2026-02-02T03:15:00Z,134969,12.74,2026-02-02T03:01:55Z,-15.6,1.095,2.079
2026-02-02T03:30:00Z,134970,12.75,2026-02-02T03:25:35Z,-14.38,1.095,2.079
2026-02-02T03:45:00Z,134971,12.75,2026-02-02T03:39:25Z,-13.5,1.094,2.079
2026-02-02T04:00:00Z,134972,12.75,2026-02-02T03:48:50Z,-12.96,1.093,2.078
2026-02-02T04:15:00Z,134973,12.74,2026-02-02T04:01:55Z,-12.8,1.092,2.078
2026-02-02T04:30:00Z,134974,12.75,2026-02-02T04:15:10Z,-12.91,1.091,2.077
2026-02-02T04:45:00Z,134975,12.73,2026-02-02T04:40:05Z,-12.82,1.091,2.077
2026-02-02T05:00:00Z,134976,12.75,2026-02-02T04:45:05Z,-12.45,1.091,2.076
2026-02-02T05:15:00Z,134977,12.75,2026-02-02T05:00:05Z,-12.04,1.09,2.076
2026-02-02T05:30:00Z,134978,12.73,2026-02-02T05:29:35Z,-11.66,1.089,2.076
2026-02-02T05:45:00Z,134979,12.74,2026-02-02T05:34:45Z,-11.37,1.089,2.076
2026-02-02T06:00:00Z,134980,12.74,2026-02-02T05:56:05Z,-11.16,1.088,2.075
2026-02-02T06:15:00Z,134981,12.73,2026-02-02T06:01:55Z,-10.98,1.088,2.075
2026-02-02T06:30:00Z,134982,12.74,2026-02-02T06:25:25Z,-10.83,1.086,2.075
2026-02-02T06:45:00Z,134983,12.71,2026-02-02T06:30:05Z,-10.67,1.085,2.074
2026-02-02T07:00:00Z,134984,12.74,2026-02-02T06:46:05Z,-10.49,1.086,2.074
2026-02-02T07:15:00Z,134985,12.74,2026-02-02T07:01:15Z,-10.3,1.085,2.074
2026-02-02T07:30:00Z,134986,12.71,2026-02-02T07:29:30Z,-10.14,1.085,2.073
2026-02-02T07:45:00Z,134987,12.74,2026-02-02T07:42:15Z,-9.99,1.085,2.073
2026-02-02T08:00:00Z,134988,12.74,2026-02-02T07:45:55Z,-9.85,1.085,2.073
2026-02-02T08:15:00Z,134989,12.73,2026-02-02T08:02:15Z,-9.71,1.084,2.072
2026-02-02T08:30:00Z,134990,12.71,2026-02-02T08:29:55Z,-9.54,1.084,2.072
2026-02-02T08:45:00Z,134991,12.75,2026-02-02T08:30:20Z,-9.34,1.084,2.072
2026-02-02T09:00:00Z,134992,12.77,2026-02-02T08:45:05Z,-9.1,1.084,2.072
2026-02-02T09:15:00Z,134993,12.75,2026-02-02T09:02:00Z,-8.82,1.084,2.071
2026-02-02T09:30:00Z,134994,12.79,2026-02-02T09:17:55Z,-8.51,1.085,2.071
2026-02-02T09:45:00Z,134995,12.79,2026-02-02T09:43:40Z,-8.18,1.085,2.071
2026-02-02T10:00:00Z,134996,12.79,2026-02-02T09:45:55Z,-7.863,1.085,2.071
2026-02-02T10:15:00Z,134997,12.81,2026-02-02T10:00:30Z,-7.585,1.085,2.07
2026-02-02T10:30:00Z,134998,12.82,2026-02-02T10:15:40Z,-7.29,1.085,2.07
2026-02-02T10:45:00Z,134999,12.85,2026-02-02T10:37:00Z,-6.906,1.085,2.07
2026-02-02T11:00:00Z,135000,12.85,2026-02-02T10:46:25Z,-6.514,1.085,2.07
2026-02-02T11:15:00Z,135001,12.84,2026-02-02T11:01:55Z,-6.172,1.084,2.069
2026-02-02T11:30:00Z,135002,12.86,2026-02-02T11:15:05Z,-5.836,1.085,2.069
2026-02-02T11:45:00Z,135003,12.89,2026-02-02T11:30:05Z,-5.441,1.084,2.069
2026-02-02T12:00:00Z,135004,12.9,2026-02-02T11:45:05Z,-5.059,1.084,2.069
2026-02-02T12:15:00Z,135005,12.9,2026-02-02T12:01:55Z,-4.703,1.084,2.069
2026-02-02T12:30:00Z,135006,12.91,2026-02-02T12:15:15Z,-4.413,1.084,2.069
2026-02-02T12:45:00Z,135007,12.9,2026-02-02T12:30:05Z,-4.153,1.084,2.068
2026-02-02T13:00:00Z,135008,12.92,2026-02-02T12:45:05Z,-3.865,1.084,2.068
2026-02-02T13:15:00Z,135009,12.91,2026-02-02T13:01:55Z,-3.632,1.084,2.068
2026-02-02T13:30:00Z,135010,12.92,2026-02-02T13:15:25Z,-3.466,1.084,2.068
2026-02-02T13:45:00Z,135011,12.91,2026-02-02T13:44:35Z,-3.344,1.084,2.067
2026-02-02T14:00:00Z,135012,12.9,2026-02-02T13:58:45Z,-3.262,1.085,2.067
2026-02-02T14:15:00Z,135013,12.91,2026-02-02T14:02:00Z,-3.175,1.085,2.067
2026-02-02T14:30:00Z,135014,12.89,2026-02-02T14:29:00Z,-3.122,1.084,2.067
2026-02-02T14:45:00Z,135015,12.88,2026-02-02T14:39:30Z,-3.107,1.084,2.066
2026-02-02T15:00:00Z,135016,12.86,2026-02-02T14:56:35Z,-3.125,1.084,2.066
2026-02-02T15:15:00Z,135017,12.86,2026-02-02T15:02:00Z,-3.16,1.084,2.065
2026-02-02T15:30:00Z,135018,12.84,2026-02-02T15:29:40Z,-3.179,1.084,2.065
2026-02-02T15:45:00Z,135019,12.82,2026-02-02T15:40:15Z,-3.225,1.084,2.065
2026-02-02T16:00:00Z,135020,12.82,2026-02-02T15:47:15Z,-3.249,1.084,2.064
2026-02-02T16:15:00Z,135021,12.82,2026-02-02T16:01:55Z,-3.286,1.084,2.064
2026-02-02T16:30:00Z,135022,12.81,2026-02-02T16:25:45Z,-3.332,1.084,2.063
2026-02-02T16:45:00Z,135023,12.8,2026-02-02T16:43:15Z,-3.403,1.084,2.063
2026-02-02T17:00:00Z,135024,12.79,2026-02-02T16:58:55Z,-3.483,1.084,2.062
2026-02-02T17:15:00Z,135025,12.77,2026-02-02T17:01:55Z,-3.567,1.084,2.062
2026-02-02T17:30:00Z,135026,12.76,2026-02-02T17:29:35Z,-3.646,1.083,2.062
2026-02-02T17:45:00Z,135027,12.77,2026-02-02T17:37:55Z,-3.717,1.083,2.061
2026-02-02T18:00:00Z,135028,12.76,2026-02-02T17:57:05Z,-3.776,1.083,2.061
2026-02-02T18:15:00Z,135029,12.77,2026-02-02T18:00:05Z,-3.829,1.083,2.061
2026-02-02T18:30:00Z,135030,12.76,2026-02-02T18:18:30Z,-3.864,1.083,2.06
2026-02-02T18:45:00Z,135031,12.76,2026-02-02T18:31:05Z,-3.884,1.083,2.06
2026-02-02T19:00:00Z,135032,12.76,2026-02-02T18:57:10Z,-3.902,1.082,2.059
2026-02-02T19:15:00Z,135033,12.75,2026-02-02T19:02:00Z,-3.902,1.082,2.059
2026-02-02T19:30:00Z,135034,12.75,2026-02-02T19:29:40Z,-3.92,1.083,2.059
2026-02-02T19:45:00Z,135035,12.76,2026-02-02T19:30:05Z,-3.951,1.083,2.058
2026-02-02T20:00:00Z,135036,12.75,2026-02-02T19:57:10Z,-3.98,1.083,2.058
2026-02-02T20:15:00Z,135037,12.75,2026-02-02T20:01:30Z,-3.995,1.083,2.058
2026-02-02T20:30:00Z,135038,12.75,2026-02-02T20:19:50Z,-3.992,1.083,2.057
2026-02-02T20:45:00Z,135039,12.74,2026-02-02T20:44:10Z,-3.988,1.084,2.057
2026-02-02T21:00:00Z,135040,12.74,2026-02-02T20:52:10Z,-3.974,1.084,2.057
2026-02-02T21:15:00Z,135041,12.74,2026-02-02T21:01:55Z,-3.965,1.084,2.056
2026-02-02T21:30:00Z,135042,12.74,2026-02-02T21:24:10Z,-3.959,1.084,2.056
2026-02-02T21:45:00Z,135043,12.74,2026-02-02T21:33:30Z,-3.938,1.084,2.056
2026-02-02T22:00:00Z,135044,12.74,2026-02-02T21:46:50Z,-3.922,1.084,2.055
2026-02-02T22:15:00Z,135045,12.7,2026-02-02T22:02:20Z,-3.922,1.084,2.055
2026-02-02T22:30:00Z,135046,12.74,2026-02-02T22:15:30Z,-3.903,1.085,2.055
2026-02-02T22:45:00Z,135047,12.74,2026-02-02T22:30:05Z,-3.902,1.085,2.054
2026-02-02T23:00:00Z,135048,12.73,2026-02-02T22:51:05Z,-3.902,1.086,2.054
2026-02-02T23:15:00Z,135049,12.73,2026-02-02T23:00:10Z,-3.92,1.086,2.054
2026-02-02T23:30:00Z,135050,12.72,2026-02-02T23:24:05Z,-3.922,1.086,2.053
2026-02-02T23:45:00Z,135051,12.72,2026-02-02T23:33:30Z,-3.947,1.087,2.053
2026-02-03T00:15:00Z,135053,12.71,2026-02-03T00:02:00Z,-4.006,1.087,2.052
2026-02-03T00:30:00Z,135054,12.72,2026-02-03T00:15:05Z,-4.016,1.087,2.052
2026-02-03T00:45:00Z,135055,12.72,2026-02-03T00:34:25Z,-4.04,1.087,2.052
2026-02-03T01:00:00Z,135056,12.71,2026-02-03T00:50:10Z,-4.051,1.087,2.051
2026-02-03T01:15:00Z,135057,12.71,2026-02-03T01:01:55Z,-4.071,1.087,2.051
2026-02-03T01:30:00Z,135058,12.71,2026-02-03T01:29:30Z,-4.094,1.087,2.051
2026-02-03T01:45:00Z,135059,12.71,2026-02-03T01:33:05Z,-4.096,1.087,2.051
2026-02-03T02:00:00Z,135060,12.7,2026-02-03T01:49:05Z,-4.111,1.087,2.05
2026-02-03T02:15:00Z,135061,12.71,2026-02-03T02:02:25Z,-4.132,1.087,2.05
2026-02-03T02:30:00Z,135062,12.71,2026-02-03T02:23:45Z,-4.148,1.087,2.05
2026-02-03T02:45:00Z,135063,12.7,2026-02-03T02:40:10Z,-4.166,1.087,2.049
2026-02-03T03:00:00Z,135064,12.7,2026-02-03T02:56:55Z,-4.182,1.087,2.049
2026-02-03T03:15:00Z,135065,12.69,2026-02-03T03:01:55Z,-4.182,1.087,2.049
2026-02-03T03:30:00Z,135066,12.69,2026-02-03T03:29:25Z,-4.162,1.087,2.049
2026-02-03T03:45:00Z,135067,12.7,2026-02-03T03:30:05Z,-4.151,1.086,2.048
2026-02-03T04:00:00Z,135068,12.7,2026-02-03T03:54:45Z,-4.139,1.086,2.048
2026-02-03T04:15:00Z,135069,12.7,2026-02-03T04:02:10Z,-4.13,1.086,2.048
2026-02-03T04:30:00Z,135070,12.7,2026-02-03T04:15:50Z,-4.121,1.087,2.048
2026-02-03T04:45:00Z,135071,12.69,2026-02-03T04:30:15Z,-4.138,1.087,2.047
2026-02-03T05:00:00Z,135072,12.69,2026-02-03T04:45:05Z,-4.139,1.087,2.047
2026-02-03T05:15:00Z,135073,12.69,2026-02-03T05:01:30Z,-4.156,1.087,2.047
2026-02-03T05:30:00Z,135074,12.69,2026-02-03T05:15:05Z,-4.191,1.087,2.046
2026-02-03T05:45:00Z,135075,12.69,2026-02-03T05:31:40Z,-4.231,1.087,2.046
2026-02-03T06:00:00Z,135076,12.68,2026-02-03T05:57:05Z,-4.269,1.087,2.046
2026-02-03T06:15:00Z,135077,12.68,2026-02-03T06:06:00Z,-4.323,1.087,2.046
2026-02-03T06:30:00Z,135078,12.67,2026-02-03T06:29:35Z,-4.375,1.087,2.045
2026-02-03T06:45:00Z,135079,12.68,2026-02-03T06:30:35Z,-4.426,1.087,2.045
2026-02-03T07:00:00Z,135080,12.67,2026-02-03T06:48:40Z,-4.454,1.087,2.045
2026-02-03T07:15:00Z,135081,12.67,2026-02-03T07:02:00Z,-4.473,1.087,2.044
2026-02-03T07:30:00Z,135082,12.67,2026-02-03T07:28:40Z,-4.498,1.087,2.044
2026-02-03T07:45:00Z,135083,12.67,2026-02-03T07:30:45Z,-4.521,1.087,2.044
2026-02-03T08:00:00Z,135084,12.67,2026-02-03T07:46:50Z,-4.528,1.087,2.043
2026-02-03T08:15:00Z,135085,12.67,2026-02-03T08:00:10Z,-4.528,1.087,2.043
2026-02-03T08:30:00Z,135086,12.68,2026-02-03T08:15:05Z,-4.493,1.087,2.043
2026-02-03T08:45:00Z,135087,12.68,2026-02-03T08:30:35Z,-4.408,1.087,2.043
2026-02-03T09:00:00Z,135088,12.69,2026-02-03T08:45:35Z,-4.282,1.087,2.042
2026-02-03T09:15:00Z,135089,12.7,2026-02-03T09:00:05Z,-4.13,1.087,2.042
2026-02-03T09:30:00Z,135090,12.71,2026-02-03T09:15:05Z,-3.93,1.087,2.042
2026-02-03T09:45:00Z,135091,12.74,2026-02-03T09:30:05Z,-3.644,1.087,2.042
2026-02-03T10:00:00Z,135092,12.75,2026-02-03T09:57:00Z,-3.289,1.087,2.042
2026-02-03T10:15:00Z,135093,12.76,2026-02-03T10:01:55Z,-2.951,1.087,2.042
2026-02-03T10:30:00Z,135094,12.8,2026-02-03T10:15:05Z,-2.594,1.087,2.042
2026-02-03T10:45:00Z,135095,12.84,2026-02-03T10:30:05Z,-2.175,1.087,2.042
2026-02-03T11:00:00Z,135096,12.88,2026-02-03T10:45:05Z,-1.744,1.087,2.042
2026-02-03T11:15:00Z,135097,12.91,2026-02-03T11:00:05Z,-1.407,1.087,2.042
2026-02-03T11:30:00Z,135098,12.92,2026-02-03T11:15:05Z,-1.158,1.087,2.042
2026-02-03T11:45:00Z,135099,12.95,2026-02-03T11:30:05Z,-0.936,1.087,2.042
2026-02-03T12:00:00Z,135100,12.96,2026-02-03T11:58:20Z,-0.731,1.087,2.042
2026-02-03T12:15:00Z,135101,12.97,2026-02-03T12:01:35Z,-0.634,1.088,2.041
2026-02-03T12:30:00Z,135102,12.98,2026-02-03T12:15:05Z,-0.656,1.088,2.041
2026-02-03T12:45:00Z,135103,12.98,2026-02-03T12:33:35Z,-0.727,1.087,2.041
2026-02-03T13:00:00Z,135104,13.01,2026-02-03T12:45:15Z,-0.752,1.088,2.041
2026-02-03T13:15:00Z,135105,13.04,2026-02-03T13:00:05Z,-0.701,1.087,2.041
2026-02-03T13:30:00Z,135106,13.02,2026-02-03T13:19:25Z,-0.635,1.088,2.041
2026-02-03T13:45:00Z,135107,13.03,2026-02-03T13:30:05Z,-0.637,1.088,2.041
2026-02-03T14:00:00Z,135108,13.05,2026-02-03T13:45:05Z,-0.65,1.088,2.041
2026-02-03T14:15:00Z,135109,13.05,2026-02-03T14:02:00Z,-0.613,1.088,2.041
2026-02-03T14:30:00Z,135110,13.03,2026-02-03T14:29:30Z,-0.563,1.088,2.041
2026-02-03T14:45:00Z,135111,13.07,2026-02-03T14:34:55Z,-0.542,1.088,2.041
2026-02-03T15:00:00Z,135112,13.08,2026-02-03T14:45:05Z,-0.549,1.089,2.04
2026-02-03T15:15:00Z,135113,13.08,2026-02-03T15:14:45Z,-0.572,1.09,2.04
2026-02-03T15:30:00Z,135114,13.08,2026-02-03T15:16:10Z,-0.585,1.09,2.04
2026-02-03T15:45:00Z,135115,13.06,2026-02-03T15:36:15Z,-0.567,1.09,2.04
2026-02-03T16:00:00Z,135116,13.02,2026-02-03T15:57:00Z,-0.582,1.09,2.039
2026-02-03T16:15:00Z,135117,12.97,2026-02-03T16:14:10Z,-0.684,1.09,2.039
2026-02-03T16:30:00Z,135118,12.93,2026-02-03T16:29:30Z,-0.852,1.09,2.038
2026-02-03T16:45:00Z,135119,12.9,2026-02-03T16:42:30Z,-1.046,1.09,2.037
2026-02-03T17:00:00Z,135120,12.86,2026-02-03T16:59:25Z,-1.24,1.09,2.037
2026-02-03T17:15:00Z,135121,12.83,2026-02-03T17:14:30Z,-1.464,1.09,2.036
2026-02-03T17:30:00Z,135122,12.8,2026-02-03T17:27:50Z,-1.688,1.09,2.036
2026-02-03T17:45:00Z,135123,12.78,2026-02-03T17:43:50Z,-1.912,1.09,2.035
2026-02-03T18:00:00Z,135124,12.76,2026-02-03T17:51:50Z,-2.16,1.09,2.034
2026-02-03T18:15:00Z,135125,12.75,2026-02-03T18:14:20Z,-2.383,1.091,2.034
2026-02-03T18:30:00Z,135126,12.74,2026-02-03T18:24:40Z,-2.594,1.091,2.033
2026-02-03T18:45:00Z,135127,12.73,2026-02-03T18:41:10Z,-2.812,1.09,2.033
2026-02-03T19:00:00Z,135128,12.71,2026-02-03T18:57:20Z,-3.041,1.09,2.032
2026-02-03T19:15:00Z,135129,12.71,2026-02-03T19:05:30Z,-3.276,1.091,2.032
2026-02-03T19:30:00Z,135130,12.71,2026-02-03T19:29:30Z,-3.483,1.091,2.031
2026-02-03T19:45:00Z,135131,12.71,2026-02-03T19:31:35Z,-3.671,1.091,2.031
2026-02-03T20:00:00Z,135132,12.7,2026-02-03T19:45:15Z,-3.854,1.092,2.03
2026-02-03T20:15:00Z,135133,12.69,2026-02-03T20:02:00Z,-4.029,1.092,2.03
2026-02-03T20:30:00Z,135134,12.68,2026-02-03T20:29:30Z,-4.197,1.092,2.03
2026-02-03T20:45:00Z,135135,12.69,2026-02-03T20:38:55Z,-4.353,1.093,2.029
2026-02-03T21:00:00Z,135136,12.68,2026-02-03T20:56:55Z,-4.496,1.093,2.029
2026-02-03T21:15:00Z,135137,12.65,2026-02-03T21:02:05Z,-4.619,1.093,2.029
2026-02-03T21:30:00Z,135138,12.67,2026-02-03T21:20:45Z,-4.742,1.094,2.028
2026-02-03T21:45:00Z,135139,12.67,2026-02-03T21:30:25Z,-4.895,1.095,2.028
2026-02-03T22:00:00Z,135140,12.66,2026-02-03T21:50:05Z,-5.089,1.095,2.028
2026-02-03T22:15:00Z,135141,12.66,2026-02-03T22:01:55Z,-5.295,1.095,2.027
2026-02-03T22:30:00Z,135142,12.65,2026-02-03T22:29:30Z,-5.48,1.095,2.027
2026-02-03T22:45:00Z,135143,12.66,2026-02-03T22:30:05Z,-5.667,1.096,2.026
2026-02-03T23:00:00Z,135144,12.65,2026-02-03T22:50:30Z,-5.844,1.096,2.026
2026-02-03T23:15:00Z,135145,12.65,2026-02-03T23:11:05Z,-6.051,1.097,2.026
2026-02-03T23:30:00Z,135146,12.65,2026-02-03T23:15:25Z,-6.389,1.097,2.026
2026-02-03T23:45:00Z,135147,12.65,2026-02-03T23:35:30Z,-7.053,1.098,2.025
2026-02-04T00:15:00Z,135149,12.64,2026-02-04T00:02:00Z,-9.3,1.099,2.025
2026-02-04T00:30:00Z,135150,12.63,2026-02-04T00:29:30Z,-10.62,1.1,2.024
2026-02-04T00:45:00Z,135151,12.64,2026-02-04T00:31:45Z,-11.93,1.101,2.024
2026-02-04T01:00:00Z,135152,12.63,2026-02-04T00:53:30Z,-13.17,1.102,2.024
2026-02-04T01:15:00Z,135153,12.63,2026-02-04T01:02:00Z,-14.17,1.103,2.023
2026-02-04T01:30:00Z,135154,12.59,2026-02-04T01:29:30Z,-14.79,1.104,2.023
2026-02-04T01:45:00Z,135155,12.62,2026-02-04T01:37:10Z,-15.03,1.106,2.023
2026-02-04T02:00:00Z,135156,12.61,2026-02-04T01:57:00Z,-15.05,1.107,2.022
2026-02-04T02:15:00Z,135157,12.57,2026-02-04T02:02:05Z,-14.89,1.109,2.022
2026-02-04T02:30:00Z,135158,12.59,2026-02-04T02:29:30Z,-14.52,1.11,2.022
2026-02-04T02:45:00Z,135159,12.59,2026-02-04T02:44:20Z,-14.01,1.111,2.021
2026-02-04T03:00:00Z,135160,12.59,2026-02-04T02:47:00Z,-13.45,1.111,2.021
2026-02-04T03:15:00Z,135161,12.59,2026-02-04T03:11:10Z,-12.87,1.112,2.021
2026-02-04T03:30:00Z,135162,12.59,2026-02-04T03:16:25Z,-12.34,1.113,2.02
2026-02-04T03:45:00Z,135163,12.59,2026-02-04T03:30:05Z,-11.86,1.113,2.02
2026-02-04T04:00:00Z,135164,12.58,2026-02-04T03:57:05Z,-11.44,1.114,2.02
2026-02-04T04:15:00Z,135165,12.57,2026-02-04T04:02:15Z,-11.08,1.116,2.019
2026-02-04T04:30:00Z,135166,12.55,2026-02-04T04:29:45Z,-10.75,1.117,2.019
2026-02-04T04:45:00Z,135167,12.59,2026-02-04T04:31:00Z,-10.48,1.118,2.019
2026-02-04T05:00:00Z,135168,12.58,2026-02-04T04:52:00Z,-10.24,1.119,2.018
2026-02-04T05:15:00Z,135169,12.57,2026-02-04T05:02:05Z,-10.04,1.12,2.018
2026-02-04T05:30:00Z,135170,12.58,2026-02-04T05:29:35Z,-9.84,1.121,2.018
2026-02-04T05:45:00Z,135171,12.58,2026-02-04T05:30:05Z,-9.64,1.121,2.018
2026-02-04T06:00:00Z,135172,12.58,2026-02-04T05:57:15Z,-9.45,1.121,2.017
2026-02-04T06:15:00Z,135173,12.58,2026-02-04T06:02:15Z,-9.28,1.121,2.017
2026-02-04T06:30:00Z,135174,12.57,2026-02-04T06:23:55Z,-9.11,1.121,2.017
2026-02-04T06:45:00Z,135175,12.57,2026-02-04T06:34:35Z,-8.98,1.122,2.016
2026-02-04T07:00:00Z,135176,12.56,2026-02-04T06:57:00Z,-8.89,1.122,2.016
2026-02-04T07:15:00Z,135177,12.57,2026-02-04T07:00:10Z,-8.84,1.122,2.016
2026-02-04T07:30:00Z,135178,12.57,2026-02-04T07:17:15Z,-8.81,1.122,2.015
2026-02-04T07:45:00Z,135179,12.57,2026-02-04T07:33:00Z,-8.8,1.119,2.015
2026-02-04T08:00:00Z,135180,12.57,2026-02-04T07:45:40Z,-8.83,1.116,2.015
2026-02-04T08:15:00Z,135181,12.58,2026-02-04T08:00:20Z,-8.85,1.112,2.015
2026-02-04T08:30:00Z,135182,12.59,2026-02-04T08:15:05Z,-8.84,1.11,2.014
2026-02-04T08:45:00Z,135183,12.6,2026-02-04T08:30:05Z,-8.77,1.109,2.014
2026-02-04T09:00:00Z,135184,12.62,2026-02-04T08:45:05Z,-8.64,1.108,2.014
2026-02-04T09:15:00Z,135185,12.66,2026-02-04T09:02:05Z,-8.45,1.107,2.014
2026-02-04T09:30:00Z,135186,12.72,2026-02-04T09:15:05Z,-8.19,1.107,2.014
2026-02-04T09:45:00Z,135187,12.78,2026-02-04T09:30:05Z,-7.878,1.106,2.015
2026-02-04T10:00:00Z,135188,12.87,2026-02-04T09:45:05Z,-7.497,1.105,2.015
2026-02-04T10:15:00Z,135189,12.97,2026-02-04T10:00:05Z,-7.047,1.105,2.016
2026-02-04T10:30:00Z,135190,13.08,2026-02-04T10:15:05Z,-6.535,1.104,2.016
2026-02-04T10:45:00Z,135191,13.14,2026-02-04T10:30:25Z,-5.983,1.104,2.017
2026-02-04T11:00:00Z,135192,13.21,2026-02-04T10:45:10Z,-5.507,1.103,2.017
2026-02-04T11:15:00Z,135193,13.24,2026-02-04T11:00:05Z,-5.134,1.103,2.017
2026-02-04T11:30:00Z,135194,13.32,2026-02-04T11:15:30Z,-4.742,1.103,2.018
2026-02-04T11:45:00Z,135195,13.37,2026-02-04T11:30:05Z,-4.396,1.102,2.018
2026-02-04T12:00:00Z,135196,13.39,2026-02-04T11:50:10Z,-4.058,1.102,2.018
2026-02-04T12:15:00Z,135197,13.41,2026-02-04T12:00:30Z,-3.837,1.101,2.018
2026-02-04T12:30:00Z,135198,13.43,2026-02-04T12:15:05Z,-3.696,1.1,2.018
2026-02-04T12:45:00Z,135199,13.45,2026-02-04T12:30:05Z,-3.558,1.101,2.018
2026-02-04T13:00:00Z,135200,13.51,2026-02-04T12:45:05Z,-3.395,1.099,2.019
2026-02-04T13:15:00Z,135201,13.54,2026-02-04T13:00:05Z,-3.105,1.101,2.019
2026-02-04T13:30:00Z,135202,13.46,2026-02-04T13:27:30Z,-2.897,1.1,2.019
2026-02-04T13:45:00Z,135203,13.44,2026-02-04T13:30:20Z,-2.772,1.099,2.019
2026-02-04T14:00:00Z,135204,13.47,2026-02-04T13:59:25Z,-2.572,1.099,2.018
2026-02-04T14:15:00Z,135205,13.43,2026-02-04T14:10:30Z,-2.399,1.099,2.018
2026-02-04T14:30:00Z,135206,13.41,2026-02-04T14:19:00Z,-2.373,1.099,2.018
2026-02-04T14:45:00Z,135207,13.41,2026-02-04T14:45:00Z,-2.508,1.098,2.018
2026-02-04T15:00:00Z,135208,13.39,2026-02-04T14:46:45Z,-2.594,1.098,2.017
2026-02-04T15:15:00Z,135209,13.44,2026-02-04T15:14:50Z,-2.691,1.098,2.018
2026-02-04T15:30:00Z,135210,13.33,2026-02-04T15:29:35Z,-2.819,1.099,2.017
2026-02-04T15:45:00Z,135211,13.26,2026-02-04T15:42:55Z,-3.098,1.099,2.016
2026-02-04T16:00:00Z,135212,13.22,2026-02-04T16:00:00Z,-3.421,1.1,2.015
2026-02-04T16:15:00Z,135213,13.17,2026-02-04T16:14:25Z,-3.792,1.1,2.014
2026-02-04T16:30:00Z,135214,13.08,2026-02-04T16:29:15Z,-4.165,1.1,2.013
2026-02-04T16:45:00Z,135215,13.03,2026-02-04T16:44:25Z,-4.563,1.101,2.012
2026-02-04T17:00:00Z,135216,12.99,2026-02-04T16:57:00Z,-4.964,1.102,2.011
2026-02-04T17:15:00Z,135217,12.97,2026-02-04T17:12:00Z,-5.374,1.103,2.011
2026-02-04T17:30:00Z,135218,12.93,2026-02-04T17:28:00Z,-5.785,1.104,2.01
2026-02-04T17:45:00Z,135219,12.9,2026-02-04T17:43:05Z,-6.235,1.105,2.009
2026-02-04T18:00:00Z,135220,12.87,2026-02-04T17:57:05Z,-6.735,1.106,2.009
2026-02-04T18:15:00Z,135221,12.86,2026-02-04T18:01:25Z,-7.314,1.106,2.008
2026-02-04T18:30:00Z,135222,12.84,2026-02-04T18:29:30Z,-8.08,1.107,2.008
2026-02-04T18:45:00Z,135223,12.84,2026-02-04T18:39:35Z,-9.05,1.108,2.007
2026-02-04T19:00:00Z,135224,12.83,2026-02-04T18:55:55Z,-10.26,1.109,2.007
2026-02-04T19:15:00Z,135225,12.81,2026-02-04T19:01:55Z,-11.59,1.111,2.006
2026-02-04T19:30:00Z,135226,12.81,2026-02-04T19:27:05Z,-12.92,1.113,2.006
2026-02-04T19:45:00Z,135227,12.8,2026-02-04T19:40:25Z,-14.14,1.115,2.006
2026-02-04T20:00:00Z,135228,12.79,2026-02-04T19:59:05Z,-15.26,1.117,2.005
2026-02-04T20:15:00Z,135229,12.78,2026-02-04T20:15:00Z,-16.25,1.118,2.005
2026-02-04T20:30:00Z,135230,12.77,2026-02-04T20:29:30Z,-17.13,1.12,2.004
2026-02-04T20:45:00Z,135231,12.77,2026-02-04T20:42:40Z,-17.89,1.122,2.004
2026-02-04T21:00:00Z,135232,12.76,2026-02-04T20:53:20Z,-18.54,1.123,2.004
2026-02-04T21:15:00Z,135233,12.75,2026-02-04T21:01:55Z,-19.12,1.126,2.003
2026-02-04T21:30:00Z,135234,12.75,2026-02-04T21:15:30Z,-19.62,1.128,2.003
2026-02-04T21:45:00Z,135235,12.74,2026-02-04T21:33:20Z,-20.04,1.13,2.003
2026-02-04T22:00:00Z,135236,12.73,2026-02-04T21:52:40Z,-20.42,1.131,2.002
2026-02-04T22:15:00Z,135237,12.72,2026-02-04T22:02:00Z,-20.76,1.133,2.002
2026-02-04T22:30:00Z,135238,12.72,2026-02-04T22:19:25Z,-21.05,1.134,2.002
2026-02-04T22:45:00Z,135239,12.71,2026-02-04T22:36:30Z,-21.28,1.135,2.001
2026-02-04T23:00:00Z,135240,12.69,2026-02-04T22:57:00Z,-21.33,1.135,2.001
2026-02-04T23:15:00Z,135241,12.7,2026-02-04T23:13:40Z,-21.09,1.136,2.001
2026-02-04T23:30:00Z,135242,12.68,2026-02-04T23:28:55Z,-20.77,1.137,2
2026-02-04T23:45:00Z,135243,12.68,2026-02-04T23:42:15Z,-20.57,1.138,2
2026-02-05T00:15:00Z,135245,12.67,2026-02-05T00:06:15Z,-20.64,1.14,1.999
2026-02-05T00:30:00Z,135246,12.66,2026-02-05T00:22:15Z,-20.8,1.141,1.999
2026-02-05T00:45:00Z,135247,12.66,2026-02-05T00:38:15Z,-20.96,1.143,1.998
2026-02-05T01:00:00Z,135248,12.66,2026-02-05T00:47:05Z,-21.13,1.146,1.998
2026-02-05T01:15:00Z,135249,12.65,2026-02-05T01:14:20Z,-21.31,1.148,1.997
2026-02-05T01:30:00Z,135250,12.64,2026-02-05T01:29:50Z,-21.37,1.15,1.997
2026-02-05T01:45:00Z,135251,12.64,2026-02-05T01:42:40Z,-21.22,1.149,1.997
2026-02-05T02:00:00Z,135252,12.64,2026-02-05T01:46:20Z,-20.81,1.147,1.996
2026-02-05T02:15:00Z,135253,12.63,2026-02-05T02:09:20Z,-20.01,1.147,1.996
2026-02-05T02:30:00Z,135254,12.62,2026-02-05T02:20:30Z,-18.96,1.147,1.995
2026-02-05T02:45:00Z,135255,12.63,2026-02-05T02:41:15Z,-17.84,1.148,1.995
2026-02-05T03:00:00Z,135256,12.62,2026-02-05T02:55:10Z,-16.75,1.148,1.994
2026-02-05T03:15:00Z,135257,12.62,2026-02-05T03:10:10Z,-15.79,1.147,1.993
2026-02-05T03:30:00Z,135258,12.62,2026-02-05T03:29:50Z,-14.95,1.148,1.993
2026-02-05T03:45:00Z,135259,12.61,2026-02-05T03:37:50Z,-14.19,1.148,1.992
2026-02-05T04:00:00Z,135260,12.61,2026-02-05T03:56:30Z,-13.53,1.148,1.992
2026-02-05T04:15:00Z,135261,12.6,2026-02-05T04:01:55Z,-12.98,1.15,1.992
2026-02-05T04:30:00Z,135262,12.61,2026-02-05T04:27:25Z,-12.5,1.151,1.991
2026-02-05T04:45:00Z,135263,12.61,2026-02-05T04:40:00Z,-12.04,1.152,1.991
2026-02-05T05:00:00Z,135264,12.6,2026-02-05T04:56:55Z,-11.58,1.152,1.99
2026-02-05T05:15:00Z,135265,12.61,2026-02-05T05:02:00Z,-11.16,1.154,1.99
2026-02-05T05:30:00Z,135266,12.6,2026-02-05T05:29:30Z,-10.79,1.154,1.989
2026-02-05T05:45:00Z,135267,12.61,2026-02-05T05:30:05Z,-10.47,1.155,1.989
2026-02-05T06:00:00Z,135268,12.6,2026-02-05T05:50:55Z,-10.19,1.156,1.988
2026-02-05T06:15:00Z,135269,12.58,2026-02-05T06:00:25Z,-9.96,1.157,1.988
2026-02-05T06:30:00Z,135270,12.6,2026-02-05T06:15:25Z,-9.77,1.158,1.987
2026-02-05T06:45:00Z,135271,12.6,2026-02-05T06:41:50Z,-9.61,1.16,1.987
2026-02-05T07:00:00Z,135272,12.59,2026-02-05T06:54:15Z,-9.47,1.161,1.986
2026-02-05T07:15:00Z,135273,12.59,2026-02-05T07:06:45Z,-9.33,1.161,1.986
2026-02-05T07:30:00Z,135274,12.56,2026-02-05T07:29:30Z,-9.19,1.163,1.985
2026-02-05T07:45:00Z,135275,12.59,2026-02-05T07:30:45Z,-9.08,1.164,1.985
2026-02-05T08:00:00Z,135276,12.58,2026-02-05T07:50:25Z,-8.96,1.165,1.984
2026-02-05T08:15:00Z,135277,12.59,2026-02-05T08:00:05Z,-8.82,1.165,1.984
2026-02-05T08:30:00Z,135278,12.6,2026-02-05T08:16:05Z,-8.64,1.165,1.984
2026-02-05T08:45:00Z,135279,12.62,2026-02-05T08:30:05Z,-8.45,1.165,1.983
2026-02-05T09:00:00Z,135280,12.64,2026-02-05T08:45:25Z,-8.23,1.167,1.983
2026-02-05T09:15:00Z,135281,12.66,2026-02-05T09:00:05Z,-7.981,1.167,1.983
2026-02-05T09:30:00Z,135282,12.74,2026-02-05T09:15:05Z,-7.672,1.168,1.983
2026-02-05T09:45:00Z,135283,12.83,2026-02-05T09:30:05Z,-7.271,1.17,1.983
2026-02-05T10:00:00Z,135284,12.92,2026-02-05T09:45:05Z,-6.845,1.17,1.984
2026-02-05T10:15:00Z,135285,13.06,2026-02-05T10:00:05Z,-6.383,1.17,1.985
2026-02-05T10:30:00Z,135286,13.14,2026-02-05T10:29:25Z,-5.944,1.171,1.985
2026-02-05T10:45:00Z,135287,13.16,2026-02-05T10:30:10Z,-5.678,1.169,1.985
2026-02-05T11:00:00Z,135288,13.21,2026-02-05T10:56:55Z,-5.442,1.169,1.985
2026-02-05T11:15:00Z,135289,13.23,2026-02-05T11:00:05Z,-5.218,1.169,1.985
2026-02-05T11:30:00Z,135290,13.34,2026-02-05T11:29:55Z,-4.91,1.169,1.986
2026-02-05T11:45:00Z,135291,13.29,2026-02-05T11:30:30Z,-4.597,1.169,1.986
2026-02-05T12:00:00Z,135292,13.27,2026-02-05T11:53:30Z,-4.409,1.168,1.985
2026-02-05T12:15:00Z,135293,13.25,2026-02-05T12:10:50Z,-4.289,1.168,1.985
2026-02-05T12:30:00Z,135294,13.24,2026-02-05T12:29:30Z,-4.208,1.168,1.984
2026-02-05T12:45:00Z,135295,13.19,2026-02-05T12:43:40Z,-4.11,1.169,1.984
2026-02-05T13:00:00Z,135296,13.13,2026-02-05T12:57:00Z,-4.074,1.169,1.984
2026-02-05T13:15:00Z,135297,13.11,2026-02-05T13:06:35Z,-4.048,1.17,1.983
2026-02-05T13:30:00Z,135298,13.07,2026-02-05T13:28:40Z,-3.968,1.17,1.983
2026-02-05T13:45:00Z,135299,13.02,2026-02-05T13:42:55Z,-3.849,1.17,1.982
2026-02-05T14:00:00Z,135300,12.99,2026-02-05T13:57:05Z,-3.775,1.17,1.981
2026-02-05T14:15:00Z,135301,12.98,2026-02-05T14:02:05Z,-3.672,1.17,1.981
2026-02-05T14:30:00Z,135302,12.99,2026-02-05T14:15:05Z,-3.467,1.172,1.981
2026-02-05T14:45:00Z,135303,13.01,2026-02-05T14:30:05Z,-3.199,1.174,1.98
2026-02-05T15:00:00Z,135304,12.99,2026-02-05T14:56:55Z,-2.954,1.174,1.98
2026-02-05T15:15:00Z,135305,12.96,2026-02-05T15:14:10Z,-2.81,1.174,1.98
2026-02-05T15:30:00Z,135306,12.93,2026-02-05T15:29:25Z,-2.75,1.175,1.979
2026-02-05T15:45:00Z,135307,12.93,2026-02-05T15:35:20Z,-2.726,1.176,1.979
2026-02-05T16:00:00Z,135308,12.93,2026-02-05T15:45:25Z,-2.732,1.176,1.979
2026-02-05T16:15:00Z,135309,12.87,2026-02-05T16:14:25Z,-2.726,1.177,1.978
2026-02-05T16:30:00Z,135310,12.84,2026-02-05T16:29:30Z,-2.902,1.177,1.978
2026-02-05T16:45:00Z,135311,12.81,2026-02-05T16:43:20Z,-3.202,1.178,1.977
2026-02-05T17:00:00Z,135312,12.8,2026-02-05T16:57:00Z,-3.548,1.179,1.977
2026-02-05T17:15:00Z,135313,12.77,2026-02-05T17:13:15Z,-3.898,1.179,1.976
2026-02-05T17:30:00Z,135314,12.75,2026-02-05T17:29:55Z,-4.236,1.181,1.976
2026-02-05T17:45:00Z,135315,12.74,2026-02-05T17:44:30Z,-4.579,1.182,1.975
2026-02-05T18:00:00Z,135316,12.72,2026-02-05T17:53:55Z,-4.876,1.183,1.975
2026-02-05T18:15:00Z,135317,12.71,2026-02-05T18:09:55Z,-5.128,1.184,1.974
2026-02-05T18:30:00Z,135318,12.7,2026-02-05T18:17:55Z,-5.33,1.185,1.974
2026-02-05T18:45:00Z,135319,12.69,2026-02-05T18:44:35Z,-5.492,1.186,1.973
2026-02-05T19:00:00Z,135320,12.68,2026-02-05T18:57:00Z,-5.64,1.187,1.973
2026-02-05T19:15:00Z,135321,12.68,2026-02-05T19:04:35Z,-5.742,1.188,1.972
2026-02-05T19:30:00Z,135322,12.67,2026-02-05T19:25:15Z,-5.827,1.19,1.972
2026-02-05T19:45:00Z,135323,12.66,2026-02-05T19:42:05Z,-5.897,1.192,1.972
2026-02-05T20:00:00Z,135324,12.66,2026-02-05T19:49:20Z,-5.959,1.193,1.971
2026-02-05T20:15:00Z,135325,12.65,2026-02-05T20:08:15Z,-6.016,1.195,1.971
2026-02-05T20:30:00Z,135326,12.65,2026-02-05T20:18:15Z,-6.064,1.196,1.971
2026-02-05T20:45:00Z,135327,12.64,2026-02-05T20:34:45Z,-6.104,1.198,1.97
2026-02-05T21:00:00Z,135328,12.64,2026-02-05T20:47:50Z,-6.14,1.2,1.97
2026-02-05T21:15:00Z,135329,12.63,2026-02-05T21:13:35Z,-6.176,1.201,1.97
2026-02-05T21:30:00Z,135330,12.61,2026-02-05T21:16:25Z,-6.212,1.203,1.97
2026-02-05T21:45:00Z,135331,12.62,2026-02-05T21:30:35Z,-6.235,1.204,1.969
2026-02-05T22:00:00Z,135332,12.61,2026-02-05T21:57:30Z,-6.265,1.206,1.969
2026-02-05T22:15:00Z,135333,12.62,2026-02-05T22:03:00Z,-6.297,1.208,1.969
2026-02-05T22:30:00Z,135334,12.61,2026-02-05T22:24:10Z,-6.332,1.209,1.968
2026-02-05T22:45:00Z,135335,12.61,2026-02-05T22:30:05Z,-6.378,1.21,1.968
2026-02-05T23:00:00Z,135336,12.6,2026-02-05T22:57:00Z,-6.423,1.212,1.968
2026-02-05T23:15:00Z,135337,12.6,2026-02-05T23:01:55Z,-6.484,1.213,1.967
2026-02-05T23:30:00Z,135338,12.6,2026-02-05T23:17:30Z,-6.565,1.215,1.967
2026-02-05T23:45:00Z,135339,12.6,2026-02-05T23:30:45Z,-6.645,1.216,1.967
2026-02-06T00:15:00Z,135341,12.59,2026-02-06T00:02:00Z,-6.779,1.22,1.966
2026-02-06T00:30:00Z,135342,12.59,2026-02-06T00:24:15Z,-6.812,1.221,1.966
2026-02-06T00:45:00Z,135343,12.59,2026-02-06T00:30:30Z,-6.819,1.223,1.966
2026-02-06T01:00:00Z,135344,12.58,2026-02-06T00:56:55Z,-6.819,1.224,1.966
2026-02-06T01:15:00Z,135345,12.59,2026-02-06T01:00:05Z,-6.802,1.225,1.966
2026-02-06T01:30:00Z,135346,12.58,2026-02-06T01:29:30Z,-6.781,1.226,1.966
2026-02-06T01:45:00Z,135347,12.59,2026-02-06T01:34:25Z,-6.731,1.227,1.965
2026-02-06T02:00:00Z,135348,12.58,2026-02-06T01:46:35Z,-6.689,1.229,1.965
2026-02-06T02:15:00Z,135349,12.58,2026-02-06T02:02:00Z,-6.642,1.229,1.965
2026-02-06T02:30:00Z,135350,12.58,2026-02-06T02:15:15Z,-6.576,1.23,1.965
2026-02-06T02:45:00Z,135351,12.58,2026-02-06T02:30:05Z,-6.491,1.232,1.965
2026-02-06T03:00:00Z,135352,12.57,2026-02-06T02:57:05Z,-6.4,1.232,1.964
2026-02-06T03:15:00Z,135353,12.57,2026-02-06T03:02:10Z,-6.318,1.233,1.964
2026-02-06T03:30:00Z,135354,12.56,2026-02-06T03:29:45Z,-6.247,1.233,1.964
2026-02-06T03:45:00Z,135355,12.57,2026-02-06T03:31:45Z,-6.179,1.234,1.964
2026-02-06T04:00:00Z,135356,12.56,2026-02-06T03:47:45Z,-6.098,1.235,1.964
2026-02-06T04:15:00Z,135357,12.56,2026-02-06T04:01:50Z,-6.011,1.237,1.964
2026-02-06T04:30:00Z,135358,12.56,2026-02-06T04:29:25Z,-5.924,1.236,1.964
2026-02-06T04:45:00Z,135359,12.57,2026-02-06T04:30:05Z,-5.843,1.236,1.964
2026-02-06T05:00:00Z,135360,12.57,2026-02-06T04:45:05Z,-5.768,1.237,1.963
2026-02-06T05:15:00Z,135361,12.57,2026-02-06T05:00:05Z,-5.701,1.237,1.963
2026-02-06T05:30:00Z,135362,12.56,2026-02-06T05:27:50Z,-5.635,1.238,1.963
2026-02-06T05:45:00Z,135363,12.56,2026-02-06T05:30:45Z,-5.558,1.239,1.963
2026-02-06T06:00:00Z,135364,12.56,2026-02-06T05:53:30Z,-5.484,1.239,1.963
2026-02-06T06:15:00Z,135365,12.55,2026-02-06T06:01:50Z,-5.401,1.239,1.962
2026-02-06T06:30:00Z,135366,12.55,2026-02-06T06:29:25Z,-5.305,1.24,1.962
2026-02-06T06:45:00Z,135367,12.56,2026-02-06T06:42:25Z,-5.203,1.24,1.962
2026-02-06T07:00:00Z,135368,12.56,2026-02-06T06:48:05Z,-5.113,1.24,1.962
2026-02-06T07:15:00Z,135369,12.55,2026-02-06T07:02:00Z,-5.034,1.241,1.961
2026-02-06T07:30:00Z,135370,12.56,2026-02-06T07:15:05Z,-4.96,1.241,1.961
2026-02-06T07:45:00Z,135371,12.55,2026-02-06T07:40:40Z,-4.898,1.241,1.961
2026-02-06T08:00:00Z,135372,12.55,2026-02-06T07:59:20Z,-4.841,1.241,1.961
2026-02-06T08:15:00Z,135373,12.55,2026-02-06T08:01:50Z,-4.774,1.242,1.96
2026-02-06T08:30:00Z,135374,12.55,2026-02-06T08:29:25Z,-4.678,1.242,1.96
2026-02-06T08:45:00Z,135375,12.55,2026-02-06T08:44:40Z,-4.542,1.242,1.96
2026-02-06T09:00:00Z,135376,12.55,2026-02-06T08:47:20Z,-4.366,1.242,1.96
2026-02-06T09:15:00Z,135377,12.55,2026-02-06T09:14:00Z,-4.178,1.242,1.959
2026-02-06T09:30:00Z,135378,12.56,2026-02-06T09:15:05Z,-3.935,1.242,1.959
2026-02-06T09:45:00Z,135379,12.51,2026-02-06T09:30:35Z,-3.572,1.242,1.959
2026-02-06T10:00:00Z,135380,12.56,2026-02-06T09:57:00Z,-3.148,1.242,1.959
2026-02-06T10:15:00Z,135381,12.56,2026-02-06T10:02:35Z,-2.782,1.242,1.958
2026-02-06T10:30:00Z,135382,12.57,2026-02-06T10:15:05Z,-2.43,1.242,1.958
2026-02-06T10:45:00Z,135383,12.57,2026-02-06T10:30:10Z,-2.071,1.242,1.958
2026-02-06T11:00:00Z,135384,12.58,2026-02-06T10:45:05Z,-1.74,1.241,1.958
2026-02-06T11:15:00Z,135385,12.56,2026-02-06T11:02:00Z,-1.36,1.24,1.958
2026-02-06T11:30:00Z,135386,12.58,2026-02-06T11:15:05Z,-0.971,1.238,1.957
2026-02-06T11:45:00Z,135387,12.58,2026-02-06T11:30:05Z,-0.626,1.237,1.957
2026-02-06T12:00:00Z,135388,12.58,2026-02-06T11:45:05Z,-0.345,1.236,1.957
2026-02-06T12:15:00Z,135389,12.57,2026-02-06T12:01:50Z,-0.062,1.235,1.957
2026-02-06T12:30:00Z,135390,12.59,2026-02-06T12:29:25Z,0.225,1.233,1.957
2026-02-06T12:45:00Z,135391,12.59,2026-02-06T12:30:10Z,0.513,1.231,1.956
2026-02-06T13:00:00Z,135392,12.58,2026-02-06T12:56:55Z,0.783,1.23,1.956
2026-02-06T13:15:00Z,135393,12.59,2026-02-06T13:00:05Z,0.824,1.227,1.956
2026-02-06T13:30:00Z,135394,12.6,2026-02-06T13:28:15Z,0.865,1.225,1.956
2026-02-06T13:45:00Z,135395,12.6,2026-02-06T13:30:55Z,0.94,1.223,1.956
2026-02-06T14:00:00Z,135396,12.66,2026-02-06T13:45:05Z,0.946,1.221,1.956
2026-02-06T14:15:00Z,135397,12.69,2026-02-06T14:01:50Z,0.972,1.219,1.956
2026-02-06T14:30:00Z,135398,12.72,2026-02-06T14:16:15Z,1.015,1.217,1.956
2026-02-06T14:45:00Z,135399,12.77,2026-02-06T14:30:05Z,1.022,1.215,1.956
2026-02-06T15:00:00Z,135400,12.77,2026-02-06T14:50:30Z,0.974,1.212,1.956
2026-02-06T15:15:00Z,135401,12.76,2026-02-06T15:09:35Z,0.929,1.211,1.956
2026-02-06T15:30:00Z,135402,12.75,2026-02-06T15:27:20Z,0.861,1.209,1.956
2026-02-06T15:45:00Z,135403,12.74,2026-02-06T15:35:10Z,0.783,1.206,1.955
2026-02-06T16:00:00Z,135404,12.75,2026-02-06T15:45:15Z,0.73,1.203,1.955
2026-02-06T16:15:00Z,135405,12.76,2026-02-06T16:04:20Z,0.734,1.202,1.955
2026-02-06T16:30:00Z,135406,12.77,2026-02-06T16:18:10Z,0.678,1.199,1.956
2026-02-06T16:45:00Z,135407,13.02,2026-02-06T16:38:45Z,0.677,1.197,1.957
2026-02-06T17:00:00Z,135408,12.95,2026-02-06T16:58:45Z,0.728,1.194,1.956
2026-02-06T17:15:00Z,135409,12.98,2026-02-06T17:00:05Z,0.685,1.194,1.957
2026-02-06T17:30:00Z,135410,12.87,2026-02-06T17:29:25Z,0.542,1.194,1.956
2026-02-06T17:45:00Z,135411,12.8,2026-02-06T17:44:15Z,0.122,1.191,1.955
2026-02-06T18:00:00Z,135412,12.76,2026-02-06T17:59:10Z,-0.39,1.189,1.954
2026-02-06T18:15:00Z,135413,12.72,2026-02-06T18:12:25Z,-0.917,1.186,1.953
2026-02-06T18:30:00Z,135414,12.69,2026-02-06T18:29:30Z,-1.406,1.184,1.952
2026-02-06T18:45:00Z,135415,12.68,2026-02-06T18:35:25Z,-1.937,1.183,1.952
2026-02-06T19:00:00Z,135416,12.65,2026-02-06T18:59:50Z,-2.543,1.181,1.951
2026-02-06T19:15:00Z,135417,12.65,2026-02-06T19:07:50Z,-3.185,1.177,1.951
2026-02-06T19:30:00Z,135418,12.63,2026-02-06T19:23:50Z,-3.846,1.172,1.95
2026-02-06T19:45:00Z,135419,12.61,2026-02-06T19:42:30Z,-4.477,1.169,1.95
2026-02-06T20:00:00Z,135420,12.61,2026-02-06T19:45:10Z,-5.098,1.168,1.949
2026-02-06T20:15:00Z,135421,12.6,2026-02-06T20:01:55Z,-5.664,1.168,1.949
2026-02-06T20:30:00Z,135422,12.59,2026-02-06T20:27:50Z,-6.131,1.166,1.948
2026-02-06T20:45:00Z,135423,12.59,2026-02-06T20:33:10Z,-6.54,1.166,1.948
2026-02-06T21:00:00Z,135424,12.58,2026-02-06T20:58:05Z,-6.906,1.163,1.948
2026-02-06T21:15:00Z,135425,12.58,2026-02-06T21:11:55Z,-7.3,1.16,1.947
2026-02-06T21:30:00Z,135426,12.57,2026-02-06T21:28:50Z,-7.72,1.158,1.947
2026-02-06T21:45:00Z,135427,12.57,2026-02-06T21:30:05Z,-8.13,1.157,1.946
2026-02-06T22:00:00Z,135428,12.56,2026-02-06T21:52:35Z,-8.49,1.155,1.946
2026-02-06T22:15:00Z,135429,12.55,2026-02-06T22:01:55Z,-8.82,1.154,1.946
2026-02-06T22:30:00Z,135430,12.55,2026-02-06T22:20:35Z,-9.14,1.153,1.945
2026-02-06T22:45:00Z,135431,12.55,2026-02-06T22:35:20Z,-9.44,1.151,1.945
2026-02-06T23:00:00Z,135432,12.54,2026-02-06T22:56:55Z,-9.73,1.15,1.945
2026-02-06T23:15:00Z,135433,12.53,2026-02-06T23:02:05Z,-10,1.148,1.945
2026-02-06T23:30:00Z,135434,12.54,2026-02-06T23:28:40Z,-10.25,1.147,1.944
2026-02-06T23:45:00Z,135435,12.54,2026-02-06T23:30:05Z,-10.49,1.146,1.944
2026-02-07T00:15:00Z,135437,12.52,2026-02-07T00:01:55Z,-10.7,1.144,1.943
2026-02-07T00:30:00Z,135438,12.53,2026-02-07T00:15:25Z,-10.84,1.143,1.943
2026-02-07T00:45:00Z,135439,12.53,2026-02-07T00:30:25Z,-10.99,1.143,1.943
2026-02-07T01:00:00Z,135440,12.52,2026-02-07T00:54:05Z,-11.16,1.142,1.943
2026-02-07T01:15:00Z,135441,12.51,2026-02-07T01:01:50Z,-11.31,1.141,1.942
2026-02-07T01:30:00Z,135442,12.51,2026-02-07T01:28:10Z,-11.59,1.14,1.942
2026-02-07T01:45:00Z,135443,12.51,2026-02-07T01:31:45Z,-11.94,1.14,1.942
2026-02-07T02:00:00Z,135444,12.51,2026-02-07T01:45:05Z,-12.24,1.139,1.942
2026-02-07T02:15:00Z,135445,12.5,2026-02-07T02:01:50Z,-12.47,1.139,1.941
2026-02-07T02:30:00Z,135446,12.49,2026-02-07T02:29:20Z,-12.65,1.139,1.941
2026-02-07T02:45:00Z,135447,12.5,2026-02-07T02:32:10Z,-12.76,1.138,1.941
2026-02-07T03:00:00Z,135448,12.5,2026-02-07T02:45:45Z,-12.83,1.138,1.94
2026-02-07T03:15:00Z,135449,12.49,2026-02-07T03:01:50Z,-12.9,1.138,1.94
2026-02-07T03:30:00Z,135450,12.5,2026-02-07T03:19:05Z,-12.9,1.139,1.94
2026-02-07T03:45:00Z,135451,12.49,2026-02-07T03:36:20Z,-12.77,1.139,1.94
2026-02-07T04:00:00Z,135452,12.48,2026-02-07T03:56:55Z,-12.55,1.139,1.939
2026-02-07T04:15:00Z,135453,12.48,2026-02-07T04:01:50Z,-12.3,1.139,1.939
2026-02-07T04:30:00Z,135454,12.48,2026-02-07T04:19:00Z,-12.12,1.139,1.939
2026-02-07T04:45:00Z,135455,12.49,2026-02-07T04:31:45Z,-12.12,1.139,1.939
2026-02-07T05:00:00Z,135456,12.48,2026-02-07T04:56:55Z,-12.34,1.14,1.939
2026-02-07T05:15:00Z,135457,12.47,2026-02-07T05:01:50Z,-12.6,1.139,1.938
2026-02-07T05:30:00Z,135458,12.48,2026-02-07T05:16:05Z,-12.86,1.139,1.938
2026-02-07T05:45:00Z,135459,12.48,2026-02-07T05:30:05Z,-13.22,1.139,1.938
2026-02-07T06:00:00Z,135460,12.47,2026-02-07T05:56:55Z,-13.62,1.139,1.937
2026-02-07T06:15:00Z,135461,12.46,2026-02-07T06:01:50Z,-13.95,1.14,1.937
2026-02-07T06:30:00Z,135462,12.46,2026-02-07T06:29:25Z,-14.26,1.139,1.937
2026-02-07T06:45:00Z,135463,12.48,2026-02-07T06:34:55Z,-14.57,1.14,1.937
2026-02-07T07:00:00Z,135464,12.47,2026-02-07T06:54:20Z,-14.78,1.14,1.936
2026-02-07T07:15:00Z,135465,12.46,2026-02-07T07:01:50Z,-14.95,1.141,1.936
2026-02-07T07:30:00Z,135466,12.47,2026-02-07T07:29:25Z,-15.09,1.141,1.936
2026-02-07T07:45:00Z,135467,12.46,2026-02-07T07:39:55Z,-15.2,1.141,1.935
2026-02-07T08:00:00Z,135468,12.47,2026-02-07T07:53:15Z,-15.27,1.142,1.935
2026-02-07T08:15:00Z,135469,12.46,2026-02-07T08:01:50Z,-15.29,1.142,1.935
2026-02-07T08:30:00Z,135470,12.49,2026-02-07T08:17:15Z,-15.15,1.142,1.935
2026-02-07T08:45:00Z,135471,12.54,2026-02-07T08:30:35Z,-14.88,1.142,1.935
2026-02-07T09:00:00Z,135472,12.56,2026-02-07T08:45:30Z,-14.25,1.142,1.935
2026-02-07T09:15:00Z,135473,12.6,2026-02-07T09:01:50Z,-13.2,1.143,1.935
2026-02-07T09:30:00Z,135474,12.69,2026-02-07T09:15:05Z,-11.81,1.145,1.935
2026-02-07T09:45:00Z,135475,12.76,2026-02-07T09:30:05Z,-10.63,1.145,1.936
2026-02-07T10:00:00Z,135476,12.84,2026-02-07T09:45:15Z,-9.85,1.145,1.936
2026-02-07T10:15:00Z,135477,13.02,2026-02-07T10:01:50Z,-9.14,1.146,1.938
2026-02-07T10:30:00Z,135478,13.21,2026-02-07T10:15:05Z,-8.42,1.147,1.939
2026-02-07T10:45:00Z,135479,13.36,2026-02-07T10:40:35Z,-7.688,1.148,1.94
2026-02-07T11:00:00Z,135480,13.4,2026-02-07T10:45:30Z,-7.116,1.148,1.94
2026-02-07T11:15:00Z,135481,13.27,2026-02-07T11:12:30Z,-6.675,1.148,1.94
2026-02-07T11:30:00Z,135482,13.4,2026-02-07T11:16:05Z,-6.367,1.147,1.942
2026-02-07T11:45:00Z,135483,13.41,2026-02-07T11:31:35Z,-5.88,1.148,1.941
2026-02-07T12:00:00Z,135484,13.56,2026-02-07T11:45:55Z,-5.633,1.148,1.942
2026-02-07T12:15:00Z,135485,13.49,2026-02-07T12:03:50Z,-5.43,1.148,1.942
2026-02-07T12:30:00Z,135486,13.59,2026-02-07T12:28:20Z,-5.283,1.149,1.943
2026-02-07T12:45:00Z,135487,13.63,2026-02-07T12:30:05Z,-5.1,1.148,1.943
2026-02-07T13:00:00Z,135488,13.6,2026-02-07T12:51:45Z,-4.896,1.145,1.945
2026-02-07T13:15:00Z,135489,13.67,2026-02-07T13:04:45Z,-4.774,1.149,1.944
2026-02-07T13:30:00Z,135490,13.64,2026-02-07T13:19:20Z,-4.724,1.149,1.948
2026-02-07T13:45:00Z,135491,13.62,2026-02-07T13:38:55Z,-4.347,1.15,1.95
2026-02-07T14:00:00Z,135492,13.84,2026-02-07T13:51:25Z,-4.043,1.149,1.951
2026-02-07T14:15:00Z,135493,13.75,2026-02-07T14:10:20Z,-3.821,1.149,1.952
2026-02-07T14:30:00Z,135494,13.66,2026-02-07T14:19:45Z,-3.648,1.149,1.952
2026-02-07T14:45:00Z,135495,14.81,2026-02-07T14:30:25Z,-3.592,1.149,1.953
2026-02-07T15:00:00Z,135496,13.54,2026-02-07T14:55:30Z,-3.619,1.149,1.952
2026-02-07T15:15:00Z,135497,13.92,2026-02-07T15:00:45Z,-3.724,1.148,1.953
2026-02-07T15:30:00Z,135498,14.39,2026-02-07T15:29:25Z,-3.712,1.148,1.954
2026-02-07T15:45:00Z,135499,14.38,2026-02-07T15:33:15Z,-3.605,1.148,1.952
2026-02-07T16:00:00Z,135500,14.38,2026-02-07T15:56:55Z,-3.391,1.148,1.951
2026-02-07T16:15:00Z,135501,14.37,2026-02-07T16:13:50Z,-3.149,1.149,1.951
2026-02-07T16:30:00Z,135502,14.38,2026-02-07T16:19:20Z,-3.081,1.148,1.95
2026-02-07T16:45:00Z,135503,14.26,2026-02-07T16:44:50Z,-3.184,1.148,1.95
2026-02-07T17:00:00Z,135504,14.17,2026-02-07T17:00:00Z,-3.39,1.148,1.949
2026-02-07T17:15:00Z,135505,13.49,2026-02-07T17:15:00Z,-3.597,1.148,1.947
2026-02-07T17:30:00Z,135506,13.13,2026-02-07T17:29:30Z,-3.915,1.148,1.942
2026-02-07T17:45:00Z,135507,13.07,2026-02-07T17:44:25Z,-4.638,1.148,1.939
2026-02-07T18:00:00Z,135508,13.04,2026-02-07T17:57:45Z,-5.644,1.147,1.937
2026-02-07T18:15:00Z,135509,13.02,2026-02-07T18:11:05Z,-6.789,1.147,1.936
2026-02-07T18:30:00Z,135510,13,2026-02-07T18:29:25Z,-8.12,1.146,1.935
2026-02-07T18:45:00Z,135511,12.99,2026-02-07T18:44:25Z,-9.48,1.146,1.935
2026-02-07T19:00:00Z,135512,12.98,2026-02-07T18:57:00Z,-10.85,1.147,1.934
2026-02-07T19:15:00Z,135513,12.97,2026-02-07T19:02:00Z,-12.18,1.147,1.933
2026-02-07T19:30:00Z,135514,12.95,2026-02-07T19:29:30Z,-13.42,1.148,1.933
2026-02-07T19:45:00Z,135515,12.95,2026-02-07T19:42:30Z,-14.55,1.148,1.932
2026-02-07T20:00:00Z,135516,12.95,2026-02-07T19:49:50Z,-15.56,1.148,1.932
2026-02-07T20:15:00Z,135517,12.94,2026-02-07T20:10:10Z,-16.47,1.149,1.931
2026-02-07T20:30:00Z,135518,12.92,2026-02-07T20:20:40Z,-17.26,1.151,1.931
2026-02-07T20:45:00Z,135519,12.92,2026-02-07T20:42:15Z,-17.91,1.152,1.931
2026-02-07T21:00:00Z,135520,12.91,2026-02-07T20:57:00Z,-18.44,1.155,1.93
2026-02-07T21:15:00Z,135521,12.9,2026-02-07T21:13:20Z,-18.83,1.16,1.93
2026-02-07T21:30:00Z,135522,12.89,2026-02-07T21:29:30Z,-19.14,1.162,1.929
2026-02-07T21:45:00Z,135523,12.89,2026-02-07T21:32:00Z,-19.31,1.165,1.929
2026-02-07T22:00:00Z,135524,12.88,2026-02-07T21:56:55Z,-19.38,1.166,1.929
2026-02-07T22:15:00Z,135525,12.87,2026-02-07T22:10:40Z,-19.38,1.167,1.928
2026-02-07T22:30:00Z,135526,12.87,2026-02-07T22:26:30Z,-19.36,1.168,1.928
2026-02-07T22:45:00Z,135527,12.87,2026-02-07T22:37:10Z,-19.36,1.17,1.927
2026-02-07T23:00:00Z,135528,12.86,2026-02-07T22:57:00Z,-19.33,1.171,1.927
2026-02-07T23:15:00Z,135529,12.86,2026-02-07T23:14:10Z,-19.29,1.173,1.927
2026-02-07T23:30:00Z,135530,12.85,2026-02-07T23:29:25Z,-19.27,1.173,1.926
2026-02-07T23:45:00Z,135531,12.85,2026-02-07T23:30:15Z,-19.18,1.175,1.926
2026-02-08T00:15:00Z,135533,12.83,2026-02-08T00:01:50Z,-18.44,1.178,1.925
2026-02-08T00:30:00Z,135534,12.82,2026-02-08T00:29:30Z,-17.97,1.179,1.925
2026-02-08T00:45:00Z,135535,12.82,2026-02-08T00:44:00Z,-17.43,1.18,1.924
2026-02-08T01:00:00Z,135536,12.82,2026-02-08T00:58:15Z,-16.84,1.181,1.924
2026-02-08T01:15:00Z,135537,12.82,2026-02-08T01:02:00Z,-16.23,1.183,1.923
2026-02-08T01:30:00Z,135538,12.81,2026-02-08T01:29:30Z,-15.63,1.185,1.923
2026-02-08T01:45:00Z,135539,12.81,2026-02-08T01:31:05Z,-15.11,1.186,1.923
2026-02-08T02:00:00Z,135540,12.81,2026-02-08T01:50:45Z,-14.6,1.188,1.922
2026-02-08T02:15:00Z,135541,12.8,2026-02-08T02:01:50Z,-14.15,1.189,1.922
2026-02-08T02:30:00Z,135542,12.76,2026-02-08T02:26:00Z,-13.76,1.19,1.921
2026-02-08T02:45:00Z,135543,12.81,2026-02-08T02:41:05Z,-13.41,1.191,1.921
2026-02-08T03:00:00Z,135544,12.8,2026-02-08T02:50:15Z,-13.07,1.193,1.92
2026-02-08T03:15:00Z,135545,12.8,2026-02-08T03:00:10Z,-12.72,1.194,1.92
2026-02-08T03:30:00Z,135546,12.8,2026-02-08T03:15:15Z,-12.37,1.196,1.919
2026-02-08T03:45:00Z,135547,12.8,2026-02-08T03:30:05Z,-12.04,1.197,1.919
2026-02-08T04:00:00Z,135548,12.8,2026-02-08T03:50:05Z,-11.73,1.198,1.919
2026-02-08T04:15:00Z,135549,12.79,2026-02-08T04:01:50Z,-11.44,1.199,1.918
2026-02-08T04:30:00Z,135550,12.79,2026-02-08T04:19:10Z,-11.19,1.201,1.918
2026-02-08T04:45:00Z,135551,12.79,2026-02-08T04:33:20Z,-10.95,1.202,1.918
2026-02-08T05:00:00Z,135552,12.79,2026-02-08T04:56:30Z,-10.72,1.203,1.917
2026-02-08T05:15:00Z,135553,12.79,2026-02-08T05:01:50Z,-10.52,1.205,1.917
2026-02-08T05:30:00Z,135554,12.79,2026-02-08T05:23:10Z,-10.32,1.208,1.916
2026-02-08T05:45:00Z,135555,12.79,2026-02-08T05:30:05Z,-10.18,1.21,1.916
2026-02-08T06:00:00Z,135556,12.77,2026-02-08T05:57:00Z,-10.07,1.212,1.916
2026-02-08T06:15:00Z,135557,12.77,2026-02-08T06:01:50Z,-10,1.213,1.915
2026-02-08T06:30:00Z,135558,12.79,2026-02-08T06:15:10Z,-9.95,1.215,1.915
2026-02-08T06:45:00Z,135559,12.79,2026-02-08T06:30:05Z,-9.92,1.216,1.914
2026-02-08T07:00:00Z,135560,12.78,2026-02-08T06:56:45Z,-9.89,1.218,1.914
2026-02-08T07:15:00Z,135561,12.77,2026-02-08T07:01:50Z,-9.9,1.219,1.914
2026-02-08T07:30:00Z,135562,12.77,2026-02-08T07:29:30Z,-9.94,1.22,1.914
2026-02-08T07:45:00Z,135563,12.78,2026-02-08T07:30:05Z,-9.98,1.221,1.913
2026-02-08T08:00:00Z,135564,12.77,2026-02-08T07:57:00Z,-10.01,1.222,1.913
2026-02-08T08:15:00Z,135565,12.77,2026-02-08T08:01:50Z,-10.01,1.223,1.913
2026-02-08T08:30:00Z,135566,12.79,2026-02-08T08:29:25Z,-9.97,1.224,1.912
2026-02-08T08:45:00Z,135567,12.82,2026-02-08T08:30:10Z,-9.88,1.224,1.912
2026-02-08T09:00:00Z,135568,12.85,2026-02-08T08:45:05Z,-9.73,1.224,1.912
2026-02-08T09:15:00Z,135569,12.88,2026-02-08T09:01:50Z,-9.56,1.225,1.912
2026-02-08T09:30:00Z,135570,12.97,2026-02-08T09:15:05Z,-9.31,1.225,1.912
2026-02-08T09:45:00Z,135571,13.03,2026-02-08T09:30:05Z,-8.98,1.226,1.913
2026-02-08T10:00:00Z,135572,13.14,2026-02-08T09:47:50Z,-8.56,1.226,1.913
2026-02-08T10:15:00Z,135573,13.21,2026-02-08T10:00:05Z,-8.03,1.227,1.914
2026-02-08T10:30:00Z,135574,13.38,2026-02-08T10:15:05Z,-7.365,1.227,1.915
2026-02-08T10:45:00Z,135575,13.53,2026-02-08T10:30:05Z,-6.665,1.226,1.916
2026-02-08T11:00:00Z,135576,13.65,2026-02-08T10:53:55Z,-5.899,1.226,1.917
2026-02-08T11:15:00Z,135577,13.94,2026-02-08T11:00:05Z,-5.391,1.225,1.92
2026-02-08T11:30:00Z,135578,13.54,2026-02-08T11:29:55Z,-4.98,1.225,1.921
2026-02-08T11:45:00Z,135579,13.44,2026-02-08T11:34:55Z,-4.755,1.225,1.917
2026-02-08T12:00:00Z,135580,13.58,2026-02-08T11:53:10Z,-4.969,1.224,1.917
2026-02-08T12:15:00Z,135581,13.59,2026-02-08T12:01:55Z,-5.069,1.224,1.917
2026-02-08T12:30:00Z,135582,13.85,2026-02-08T12:15:30Z,-5.025,1.224,1.92
2026-02-08T12:45:00Z,135583,14.55,2026-02-08T12:30:45Z,-4.925,1.222,1.924
2026-02-08T13:00:00Z,135584,14.28,2026-02-08T12:59:55Z,-4.709,1.221,1.924
2026-02-08T13:15:00Z,135585,14.2,2026-02-08T13:01:55Z,-4.469,1.221,1.923
2026-02-08T13:30:00Z,135586,14.52,2026-02-08T13:16:20Z,-4.229,1.219,1.926
2026-02-08T13:45:00Z,135587,14.41,2026-02-08T13:38:25Z,-4.015,1.219,1.926
2026-02-08T14:00:00Z,135588,14.46,2026-02-08T13:47:00Z,-4.005,1.218,1.928
2026-02-08T14:15:00Z,135589,14.49,2026-02-08T14:00:10Z,-4.112,1.218,1.929
2026-02-08T14:30:00Z,135590,14.83,2026-02-08T14:29:25Z,-4.26,1.215,1.929
2026-02-08T14:45:00Z,135591,14.83,2026-02-08T14:44:10Z,-4.313,1.213,1.93
2026-02-08T15:00:00Z,135592,14.8,2026-02-08T14:57:05Z,-4.242,1.21,1.93
2026-02-08T15:15:00Z,135593,14.8,2026-02-08T15:02:00Z,-4.05,1.209,1.93
2026-02-08T15:30:00Z,135594,14.79,2026-02-08T15:17:15Z,-3.882,1.205,1.93
2026-02-08T15:45:00Z,135595,14.79,2026-02-08T15:39:55Z,-3.742,1.203,1.93
2026-02-08T16:00:00Z,135596,14.41,2026-02-08T15:58:00Z,-3.704,1.2,1.93
2026-02-08T16:15:00Z,135597,14.41,2026-02-08T16:00:30Z,-3.685,1.198,1.928
2026-02-08T16:30:00Z,135598,14.39,2026-02-08T16:16:10Z,-3.685,1.197,1.927
2026-02-08T16:45:00Z,135599,14.39,2026-02-08T16:30:10Z,-3.702,1.196,1.927
2026-02-08T17:00:00Z,135600,14.39,2026-02-08T16:45:10Z,-3.81,1.195,1.927
2026-02-08T17:15:00Z,135601,13.65,2026-02-08T17:15:00Z,-4.001,1.195,1.926
2026-02-08T17:30:00Z,135602,13.51,2026-02-08T17:17:45Z,-4.368,1.193,1.921
2026-02-08T17:45:00Z,135603,13.19,2026-02-08T17:44:35Z,-5.001,1.193,1.918
2026-02-08T18:00:00Z,135604,13.12,2026-02-08T17:58:30Z,-5.884,1.192,1.916
2026-02-08T18:15:00Z,135605,13.08,2026-02-08T18:12:35Z,-6.902,1.192,1.914
2026-02-08T18:30:00Z,135606,13.06,2026-02-08T18:16:25Z,-7.903,1.192,1.913
2026-02-08T18:45:00Z,135607,13.04,2026-02-08T18:45:00Z,-8.72,1.192,1.912
2026-02-08T19:00:00Z,135608,13.03,2026-02-08T18:56:35Z,-9.48,1.192,1.911
2026-02-08T19:15:00Z,135609,13.01,2026-02-08T19:07:15Z,-10.2,1.192,1.911
2026-02-08T19:30:00Z,135610,13,2026-02-08T19:25:55Z,-10.83,1.193,1.91
2026-02-08T19:45:00Z,135611,13,2026-02-08T19:36:00Z,-11.39,1.194,1.91
2026-02-08T20:00:00Z,135612,12.99,2026-02-08T19:54:35Z,-11.61,1.195,1.909
2026-02-08T20:15:00Z,135613,12.97,2026-02-08T20:10:50Z,-11.68,1.196,1.909
2026-02-08T20:30:00Z,135614,12.97,2026-02-08T20:21:35Z,-11.87,1.198,1.909
2026-02-08T20:45:00Z,135615,12.96,2026-02-08T20:42:55Z,-12.07,1.199,1.908
2026-02-08T21:00:00Z,135616,12.96,2026-02-08T20:54:10Z,-12.12,1.2,1.908
2026-02-08T21:15:00Z,135617,12.95,2026-02-08T21:01:50Z,-12.11,1.202,1.908
2026-02-08T21:30:00Z,135618,12.93,2026-02-08T21:29:30Z,-12.11,1.204,1.907
2026-02-08T21:45:00Z,135619,12.93,2026-02-08T21:44:40Z,-12.15,1.205,1.907
2026-02-08T22:00:00Z,135620,12.93,2026-02-08T21:58:40Z,-12.18,1.206,1.907
2026-02-08T22:15:00Z,135621,12.91,2026-02-08T22:03:05Z,-12.22,1.207,1.907
2026-02-08T22:30:00Z,135622,12.92,2026-02-08T22:28:10Z,-12.32,1.208,1.906
2026-02-08T22:45:00Z,135623,12.91,2026-02-08T22:30:50Z,-12.44,1.209,1.906
2026-02-08T23:00:00Z,135624,12.9,2026-02-08T22:54:50Z,-12.56,1.21,1.906
2026-02-08T23:15:00Z,135625,12.9,2026-02-08T23:02:05Z,-12.67,1.211,1.905
2026-02-08T23:30:00Z,135626,12.88,2026-02-08T23:29:30Z,-12.73,1.213,1.905
2026-02-08T23:45:00Z,135627,12.89,2026-02-08T23:43:15Z,-12.75,1.214,1.905
2026-02-09T00:15:00Z,135629,12.88,2026-02-09T00:02:00Z,-12.81,1.217,1.904
2026-02-09T00:30:00Z,135630,12.87,2026-02-09T00:29:30Z,-12.85,1.218,1.904
2026-02-09T00:45:00Z,135631,12.87,2026-02-09T00:39:35Z,-12.86,1.218,1.904
2026-02-09T01:00:00Z,135632,12.86,2026-02-09T00:56:55Z,-12.88,1.22,1.903
2026-02-09T01:15:00Z,135633,12.86,2026-02-09T01:02:20Z,-12.92,1.222,1.903
2026-02-09T01:30:00Z,135634,12.86,2026-02-09T01:23:55Z,-12.98,1.222,1.903
2026-02-09T01:45:00Z,135635,12.86,2026-02-09T01:39:10Z,-13.13,1.224,1.903
2026-02-09T02:00:00Z,135636,12.85,2026-02-09T01:57:20Z,-13.32,1.225,1.903
2026-02-09T02:15:00Z,135637,12.85,2026-02-09T02:08:10Z,-13.48,1.227,1.902
2026-02-09T02:30:00Z,135638,12.83,2026-02-09T02:26:45Z,-13.53,1.228,1.902
2026-02-09T02:45:00Z,135639,12.84,2026-02-09T02:34:25Z,-13.52,1.23,1.902
2026-02-09T03:00:00Z,135640,12.84,2026-02-09T02:58:25Z,-13.52,1.232,1.902
2026-02-09T03:15:00Z,135641,12.82,2026-02-09T03:14:25Z,-13.55,1.233,1.902
2026-02-09T03:30:00Z,135642,12.83,2026-02-09T03:17:05Z,-13.64,1.234,1.901
2026-02-09T03:45:00Z,135643,12.83,2026-02-09T03:38:25Z,-13.79,1.236,1.901
2026-02-09T04:00:00Z,135644,12.82,2026-02-09T03:58:50Z,-13.89,1.237,1.901
2026-02-09T04:15:00Z,135645,12.82,2026-02-09T04:07:45Z,-14.02,1.238,1.901
2026-02-09T04:30:00Z,135646,12.82,2026-02-09T04:21:30Z,-14.15,1.24,1.901
2026-02-09T04:45:00Z,135647,12.82,2026-02-09T04:34:35Z,-14.23,1.241,1.9
2026-02-09T05:00:00Z,135648,12.81,2026-02-09T04:56:40Z,-14.31,1.242,1.9
2026-02-09T05:15:00Z,135649,12.81,2026-02-09T05:14:50Z,-14.43,1.243,1.9
2026-02-09T05:30:00Z,135650,12.8,2026-02-09T05:20:50Z,-14.45,1.245,1.9
2026-02-09T05:45:00Z,135651,12.81,2026-02-09T05:41:00Z,-14.27,1.247,1.9
2026-02-09T06:00:00Z,135652,12.8,2026-02-09T05:57:50Z,-13.99,1.248,1.899
2026-02-09T06:15:00Z,135653,12.8,2026-02-09T06:06:00Z,-13.72,1.25,1.899
2026-02-09T06:30:00Z,135654,12.8,2026-02-09T06:30:00Z,-13.46,1.251,1.898
2026-02-09T06:45:00Z,135655,12.79,2026-02-09T06:35:20Z,-13.19,1.253,1.898
2026-02-09T07:00:00Z,135656,12.79,2026-02-09T06:46:00Z,-12.88,1.254,1.898
2026-02-09T07:15:00Z,135657,12.78,2026-02-09T07:10:50Z,-12.56,1.256,1.897
2026-02-09T07:30:00Z,135658,12.79,2026-02-09T07:15:20Z,-12.24,1.257,1.897
2026-02-09T07:45:00Z,135659,12.79,2026-02-09T07:30:05Z,-11.93,1.259,1.896
2026-02-09T08:00:00Z,135660,12.79,2026-02-09T07:45:05Z,-11.65,1.261,1.896
2026-02-09T08:15:00Z,135661,12.8,2026-02-09T08:00:05Z,-11.43,1.263,1.896
2026-02-09T08:30:00Z,135662,12.81,2026-02-09T08:15:05Z,-11.21,1.265,1.896
2026-02-09T08:45:00Z,135663,12.83,2026-02-09T08:30:05Z,-10.98,1.268,1.895
2026-02-09T09:00:00Z,135664,12.86,2026-02-09T08:45:05Z,-10.74,1.27,1.896
2026-02-09T09:15:00Z,135665,12.9,2026-02-09T09:00:50Z,-10.44,1.271,1.896
2026-02-09T09:30:00Z,135666,12.95,2026-02-09T09:15:05Z,-10.1,1.273,1.896
2026-02-09T09:45:00Z,135667,13.01,2026-02-09T09:30:05Z,-9.73,1.275,1.896
2026-02-09T10:00:00Z,135668,13.1,2026-02-09T09:45:05Z,-9.32,1.276,1.897
2026-02-09T10:15:00Z,135669,13.19,2026-02-09T10:00:05Z,-8.84,1.277,1.897
2026-02-09T10:30:00Z,135670,13.33,2026-02-09T10:15:05Z,-8.2,1.279,1.898
2026-02-09T10:45:00Z,135671,13.5,2026-02-09T10:30:05Z,-7.431,1.28,1.9
2026-02-09T11:00:00Z,135672,13.72,2026-02-09T10:45:05Z,-6.513,1.281,1.903
2026-02-09T11:15:00Z,135673,13.89,2026-02-09T11:09:25Z,-5.509,1.283,1.906
2026-02-09T11:30:00Z,135674,13.95,2026-02-09T11:29:25Z,-4.789,1.285,1.907
2026-02-09T11:45:00Z,135675,13.91,2026-02-09T11:35:25Z,-4.215,1.287,1.906
2026-02-09T12:00:00Z,135676,14.36,2026-02-09T11:56:35Z,-3.787,1.287,1.91
2026-02-09T12:15:00Z,135677,14.13,2026-02-09T12:05:40Z,-3.254,1.289,1.91
2026-02-09T12:30:00Z,135678,14.35,2026-02-09T12:25:00Z,-2.777,1.29,1.911
2026-02-09T12:45:00Z,135679,14.52,2026-02-09T12:40:20Z,-2.413,1.291,1.912
2026-02-09T13:00:00Z,135680,14.24,2026-02-09T12:59:50Z,-2.009,1.293,1.912
2026-02-09T13:15:00Z,135681,14.11,2026-02-09T13:08:45Z,-1.633,1.294,1.91
2026-02-09T13:30:00Z,135682,13.92,2026-02-09T13:29:25Z,-1.329,1.294,1.909
2026-02-09T13:45:00Z,135683,13.91,2026-02-09T13:34:00Z,-1.158,1.295,1.908
2026-02-09T14:00:00Z,135684,14.04,2026-02-09T13:49:15Z,-0.973,1.296,1.909
2026-02-09T14:15:00Z,135685,13.96,2026-02-09T14:15:00Z,-0.769,1.297,1.908
2026-02-09T14:30:00Z,135686,13.76,2026-02-09T14:29:25Z,-0.63,1.297,1.907
2026-02-09T14:45:00Z,135687,13.73,2026-02-09T14:40:55Z,-0.49,1.298,1.906
2026-02-09T15:00:00Z,135688,13.74,2026-02-09T14:45:05Z,-0.428,1.298,1.905
2026-02-09T15:15:00Z,135689,13.74,2026-02-09T15:06:10Z,-0.434,1.297,1.905
2026-02-09T15:30:00Z,135690,13.74,2026-02-09T15:15:25Z,-0.418,1.296,1.906
2026-02-09T15:45:00Z,135691,14.74,2026-02-09T15:35:25Z,-0.298,1.296,1.911
2026-02-09T16:00:00Z,135692,14.19,2026-02-09T15:53:55Z,-0.278,1.294,1.911
2026-02-09T16:15:00Z,135693,13.92,2026-02-09T16:14:55Z,-0.401,1.293,1.909
2026-02-09T16:30:00Z,135694,13.66,2026-02-09T16:29:30Z,-0.569,1.292,1.906
2026-02-09T16:45:00Z,135695,13.45,2026-02-09T16:44:50Z,-0.729,1.292,1.904
2026-02-09T17:00:00Z,135696,13.3,2026-02-09T16:59:50Z,-0.932,1.293,1.902
2026-02-09T17:15:00Z,135697,13.2,2026-02-09T17:14:30Z,-1.287,1.293,1.9
2026-02-09T17:30:00Z,135698,13.13,2026-02-09T17:29:35Z,-1.754,1.293,1.899
2026-02-09T17:45:00Z,135699,13.09,2026-02-09T17:43:50Z,-2.276,1.293,1.898
2026-02-09T18:00:00Z,135700,13.05,2026-02-09T17:56:55Z,-2.75,1.294,1.897
2026-02-09T18:15:00Z,135701,13.03,2026-02-09T18:14:35Z,-3.151,1.294,1.897
2026-02-09T18:30:00Z,135702,13.01,2026-02-09T18:29:30Z,-3.483,1.293,1.896
2026-02-09T18:45:00Z,135703,13.01,2026-02-09T18:43:00Z,-3.743,1.293,1.896
2026-02-09T19:00:00Z,135704,13.01,2026-02-09T18:54:55Z,-3.933,1.293,1.895
2026-02-09T19:15:00Z,135705,12.99,2026-02-09T19:01:55Z,-4.049,1.293,1.895
2026-02-09T19:30:00Z,135706,12.97,2026-02-09T19:29:30Z,-4.124,1.295,1.895
2026-02-09T19:45:00Z,135707,12.97,2026-02-09T19:39:55Z,-4.182,1.295,1.895
2026-02-09T20:00:00Z,135708,12.96,2026-02-09T19:56:55Z,-4.217,1.295,1.894
2026-02-09T20:15:00Z,135709,12.96,2026-02-09T20:01:55Z,-4.236,1.296,1.894
2026-02-09T20:30:00Z,135710,12.95,2026-02-09T20:29:25Z,-4.232,1.296,1.894
2026-02-09T20:45:00Z,135711,12.95,2026-02-09T20:39:50Z,-4.185,1.297,1.894
2026-02-09T21:00:00Z,135712,12.95,2026-02-09T20:53:50Z,-4.114,1.298,1.893
2026-02-09T21:15:00Z,135713,12.93,2026-02-09T21:01:55Z,-4.033,1.298,1.893
2026-02-09T21:30:00Z,135714,12.92,2026-02-09T21:29:25Z,-3.965,1.299,1.893
2026-02-09T21:45:00Z,135715,12.92,2026-02-09T21:44:45Z,-3.921,1.3,1.893
2026-02-09T22:00:00Z,135716,12.91,2026-02-09T21:56:55Z,-3.867,1.3,1.893
2026-02-09T22:15:00Z,135717,12.91,2026-02-09T22:01:55Z,-3.798,1.3,1.892
2026-02-09T22:30:00Z,135718,12.9,2026-02-09T22:29:25Z,-3.769,1.302,1.892
2026-02-09T22:45:00Z,135719,12.91,2026-02-09T22:36:10Z,-3.777,1.301,1.892
2026-02-09T23:00:00Z,135720,12.91,2026-02-09T22:46:05Z,-3.839,1.302,1.892
2026-02-09T23:15:00Z,135721,12.9,2026-02-09T23:02:05Z,-3.957,1.303,1.892
2026-02-09T23:30:00Z,135722,12.89,2026-02-09T23:27:50Z,-4.027,1.303,1.892
2026-02-09T23:45:00Z,135723,12.9,2026-02-09T23:30:05Z,-4.048,1.305,1.892
2026-02-10T00:15:00Z,135725,12.88,2026-02-10T00:01:55Z,-4.196,1.306,1.891
2026-02-10T00:30:00Z,135726,12.87,2026-02-10T00:29:25Z,-4.329,1.307,1.891
2026-02-10T00:45:00Z,135727,12.87,2026-02-10T00:37:05Z,-4.444,1.308,1.891
2026-02-10T01:00:00Z,135728,12.88,2026-02-10T00:53:35Z,-4.535,1.307,1.891
2026-02-10T01:15:00Z,135729,12.87,2026-02-10T01:01:50Z,-4.679,1.307,1.891
2026-02-10T01:30:00Z,135730,12.87,2026-02-10T01:20:25Z,-4.964,1.308,1.891
2026-02-10T01:45:00Z,135731,12.86,2026-02-10T01:31:00Z,-5.433,1.309,1.89
2026-02-10T02:00:00Z,135732,12.86,2026-02-10T01:57:20Z,-5.755,1.309,1.89
2026-02-10T02:15:00Z,135733,12.86,2026-02-10T02:01:40Z,-5.865,1.31,1.89
2026-02-10T02:30:00Z,135734,12.83,2026-02-10T02:26:00Z,-5.968,1.311,1.89
2026-02-10T02:45:00Z,135735,12.85,2026-02-10T02:31:00Z,-6.141,1.312,1.89
2026-02-10T03:00:00Z,135736,12.84,2026-02-10T02:57:25Z,-6.244,1.313,1.889
2026-02-10T03:15:00Z,135737,12.84,2026-02-10T03:08:20Z,-6.218,1.314,1.889
2026-02-10T03:30:00Z,135738,12.84,2026-02-10T03:29:45Z,-6.128,1.315,1.889
2026-02-10T03:45:00Z,135739,12.84,2026-02-10T03:32:20Z,-6.126,1.315,1.889
2026-02-10T04:00:00Z,135740,12.84,2026-02-10T03:46:00Z,-6.348,1.317,1.889
2026-02-10T04:15:00Z,135741,12.84,2026-02-10T04:12:20Z,-6.522,1.318,1.889
2026-02-10T04:30:00Z,135742,12.82,2026-02-10T04:29:25Z,-6.466,1.318,1.889
2026-02-10T04:45:00Z,135743,12.84,2026-02-10T04:30:05Z,-6.364,1.319,1.889
2026-02-10T05:00:00Z,135744,12.83,2026-02-10T04:53:10Z,-6.224,1.32,1.889
2026-02-10T05:15:00Z,135745,12.81,2026-02-10T05:01:55Z,-5.942,1.321,1.889
2026-02-10T05:30:00Z,135746,12.81,2026-02-10T05:29:25Z,-5.598,1.321,1.889
2026-02-10T05:45:00Z,135747,12.82,2026-02-10T05:30:05Z,-5.287,1.322,1.888
2026-02-10T06:00:00Z,135748,12.81,2026-02-10T05:57:05Z,-5.095,1.323,1.888
2026-02-10T06:15:00Z,135749,12.82,2026-02-10T06:00:25Z,-4.944,1.323,1.888
2026-02-10T06:30:00Z,135750,12.82,2026-02-10T06:16:25Z,-4.777,1.323,1.888
2026-02-10T06:45:00Z,135751,12.81,2026-02-10T06:39:00Z,-4.607,1.324,1.888
2026-02-10T07:00:00Z,135752,12.81,2026-02-10T06:48:00Z,-4.388,1.324,1.888
2026-02-10T07:15:00Z,135753,12.81,2026-02-10T07:00:55Z,-4.057,1.324,1.888
2026-02-10T07:30:00Z,135754,12.8,2026-02-10T07:29:30Z,-3.754,1.325,1.887
2026-02-10T07:45:00Z,135755,12.81,2026-02-10T07:33:15Z,-3.604,1.325,1.887
2026-02-10T08:00:00Z,135756,12.81,2026-02-10T07:49:15Z,-3.579,1.325,1.887
2026-02-10T08:15:00Z,135757,12.81,2026-02-10T08:05:15Z,-3.576,1.326,1.887
2026-02-10T08:30:00Z,135758,12.84,2026-02-10T08:15:55Z,-3.433,1.326,1.887
2026-02-10T08:45:00Z,135759,12.86,2026-02-10T08:30:05Z,-3.02,1.327,1.887
2026-02-10T09:00:00Z,135760,12.85,2026-02-10T08:50:55Z,-2.538,1.327,1.887
2026-02-10T09:15:00Z,135761,12.9,2026-02-10T09:00:05Z,-1.753,1.326,1.887
2026-02-10T09:30:00Z,135762,12.94,2026-02-10T09:15:05Z,-0.672,1.327,1.887
2026-02-10T09:45:00Z,135763,13,2026-02-10T09:30:05Z,0.344,1.327,1.888
2026-02-10T10:00:00Z,135764,13.06,2026-02-10T09:45:05Z,1.22,1.327,1.888
2026-02-10T10:15:00Z,135765,13.19,2026-02-10T10:00:05Z,2.022,1.326,1.89
2026-02-10T10:30:00Z,135766,13.32,2026-02-10T10:16:00Z,3.01,1.325,1.891
2026-02-10T10:45:00Z,135767,13.45,2026-02-10T10:30:05Z,4.059,1.325,1.892
2026-02-10T11:00:00Z,135768,13.56,2026-02-10T10:45:05Z,4.894,1.324,1.893
2026-02-10T11:15:00Z,135769,13.66,2026-02-10T11:02:30Z,5.545,1.323,1.894
2026-02-10T11:30:00Z,135770,13.53,2026-02-10T11:29:25Z,6.049,1.32,1.895
2026-02-10T11:45:00Z,135771,13.48,2026-02-10T11:42:55Z,6.185,1.317,1.893
2026-02-10T12:00:00Z,135772,13.55,2026-02-10T11:45:15Z,6.149,1.312,1.893
2026-02-10T12:15:00Z,135773,13.54,2026-02-10T12:04:05Z,6.17,1.311,1.893
2026-02-10T12:30:00Z,135774,13.62,2026-02-10T12:20:10Z,6.149,1.305,1.894
2026-02-10T12:45:00Z,135775,13.66,2026-02-10T12:32:00Z,6.277,1.3,1.895
2026-02-10T13:00:00Z,135776,13.98,2026-02-10T12:49:35Z,6.358,1.293,1.899
2026-02-10T13:15:00Z,135777,13.92,2026-02-10T13:09:50Z,6.577,1.287,1.901
2026-02-10T13:30:00Z,135778,13.94,2026-02-10T13:17:00Z,6.871,1.282,1.901
2026-02-10T13:45:00Z,135779,14.5,2026-02-10T13:42:50Z,7.227,1.276,1.902
2026-02-10T14:00:00Z,135780,14.49,2026-02-10T13:58:10Z,7.579,1.272,1.903
2026-02-10T14:15:00Z,135781,14.49,2026-02-10T14:06:10Z,7.779,1.265,1.903
2026-02-10T14:30:00Z,135782,14.45,2026-02-10T14:29:25Z,7.877,1.259,1.903
2026-02-10T14:45:00Z,135783,14.46,2026-02-10T14:35:30Z,7.882,1.253,1.904
2026-02-10T15:00:00Z,135784,14.45,2026-02-10T14:48:50Z,7.867,1.245,1.904
2026-02-10T15:15:00Z,135785,14.08,2026-02-10T15:12:50Z,7.841,1.237,1.904
2026-02-10T15:30:00Z,135786,14.07,2026-02-10T15:19:25Z,7.768,1.227,1.902
2026-02-10T15:45:00Z,135787,14.07,2026-02-10T15:30:20Z,7.656,1.219,1.901
2026-02-10T16:00:00Z,135788,13.87,2026-02-10T15:51:35Z,7.523,1.21,1.901
2026-02-10T16:15:00Z,135789,14.1,2026-02-10T16:00:25Z,7.326,1.201,1.901
2026-02-10T16:30:00Z,135790,13.99,2026-02-10T16:29:05Z,7.208,1.192,1.901
2026-02-10T16:45:00Z,135791,14,2026-02-10T16:30:25Z,7.061,1.183,1.901
2026-02-10T17:00:00Z,135792,14.13,2026-02-10T16:51:00Z,6.888,1.175,1.901
2026-02-10T17:15:00Z,135793,13.92,2026-02-10T17:14:20Z,6.703,1.168,1.901
2026-02-10T17:30:00Z,135794,13.71,2026-02-10T17:29:30Z,6.41,1.16,1.899
2026-02-10T17:45:00Z,135795,13.3,2026-02-10T17:44:30Z,6.038,1.153,1.897
2026-02-10T18:00:00Z,135796,13.17,2026-02-10T17:59:35Z,5.507,1.146,1.894
2026-02-10T18:15:00Z,135797,13.12,2026-02-10T18:14:20Z,4.85,1.14,1.892
2026-02-10T18:30:00Z,135798,13.09,2026-02-10T18:29:30Z,4.13,1.133,1.891
2026-02-10T18:45:00Z,135799,13.08,2026-02-10T18:41:45Z,3.41,1.128,1.891
2026-02-10T19:00:00Z,135800,13.07,2026-02-10T18:55:40Z,2.886,1.123,1.89
2026-02-10T19:15:00Z,135801,13.06,2026-02-10T19:11:05Z,2.681,1.119,1.89
2026-02-10T19:30:00Z,135802,13.05,2026-02-10T19:29:45Z,2.558,1.116,1.89
2026-02-10T19:45:00Z,135803,13.04,2026-02-10T19:43:05Z,2.427,1.114,1.889
2026-02-10T20:00:00Z,135804,13.03,2026-02-10T19:51:00Z,2.287,1.11,1.889
2026-02-10T20:15:00Z,135805,13.02,2026-02-10T20:04:25Z,2.186,1.105,1.889
2026-02-10T20:30:00Z,135806,13.01,2026-02-10T20:29:25Z,2.084,1.103,1.889
2026-02-10T20:45:00Z,135807,13.01,2026-02-10T20:39:05Z,1.957,1.101,1.888
2026-02-10T21:00:00Z,135808,12.99,2026-02-10T20:56:55Z,1.839,1.1,1.888
2026-02-10T21:15:00Z,135809,12.99,2026-02-10T21:01:55Z,1.756,1.096,1.888
2026-02-10T21:30:00Z,135810,12.99,2026-02-10T21:25:00Z,1.692,1.093,1.888
2026-02-10T21:45:00Z,135811,12.99,2026-02-10T21:36:20Z,1.653,1.091,1.888
2026-02-10T22:00:00Z,135812,12.98,2026-02-10T21:57:40Z,1.635,1.087,1.888
2026-02-10T22:15:00Z,135813,12.98,2026-02-10T22:08:15Z,1.612,1.086,1.888
2026-02-10T22:30:00Z,135814,12.97,2026-02-10T22:23:30Z,1.591,1.083,1.888
2026-02-10T22:45:00Z,135815,12.96,2026-02-10T22:45:00Z,1.586,1.082,1.888
2026-02-10T23:00:00Z,135816,12.96,2026-02-10T22:58:50Z,1.586,1.08,1.888
2026-02-10T23:15:00Z,135817,12.96,2026-02-10T23:11:40Z,1.615,1.079,1.888
2026-02-10T23:30:00Z,135818,12.95,2026-02-10T23:25:15Z,1.645,1.076,1.887
2026-02-10T23:45:00Z,135819,12.95,2026-02-10T23:42:40Z,1.662,1.074,1.887
2026-02-11T00:15:00Z,135821,12.94,2026-02-11T00:09:15Z,1.715,1.072,1.887
2026-02-11T00:30:00Z,135822,12.93,2026-02-11T00:29:25Z,1.765,1.071,1.887
2026-02-11T00:45:00Z,135823,12.93,2026-02-11T00:41:40Z,1.812,1.07,1.887
2026-02-11T01:00:00Z,135824,12.93,2026-02-11T00:58:40Z,1.84,1.069,1.887
2026-02-11T01:15:00Z,135825,12.92,2026-02-11T01:09:20Z,1.838,1.067,1.887
2026-02-11T01:30:00Z,135826,12.92,2026-02-11T01:28:00Z,1.81,1.067,1.887
2026-02-11T01:45:00Z,135827,12.92,2026-02-11T01:44:00Z,1.758,1.066,1.887
2026-02-11T02:00:00Z,135828,12.91,2026-02-11T01:49:20Z,1.715,1.065,1.887
2026-02-11T02:15:00Z,135829,12.91,2026-02-11T02:13:20Z,1.669,1.065,1.887
2026-02-11T02:30:00Z,135830,12.91,2026-02-11T02:21:20Z,1.582,1.064,1.887
2026-02-11T02:45:00Z,135831,12.91,2026-02-11T02:31:00Z,1.434,1.062,1.887
2026-02-11T03:00:00Z,135832,12.9,2026-02-11T02:56:40Z,1.255,1.061,1.886
2026-02-11T03:15:00Z,135833,12.9,2026-02-11T03:00:05Z,1.084,1.061,1.886
2026-02-11T03:30:00Z,135834,12.9,2026-02-11T03:24:55Z,0.923,1.059,1.886
2026-02-11T03:45:00Z,135835,12.9,2026-02-11T03:33:00Z,0.747,1.059,1.886
2026-02-11T04:00:00Z,135836,12.89,2026-02-11T03:56:55Z,0.48,1.056,1.886
2026-02-11T04:15:00Z,135837,12.89,2026-02-11T04:01:55Z,0.252,1.056,1.886
2026-02-11T04:30:00Z,135838,12.89,2026-02-11T04:27:35Z,-0.04,1.056,1.886
2026-02-11T04:45:00Z,135839,12.89,2026-02-11T04:37:00Z,-0.356,1.054,1.886
2026-02-11T05:00:00Z,135840,12.88,2026-02-11T04:56:55Z,-0.523,1.053,1.886
2026-02-11T05:15:00Z,135841,12.88,2026-02-11T05:14:20Z,-0.637,1.052,1.886
2026-02-11T05:30:00Z,135842,12.88,2026-02-11T05:19:40Z,-0.718,1.051,1.885
2026-02-11T05:45:00Z,135843,12.88,2026-02-11T05:30:15Z,-0.795,1.051,1.885
2026-02-11T06:00:00Z,135844,12.87,2026-02-11T05:57:00Z,-0.874,1.051,1.885
2026-02-11T06:15:00Z,135845,12.87,2026-02-11T06:06:15Z,-0.953,1.049,1.885
2026-02-11T06:30:00Z,135846,12.87,2026-02-11T06:19:35Z,-1.01,1.048,1.885
2026-02-11T06:45:00Z,135847,12.86,2026-02-11T06:35:35Z,-1.056,1.047,1.885
2026-02-11T07:00:00Z,135848,12.85,2026-02-11T06:51:00Z,-1.091,1.046,1.885
2026-02-11T07:15:00Z,135849,12.85,2026-02-11T07:01:55Z,-1.114,1.046,1.885
2026-02-11T07:30:00Z,135850,12.85,2026-02-11T07:28:05Z,-1.119,1.046,1.885
2026-02-11T07:45:00Z,135851,12.85,2026-02-11T07:44:55Z,-1.141,1.045,1.885
2026-02-11T08:00:00Z,135852,12.85,2026-02-11T07:57:00Z,-1.159,1.044,1.885
2026-02-11T08:15:00Z,135853,12.86,2026-02-11T08:03:30Z,-1.152,1.043,1.885
2026-02-11T08:30:00Z,135854,12.88,2026-02-11T08:17:15Z,-1.137,1.043,1.885
2026-02-11T08:45:00Z,135855,12.9,2026-02-11T08:30:05Z,-1.084,1.042,1.885
2026-02-11T09:00:00Z,135856,12.92,2026-02-11T08:45:10Z,-0.983,1.042,1.885
2026-02-11T09:15:00Z,135857,12.96,2026-02-11T09:02:00Z,-0.853,1.041,1.885
2026-02-11T09:30:00Z,135858,12.99,2026-02-11T09:15:35Z,-0.701,1.041,1.886
2026-02-11T09:45:00Z,135859,13.05,2026-02-11T09:30:05Z,-0.519,1.04,1.886
2026-02-11T10:00:00Z,135860,13.13,2026-02-11T09:45:15Z,-0.34,1.04,1.887
2026-02-11T10:15:00Z,135861,13.2,2026-02-11T10:02:20Z,-0.158,1.039,1.887
2026-02-11T10:30:00Z,135862,13.29,2026-02-11T10:17:10Z,0.026,1.038,1.888
2026-02-11T10:45:00Z,135863,13.35,2026-02-11T10:31:00Z,0.208,1.037,1.889
2026-02-11T11:00:00Z,135864,13.42,2026-02-11T10:45:05Z,0.344,1.037,1.89
2026-02-11T11:15:00Z,135865,13.44,2026-02-11T11:07:45Z,0.415,1.036,1.89
2026-02-11T11:30:00Z,135866,13.55,2026-02-11T11:15:05Z,0.551,1.035,1.891
2026-02-11T11:45:00Z,135867,13.81,2026-02-11T11:30:05Z,0.846,1.034,1.893
2026-02-11T12:00:00Z,135868,13.86,2026-02-11T11:48:20Z,1.096,1.033,1.894
2026-02-11T12:15:00Z,135869,13.88,2026-02-11T12:00:05Z,1.289,1.033,1.895
2026-02-11T12:30:00Z,135870,13.94,2026-02-11T12:28:30Z,1.389,1.032,1.896
2026-02-11T12:45:00Z,135871,13.83,2026-02-11T12:39:10Z,1.453,1.03,1.896
2026-02-11T13:00:00Z,135872,13.83,2026-02-11T12:49:10Z,1.463,1.029,1.896
2026-02-11T13:15:00Z,135873,13.84,2026-02-11T13:00:30Z,1.528,1.029,1.896
2026-02-11T13:30:00Z,135874,13.92,2026-02-11T13:15:20Z,1.621,1.028,1.897
2026-02-11T13:45:00Z,135875,14.02,2026-02-11T13:41:00Z,1.656,1.027,1.898
2026-02-11T14:00:00Z,135876,13.9,2026-02-11T13:58:10Z,1.634,1.027,1.899
2026-02-11T14:15:00Z,135877,13.91,2026-02-11T14:00:20Z,1.543,1.026,1.898
2026-02-11T14:30:00Z,135878,13.76,2026-02-11T14:29:30Z,1.445,1.025,1.898
2026-02-11T14:45:00Z,135879,13.7,2026-02-11T14:39:40Z,1.304,1.024,1.897
2026-02-11T15:00:00Z,135880,13.64,2026-02-11T14:58:30Z,1.088,1.022,1.897
2026-02-11T15:15:00Z,135881,13.57,2026-02-11T15:14:20Z,0.91,1.022,1.896
2026-02-11T15:30:00Z,135882,13.49,2026-02-11T15:30:00Z,0.732,1.02,1.895
2026-02-11T15:45:00Z,135883,13.45,2026-02-11T15:43:45Z,0.523,1.019,1.895
2026-02-11T16:00:00Z,135884,13.43,2026-02-11T15:49:20Z,0.323,1.018,1.895
2026-02-11T16:15:00Z,135885,13.4,2026-02-11T16:15:00Z,0.191,1.017,1.895
2026-02-11T16:30:00Z,135886,13.3,2026-02-11T16:29:25Z,0.087,1.015,1.895
2026-02-11T16:45:00Z,135887,13.29,2026-02-11T16:45:00Z,-0.057,1.015,1.894
2026-02-11T17:00:00Z,135888,13.25,2026-02-11T16:56:55Z,-0.27,1.014,1.894
2026-02-11T17:15:00Z,135889,13.21,2026-02-11T17:14:50Z,-0.489,1.014,1.894
2026-02-11T17:30:00Z,135890,13.13,2026-02-11T17:29:45Z,-0.769,1.011,1.894
2026-02-11T17:45:00Z,135891,13.08,2026-02-11T17:44:05Z,-1.061,1.009,1.894
2026-02-11T18:00:00Z,135892,13.04,2026-02-11T17:59:40Z,-1.281,1.009,1.894
2026-02-11T18:15:00Z,135893,13.01,2026-02-11T18:13:25Z,-1.452,1.008,1.894
2026-02-11T18:30:00Z,135894,12.99,2026-02-11T18:29:25Z,-1.616,1.007,1.894
2026-02-11T18:45:00Z,135895,12.99,2026-02-11T18:40:05Z,-1.755,1.006,1.894
2026-02-11T19:00:00Z,135896,12.94,2026-02-11T18:56:55Z,-1.889,1.006,1.895
2026-02-11T19:15:00Z,135897,12.97,2026-02-11T19:14:50Z,-1.99,1.005,1.895
2026-02-11T19:30:00Z,135898,12.96,2026-02-11T19:29:30Z,-2.087,1.004,1.895
2026-02-11T19:45:00Z,135899,12.96,2026-02-11T19:44:10Z,-2.261,1.003,1.896
2026-02-11T20:00:00Z,135900,12.94,2026-02-11T19:57:00Z,-2.482,1.002,1.896
2026-02-11T20:15:00Z,135901,12.93,2026-02-11T20:02:00Z,-2.753,1.001,1.897
2026-02-11T20:30:00Z,135902,12.93,2026-02-11T20:27:25Z,-2.99,0.999,1.897
2026-02-11T20:45:00Z,135903,12.92,2026-02-11T20:44:30Z,-3.196,0.999,1.898
2026-02-11T21:00:00Z,135904,12.91,2026-02-11T20:57:00Z,-3.356,0.997,1.898
2026-02-11T21:15:00Z,135905,12.86,2026-02-11T21:02:00Z,-3.526,0.996,1.898
2026-02-11T21:30:00Z,135906,12.9,2026-02-11T21:28:50Z,-3.776,0.995,1.899
2026-02-11T21:45:00Z,135907,12.9,2026-02-11T21:33:30Z,-4.209,0.995,1.899
2026-02-11T22:00:00Z,135908,12.89,2026-02-11T21:58:40Z,-4.694,0.994,1.899
2026-02-11T22:15:00Z,135909,12.88,2026-02-11T22:01:55Z,-5.137,0.994,1.9
2026-02-11T22:30:00Z,135910,12.87,2026-02-11T22:29:25Z,-5.552,0.993,1.9
2026-02-11T22:45:00Z,135911,12.86,2026-02-11T22:41:00Z,-5.947,0.993,1.9
2026-02-11T23:00:00Z,135912,12.85,2026-02-11T22:56:55Z,-6.335,0.992,1.901
2026-02-11T23:15:00Z,135913,12.86,2026-02-11T23:04:20Z,-6.718,0.992,1.901
2026-02-11T23:30:00Z,135914,12.85,2026-02-11T23:21:00Z,-7.059,0.991,1.901
2026-02-11T23:45:00Z,135915,12.85,2026-02-11T23:31:40Z,-7.369,0.991,1.902
2026-02-12T00:15:00Z,135917,12.84,2026-02-12T00:06:40Z,-8.21,0.99,1.902
2026-02-12T00:30:00Z,135918,12.84,2026-02-12T00:15:05Z,-8.36,0.989,1.903
2026-02-12T00:45:00Z,135919,12.82,2026-02-12T00:40:35Z,-8.4,0.989,1.903
2026-02-12T01:00:00Z,135920,12.82,2026-02-12T00:45:05Z,-8.47,0.989,1.903
2026-02-12T01:15:00Z,135921,12.8,2026-02-12T01:11:05Z,-8.57,0.989,1.903
2026-02-12T01:30:00Z,135922,12.81,2026-02-12T01:17:55Z,-8.83,0.989,1.903
2026-02-12T01:45:00Z,135923,12.81,2026-02-12T01:30:05Z,-9.44,0.988,1.903
2026-02-12T02:00:00Z,135924,12.8,2026-02-12T01:57:00Z,-10.25,0.988,1.904
2026-02-12T02:15:00Z,135925,12.79,2026-02-12T02:01:50Z,-11.04,0.987,1.904
2026-02-12T02:30:00Z,135926,12.8,2026-02-12T02:22:55Z,-11.74,0.987,1.904
2026-02-12T02:45:00Z,135927,12.79,2026-02-12T02:44:15Z,-12.35,0.986,1.904
2026-02-12T03:00:00Z,135928,12.79,2026-02-12T02:52:35Z,-12.88,0.987,1.904
2026-02-12T03:15:00Z,135929,12.77,2026-02-12T03:01:05Z,-13.34,0.986,1.904
2026-02-12T03:30:00Z,135930,12.77,2026-02-12T03:24:35Z,-13.73,0.985,1.904
2026-02-12T03:45:00Z,135931,12.77,2026-02-12T03:35:15Z,-13.92,0.985,1.904
2026-02-12T04:00:00Z,135932,12.76,2026-02-12T03:57:00Z,-13.97,0.985,1.904
2026-02-12T04:15:00Z,135933,12.76,2026-02-12T04:01:50Z,-14,0.984,1.904
2026-02-12T04:30:00Z,135934,12.76,2026-02-12T04:27:35Z,-14.1,0.984,1.904
2026-02-12T04:45:00Z,135935,12.76,2026-02-12T04:30:20Z,-14.21,0.984,1.904
2026-02-12T05:00:00Z,135936,12.76,2026-02-12T04:48:05Z,-14.36,0.984,1.904
2026-02-12T05:15:00Z,135937,12.76,2026-02-12T05:00:05Z,-14.56,0.983,1.904
2026-02-12T05:30:00Z,135938,12.75,2026-02-12T05:29:20Z,-14.75,0.983,1.903
2026-02-12T05:45:00Z,135939,12.75,2026-02-12T05:38:30Z,-14.93,0.982,1.903
2026-02-12T06:00:00Z,135940,12.73,2026-02-12T05:57:00Z,-15.05,0.982,1.903
2026-02-12T06:15:00Z,135941,12.74,2026-02-12T06:01:50Z,-14.97,0.982,1.902
2026-02-12T06:30:00Z,135942,12.73,2026-02-12T06:29:25Z,-14.63,0.981,1.902
2026-02-12T06:45:00Z,135943,12.74,2026-02-12T06:41:15Z,-13.91,0.98,1.902
2026-02-12T07:00:00Z,135944,12.73,2026-02-12T06:56:10Z,-12.96,0.979,1.901
2026-02-12T07:15:00Z,135945,12.74,2026-02-12T07:00:05Z,-11.96,0.977,1.901
2026-02-12T07:30:00Z,135946,12.72,2026-02-12T07:20:10Z,-10.91,0.976,1.9
2026-02-12T07:45:00Z,135947,12.72,2026-02-12T07:33:30Z,-9.77,0.975,1.9
2026-02-12T08:00:00Z,135948,12.74,2026-02-12T07:45:05Z,-8.79,0.974,1.899
2026-02-12T08:15:00Z,135949,12.74,2026-02-12T08:02:50Z,-7.986,0.974,1.899
2026-02-12T08:30:00Z,135950,12.77,2026-02-12T08:15:05Z,-7.299,0.973,1.898
2026-02-12T08:45:00Z,135951,12.81,2026-02-12T08:30:05Z,-6.693,0.972,1.898
2026-02-12T09:00:00Z,135952,12.87,2026-02-12T08:45:10Z,-6.146,0.971,1.898
2026-02-12T09:15:00Z,135953,13,2026-02-12T09:00:05Z,-5.56,0.971,1.898
2026-02-12T09:30:00Z,135954,13.05,2026-02-12T09:15:05Z,-5.065,0.97,1.899
2026-02-12T09:45:00Z,135955,13.11,2026-02-12T09:30:05Z,-4.625,0.97,1.899
2026-02-12T10:00:00Z,135956,13.32,2026-02-12T09:45:05Z,-4.138,0.97,1.9
2026-02-12T10:15:00Z,135957,13.61,2026-02-12T10:01:50Z,-3.546,0.969,1.902
2026-02-12T10:30:00Z,135958,13.75,2026-02-12T10:15:30Z,-2.866,0.969,1.903
2026-02-12T10:45:00Z,135959,14,2026-02-12T10:33:15Z,-2.119,0.968,1.905
2026-02-12T11:00:00Z,135960,14.06,2026-02-12T10:59:25Z,-1.433,0.967,1.906
2026-02-12T11:15:00Z,135961,14.07,2026-02-12T11:00:05Z,-0.869,0.967,1.906
2026-02-12T11:30:00Z,135962,14.35,2026-02-12T11:15:40Z,-0.259,0.966,1.908
2026-02-12T11:45:00Z,135963,14.54,2026-02-12T11:40:45Z,0.338,0.967,1.909
2026-02-12T12:00:00Z,135964,14.38,2026-02-12T11:57:55Z,0.711,0.967,1.909
2026-02-12T12:15:00Z,135965,14.43,2026-02-12T12:05:20Z,0.875,0.967,1.909
2026-02-12T12:30:00Z,135966,14.72,2026-02-12T12:27:35Z,1.128,0.968,1.91
2026-02-12T12:45:00Z,135967,14.72,2026-02-12T12:32:05Z,1.404,0.968,1.91
2026-02-12T13:00:00Z,135968,14.72,2026-02-12T12:56:00Z,1.457,0.967,1.91
2026-02-12T13:15:00Z,135969,14.73,2026-02-12T13:04:50Z,1.517,0.966,1.911
2026-02-12T13:30:00Z,135970,14.72,2026-02-12T13:20:55Z,1.691,0.966,1.911
2026-02-12T13:45:00Z,135971,14.49,2026-02-12T13:33:10Z,1.763,0.965,1.91
2026-02-12T14:00:00Z,135972,14.55,2026-02-12T13:50:25Z,1.58,0.965,1.911
2026-02-12T14:15:00Z,135973,14.7,2026-02-12T14:14:20Z,1.6,0.965,1.911
2026-02-12T14:30:00Z,135974,14.42,2026-02-12T14:27:25Z,1.786,0.965,1.911
2026-02-12T14:45:00Z,135975,14.33,2026-02-12T14:33:20Z,1.682,0.964,1.91
2026-02-12T15:00:00Z,135976,14.3,2026-02-12T14:55:25Z,1.48,0.964,1.909
2026-02-12T15:15:00Z,135977,14.3,2026-02-12T15:11:40Z,1.314,0.963,1.909
2026-02-12T15:30:00Z,135978,14.3,2026-02-12T15:18:50Z,1.217,0.963,1.909
2026-02-12T15:45:00Z,135979,14.27,2026-02-12T15:44:45Z,1.298,0.963,1.91
2026-02-12T16:00:00Z,135980,14.27,2026-02-12T15:55:10Z,1.458,0.963,1.91
2026-02-12T16:15:00Z,135981,14.27,2026-02-12T16:01:50Z,1.541,0.963,1.911
2026-02-12T16:30:00Z,135982,14.27,2026-02-12T16:17:50Z,1.543,0.963,1.911
2026-02-12T16:45:00Z,135983,14.27,2026-02-12T16:43:05Z,1.541,0.962,1.912
2026-02-12T17:00:00Z,135984,14.27,2026-02-12T16:53:50Z,1.518,0.963,1.913
2026-02-12T17:15:00Z,135985,14.27,2026-02-12T17:02:40Z,1.416,0.962,1.914
2026-02-12T17:30:00Z,135986,14.13,2026-02-12T17:30:00Z,1.208,0.963,1.916
2026-02-12T17:45:00Z,135987,13.53,2026-02-12T17:44:55Z,0.839,0.962,1.915
2026-02-12T18:00:00Z,135988,13.28,2026-02-12T17:59:50Z,0.126,0.962,1.912
2026-02-12T18:15:00Z,135989,13.17,2026-02-12T18:14:10Z,-0.885,0.962,1.911
2026-02-12T18:30:00Z,135990,13.11,2026-02-12T18:28:40Z,-2.167,0.962,1.911
2026-02-12T18:45:00Z,135991,13.09,2026-02-12T18:44:45Z,-3.548,0.962,1.912
2026-02-12T19:00:00Z,135992,13.06,2026-02-12T18:57:00Z,-4.855,0.963,1.912
2026-02-12T19:15:00Z,135993,13.06,2026-02-12T19:12:05Z,-6.022,0.963,1.913
2026-02-12T19:30:00Z,135994,13.03,2026-02-12T19:29:25Z,-7.062,0.963,1.915
2026-02-12T19:45:00Z,135995,13.03,2026-02-12T19:31:15Z,-7.976,0.964,1.916
2026-02-12T20:00:00Z,135996,13.01,2026-02-12T19:56:55Z,-8.75,0.965,1.917
2026-02-12T20:15:00Z,135997,13.01,2026-02-12T20:01:50Z,-9.39,0.965,1.919
2026-02-12T20:30:00Z,135998,13,2026-02-12T20:27:30Z,-9.94,0.965,1.92
2026-02-12T20:45:00Z,135999,12.99,2026-02-12T20:38:40Z,-10.4,0.965,1.921
2026-02-12T21:00:00Z,136000,12.97,2026-02-12T20:56:55Z,-10.81,0.965,1.923
2026-02-12T21:15:00Z,136001,12.97,2026-02-12T21:02:00Z,-11.17,0.965,1.924
2026-02-12T21:30:00Z,136002,12.96,2026-02-12T21:29:25Z,-11.5,0.964,1.925
2026-02-12T21:45:00Z,136003,12.95,2026-02-12T21:36:15Z,-11.83,0.965,1.926
2026-02-12T22:00:00Z,136004,12.95,2026-02-12T21:46:30Z,-12.12,0.965,1.927
2026-02-12T22:15:00Z,136005,12.93,2026-02-12T22:01:50Z,-12.39,0.965,1.928
2026-02-12T22:30:00Z,136006,12.92,2026-02-12T22:21:35Z,-12.64,0.965,1.929
2026-02-12T22:45:00Z,136007,12.91,2026-02-12T22:32:15Z,-12.84,0.964,1.93
2026-02-12T23:00:00Z,136008,12.91,2026-02-12T22:50:55Z,-12.96,0.964,1.931
2026-02-12T23:15:00Z,136009,12.89,2026-02-12T23:11:10Z,-13.12,0.964,1.932
2026-02-12T23:30:00Z,136010,12.89,2026-02-12T23:29:50Z,-13.27,0.964,1.932
2026-02-12T23:45:00Z,136011,12.9,2026-02-12T23:36:00Z,-13.42,0.964,1.933
2026-02-13T00:15:00Z,136013,12.88,2026-02-13T00:01:55Z,-13.69,0.964,1.933
2026-02-13T00:30:00Z,136014,12.87,2026-02-13T00:20:55Z,-13.86,0.963,1.934
2026-02-13T00:45:00Z,136015,12.87,2026-02-13T00:30:15Z,-14.03,0.963,1.934
2026-02-13T01:00:00Z,136016,12.86,2026-02-13T00:59:45Z,-14.19,0.963,1.934
2026-02-13T01:15:00Z,136017,12.82,2026-02-13T01:01:10Z,-14.36,0.963,1.934
2026-02-13T01:30:00Z,136018,12.85,2026-02-13T01:15:35Z,-14.52,0.962,1.933
2026-02-13T01:45:00Z,136019,12.85,2026-02-13T01:32:25Z,-14.68,0.962,1.933
2026-02-13T02:00:00Z,136020,12.83,2026-02-13T01:56:55Z,-14.85,0.962,1.933
2026-02-13T02:15:00Z,136021,12.83,2026-02-13T02:09:10Z,-15.03,0.962,1.933
2026-02-13T02:30:00Z,136022,12.82,2026-02-13T02:22:30Z,-15.18,0.962,1.932
2026-02-13T02:45:00Z,136023,12.82,2026-02-13T02:30:30Z,-15.31,0.962,1.932
2026-02-13T03:00:00Z,136024,12.81,2026-02-13T02:57:45Z,-15.43,0.962,1.931
2026-02-13T03:15:00Z,136025,12.81,2026-02-13T03:00:30Z,-15.54,0.962,1.93
2026-02-13T03:30:00Z,136026,12.81,2026-02-13T03:21:50Z,-15.64,0.962,1.93
2026-02-13T03:45:00Z,136027,12.8,2026-02-13T03:30:40Z,-15.74,0.962,1.929
2026-02-13T04:00:00Z,136028,12.8,2026-02-13T03:51:45Z,-15.82,0.962,1.929
2026-02-13T04:15:00Z,136029,12.75,2026-02-13T04:01:55Z,-15.86,0.962,1.928
2026-02-13T04:30:00Z,136030,12.77,2026-02-13T04:29:30Z,-15.91,0.962,1.927
2026-02-13T04:45:00Z,136031,12.78,2026-02-13T04:41:25Z,-15.96,0.962,1.926
2026-02-13T05:00:00Z,136032,12.78,2026-02-13T04:46:00Z,-16,0.962,1.925
2026-02-13T05:15:00Z,136033,12.77,2026-02-13T05:02:00Z,-16.03,0.962,1.924
2026-02-13T05:30:00Z,136034,12.77,2026-02-13T05:18:50Z,-16.06,0.962,1.924
2026-02-13T05:45:00Z,136035,12.76,2026-02-13T05:32:45Z,-16.09,0.962,1.923
2026-02-13T06:00:00Z,136036,12.76,2026-02-13T05:54:05Z,-16.12,0.962,1.922
2026-02-13T06:15:00Z,136037,12.75,2026-02-13T06:01:55Z,-16.15,0.963,1.921
2026-02-13T06:30:00Z,136038,12.75,2026-02-13T06:18:05Z,-16.2,0.963,1.92
2026-02-13T06:45:00Z,136039,12.75,2026-02-13T06:44:55Z,-16.23,0.963,1.919
2026-02-13T07:00:00Z,136040,12.74,2026-02-13T06:56:55Z,-16.24,0.963,1.918
2026-02-13T07:15:00Z,136041,12.74,2026-02-13T07:14:10Z,-16.22,0.964,1.917
2026-02-13T07:30:00Z,136042,12.74,2026-02-13T07:19:10Z,-16.18,0.964,1.915
2026-02-13T07:45:00Z,136043,12.74,2026-02-13T07:30:05Z,-16.12,0.964,1.914
2026-02-13T08:00:00Z,136044,12.75,2026-02-13T07:45:05Z,-16.02,0.964,1.913
2026-02-13T08:15:00Z,136045,12.76,2026-02-13T08:01:55Z,-15.49,0.964,1.913
2026-02-13T08:30:00Z,136046,12.8,2026-02-13T08:15:05Z,-14.4,0.964,1.912
2026-02-13T08:45:00Z,136047,12.83,2026-02-13T08:30:05Z,-13.07,0.964,1.911
2026-02-13T09:00:00Z,136048,12.87,2026-02-13T08:45:55Z,-11.63,0.964,1.91
2026-02-13T09:15:00Z,136049,12.91,2026-02-13T09:00:05Z,-9.97,0.964,1.91
2026-02-13T09:30:00Z,136050,12.96,2026-02-13T09:15:10Z,-8.17,0.962,1.909
2026-02-13T09:45:00Z,136051,13.08,2026-02-13T09:30:05Z,-6.398,0.963,1.909
2026-02-13T10:00:00Z,136052,13.27,2026-02-13T09:45:05Z,-4.754,0.962,1.91
2026-02-13T10:15:00Z,136053,13.56,2026-02-13T10:00:15Z,-3.542,0.961,1.911
2026-02-13T10:30:00Z,136054,14.15,2026-02-13T10:15:05Z,-2.384,0.959,1.915
2026-02-13T10:45:00Z,136055,14.63,2026-02-13T10:30:40Z,-1.396,0.957,1.918
2026-02-13T11:00:00Z,136056,14.76,2026-02-13T10:56:55Z,-0.401,0.955,1.919
2026-02-13T11:15:00Z,136057,14.76,2026-02-13T11:12:00Z,0.681,0.952,1.919
2026-02-13T11:30:00Z,136058,14.09,2026-02-13T11:28:45Z,1.771,0.952,1.917
2026-02-13T11:45:00Z,136059,14.05,2026-02-13T11:45:00Z,2.317,0.953,1.913
2026-02-13T12:00:00Z,136060,14.06,2026-02-13T11:45:15Z,2.409,0.953,1.912
2026-02-13T12:15:00Z,136061,14.26,2026-02-13T12:05:15Z,2.613,0.954,1.913
2026-02-13T12:30:00Z,136062,14.18,2026-02-13T12:23:55Z,3.025,0.954,1.913
2026-02-13T12:45:00Z,136063,14.51,2026-02-13T12:30:35Z,3.358,0.954,1.913
2026-02-13T13:00:00Z,136064,14.64,2026-02-13T12:47:45Z,3.7,0.953,1.913
2026-02-13T13:15:00Z,136065,14.61,2026-02-13T13:12:55Z,4.182,0.954,1.913
2026-02-13T13:30:00Z,136066,14.59,2026-02-13T13:29:55Z,4.673,0.954,1.913
2026-02-13T13:45:00Z,136067,14.58,2026-02-13T13:39:15Z,5.089,0.953,1.912
2026-02-13T14:00:00Z,136068,14.58,2026-02-13T13:52:15Z,5.448,0.952,1.912
2026-02-13T14:15:00Z,136069,14.15,2026-02-13T14:05:30Z,5.786,0.952,1.91
2026-02-13T14:30:00Z,136070,14.15,2026-02-13T14:23:20Z,6.015,0.952,1.908
2026-02-13T14:45:00Z,136071,14.15,2026-02-13T14:34:00Z,6.18,0.951,1.907
2026-02-13T15:00:00Z,136072,14.15,2026-02-13T14:50:55Z,6.362,0.951,1.906
2026-02-13T15:15:00Z,136073,14.13,2026-02-13T15:12:25Z,6.43,0.949,1.905
2026-02-13T15:30:00Z,136074,14.12,2026-02-13T15:15:10Z,6.594,0.949,1.904
2026-02-13T15:45:00Z,136075,14.12,2026-02-13T15:39:55Z,6.787,0.949,1.904
2026-02-13T16:00:00Z,136076,14.09,2026-02-13T15:55:55Z,6.942,0.949,1.904
2026-02-13T16:15:00Z,136077,14.09,2026-02-13T16:03:55Z,7.087,0.949,1.903
2026-02-13T16:30:00Z,136078,14.09,2026-02-13T16:16:00Z,7.162,0.949,1.903
2026-02-13T16:45:00Z,136079,14.09,2026-02-13T16:31:10Z,7.12,0.949,1.903
2026-02-13T17:00:00Z,136080,13.58,2026-02-13T16:59:55Z,7.033,0.95,1.901
2026-02-13T17:15:00Z,136081,13.39,2026-02-13T17:14:55Z,6.592,0.949,1.899
2026-02-13T17:30:00Z,136082,13.26,2026-02-13T17:29:25Z,5.933,0.949,1.898
2026-02-13T17:45:00Z,136083,13.18,2026-02-13T17:43:50Z,5.435,0.949,1.897
2026-02-13T18:00:00Z,136084,13.13,2026-02-13T17:56:55Z,4.99,0.949,1.896
2026-02-13T18:15:00Z,136085,13.09,2026-02-13T18:14:30Z,4.522,0.95,1.896
2026-02-13T18:30:00Z,136086,13.06,2026-02-13T18:29:25Z,4.046,0.95,1.896
2026-02-13T18:45:00Z,136087,13.05,2026-02-13T18:44:20Z,3.682,0.95,1.897
2026-02-13T19:00:00Z,136088,13.03,2026-02-13T18:56:55Z,3.366,0.95,1.898
2026-02-13T19:15:00Z,136089,13.03,2026-02-13T19:14:20Z,3.158,0.95,1.899
2026-02-13T19:30:00Z,136090,12.98,2026-02-13T19:29:25Z,2.94,0.95,1.9
2026-02-13T19:45:00Z,136091,13.01,2026-02-13T19:39:20Z,2.722,0.951,1.901
2026-02-13T20:00:00Z,136092,13,2026-02-13T19:58:30Z,2.405,0.951,1.902
2026-02-13T20:15:00Z,136093,13,2026-02-13T20:02:10Z,1.965,0.951,1.903
2026-02-13T20:30:00Z,136094,12.98,2026-02-13T20:29:25Z,1.482,0.952,1.905
2026-02-13T20:45:00Z,136095,12.98,2026-02-13T20:39:55Z,1.007,0.952,1.906
2026-02-13T21:00:00Z,136096,12.97,2026-02-13T20:56:55Z,0.551,0.952,1.907
2026-02-13T21:15:00Z,136097,12.95,2026-02-13T21:11:20Z,0.087,0.952,1.909
2026-02-13T21:30:00Z,136098,12.95,2026-02-13T21:29:25Z,-0.354,0.952,1.91
2026-02-13T21:45:00Z,136099,12.94,2026-02-13T21:43:30Z,-0.686,0.953,1.911
2026-02-13T22:00:00Z,136100,12.94,2026-02-13T21:56:55Z,-1.064,0.954,1.912
2026-02-13T22:15:00Z,136101,12.94,2026-02-13T22:07:30Z,-1.488,0.956,1.913
2026-02-13T22:30:00Z,136102,12.93,2026-02-13T22:26:50Z,-1.937,0.955,1.915
2026-02-13T22:45:00Z,136103,12.93,2026-02-13T22:42:20Z,-2.176,0.955,1.915
2026-02-13T23:00:00Z,136104,12.91,2026-02-13T22:56:55Z,-2.197,0.955,1.916
2026-02-13T23:15:00Z,136105,12.91,2026-02-13T23:02:30Z,-2.185,0.955,1.917
2026-02-13T23:30:00Z,136106,12.91,2026-02-13T23:27:40Z,-2.201,0.955,1.918
2026-02-13T23:45:00Z,136107,12.9,2026-02-13T23:42:55Z,-2.188,0.956,1.918
2026-02-14T00:15:00Z,136109,12.89,2026-02-14T00:14:35Z,-2.232,0.956,1.919
2026-02-14T00:30:00Z,136110,12.89,2026-02-14T00:18:50Z,-2.371,0.956,1.92
2026-02-14T00:45:00Z,136111,12.88,2026-02-14T00:36:40Z,-2.597,0.956,1.921
2026-02-14T01:00:00Z,136112,12.87,2026-02-14T00:51:25Z,-2.934,0.956,1.921
2026-02-14T01:15:00Z,136113,12.87,2026-02-14T01:01:50Z,-3.327,0.957,1.921
2026-02-14T01:30:00Z,136114,12.87,2026-02-14T01:26:10Z,-3.689,0.957,1.922
2026-02-14T01:45:00Z,136115,12.86,2026-02-14T01:42:45Z,-3.949,0.957,1.922
2026-02-14T02:00:00Z,136116,12.85,2026-02-14T01:53:00Z,-4.031,0.957,1.923
2026-02-14T02:15:00Z,136117,12.85,2026-02-14T02:08:25Z,-4.008,0.957,1.923
2026-02-14T02:30:00Z,136118,12.85,2026-02-14T02:19:05Z,-4.01,0.957,1.923
2026-02-14T02:45:00Z,136119,12.83,2026-02-14T02:41:25Z,-4.101,0.959,1.923
2026-02-14T03:00:00Z,136120,12.83,2026-02-14T02:53:45Z,-4.178,0.957,1.923
2026-02-14T03:15:00Z,136121,12.83,2026-02-14T03:09:45Z,-4.289,0.958,1.923
2026-02-14T03:30:00Z,136122,12.83,2026-02-14T03:15:05Z,-4.458,0.958,1.923
2026-02-14T03:45:00Z,136123,12.83,2026-02-14T03:30:05Z,-4.677,0.959,1.923
2026-02-14T04:00:00Z,136124,12.83,2026-02-14T03:54:55Z,-4.975,0.959,1.924
2026-02-14T04:15:00Z,136125,12.81,2026-02-14T04:01:55Z,-5.357,0.959,1.924
2026-02-14T04:30:00Z,136126,12.81,2026-02-14T04:29:35Z,-5.734,0.959,1.924
2026-02-14T04:45:00Z,136127,12.82,2026-02-14T04:37:00Z,-6.084,0.959,1.924
2026-02-14T05:00:00Z,136128,12.8,2026-02-14T04:56:55Z,-6.386,0.959,1.924
2026-02-14T05:15:00Z,136129,12.81,2026-02-14T05:13:45Z,-6.602,0.96,1.924
2026-02-14T05:30:00Z,136130,12.81,2026-02-14T05:24:00Z,-6.809,0.959,1.924
2026-02-14T05:45:00Z,136131,12.8,2026-02-14T05:41:05Z,-6.993,0.959,1.924
2026-02-14T06:00:00Z,136132,12.8,2026-02-14T05:54:50Z,-7.109,0.96,1.923
2026-02-14T06:15:00Z,136133,12.79,2026-02-14T06:01:50Z,-7.167,0.96,1.923
2026-02-14T06:30:00Z,136134,12.79,2026-02-14T06:25:15Z,-7.218,0.96,1.923
2026-02-14T06:45:00Z,136135,12.79,2026-02-14T06:38:00Z,-7.249,0.962,1.923
2026-02-14T07:00:00Z,136136,12.78,2026-02-14T06:56:55Z,-7.281,0.962,1.922
2026-02-14T07:15:00Z,136137,12.78,2026-02-14T07:13:20Z,-7.328,0.962,1.922
2026-02-14T07:30:00Z,136138,12.77,2026-02-14T07:26:40Z,-7.433,0.962,1.921
2026-02-14T07:45:00Z,136139,12.77,2026-02-14T07:32:00Z,-7.567,0.962,1.921
2026-02-14T08:00:00Z,136140,12.78,2026-02-14T07:48:00Z,-7.643,0.962,1.921
2026-02-14T08:15:00Z,136141,12.79,2026-02-14T08:01:50Z,-7.357,0.962,1.92
2026-02-14T08:30:00Z,136142,12.83,2026-02-14T08:15:40Z,-6.623,0.962,1.92
2026-02-14T08:45:00Z,136143,12.87,2026-02-14T08:32:15Z,-5.6,0.962,1.92
2026-02-14T09:00:00Z,136144,12.9,2026-02-14T08:45:05Z,-4.333,0.962,1.919
2026-02-14T09:15:00Z,136145,12.95,2026-02-14T09:01:00Z,-2.833,0.962,1.919
2026-02-14T09:30:00Z,136146,13.01,2026-02-14T09:15:05Z,-1.366,0.961,1.919
2026-02-14T09:45:00Z,136147,13.09,2026-02-14T09:30:15Z,0.017,0.962,1.92
2026-02-14T10:00:00Z,136148,13.23,2026-02-14T09:45:05Z,1.405,0.96,1.92
2026-02-14T10:15:00Z,136149,13.4,2026-02-14T10:01:20Z,2.489,0.96,1.921
2026-02-14T10:30:00Z,136150,13.66,2026-02-14T10:15:05Z,3.485,0.959,1.922
2026-02-14T10:45:00Z,136151,13.94,2026-02-14T10:31:05Z,4.426,0.958,1.924
2026-02-14T11:00:00Z,136152,14.23,2026-02-14T10:45:05Z,5.437,0.957,1.926
2026-02-14T11:15:00Z,136153,14.52,2026-02-14T11:01:30Z,6.615,0.956,1.928
2026-02-14T11:30:00Z,136154,14.2,2026-02-14T11:29:35Z,7.792,0.958,1.928
2026-02-14T11:45:00Z,136155,14.17,2026-02-14T11:36:25Z,8.6,0.958,1.926
2026-02-14T12:00:00Z,136156,14.25,2026-02-14T11:45:05Z,8.97,0.957,1.926
2026-02-14T12:15:00Z,136157,14.29,2026-02-14T12:01:50Z,9.25,0.957,1.926
2026-02-14T12:30:00Z,136158,14.39,2026-02-14T12:24:50Z,9.56,0.958,1.926
2026-02-14T12:45:00Z,136159,14.45,2026-02-14T12:32:50Z,9.99,0.957,1.926
2026-02-14T13:00:00Z,136160,14.43,2026-02-14T12:48:15Z,10.59,0.958,1.925
2026-02-14T13:15:00Z,136161,14.42,2026-02-14T13:14:15Z,11.03,0.958,1.925
2026-02-14T13:30:00Z,136162,14.42,2026-02-14T13:24:55Z,11.09,0.958,1.925
2026-02-14T13:45:00Z,136163,14.42,2026-02-14T13:41:30Z,11.01,0.959,1.924
2026-02-14T14:00:00Z,136164,14.42,2026-02-14T13:57:00Z,10.84,0.959,1.924
2026-02-14T14:15:00Z,136165,14.42,2026-02-14T14:06:05Z,10.71,0.959,1.924
2026-02-14T14:30:00Z,136166,14.42,2026-02-14T14:15:10Z,10.53,0.96,1.924
2026-02-14T14:45:00Z,136167,14.03,2026-02-14T14:43:15Z,10.48,0.961,1.923
2026-02-14T15:00:00Z,136168,14.03,2026-02-14T14:46:05Z,10.51,0.962,1.922
2026-02-14T15:15:00Z,136169,14.03,2026-02-14T15:14:10Z,10.5,0.963,1.922
2026-02-14T15:30:00Z,136170,14.03,2026-02-14T15:16:15Z,10.41,0.962,1.922
2026-02-14T15:45:00Z,136171,14.02,2026-02-14T15:38:25Z,10.33,0.962,1.922
2026-02-14T16:00:00Z,136172,14.02,2026-02-14T15:46:55Z,10.15,0.964,1.922
2026-02-14T16:15:00Z,136173,14.03,2026-02-14T16:00:35Z,9.78,0.966,1.923
2026-02-14T16:30:00Z,136174,13.8,2026-02-14T16:30:00Z,9.38,0.967,1.923
2026-02-14T16:45:00Z,136175,13.64,2026-02-14T16:44:40Z,8.89,0.966,1.923
2026-02-14T17:00:00Z,136176,13.49,2026-02-14T16:59:25Z,8.28,0.965,1.922
2026-02-14T17:15:00Z,136177,13.36,2026-02-14T17:15:00Z,7.564,0.966,1.922
2026-02-14T17:30:00Z,136178,13.26,2026-02-14T17:29:30Z,6.903,0.966,1.922
2026-02-14T17:45:00Z,136179,13.18,2026-02-14T17:45:00Z,6.2,0.966,1.922
2026-02-14T18:00:00Z,136180,13.12,2026-02-14T17:59:50Z,5.422,0.967,1.923
2026-02-14T18:15:00Z,136181,13.08,2026-02-14T18:13:50Z,4.534,0.967,1.924
2026-02-14T18:30:00Z,136182,13.06,2026-02-14T18:29:50Z,3.654,0.967,1.925
2026-02-14T18:45:00Z,136183,13.05,2026-02-14T18:39:40Z,3.134,0.967,1.926
2026-02-14T19:00:00Z,136184,13.04,2026-02-14T18:56:30Z,2.924,0.967,1.927
2026-02-14T19:15:00Z,136185,13.03,2026-02-14T19:04:15Z,2.479,0.969,1.929
2026-02-14T19:30:00Z,136186,13.01,2026-02-14T19:23:10Z,1.901,0.969,1.93
2026-02-14T19:45:00Z,136187,13,2026-02-14T19:39:10Z,1.387,0.97,1.931
2026-02-14T20:00:00Z,136188,13,2026-02-14T19:55:10Z,0.923,0.97,1.933
2026-02-14T20:15:00Z,136189,12.99,2026-02-14T20:01:50Z,0.524,0.97,1.934
2026-02-14T20:30:00Z,136190,12.97,2026-02-14T20:29:30Z,0.238,0.969,1.936
2026-02-14T20:45:00Z,136191,12.97,2026-02-14T20:37:35Z,0.084,0.97,1.937
2026-02-14T21:00:00Z,136192,12.96,2026-02-14T20:56:10Z,-0.084,0.972,1.938
2026-02-14T21:15:00Z,136193,12.96,2026-02-14T21:10:35Z,-0.272,0.973,1.94
2026-02-14T21:30:00Z,136194,12.95,2026-02-14T21:22:00Z,-0.429,0.975,1.941
2026-02-14T21:45:00Z,136195,12.94,2026-02-14T21:44:30Z,-0.55,0.975,1.942
2026-02-14T22:00:00Z,136196,12.93,2026-02-14T21:56:55Z,-0.658,0.975,1.943
2026-02-14T22:15:00Z,136197,12.93,2026-02-14T22:13:10Z,-0.757,0.977,1.944
2026-02-14T22:30:00Z,136198,12.92,2026-02-14T22:29:25Z,-0.86,0.975,1.945
2026-02-14T22:45:00Z,136199,12.92,2026-02-14T22:40:40Z,-0.935,0.975,1.945
2026-02-14T23:00:00Z,136200,12.91,2026-02-14T22:51:30Z,-0.987,0.976,1.946
2026-02-14T23:15:00Z,136201,12.9,2026-02-14T23:01:50Z,-1.085,0.977,1.946
2026-02-14T23:30:00Z,136202,12.9,2026-02-14T23:29:30Z,-1.179,0.977,1.947
2026-02-14T23:45:00Z,136203,12.9,2026-02-14T23:41:50Z,-1.259,0.977,1.947
2026-02-15T00:15:00Z,136205,12.89,2026-02-15T00:09:25Z,-1.311,0.977,1.948
2026-02-15T00:30:00Z,136206,12.87,2026-02-15T00:29:25Z,-1.311,0.977,1.948
2026-02-15T00:45:00Z,136207,12.87,2026-02-15T00:41:25Z,-1.326,0.978,1.948
2026-02-15T01:00:00Z,136208,12.86,2026-02-15T00:54:45Z,-1.348,0.978,1.948
2026-02-15T01:15:00Z,136209,12.86,2026-02-15T01:00:05Z,-1.351,0.979,1.948
2026-02-15T01:30:00Z,136210,12.85,2026-02-15T01:26:45Z,-1.331,0.978,1.948
2026-02-15T01:45:00Z,136211,12.86,2026-02-15T01:40:05Z,-1.297,0.977,1.948
2026-02-15T02:00:00Z,136212,12.85,2026-02-15T01:56:55Z,-1.238,0.978,1.947
2026-02-15T02:15:00Z,136213,12.85,2026-02-15T02:00:10Z,-1.179,0.98,1.947
2026-02-15T02:30:00Z,136214,12.85,2026-02-15T02:26:35Z,-1.159,0.98,1.947
2026-02-15T02:45:00Z,136215,12.84,2026-02-15T02:31:25Z,-1.171,0.981,1.947
2026-02-15T03:00:00Z,136216,12.8,2026-02-15T02:57:00Z,-1.182,0.981,1.947
2026-02-15T03:15:00Z,136217,12.83,2026-02-15T03:01:50Z,-1.173,0.982,1.946
2026-02-15T03:30:00Z,136218,12.83,2026-02-15T03:29:05Z,-1.175,0.982,1.946
2026-02-15T03:45:00Z,136219,12.83,2026-02-15T03:30:20Z,-1.182,0.982,1.946
2026-02-15T04:00:00Z,136220,12.82,2026-02-15T03:56:55Z,-1.201,0.981,1.945
2026-02-15T04:15:00Z,136221,12.82,2026-02-15T04:01:55Z,-1.202,0.982,1.945
2026-02-15T04:30:00Z,136222,12.81,2026-02-15T04:21:25Z,-1.191,0.983,1.944
2026-02-15T04:45:00Z,136223,12.82,2026-02-15T04:30:10Z,-1.182,0.982,1.944
2026-02-15T05:00:00Z,136224,12.81,2026-02-15T04:57:00Z,-1.191,0.981,1.943
2026-02-15T05:15:00Z,136225,12.78,2026-02-15T05:01:50Z,-1.263,0.984,1.942
2026-02-15T05:30:00Z,136226,12.81,2026-02-15T05:18:55Z,-1.439,0.986,1.942
2026-02-15T05:45:00Z,136227,12.81,2026-02-15T05:30:05Z,-1.737,0.986,1.941
2026-02-15T06:00:00Z,136228,12.8,2026-02-15T05:49:00Z,-2.063,0.986,1.941
2026-02-15T06:15:00Z,136229,12.8,2026-02-15T06:07:40Z,-2.488,0.988,1.94
2026-02-15T06:30:00Z,136230,12.79,2026-02-15T06:29:30Z,-3.038,0.988,1.939
2026-02-15T06:45:00Z,136231,12.8,2026-02-15T06:30:45Z,-3.566,0.989,1.939
2026-02-15T07:00:00Z,136232,12.79,2026-02-15T06:58:20Z,-4.097,0.989,1.938
2026-02-15T07:15:00Z,136233,12.78,2026-02-15T07:01:50Z,-4.609,0.989,1.937
2026-02-15T07:30:00Z,136234,12.79,2026-02-15T07:23:10Z,-5.081,0.99,1.937
2026-02-15T07:45:00Z,136235,12.79,2026-02-15T07:31:05Z,-5.471,0.991,1.936
2026-02-15T08:00:00Z,136236,12.79,2026-02-15T07:45:55Z,-5.81,0.991,1.935
2026-02-15T08:15:00Z,136237,12.78,2026-02-15T08:01:35Z,-6.015,0.992,1.934
2026-02-15T08:30:00Z,136238,12.8,2026-02-15T08:15:05Z,-5.98,0.993,1.933
2026-02-15T08:45:00Z,136239,12.82,2026-02-15T08:30:05Z,-5.618,0.992,1.932
2026-02-15T09:00:00Z,136240,12.86,2026-02-15T08:45:05Z,-4.627,0.994,1.932
2026-02-15T09:15:00Z,136241,12.88,2026-02-15T09:01:50Z,-3.075,0.994,1.931
2026-02-15T09:30:00Z,136242,12.95,2026-02-15T09:15:05Z,-1.299,0.995,1.931
2026-02-15T09:45:00Z,136243,13.01,2026-02-15T09:30:05Z,0.416,0.995,1.931
2026-02-15T10:00:00Z,136244,13.12,2026-02-15T09:45:05Z,1.929,0.995,1.931
2026-02-15T10:15:00Z,136245,13.3,2026-02-15T10:02:10Z,3.23,0.995,1.932
2026-02-15T10:30:00Z,136246,13.56,2026-02-15T10:15:05Z,4.54,0.993,1.933
2026-02-15T10:45:00Z,136247,13.85,2026-02-15T10:30:45Z,5.851,0.993,1.935
2026-02-15T11:00:00Z,136248,14.22,2026-02-15T10:47:50Z,7.184,0.991,1.937
2026-02-15T11:15:00Z,136249,14.51,2026-02-15T11:09:55Z,8.45,0.991,1.939
2026-02-15T11:30:00Z,136250,13.9,2026-02-15T11:29:35Z,9.41,0.991,1.938
2026-02-15T11:45:00Z,136251,13.84,2026-02-15T11:36:35Z,9.69,0.991,1.934
2026-02-15T12:00:00Z,136252,13.79,2026-02-15T11:57:05Z,9.43,0.99,1.933
2026-02-15T12:15:00Z,136253,13.86,2026-02-15T12:00:10Z,9.14,0.99,1.933
2026-02-15T12:30:00Z,136254,13.91,2026-02-15T12:26:50Z,9.14,0.99,1.933
2026-02-15T12:45:00Z,136255,14.13,2026-02-15T12:31:55Z,9.26,0.99,1.934
2026-02-15T13:00:00Z,136256,14.46,2026-02-15T12:58:40Z,9.48,0.992,1.935
2026-02-15T13:15:00Z,136257,14.45,2026-02-15T13:01:50Z,9.96,0.993,1.935
2026-02-15T13:30:00Z,136258,14.43,2026-02-15T13:26:35Z,10.52,0.995,1.934
2026-02-15T13:45:00Z,136259,14.4,2026-02-15T13:43:20Z,11.05,0.996,1.934
2026-02-15T14:00:00Z,136260,14.4,2026-02-15T13:58:15Z,11.37,0.999,1.934
2026-02-15T14:15:00Z,136261,14.39,2026-02-15T14:14:40Z,11.53,0.998,1.934
2026-02-15T14:30:00Z,136262,14.11,2026-02-15T14:29:35Z,11.72,1.002,1.933
2026-02-15T14:45:00Z,136263,14.05,2026-02-15T14:32:40Z,11.83,1.002,1.933
2026-02-15T15:00:00Z,136264,14,2026-02-15T14:55:50Z,11.81,1.01,1.932
2026-02-15T15:15:00Z,136265,13.98,2026-02-15T15:01:55Z,11.88,1.006,1.931
2026-02-15T15:30:00Z,136266,13.97,2026-02-15T15:17:55Z,11.99,1.013,1.931
2026-02-15T15:45:00Z,136267,13.98,2026-02-15T15:30:05Z,12.11,1.02,1.931
2026-02-15T16:00:00Z,136268,13.98,2026-02-15T15:45:05Z,12.23,1.025,1.931
2026-02-15T16:15:00Z,136269,13.98,2026-02-15T16:00:25Z,12.35,1.03,1.931
2026-02-15T16:30:00Z,136270,13.97,2026-02-15T16:26:40Z,12.35,1.035,1.932
2026-02-15T16:45:00Z,136271,13.98,2026-02-15T16:30:40Z,12.31,1.037,1.932
2026-02-15T17:00:00Z,136272,13.97,2026-02-15T16:54:10Z,12.28,1.043,1.933
2026-02-15T17:15:00Z,136273,13.96,2026-02-15T17:11:35Z,12.2,1.048,1.932
2026-02-15T17:30:00Z,136274,13.97,2026-02-15T17:21:30Z,12,1.047,1.931
2026-02-15T17:45:00Z,136275,13.54,2026-02-15T17:44:55Z,11.56,1.053,1.931
2026-02-15T18:00:00Z,136276,13.28,2026-02-15T17:59:55Z,10.73,1.058,1.929
2026-02-15T18:15:00Z,136277,13.16,2026-02-15T18:14:50Z,9.45,1.062,1.928
2026-02-15T18:30:00Z,136278,13.1,2026-02-15T18:28:10Z,7.77,1.066,1.928
2026-02-15T18:45:00Z,136279,13.07,2026-02-15T18:44:10Z,6.029,1.072,1.927
2026-02-15T19:00:00Z,136280,13.05,2026-02-15T18:57:05Z,4.436,1.078,1.927
2026-02-15T19:15:00Z,136281,13.04,2026-02-15T19:06:30Z,3.065,1.083,1.927
2026-02-15T19:30:00Z,136282,13.02,2026-02-15T19:29:30Z,1.938,1.087,1.927
2026-02-15T19:45:00Z,136283,13.01,2026-02-15T19:44:50Z,1.019,1.091,1.927
2026-02-15T20:00:00Z,136284,12.97,2026-02-15T19:57:00Z,0.407,1.092,1.927
2026-02-15T20:15:00Z,136285,12.99,2026-02-15T20:12:15Z,0.589,1.094,1.927
2026-02-15T20:30:00Z,136286,12.98,2026-02-15T20:29:40Z,1.158,1.096,1.927
2026-02-15T20:45:00Z,136287,12.97,2026-02-15T20:36:45Z,1.48,1.099,1.926
2026-02-15T21:00:00Z,136288,12.96,2026-02-15T20:56:55Z,1.126,1.099,1.926
2026-02-15T21:15:00Z,136289,12.96,2026-02-15T21:10:20Z,0.368,1.099,1.925
2026-02-15T21:30:00Z,136290,12.94,2026-02-15T21:29:30Z,-0.483,1.097,1.925
2026-02-15T21:45:00Z,136291,12.94,2026-02-15T21:37:25Z,-1.298,1.096,1.924
2026-02-15T22:00:00Z,136292,12.94,2026-02-15T21:54:30Z,-2.025,1.095,1.924
2026-02-15T22:15:00Z,136293,12.93,2026-02-15T22:01:40Z,-2.643,1.094,1.923
2026-02-15T22:30:00Z,136294,12.92,2026-02-15T22:23:45Z,-3.166,1.093,1.922
2026-02-15T22:45:00Z,136295,12.91,2026-02-15T22:30:25Z,-3.598,1.091,1.921
2026-02-15T23:00:00Z,136296,12.9,2026-02-15T22:47:45Z,-3.938,1.09,1.92
2026-02-15T23:15:00Z,136297,12.9,2026-02-15T23:03:45Z,-4.142,1.089,1.919
2026-02-15T23:30:00Z,136298,12.89,2026-02-15T23:27:45Z,-4.116,1.089,1.918
2026-02-15T23:45:00Z,136299,12.88,2026-02-15T23:33:05Z,-3.753,1.088,1.917
2026-02-16T00:15:00Z,136301,12.84,2026-02-16T00:01:50Z,-2.434,1.089,1.914
2026-02-16T00:30:00Z,136302,12.86,2026-02-16T00:29:25Z,-2.561,1.09,1.913
2026-02-16T00:45:00Z,136303,12.86,2026-02-16T00:31:40Z,-3.006,1.09,1.912
2026-02-16T01:00:00Z,136304,12.85,2026-02-16T00:59:40Z,-3.553,1.09,1.911
2026-02-16T01:15:00Z,136305,12.85,2026-02-16T01:01:50Z,-4.102,1.09,1.91
2026-02-16T01:30:00Z,136306,12.83,2026-02-16T01:29:25Z,-4.607,1.09,1.908
2026-02-16T01:45:00Z,136307,12.84,2026-02-16T01:44:20Z,-5.045,1.091,1.907
2026-02-16T02:00:00Z,136308,12.83,2026-02-16T01:59:50Z,-5.44,1.091,1.906
2026-02-16T02:15:00Z,136309,12.83,2026-02-16T02:01:05Z,-5.754,1.091,1.905
2026-02-16T02:30:00Z,136310,12.81,2026-02-16T02:23:35Z,-5.968,1.091,1.903
2026-02-16T02:45:00Z,136311,12.82,2026-02-16T02:30:15Z,-6.097,1.093,1.902
2026-02-16T03:00:00Z,136312,12.81,2026-02-16T02:48:00Z,-6.232,1.093,1.901
2026-02-16T03:15:00Z,136313,12.8,2026-02-16T03:01:55Z,-6.382,1.093,1.9
2026-02-16T03:30:00Z,136314,12.8,2026-02-16T03:29:20Z,-6.5,1.094,1.899
2026-02-16T03:45:00Z,136315,12.8,2026-02-16T03:34:00Z,-6.533,1.094,1.897
2026-02-16T04:00:00Z,136316,12.79,2026-02-16T03:55:20Z,-6.534,1.095,1.896
2026-02-16T04:15:00Z,136317,12.79,2026-02-16T04:06:00Z,-6.508,1.096,1.895
2026-02-16T04:30:00Z,136318,12.78,2026-02-16T04:30:00Z,-6.442,1.097,1.894
2026-02-16T04:45:00Z,136319,12.78,2026-02-16T04:44:00Z,-6.307,1.098,1.893
2026-02-16T05:00:00Z,136320,12.78,2026-02-16T04:56:55Z,-6.212,1.099,1.892
2026-02-16T05:15:00Z,136321,12.77,2026-02-16T05:01:55Z,-6.241,1.099,1.891
2026-02-16T05:30:00Z,136322,12.77,2026-02-16T05:29:20Z,-6.307,1.101,1.889
2026-02-16T05:45:00Z,136323,12.77,2026-02-16T05:33:00Z,-6.395,1.102,1.888
2026-02-16T06:00:00Z,136324,12.76,2026-02-16T05:57:00Z,-6.467,1.102,1.887
2026-02-16T06:15:00Z,136325,12.76,2026-02-16T06:01:50Z,-6.514,1.104,1.886
2026-02-16T06:30:00Z,136326,12.75,2026-02-16T06:29:25Z,-6.59,1.105,1.885
2026-02-16T06:45:00Z,136327,12.76,2026-02-16T06:39:15Z,-6.627,1.105,1.884
2026-02-16T07:00:00Z,136328,12.76,2026-02-16T06:45:55Z,-6.662,1.106,1.883
2026-02-16T07:15:00Z,136329,12.74,2026-02-16T07:01:50Z,-6.699,1.107,1.882
2026-02-16T07:30:00Z,136330,12.74,2026-02-16T07:29:20Z,-6.682,1.109,1.881
2026-02-16T07:45:00Z,136331,12.75,2026-02-16T07:30:05Z,-6.526,1.11,1.88
2026-02-16T08:00:00Z,136332,12.76,2026-02-16T07:45:05Z,-6.091,1.11,1.879
2026-02-16T08:15:00Z,136333,12.79,2026-02-16T08:02:00Z,-5.262,1.111,1.878
2026-02-16T08:30:00Z,136334,12.81,2026-02-16T08:15:05Z,-4.458,1.11,1.877
2026-02-16T08:45:00Z,136335,12.89,2026-02-16T08:30:05Z,-3.343,1.111,1.876
2026-02-16T09:00:00Z,136336,12.92,2026-02-16T08:45:05Z,-2.158,1.112,1.876
2026-02-16T09:15:00Z,136337,12.94,2026-02-16T09:00:15Z,-1.315,1.113,1.875
2026-02-16T09:30:00Z,136338,13.03,2026-02-16T09:15:05Z,-0.54,1.114,1.875
2026-02-16T09:45:00Z,136339,13.15,2026-02-16T09:30:05Z,0.555,1.116,1.875
2026-02-16T10:00:00Z,136340,13.29,2026-02-16T09:45:05Z,1.84,1.118,1.875
2026-02-16T10:15:00Z,136341,13.38,2026-02-16T10:00:05Z,2.867,1.121,1.875
2026-02-16T10:30:00Z,136342,13.55,2026-02-16T10:15:05Z,3.731,1.122,1.876
2026-02-16T10:45:00Z,136343,13.7,2026-02-16T10:30:05Z,4.422,1.126,1.876
2026-02-16T11:00:00Z,136344,13.86,2026-02-16T10:45:05Z,4.94,1.13,1.877
2026-02-16T11:15:00Z,136345,14.07,2026-02-16T11:00:05Z,5.429,1.134,1.878
2026-02-16T11:30:00Z,136346,14.41,2026-02-16T11:17:10Z,6.008,1.138,1.88
2026-02-16T11:45:00Z,136347,14.54,2026-02-16T11:43:35Z,6.675,1.141,1.881
2026-02-16T12:00:00Z,136348,14.54,2026-02-16T11:46:25Z,7.388,1.146,1.88
2026-02-16T12:15:00Z,136349,14.52,2026-02-16T12:06:25Z,8.01,1.151,1.88
2026-02-16T12:30:00Z,136350,14.52,2026-02-16T12:15:10Z,8.42,1.154,1.88
2026-02-16T12:45:00Z,136351,14.52,2026-02-16T12:35:30Z,8.58,1.156,1.879
2026-02-16T13:00:00Z,136352,14.49,2026-02-16T12:57:50Z,8.7,1.158,1.879
2026-02-16T13:15:00Z,136353,14.49,2026-02-16T13:00:30Z,8.87,1.162,1.878
2026-02-16T13:30:00Z,136354,14.48,2026-02-16T13:18:00Z,8.95,1.164,1.877
2026-02-16T13:45:00Z,136355,14.48,2026-02-16T13:38:30Z,8.93,1.166,1.877
2026-02-16T14:00:00Z,136356,14.1,2026-02-16T13:59:30Z,9.08,1.169,1.877
2026-02-16T14:15:00Z,136357,14.06,2026-02-16T14:15:00Z,9.38,1.171,1.874
2026-02-16T14:30:00Z,136358,14.05,2026-02-16T14:15:15Z,9.62,1.173,1.873
2026-02-16T14:45:00Z,136359,14.07,2026-02-16T14:30:15Z,9.77,1.175,1.872
2026-02-16T15:00:00Z,136360,14.06,2026-02-16T14:53:10Z,9.94,1.177,1.871
2026-02-16T15:15:00Z,136361,14.04,2026-02-16T15:06:30Z,10.17,1.178,1.87
2026-02-16T15:30:00Z,136362,14.01,2026-02-16T15:27:50Z,10.6,1.183,1.87
2026-02-16T15:45:00Z,136363,14.01,2026-02-16T15:33:10Z,11.1,1.192,1.869
2026-02-16T16:00:00Z,136364,13.97,2026-02-16T15:58:55Z,11.49,1.203,1.868
2026-02-16T16:15:00Z,136365,13.98,2026-02-16T16:00:10Z,11.81,1.218,1.867
2026-02-16T16:30:00Z,136366,13.97,2026-02-16T16:16:50Z,12.08,1.242,1.867
2026-02-16T16:45:00Z,136367,13.95,2026-02-16T16:44:45Z,12.23,1.281,1.866
2026-02-16T17:00:00Z,136368,13.95,2026-02-16T16:45:10Z,12.43,1.323,1.865
2026-02-16T17:15:00Z,136369,13.93,2026-02-16T17:01:50Z,12.5,1.361,1.864
2026-02-16T17:30:00Z,136370,13.8,2026-02-16T17:29:30Z,12.31,1.4,1.862
2026-02-16T17:45:00Z,136371,13.58,2026-02-16T17:44:50Z,11.9,1.437,1.86
2026-02-16T18:00:00Z,136372,13.32,2026-02-16T17:59:55Z,11.53,1.473,1.857
2026-02-16T18:15:00Z,136373,13.17,2026-02-16T18:14:35Z,10.97,1.505,1.854
2026-02-16T18:30:00Z,136374,13.1,2026-02-16T18:29:20Z,9.75,1.533,1.851
2026-02-16T18:45:00Z,136375,13.06,2026-02-16T18:42:55Z,8.29,1.553,1.849
2026-02-16T19:00:00Z,136376,13.04,2026-02-16T18:56:30Z,7.038,1.572,1.848
2026-02-16T19:15:00Z,136377,13.02,2026-02-16T19:12:15Z,5.986,1.587,1.846
2026-02-16T19:30:00Z,136378,13.01,2026-02-16T19:26:20Z,5.175,1.596,1.845
2026-02-16T19:45:00Z,136379,13,2026-02-16T19:41:30Z,4.78,1.599,1.843
2026-02-16T20:00:00Z,136380,12.97,2026-02-16T19:57:00Z,4.865,1.601,1.842
2026-02-16T20:15:00Z,136381,12.97,2026-02-16T20:02:00Z,5.043,1.601,1.841
2026-02-16T20:30:00Z,136382,12.96,2026-02-16T20:25:40Z,5.012,1.599,1.839
2026-02-16T20:45:00Z,136383,12.95,2026-02-16T20:42:50Z,4.887,1.599,1.838
2026-02-16T21:00:00Z,136384,12.94,2026-02-16T20:56:45Z,4.727,1.6,1.836
2026-02-16T21:15:00Z,136385,12.94,2026-02-16T21:01:50Z,4.621,1.601,1.835
2026-02-16T21:30:00Z,136386,12.93,2026-02-16T21:18:05Z,4.404,1.602,1.833
2026-02-16T21:45:00Z,136387,12.91,2026-02-16T21:42:05Z,4.224,1.605,1.832
2026-02-16T22:00:00Z,136388,12.91,2026-02-16T21:47:25Z,4.089,1.608,1.83
2026-02-16T22:15:00Z,136389,12.91,2026-02-16T22:06:05Z,3.694,1.611,1.829
2026-02-16T22:30:00Z,136390,12.9,2026-02-16T22:28:15Z,3.179,1.614,1.827
2026-02-16T22:45:00Z,136391,12.89,2026-02-16T22:44:55Z,2.702,1.617,1.825
2026-02-16T23:00:00Z,136392,12.88,2026-02-16T22:56:55Z,2.455,1.62,1.824
2026-02-16T23:15:00Z,136393,12.87,2026-02-16T23:14:50Z,2.358,1.622,1.822
2026-02-16T23:30:00Z,136394,12.87,2026-02-16T23:29:25Z,2.304,1.623,1.82
2026-02-16T23:45:00Z,136395,12.86,2026-02-16T23:39:40Z,2.394,1.624,1.818
2026-02-17T00:15:00Z,136397,12.84,2026-02-17T00:12:05Z,2.643,1.625,1.815
2026-02-17T00:30:00Z,136398,12.84,2026-02-17T00:22:45Z,2.649,1.624,1.813
2026-02-17T00:45:00Z,136399,12.84,2026-02-17T00:34:00Z,2.773,1.622,1.811
2026-02-17T01:00:00Z,136400,12.83,2026-02-17T00:56:55Z,2.962,1.619,1.81
2026-02-17T01:15:00Z,136401,12.83,2026-02-17T01:00:25Z,3.172,1.615,1.808
2026-02-17T01:30:00Z,136402,12.83,2026-02-17T01:25:25Z,3.402,1.609,1.806
2026-02-17T01:45:00Z,136403,12.82,2026-02-17T01:36:30Z,3.547,1.605,1.805
2026-02-17T02:00:00Z,136404,12.81,2026-02-17T01:55:25Z,3.599,1.602,1.803
2026-02-17T02:15:00Z,136405,12.8,2026-02-17T02:12:50Z,3.664,1.598,1.802
2026-02-17T02:30:00Z,136406,12.81,2026-02-17T02:16:25Z,3.822,1.594,1.8
2026-02-17T02:45:00Z,136407,12.8,2026-02-17T02:36:20Z,3.888,1.589,1.799
2026-02-17T03:00:00Z,136408,12.8,2026-02-17T02:56:55Z,3.818,1.585,1.797
2026-02-17T03:15:00Z,136409,12.8,2026-02-17T03:05:40Z,3.659,1.58,1.796
2026-02-17T03:30:00Z,136410,12.79,2026-02-17T03:24:20Z,3.427,1.575,1.794
2026-02-17T03:45:00Z,136411,12.79,2026-02-17T03:35:00Z,3.059,1.571,1.793
2026-02-17T04:00:00Z,136412,12.79,2026-02-17T03:51:00Z,2.58,1.567,1.792
2026-02-17T04:15:00Z,136413,12.79,2026-02-17T04:01:50Z,2.056,1.563,1.791
2026-02-17T04:30:00Z,136414,12.78,2026-02-17T04:29:20Z,1.567,1.559,1.79
2026-02-17T04:45:00Z,136415,12.79,2026-02-17T04:35:35Z,1.135,1.554,1.788
2026-02-17T05:00:00Z,136416,12.78,2026-02-17T04:57:00Z,0.78,1.549,1.787
2026-02-17T05:15:00Z,136417,12.79,2026-02-17T05:00:05Z,0.533,1.545,1.786
2026-02-17T05:30:00Z,136418,12.78,2026-02-17T05:23:00Z,0.336,1.54,1.785
2026-02-17T05:45:00Z,136419,12.78,2026-02-17T05:30:05Z,0.25,1.536,1.784
2026-02-17T06:00:00Z,136420,12.74,2026-02-17T05:52:45Z,0.195,1.531,1.783
2026-02-17T06:15:00Z,136421,12.76,2026-02-17T06:01:50Z,0.099,1.527,1.782
2026-02-17T06:30:00Z,136422,12.76,2026-02-17T06:29:20Z,-0.006,1.522,1.781
2026-02-17T06:45:00Z,136423,12.78,2026-02-17T06:30:05Z,-0.006,1.518,1.78
2026-02-17T07:00:00Z,136424,12.76,2026-02-17T06:56:50Z,0.052,1.514,1.779
2026-02-17T07:15:00Z,136425,12.76,2026-02-17T07:01:50Z,0.055,1.509,1.778
2026-02-17T07:30:00Z,136426,12.76,2026-02-17T07:17:05Z,0.191,1.505,1.777
2026-02-17T07:45:00Z,136427,12.76,2026-02-17T07:32:15Z,0.586,1.501,1.776
2026-02-17T08:00:00Z,136428,12.77,2026-02-17T07:45:05Z,0.94,1.497,1.775
2026-02-17T08:15:00Z,136429,12.73,2026-02-17T08:02:00Z,1.25,1.493,1.774
2026-02-17T08:30:00Z,136430,12.79,2026-02-17T08:15:05Z,1.586,1.489,1.773
2026-02-17T08:45:00Z,136431,12.8,2026-02-17T08:30:05Z,1.93,1.485,1.772
2026-02-17T09:00:00Z,136432,12.81,2026-02-17T08:45:15Z,2.328,1.482,1.772
2026-02-17T09:15:00Z,136433,12.84,2026-02-17T09:01:15Z,2.845,1.478,1.771
2026-02-17T09:30:00Z,136434,12.9,2026-02-17T09:15:05Z,3.505,1.474,1.771
2026-02-17T09:45:00Z,136435,12.96,2026-02-17T09:30:05Z,4.281,1.471,1.77
2026-02-17T10:00:00Z,136436,13.01,2026-02-17T09:45:15Z,4.942,1.466,1.77
2026-02-17T10:15:00Z,136437,13.06,2026-02-17T10:01:50Z,5.421,1.464,1.77
2026-02-17T10:30:00Z,136438,13.16,2026-02-17T10:15:05Z,5.774,1.459,1.77
2026-02-17T10:45:00Z,136439,13.28,2026-02-17T10:31:10Z,6.092,1.456,1.77
2026-02-17T11:00:00Z,136440,13.37,2026-02-17T10:45:05Z,6.422,1.451,1.771
2026-02-17T11:15:00Z,136441,13.59,2026-02-17T11:00:15Z,6.885,1.448,1.771
2026-02-17T11:30:00Z,136442,13.75,2026-02-17T11:15:05Z,7.42,1.445,1.772
2026-02-17T11:45:00Z,136443,13.79,2026-02-17T11:30:50Z,7.925,1.442,1.772
2026-02-17T12:00:00Z,136444,13.83,2026-02-17T11:58:25Z,8.48,1.442,1.772
2026-02-17T12:15:00Z,136445,13.72,2026-02-17T12:14:55Z,9.02,1.437,1.772
2026-02-17T12:30:00Z,136446,13.69,2026-02-17T12:29:20Z,9.48,1.433,1.771
2026-02-17T12:45:00Z,136447,13.72,2026-02-17T12:37:10Z,9.82,1.428,1.771
2026-02-17T13:00:00Z,136448,13.73,2026-02-17T12:45:05Z,10.07,1.427,1.771
2026-02-17T13:15:00Z,136449,13.79,2026-02-17T13:12:45Z,10.3,1.425,1.771
2026-02-17T13:30:00Z,136450,13.77,2026-02-17T13:22:50Z,10.47,1.425,1.77
2026-02-17T13:45:00Z,136451,13.83,2026-02-17T13:30:05Z,10.61,1.428,1.772
2026-02-17T14:00:00Z,136452,14.41,2026-02-17T13:52:50Z,10.96,1.431,1.775
2026-02-17T14:15:00Z,136453,14.4,2026-02-17T14:14:35Z,11.47,1.436,1.775
2026-02-17T14:30:00Z,136454,14.4,2026-02-17T14:22:35Z,12.02,1.441,1.776
2026-02-17T14:45:00Z,136455,14.37,2026-02-17T14:45:00Z,12.54,1.449,1.776
2026-02-17T15:00:00Z,136456,14.28,2026-02-17T14:59:25Z,12.91,1.461,1.776
2026-02-17T15:15:00Z,136457,13.96,2026-02-17T15:14:50Z,13.17,1.474,1.775
2026-02-17T15:30:00Z,136458,13.74,2026-02-17T15:30:00Z,13.13,1.487,1.773
2026-02-17T15:45:00Z,136459,13.58,2026-02-17T15:44:50Z,12.85,1.504,1.771
2026-02-17T16:00:00Z,136460,13.48,2026-02-17T15:58:10Z,12.49,1.522,1.77
2026-02-17T16:15:00Z,136461,13.36,2026-02-17T16:14:05Z,12.1,1.543,1.768
2026-02-17T16:30:00Z,136462,13.24,2026-02-17T16:29:20Z,11.71,1.565,1.767
2026-02-17T16:45:00Z,136463,13.17,2026-02-17T16:44:10Z,11.36,1.582,1.766
2026-02-17T17:00:00Z,136464,13.11,2026-02-17T16:56:50Z,11.04,1.592,1.765
2026-02-17T17:15:00Z,136465,13.08,2026-02-17T17:14:25Z,10.75,1.602,1.765
2026-02-17T17:30:00Z,136466,13.05,2026-02-17T17:29:30Z,10.46,1.61,1.764
2026-02-17T17:45:00Z,136467,13.02,2026-02-17T17:43:20Z,10.22,1.612,1.764
2026-02-17T18:00:00Z,136468,13,2026-02-17T17:57:05Z,9.96,1.618,1.764
2026-02-17T18:15:00Z,136469,12.99,2026-02-17T18:10:10Z,9.69,1.621,1.764
2026-02-17T18:30:00Z,136470,12.97,2026-02-17T18:25:10Z,9.35,1.624,1.764
2026-02-17T18:45:00Z,136471,12.95,2026-02-17T18:42:45Z,8.95,1.627,1.765
2026-02-17T19:00:00Z,136472,12.95,2026-02-17T18:54:45Z,8.59,1.629,1.765
2026-02-17T19:15:00Z,136473,12.94,2026-02-17T19:06:55Z,8.32,1.629,1.765
2026-02-17T19:30:00Z,136474,12.93,2026-02-17T19:27:25Z,8.1,1.628,1.766
2026-02-17T19:45:00Z,136475,12.92,2026-02-17T19:43:45Z,8.02,1.626,1.766
2026-02-17T20:00:00Z,136476,12.91,2026-02-17T19:59:55Z,8.02,1.625,1.766
2026-02-17T20:15:00Z,136477,12.9,2026-02-17T20:01:50Z,8.08,1.623,1.767
2026-02-17T20:30:00Z,136478,12.88,2026-02-17T20:29:20Z,8.14,1.623,1.767
2026-02-17T20:45:00Z,136479,12.88,2026-02-17T20:32:45Z,8.09,1.622,1.767
2026-02-17T21:00:00Z,136480,12.86,2026-02-17T20:56:50Z,8.04,1.621,1.767
2026-02-17T21:15:00Z,136481,12.86,2026-02-17T21:14:10Z,8.06,1.619,1.768
2026-02-17T21:30:00Z,136482,12.85,2026-02-17T21:27:05Z,8,1.619,1.768
2026-02-17T21:45:00Z,136483,12.85,2026-02-17T21:40:25Z,7.884,1.618,1.768
2026-02-17T22:00:00Z,136484,12.83,2026-02-17T21:57:15Z,7.72,1.614,1.768
2026-02-17T22:15:00Z,136485,12.79,2026-02-17T22:02:15Z,7.672,1.614,1.768
2026-02-17T22:30:00Z,136486,12.83,2026-02-17T22:23:05Z,7.78,1.616,1.769
2026-02-17T22:45:00Z,136487,12.82,2026-02-17T22:31:05Z,7.909,1.613,1.769
2026-02-17T23:00:00Z,136488,12.81,2026-02-17T22:56:55Z,7.959,1.61,1.769
2026-02-17T23:15:00Z,136489,12.81,2026-02-17T23:01:50Z,7.959,1.607,1.77
2026-02-17T23:30:00Z,136490,12.8,2026-02-17T23:29:20Z,7.913,1.605,1.77
2026-02-17T23:45:00Z,136491,12.81,2026-02-17T23:30:05Z,7.786,1.601,1.77
2026-02-18T00:15:00Z,136493,12.8,2026-02-18T00:01:50Z,7.603,1.601,1.77
2026-02-18T00:30:00Z,136494,12.8,2026-02-18T00:29:20Z,7.492,1.601,1.77
2026-02-18T00:45:00Z,136495,12.8,2026-02-18T00:37:55Z,7.395,1.605,1.77
2026-02-18T01:00:00Z,136496,12.79,2026-02-18T00:56:50Z,7.27,1.605,1.77
2026-02-18T01:15:00Z,136497,12.79,2026-02-18T01:01:50Z,7.109,1.609,1.771
2026-02-18T01:30:00Z,136498,12.76,2026-02-18T01:29:20Z,6.871,1.616,1.771
2026-02-18T01:45:00Z,136499,12.8,2026-02-18T01:30:35Z,6.607,1.622,1.771
2026-02-18T02:00:00Z,136500,12.8,2026-02-18T01:45:05Z,6.408,1.627,1.771
2026-02-18T02:15:00Z,136501,12.79,2026-02-18T02:03:55Z,6.256,1.634,1.771
2026-02-18T02:30:00Z,136502,12.79,2026-02-18T02:15:20Z,6.205,1.637,1.772
2026-02-18T02:45:00Z,136503,12.79,2026-02-18T02:30:10Z,6.251,1.639,1.772
2026-02-18T03:00:00Z,136504,12.78,2026-02-18T02:56:55Z,6.299,1.638,1.772
2026-02-18T03:15:00Z,136505,12.78,2026-02-18T03:01:50Z,6.411,1.638,1.773
2026-02-18T03:30:00Z,136506,12.78,2026-02-18T03:29:20Z,6.569,1.634,1.773
2026-02-18T03:45:00Z,136507,12.79,2026-02-18T03:30:05Z,6.784,1.638,1.773
2026-02-18T04:00:00Z,136508,12.78,2026-02-18T03:52:00Z,6.993,1.638,1.773
2026-02-18T04:15:00Z,136509,12.78,2026-02-18T04:02:05Z,7.183,1.639,1.773
2026-02-18T04:30:00Z,136510,12.78,2026-02-18T04:18:40Z,7.413,1.64,1.774
2026-02-18T04:45:00Z,136511,12.77,2026-02-18T04:42:40Z,7.594,1.64,1.774
2026-02-18T05:00:00Z,136512,12.77,2026-02-18T04:50:40Z,7.703,1.638,1.774
2026-02-18T05:15:00Z,136513,12.78,2026-02-18T05:12:00Z,7.771,1.637,1.775
2026-02-18T05:30:00Z,136514,12.78,2026-02-18T05:25:20Z,7.846,1.636,1.775
2026-02-18T05:45:00Z,136515,12.78,2026-02-18T05:33:05Z,7.855,1.636,1.775
2026-02-18T06:00:00Z,136516,12.78,2026-02-18T05:57:20Z,7.762,1.636,1.776
2026-02-18T06:15:00Z,136517,12.76,2026-02-18T06:01:50Z,7.569,1.634,1.776
2026-02-18T06:30:00Z,136518,12.76,2026-02-18T06:29:30Z,7.411,1.633,1.776
2026-02-18T06:45:00Z,136519,12.78,2026-02-18T06:30:05Z,7.331,1.629,1.777
2026-02-18T07:00:00Z,136520,12.78,2026-02-18T06:54:05Z,7.299,1.629,1.777
2026-02-18T07:15:00Z,136521,12.77,2026-02-18T07:10:40Z,7.308,1.63,1.777
2026-02-18T07:30:00Z,136522,12.77,2026-02-18T07:21:20Z,7.364,1.628,1.777
2026-02-18T07:45:00Z,136523,12.77,2026-02-18T07:35:50Z,7.441,1.626,1.778
2026-02-18T08:00:00Z,136524,12.77,2026-02-18T07:45:10Z,7.544,1.625,1.778
2026-02-18T08:15:00Z,136525,12.77,2026-02-18T08:10:50Z,7.677,1.622,1.778
2026-02-18T08:30:00Z,136526,12.77,2026-02-18T08:15:05Z,7.812,1.623,1.779
2026-02-18T08:45:00Z,136527,12.77,2026-02-18T08:32:45Z,7.948,1.62,1.779
2026-02-18T09:00:00Z,136528,12.78,2026-02-18T08:45:35Z,8.12,1.62,1.779
2026-02-18T09:15:00Z,136529,12.77,2026-02-18T09:11:35Z,8.31,1.623,1.78
2026-02-18T09:30:00Z,136530,12.78,2026-02-18T09:15:55Z,8.47,1.626,1.78
2026-02-18T09:45:00Z,136531,12.79,2026-02-18T09:30:25Z,8.69,1.627,1.78
2026-02-18T10:00:00Z,136532,12.8,2026-02-18T09:49:00Z,8.97,1.629,1.781
2026-02-18T10:15:00Z,136533,12.81,2026-02-18T10:01:15Z,9.3,1.632,1.781
2026-02-18T10:30:00Z,136534,12.83,2026-02-18T10:15:55Z,9.68,1.636,1.781
2026-02-18T10:45:00Z,136535,12.89,2026-02-18T10:30:35Z,10.14,1.641,1.782
2026-02-18T11:00:00Z,136536,12.93,2026-02-18T10:46:35Z,10.62,1.648,1.783
2026-02-18T11:15:00Z,136537,12.99,2026-02-18T11:01:50Z,11.17,1.656,1.784
2026-02-18T11:30:00Z,136538,13.13,2026-02-18T11:15:10Z,11.84,1.659,1.785
2026-02-18T11:45:00Z,136539,13.32,2026-02-18T11:30:20Z,12.63,1.662,1.786
2026-02-18T12:00:00Z,136540,13.44,2026-02-18T11:46:40Z,13.54,1.664,1.788
2026-02-18T12:15:00Z,136541,13.46,2026-02-18T12:04:05Z,14.47,1.669,1.789
2026-02-18T12:30:00Z,136542,13.5,2026-02-18T12:29:45Z,15.05,1.673,1.791
2026-02-18T12:45:00Z,136543,13.46,2026-02-18T12:34:10Z,15.39,1.678,1.791
2026-02-18T13:00:00Z,136544,13.57,2026-02-18T12:45:15Z,15.66,1.683,1.795
2026-02-18T13:15:00Z,136545,14.26,2026-02-18T13:04:05Z,16.09,1.688,1.799
2026-02-18T13:30:00Z,136546,14.24,2026-02-18T13:20:55Z,16.52,1.691,1.801
2026-02-18T13:45:00Z,136547,14.24,2026-02-18T13:37:10Z,16.85,1.695,1.802
2026-02-18T14:00:00Z,136548,14.22,2026-02-18T13:58:00Z,17.12,1.699,1.804
2026-02-18T14:15:00Z,136549,14.21,2026-02-18T14:02:00Z,17.39,1.702,1.806
2026-02-18T14:30:00Z,136550,14.22,2026-02-18T14:15:50Z,17.59,1.703,1.808
2026-02-18T14:45:00Z,136551,14.22,2026-02-18T14:31:30Z,17.79,1.703,1.81
2026-02-18T15:00:00Z,136552,14.06,2026-02-18T14:56:00Z,18,1.704,1.812
2026-02-18T15:15:00Z,136553,13.85,2026-02-18T15:15:00Z,18.21,1.702,1.815
2026-02-18T15:30:00Z,136554,13.8,2026-02-18T15:29:20Z,18.4,1.698,1.815
2026-02-18T15:45:00Z,136555,13.8,2026-02-18T15:31:55Z,18.52,1.696,1.818
2026-02-18T16:00:00Z,136556,13.8,2026-02-18T15:45:05Z,18.53,1.692,1.821
2026-02-18T16:15:00Z,136557,13.8,2026-02-18T16:00:05Z,18.49,1.689,1.825
2026-02-18T16:30:00Z,136558,13.8,2026-02-18T16:15:05Z,18.44,1.688,1.83
2026-02-18T16:45:00Z,136559,13.8,2026-02-18T16:30:05Z,18.43,1.698,1.835
2026-02-18T17:00:00Z,136560,13.8,2026-02-18T16:45:10Z,18.42,1.691,1.841
2026-02-18T17:15:00Z,136561,13.76,2026-02-18T17:01:50Z,18.37,1.682,1.848
2026-02-18T17:30:00Z,136562,13.79,2026-02-18T17:30:00Z,18.23,1.676,1.856
2026-02-18T17:45:00Z,136563,13.64,2026-02-18T17:42:05Z,17.91,1.668,1.864
2026-02-18T18:00:00Z,136564,13.3,2026-02-18T17:59:55Z,17.35,1.666,1.873
2026-02-18T18:15:00Z,136565,13.13,2026-02-18T18:15:00Z,16.61,1.659,1.883
2026-02-18T18:30:00Z,136566,13.07,2026-02-18T18:29:45Z,15.75,1.653,1.895
2026-02-18T18:45:00Z,136567,13.04,2026-02-18T18:44:30Z,14.83,1.642,1.91
2026-02-18T19:00:00Z,136568,13.02,2026-02-18T18:57:50Z,13.86,1.632,1.926
2026-02-18T19:15:00Z,136569,13,2026-02-18T19:11:10Z,12.98,1.626,1.944
2026-02-18T19:30:00Z,136570,12.99,2026-02-18T19:21:50Z,12.26,1.62,1.964
2026-02-18T19:45:00Z,136571,12.99,2026-02-18T19:38:15Z,11.44,1.617,1.985
2026-02-18T20:00:00Z,136572,12.97,2026-02-18T19:59:40Z,10.25,1.616,2.008
2026-02-18T20:15:00Z,136573,12.96,2026-02-18T20:14:30Z,8.6,1.609,2.032
2026-02-18T20:30:00Z,136574,12.96,2026-02-18T20:28:30Z,6.873,1.604,2.057
2026-02-18T20:45:00Z,136575,12.95,2026-02-18T20:43:10Z,5.246,1.597,2.083
2026-02-18T21:00:00Z,136576,12.94,2026-02-18T20:48:50Z,3.835,1.59,2.11
2026-02-18T21:15:00Z,136577,12.93,2026-02-18T21:01:50Z,2.727,1.584,2.137
2026-02-18T21:30:00Z,136578,12.87,2026-02-18T21:29:20Z,1.828,1.575,2.165
2026-02-18T21:45:00Z,136579,12.92,2026-02-18T21:34:55Z,1.033,1.568,2.193
2026-02-18T22:00:00Z,136580,12.91,2026-02-18T21:56:50Z,0.312,1.562,2.221
2026-02-18T22:15:00Z,136581,12.9,2026-02-18T22:13:00Z,-0.314,1.556,2.25
2026-02-18T22:30:00Z,136582,12.89,2026-02-18T22:29:50Z,-0.845,1.55,2.278
2026-02-18T22:45:00Z,136583,12.89,2026-02-18T22:36:25Z,-1.3,1.545,2.306
2026-02-18T23:00:00Z,136584,12.87,2026-02-18T22:47:50Z,-1.667,1.54,2.334
2026-02-18T23:15:00Z,136585,12.87,2026-02-18T23:14:30Z,-1.875,1.534,2.361
2026-02-18T23:30:00Z,136586,12.85,2026-02-18T23:29:25Z,-2.032,1.529,2.388
2026-02-18T23:45:00Z,136587,12.85,2026-02-18T23:44:05Z,-2.166,1.523,2.414
2026-02-19T00:15:00Z,136589,12.84,2026-02-19T00:05:25Z,-2.185,1.513,2.464
2026-02-19T00:30:00Z,136590,12.83,2026-02-19T00:21:25Z,-2.111,1.508,2.488
2026-02-19T00:45:00Z,136591,12.82,2026-02-19T00:40:05Z,-2.042,1.504,2.511
2026-02-19T01:00:00Z,136592,12.82,2026-02-19T00:50:45Z,-1.983,1.5,2.534
2026-02-19T01:15:00Z,136593,12.81,2026-02-19T01:01:55Z,-1.913,1.496,2.555
2026-02-19T01:30:00Z,136594,12.8,2026-02-19T01:29:25Z,-1.927,1.493,2.576
2026-02-19T01:45:00Z,136595,12.81,2026-02-19T01:30:20Z,-1.943,1.489,2.596
2026-02-19T02:00:00Z,136596,12.8,2026-02-19T01:57:10Z,-1.97,1.485,2.615
2026-02-19T02:15:00Z,136597,12.79,2026-02-19T02:01:50Z,-1.924,1.481,2.633
2026-02-19T02:30:00Z,136598,12.79,2026-02-19T02:17:50Z,-1.885,1.477,2.65
2026-02-19T02:45:00Z,136599,12.79,2026-02-19T02:30:35Z,-1.868,1.474,2.667
2026-02-19T03:00:00Z,136600,12.78,2026-02-19T02:52:00Z,-1.794,1.471,2.683
2026-02-19T03:15:00Z,136601,12.77,2026-02-19T03:01:50Z,-1.65,1.467,2.697
2026-02-19T03:30:00Z,136602,12.76,2026-02-19T03:29:20Z,-1.399,1.463,2.711
2026-02-19T03:45:00Z,136603,12.76,2026-02-19T03:45:00Z,-1.006,1.459,2.725
2026-02-19T04:00:00Z,136604,12.76,2026-02-19T03:53:30Z,-0.559,1.456,2.737
2026-02-19T04:15:00Z,136605,12.75,2026-02-19T04:01:50Z,0.002,1.452,2.749
2026-02-19T04:30:00Z,136606,12.75,2026-02-19T04:29:25Z,0.552,1.449,2.76
2026-02-19T04:45:00Z,136607,12.75,2026-02-19T04:39:10Z,1.129,1.445,2.771
2026-02-19T05:00:00Z,136608,12.74,2026-02-19T04:56:55Z,1.536,1.442,2.78
2026-02-19T05:15:00Z,136609,12.74,2026-02-19T05:01:50Z,1.799,1.438,2.789
2026-02-19T05:30:00Z,136610,12.74,2026-02-19T05:29:20Z,2.01,1.435,2.798
2026-02-19T05:45:00Z,136611,12.74,2026-02-19T05:32:55Z,2.177,1.431,2.806
2026-02-19T06:00:00Z,136612,12.74,2026-02-19T05:55:40Z,2.314,1.429,2.814
2026-02-19T06:15:00Z,136613,12.74,2026-02-19T06:01:00Z,2.409,1.426,2.821
2026-02-19T06:30:00Z,136614,12.74,2026-02-19T06:19:40Z,2.46,1.422,2.827
2026-02-19T06:45:00Z,136615,12.74,2026-02-19T06:30:05Z,2.463,1.418,2.833
2026-02-19T07:00:00Z,136616,12.73,2026-02-19T06:56:50Z,2.42,1.411,2.839
2026-02-19T07:15:00Z,136617,12.73,2026-02-19T07:01:50Z,2.372,1.408,2.845
2026-02-19T07:30:00Z,136618,12.73,2026-02-19T07:22:55Z,2.331,1.405,2.85
2026-02-19T07:45:00Z,136619,12.74,2026-02-19T07:36:35Z,2.334,1.402,2.855
2026-02-19T08:00:00Z,136620,12.73,2026-02-19T07:56:50Z,2.405,1.402,2.859
2026-02-19T08:15:00Z,136621,12.74,2026-02-19T08:00:35Z,2.518,1.406,2.864
2026-02-19T08:30:00Z,136622,12.74,2026-02-19T08:15:10Z,2.717,1.408,2.868
2026-02-19T08:45:00Z,136623,12.78,2026-02-19T08:30:05Z,3.016,1.406,2.872
2026-02-19T09:00:00Z,136624,12.8,2026-02-19T08:45:05Z,3.382,1.403,2.876
2026-02-19T09:15:00Z,136625,12.83,2026-02-19T09:01:50Z,3.955,1.401,2.88
2026-02-19T09:30:00Z,136626,12.85,2026-02-19T09:29:20Z,4.471,1.399,2.884
2026-02-19T09:45:00Z,136627,12.85,2026-02-19T09:30:05Z,4.944,1.397,2.887
2026-02-19T10:00:00Z,136628,12.87,2026-02-19T09:45:05Z,5.492,1.397,2.891
2026-02-19T10:15:00Z,136629,13.02,2026-02-19T10:00:05Z,6.285,1.397,2.895
2026-02-19T10:30:00Z,136630,13.24,2026-02-19T10:23:15Z,7.308,1.398,2.9
2026-02-19T10:45:00Z,136631,13.27,2026-02-19T10:44:25Z,8.1,1.398,2.904
2026-02-19T11:00:00Z,136632,13.21,2026-02-19T10:59:20Z,8.72,1.399,2.907
2026-02-19T11:15:00Z,136633,13.13,2026-02-19T11:13:55Z,9.1,1.399,2.91
2026-02-19T11:30:00Z,136634,13.05,2026-02-19T11:29:20Z,9.36,1.4,2.913
2026-02-19T11:45:00Z,136635,12.98,2026-02-19T11:43:55Z,9.12,1.399,2.915
2026-02-19T12:00:00Z,136636,12.92,2026-02-19T11:59:10Z,8.31,1.399,2.918
2026-02-19T12:15:00Z,136637,12.85,2026-02-19T12:12:35Z,7.432,1.4,2.921
2026-02-19T12:30:00Z,136638,12.81,2026-02-19T12:29:30Z,6.652,1.405,2.924
2026-02-19T12:45:00Z,136639,12.82,2026-02-19T12:33:55Z,6.016,1.407,2.928
2026-02-19T13:00:00Z,136640,12.87,2026-02-19T12:45:05Z,5.791,1.415,2.935
2026-02-19T13:15:00Z,136641,13.96,2026-02-19T13:14:20Z,6.448,1.42,2.946
2026-02-19T13:30:00Z,136642,13.96,2026-02-19T13:16:15Z,7.036,1.422,2.953
2026-02-19T13:45:00Z,136643,14.52,2026-02-19T13:36:10Z,7.656,1.425,2.961
2026-02-19T14:00:00Z,136644,14.48,2026-02-19T13:45:10Z,8.23,1.429,2.968
2026-02-19T14:15:00Z,136645,14.38,2026-02-19T14:13:05Z,8.65,1.437,2.975
2026-02-19T14:30:00Z,136646,14.38,2026-02-19T14:29:30Z,8.9,1.45,2.982
2026-02-19T14:45:00Z,136647,14.06,2026-02-19T14:39:30Z,9.13,1.464,2.988
2026-02-19T15:00:00Z,136648,14.02,2026-02-19T14:53:15Z,9.48,1.477,2.995
2026-02-19T15:15:00Z,136649,13.94,2026-02-19T15:10:15Z,9.84,1.486,3.002
2026-02-19T15:30:00Z,136650,13.8,2026-02-19T15:23:40Z,10.13,1.494,3.008
2026-02-19T15:45:00Z,136651,13.7,2026-02-19T15:40:40Z,10.22,1.501,3.016
2026-02-19T16:00:00Z,136652,13.69,2026-02-19T15:50:40Z,10.21,1.513,3.025
2026-02-19T16:15:00Z,136653,13.52,2026-02-19T16:14:35Z,10.12,1.511,3.034
2026-02-19T16:30:00Z,136654,13.36,2026-02-19T16:30:00Z,9.95,1.516,3.043
2026-02-19T16:45:00Z,136655,13.23,2026-02-19T16:45:00Z,9.67,1.52,3.052
2026-02-19T17:00:00Z,136656,13.18,2026-02-19T16:56:50Z,9.35,1.523,3.063
2026-02-19T17:15:00Z,136657,13.12,2026-02-19T17:14:30Z,9.07,1.526,3.075
2026-02-19T17:30:00Z,136658,13.07,2026-02-19T17:29:20Z,8.78,1.53,3.087
2026-02-19T17:45:00Z,136659,13.03,2026-02-19T17:44:10Z,8.45,1.532,3.1
2026-02-19T18:00:00Z,136660,13,2026-02-19T17:57:30Z,8.03,1.536,3.114
2026-02-19T18:15:00Z,136661,12.97,2026-02-19T18:10:50Z,7.584,1.538,3.128
2026-02-19T18:30:00Z,136662,12.96,2026-02-19T18:23:05Z,7.106,1.54,3.144
2026-02-19T18:45:00Z,136663,12.94,2026-02-19T18:42:50Z,6.637,1.542,3.159
2026-02-19T19:00:00Z,136664,12.93,2026-02-19T18:56:50Z,6.238,1.548,3.176
2026-02-19T19:15:00Z,136665,12.92,2026-02-19T19:13:55Z,5.867,1.545,3.193
2026-02-19T19:30:00Z,136666,12.9,2026-02-19T19:29:20Z,5.544,1.547,3.209
2026-02-19T19:45:00Z,136667,12.9,2026-02-19T19:42:30Z,5.313,1.547,3.226
2026-02-19T20:00:00Z,136668,12.88,2026-02-19T19:56:50Z,5.135,1.546,3.244
2026-02-19T20:15:00Z,136669,12.88,2026-02-19T20:06:30Z,5.001,1.547,3.261
2026-02-19T20:30:00Z,136670,12.85,2026-02-19T20:29:20Z,4.9,1.55,3.278
2026-02-19T20:45:00Z,136671,12.86,2026-02-19T20:36:20Z,4.808,1.549,3.295
2026-02-19T21:00:00Z,136672,12.84,2026-02-19T20:56:50Z,4.745,1.547,3.313
2026-02-19T21:15:00Z,136673,12.83,2026-02-19T21:01:50Z,4.728,1.547,3.329
2026-02-19T21:30:00Z,136674,12.81,2026-02-19T21:29:20Z,4.73,1.547,3.346
2026-02-19T21:45:00Z,136675,12.81,2026-02-19T21:44:15Z,4.764,1.546,3.362
2026-02-19T22:00:00Z,136676,12.8,2026-02-19T21:56:50Z,4.777,1.55,3.379
2026-02-19T22:15:00Z,136677,12.79,2026-02-19T22:02:00Z,4.83,1.554,3.395
2026-02-19T22:30:00Z,136678,12.79,2026-02-19T22:28:25Z,4.871,1.541,3.411
2026-02-19T22:45:00Z,136679,12.79,2026-02-19T22:36:40Z,4.902,1.545,3.426
2026-02-19T23:00:00Z,136680,12.76,2026-02-19T22:57:05Z,4.909,1.551,3.44
2026-02-19T23:15:00Z,136681,12.77,2026-02-19T23:01:55Z,4.889,1.555,3.454
2026-02-19T23:30:00Z,136682,12.76,2026-02-19T23:29:30Z,4.789,1.559,3.468
2026-02-19T23:45:00Z,136683,12.77,2026-02-19T23:31:45Z,4.651,1.559,3.481
2026-02-20T00:15:00Z,136685,12.74,2026-02-20T00:01:55Z,4.518,1.579,3.507
2026-02-20T00:30:00Z,136686,12.75,2026-02-20T00:25:05Z,4.567,1.598,3.519
2026-02-20T00:45:00Z,136687,12.75,2026-02-20T00:30:25Z,4.652,1.616,3.531
2026-02-20T01:00:00Z,136688,12.75,2026-02-20T00:51:45Z,4.704,1.633,3.542
2026-02-20T01:15:00Z,136689,12.74,2026-02-20T01:01:55Z,4.667,1.642,3.553
2026-02-20T01:30:00Z,136690,12.74,2026-02-20T01:18:25Z,4.601,1.649,3.564
2026-02-20T01:45:00Z,136691,12.74,2026-02-20T01:43:00Z,4.509,1.653,3.574
2026-02-20T02:00:00Z,136692,12.74,2026-02-20T01:57:00Z,4.414,1.656,3.584
2026-02-20T02:15:00Z,136693,12.75,2026-02-20T02:01:45Z,4.393,1.658,3.593
2026-02-20T02:30:00Z,136694,12.74,2026-02-20T02:26:50Z,4.435,1.662,3.602
2026-02-20T02:45:00Z,136695,12.74,2026-02-20T02:30:05Z,4.496,1.668,3.611
2026-02-20T03:00:00Z,136696,12.74,2026-02-20T02:56:10Z,4.494,1.679,3.619
2026-02-20T03:15:00Z,136697,12.73,2026-02-20T03:01:50Z,4.446,1.685,3.627
2026-02-20T03:30:00Z,136698,12.69,2026-02-20T03:29:25Z,4.569,1.7,3.635
2026-02-20T03:45:00Z,136699,12.72,2026-02-20T03:33:00Z,4.736,1.715,3.642
2026-02-20T04:00:00Z,136700,12.74,2026-02-20T03:57:45Z,4.848,1.739,3.649
2026-02-20T04:15:00Z,136701,12.73,2026-02-20T04:01:50Z,4.888,1.781,3.655
2026-02-20T04:30:00Z,136702,12.7,2026-02-20T04:29:25Z,4.874,1.829,3.662
2026-02-20T04:45:00Z,136703,12.74,2026-02-20T04:45:00Z,4.833,1.868,3.668
2026-02-20T05:00:00Z,136704,12.73,2026-02-20T04:56:55Z,4.763,1.894,3.673
2026-02-20T05:15:00Z,136705,12.73,2026-02-20T05:01:55Z,4.676,1.906,3.679
2026-02-20T05:30:00Z,136706,12.73,2026-02-20T05:29:30Z,4.608,1.912,3.684
2026-02-20T05:45:00Z,136707,12.73,2026-02-20T05:40:15Z,4.555,1.913,3.688
2026-02-20T06:00:00Z,136708,12.72,2026-02-20T05:57:00Z,4.532,1.912,3.693
2026-02-20T06:15:00Z,136709,12.72,2026-02-20T06:01:50Z,4.52,1.91,3.697
2026-02-20T06:30:00Z,136710,12.73,2026-02-20T06:15:20Z,4.542,1.908,3.701
2026-02-20T06:45:00Z,136711,12.72,2026-02-20T06:31:20Z,4.602,1.906,3.705
2026-02-20T07:00:00Z,136712,12.72,2026-02-20T06:58:00Z,4.631,1.903,3.709
2026-02-20T07:15:00Z,136713,12.72,2026-02-20T07:00:40Z,4.676,1.902,3.712
2026-02-20T07:30:00Z,136714,12.73,2026-02-20T07:23:10Z,4.643,1.9,3.715
2026-02-20T07:45:00Z,136715,12.73,2026-02-20T07:42:00Z,4.316,1.896,3.718
2026-02-20T08:00:00Z,136716,12.73,2026-02-20T07:57:00Z,3.637,1.893,3.721
2026-02-20T08:15:00Z,136717,12.73,2026-02-20T08:13:30Z,3.12,1.89,3.724
2026-02-20T08:30:00Z,136718,12.72,2026-02-20T08:29:30Z,2.755,1.886,3.726
2026-02-20T08:45:00Z,136719,12.73,2026-02-20T08:35:10Z,2.464,1.88,3.728
2026-02-20T09:00:00Z,136720,12.73,2026-02-20T08:48:35Z,2.267,1.875,3.73
2026-02-20T09:15:00Z,136721,12.73,2026-02-20T09:14:50Z,2.177,1.87,3.732
2026-02-20T09:30:00Z,136722,12.73,2026-02-20T09:25:55Z,2.1,1.865,3.734
2026-02-20T09:45:00Z,136723,12.74,2026-02-20T09:30:50Z,1.915,1.858,3.736
2026-02-20T10:00:00Z,136724,12.74,2026-02-20T09:52:30Z,1.687,1.851,3.738
2026-02-20T10:15:00Z,136725,12.74,2026-02-20T10:02:55Z,1.426,1.845,3.739
2026-02-20T10:30:00Z,136726,12.75,2026-02-20T10:17:15Z,1.177,1.839,3.741
2026-02-20T10:45:00Z,136727,12.75,2026-02-20T10:32:10Z,0.9,1.832,3.742
2026-02-20T11:00:00Z,136728,12.73,2026-02-20T10:56:55Z,0.664,1.824,3.743
2026-02-20T11:15:00Z,136729,12.73,2026-02-20T11:01:50Z,0.506,1.819,3.744
2026-02-20T11:30:00Z,136730,12.75,2026-02-20T11:17:35Z,0.379,1.813,3.745
2026-02-20T11:45:00Z,136731,12.76,2026-02-20T11:31:50Z,0.315,1.807,3.745
2026-02-20T12:00:00Z,136732,12.78,2026-02-20T11:54:55Z,0.3,1.801,3.746
2026-02-20T12:15:00Z,136733,12.77,2026-02-20T12:08:15Z,0.283,1.795,3.746
2026-02-20T12:30:00Z,136734,12.76,2026-02-20T12:21:35Z,0.205,1.789,3.746
2026-02-20T12:45:00Z,136735,12.78,2026-02-20T12:32:10Z,0.07,1.782,3.746
2026-02-20T13:00:00Z,136736,12.78,2026-02-20T12:56:55Z,0.012,1.776,3.746
2026-02-20T13:15:00Z,136737,12.74,2026-02-20T13:01:50Z,-0.053,1.769,3.746
2026-02-20T13:30:00Z,136738,12.79,2026-02-20T13:29:25Z,-0.091,1.762,3.745
2026-02-20T13:45:00Z,136739,12.78,2026-02-20T13:43:10Z,-0.094,1.755,3.744
2026-02-20T14:00:00Z,136740,12.79,2026-02-20T13:45:05Z,-0.071,1.748,3.743
2026-02-20T14:15:00Z,136741,12.79,2026-02-20T14:10:10Z,-0.042,1.742,3.742
2026-02-20T14:30:00Z,136742,12.77,2026-02-20T14:29:30Z,-0.015,1.735,3.74
2026-02-20T14:45:00Z,136743,12.76,2026-02-20T14:45:00Z,-0.003,1.728,3.739
2026-02-20T15:00:00Z,136744,12.75,2026-02-20T14:57:05Z,0.031,1.72,3.737
2026-02-20T15:15:00Z,136745,12.75,2026-02-20T15:14:25Z,0.073,1.713,3.735
2026-02-20T15:30:00Z,136746,12.73,2026-02-20T15:29:35Z,0.056,1.706,3.733
2026-02-20T15:45:00Z,136747,12.73,2026-02-20T15:44:10Z,-0.008,1.7,3.73
2026-02-20T16:00:00Z,136748,12.73,2026-02-20T15:54:25Z,-0.068,1.693,3.727
2026-02-20T16:15:00Z,136749,12.72,2026-02-20T16:04:25Z,-0.107,1.686,3.725
2026-02-20T16:30:00Z,136750,12.68,2026-02-20T16:28:20Z,-0.132,1.679,3.722
2026-02-20T16:45:00Z,136751,12.71,2026-02-20T16:38:35Z,-0.138,1.672,3.719
2026-02-20T17:00:00Z,136752,12.7,2026-02-20T16:49:10Z,-0.161,1.664,3.715
2026-02-20T17:15:00Z,136753,12.69,2026-02-20T17:13:10Z,-0.227,1.657,3.712
2026-02-20T17:30:00Z,136754,12.68,2026-02-20T17:29:30Z,-0.307,1.651,3.708
2026-02-20T17:45:00Z,136755,12.68,2026-02-20T17:39:50Z,-0.385,1.645,3.705
2026-02-20T18:00:00Z,136756,12.68,2026-02-20T17:47:50Z,-0.471,1.639,3.701
2026-02-20T18:15:00Z,136757,12.68,2026-02-20T18:09:10Z,-0.532,1.632,3.697
2026-02-20T18:30:00Z,136758,12.68,2026-02-20T18:27:50Z,-0.567,1.627,3.693
2026-02-20T18:45:00Z,136759,12.68,2026-02-20T18:35:50Z,-0.597,1.621,3.689
2026-02-20T19:00:00Z,136760,12.68,2026-02-20T18:57:15Z,-0.621,1.615,3.684
2026-02-20T19:15:00Z,136761,12.67,2026-02-20T19:01:50Z,-0.628,1.61,3.68
2026-02-20T19:30:00Z,136762,12.68,2026-02-20T19:29:45Z,-0.636,1.605,3.675
2026-02-20T19:45:00Z,136763,12.68,2026-02-20T19:38:50Z,-0.666,1.599,3.671
2026-02-20T20:00:00Z,136764,12.68,2026-02-20T19:45:15Z,-0.673,1.593,3.666
2026-02-20T20:15:00Z,136765,12.67,2026-02-20T20:01:50Z,-0.691,1.588,3.661
2026-02-20T20:30:00Z,136766,12.68,2026-02-20T20:20:35Z,-0.707,1.582,3.656
2026-02-20T20:45:00Z,136767,12.68,2026-02-20T20:34:10Z,-0.744,1.578,3.651
2026-02-20T21:00:00Z,136768,12.67,2026-02-20T20:49:10Z,-0.784,1.572,3.645
2026-02-20T21:15:00Z,136769,12.67,2026-02-20T21:02:00Z,-0.816,1.567,3.64
2026-02-20T21:30:00Z,136770,12.68,2026-02-20T21:15:55Z,-0.849,1.562,3.634
2026-02-20T21:45:00Z,136771,12.68,2026-02-20T21:40:25Z,-0.879,1.557,3.629
2026-02-20T22:00:00Z,136772,12.68,2026-02-20T21:49:30Z,-0.913,1.552,3.623
2026-02-20T22:15:00Z,136773,12.67,2026-02-20T22:01:50Z,-0.959,1.547,3.617
2026-02-20T22:30:00Z,136774,12.67,2026-02-20T22:29:20Z,-1.003,1.542,3.611
2026-02-20T22:45:00Z,136775,12.67,2026-02-20T22:42:05Z,-1.057,1.537,3.605
2026-02-20T23:00:00Z,136776,12.67,2026-02-20T22:56:55Z,-1.109,1.533,3.599
2026-02-20T23:15:00Z,136777,12.63,2026-02-20T23:01:50Z,-1.156,1.528,3.592
2026-02-20T23:30:00Z,136778,12.66,2026-02-20T23:27:25Z,-1.213,1.524,3.586
2026-02-20T23:45:00Z,136779,12.67,2026-02-20T23:30:05Z,-1.274,1.519,3.58
2026-02-21T00:15:00Z,136781,12.66,2026-02-21T00:01:50Z,-1.359,1.511,3.566
2026-02-21T00:30:00Z,136782,12.66,2026-02-21T00:29:20Z,-1.389,1.507,3.56
2026-02-21T00:45:00Z,136783,12.67,2026-02-21T00:45:00Z,-1.417,1.502,3.553
2026-02-21T01:00:00Z,136784,12.67,2026-02-21T00:57:05Z,-1.437,1.498,3.546
2026-02-21T01:15:00Z,136785,12.66,2026-02-21T01:01:50Z,-1.457,1.494,3.539
2026-02-21T01:30:00Z,136786,12.67,2026-02-21T01:25:00Z,-1.46,1.49,3.532
2026-02-21T01:45:00Z,136787,12.67,2026-02-21T01:39:55Z,-1.464,1.486,3.525
2026-02-21T02:00:00Z,136788,12.67,2026-02-21T01:58:05Z,-1.475,1.482,3.518
2026-02-21T02:15:00Z,136789,12.66,2026-02-21T02:01:50Z,-1.479,1.478,3.511
2026-02-21T02:30:00Z,136790,12.66,2026-02-21T02:29:20Z,-1.48,1.475,3.504
2026-02-21T02:45:00Z,136791,12.67,2026-02-21T02:30:35Z,-1.48,1.471,3.496
2026-02-21T03:00:00Z,136792,12.66,2026-02-21T02:55:15Z,-1.48,1.468,3.489
2026-02-21T03:15:00Z,136793,12.66,2026-02-21T03:01:50Z,-1.481,1.464,3.482
2026-02-21T03:30:00Z,136794,12.66,2026-02-21T03:23:00Z,-1.483,1.461,3.475
2026-02-21T03:45:00Z,136795,12.66,2026-02-21T03:33:40Z,-1.48,1.458,3.468
2026-02-21T04:00:00Z,136796,12.66,2026-02-21T03:49:40Z,-1.455,1.454,3.46
2026-02-21T04:15:00Z,136797,12.65,2026-02-21T04:01:50Z,-1.413,1.451,3.453
2026-02-21T04:30:00Z,136798,12.65,2026-02-21T04:24:20Z,-1.371,1.448,3.446
2026-02-21T04:45:00Z,136799,12.65,2026-02-21T04:43:00Z,-1.335,1.445,3.439
2026-02-21T05:00:00Z,136800,12.65,2026-02-21T04:56:50Z,-1.305,1.442,3.431
2026-02-21T05:15:00Z,136801,12.65,2026-02-21T05:01:50Z,-1.277,1.439,3.424
2026-02-21T05:30:00Z,136802,12.65,2026-02-21T05:29:25Z,-1.249,1.436,3.417
2026-02-21T05:45:00Z,136803,12.66,2026-02-21T05:33:30Z,-1.225,1.432,3.41
2026-02-21T06:00:00Z,136804,12.66,2026-02-21T05:50:45Z,-1.207,1.428,3.403
2026-02-21T06:15:00Z,136805,12.65,2026-02-21T06:01:50Z,-1.202,1.425,3.396
2026-02-21T06:30:00Z,136806,12.64,2026-02-21T06:29:25Z,-1.202,1.422,3.389
2026-02-21T06:45:00Z,136807,12.66,2026-02-21T06:38:45Z,-1.185,1.42,3.382
2026-02-21T07:00:00Z,136808,12.66,2026-02-21T06:55:40Z,-1.182,1.417,3.375
2026-02-21T07:15:00Z,136809,12.66,2026-02-21T07:12:10Z,-1.182,1.414,3.368
2026-02-21T07:30:00Z,136810,12.66,2026-02-21T07:23:25Z,-1.182,1.411,3.361
2026-02-21T07:45:00Z,136811,12.66,2026-02-21T07:41:00Z,-1.181,1.408,3.354
2026-02-21T08:00:00Z,136812,12.65,2026-02-21T07:59:25Z,-1.158,1.405,3.348
2026-02-21T08:15:00Z,136813,12.65,2026-02-21T08:01:50Z,-1.131,1.403,3.341
2026-02-21T08:30:00Z,136814,12.66,2026-02-21T08:21:35Z,-1.08,1.403,3.335
2026-02-21T08:45:00Z,136815,12.67,2026-02-21T08:43:55Z,-1.027,1.398,3.328
2026-02-21T09:00:00Z,136816,12.67,2026-02-21T08:56:55Z,-0.964,1.395,3.322
2026-02-21T09:15:00Z,136817,12.67,2026-02-21T09:01:50Z,-0.898,1.393,3.316
2026-02-21T09:30:00Z,136818,12.69,2026-02-21T09:15:55Z,-0.822,1.39,3.31
2026-02-21T09:45:00Z,136819,12.7,2026-02-21T09:31:55Z,-0.745,1.388,3.304
2026-02-21T10:00:00Z,136820,12.72,2026-02-21T09:45:15Z,-0.671,1.386,3.298
2026-02-21T10:15:00Z,136821,12.73,2026-02-21T10:01:15Z,-0.583,1.383,3.292
2026-02-21T10:30:00Z,136822,12.76,2026-02-21T10:17:15Z,-0.473,1.381,3.287
2026-02-21T10:45:00Z,136823,12.78,2026-02-21T10:30:35Z,-0.383,1.378,3.281
2026-02-21T11:00:00Z,136824,12.82,2026-02-21T10:45:05Z,-0.275,1.376,3.276
2026-02-21T11:15:00Z,136825,12.84,2026-02-21T11:01:50Z,-0.152,1.374,3.27
2026-02-21T11:30:00Z,136826,12.88,2026-02-21T11:15:55Z,-0.056,1.372,3.265
2026-02-21T11:45:00Z,136827,12.92,2026-02-21T11:30:05Z,0.031,1.373,3.26
2026-02-21T12:00:00Z,136828,12.95,2026-02-21T11:45:20Z,0.144,1.368,3.255
2026-02-21T12:15:00Z,136829,12.99,2026-02-21T12:13:55Z,0.237,1.365,3.25
2026-02-21T12:30:00Z,136830,12.98,2026-02-21T12:16:45Z,0.266,1.363,3.245
2026-02-21T12:45:00Z,136831,12.99,2026-02-21T12:33:15Z,0.254,1.362,3.24
2026-02-21T13:00:00Z,136832,12.99,2026-02-21T12:47:50Z,0.219,1.359,3.236
2026-02-21T13:15:00Z,136833,12.93,2026-02-21T13:01:55Z,0.182,1.357,3.231
2026-02-21T13:30:00Z,136834,13,2026-02-21T13:19:30Z,0.189,1.355,3.227
2026-02-21T13:45:00Z,136835,13,2026-02-21T13:32:55Z,0.202,1.354,3.223
2026-02-21T14:00:00Z,136836,13,2026-02-21T13:47:25Z,0.175,1.352,3.22
2026-02-21T14:15:00Z,136837,13.03,2026-02-21T14:12:50Z,0.187,1.351,3.217
2026-02-21T14:30:00Z,136838,13.02,2026-02-21T14:29:25Z,0.252,1.348,3.213
2026-02-21T14:45:00Z,136839,13.02,2026-02-21T14:35:45Z,0.277,1.347,3.21
2026-02-21T15:00:00Z,136840,12.97,2026-02-21T14:56:55Z,0.258,1.345,3.207
2026-02-21T15:15:00Z,136841,12.93,2026-02-21T15:14:10Z,0.17,1.342,3.205
2026-02-21T15:30:00Z,136842,12.93,2026-02-21T15:16:50Z,0.068,1.341,3.202
2026-02-21T15:45:00Z,136843,12.89,2026-02-21T15:40:50Z,0.005,1.339,3.2
2026-02-21T16:00:00Z,136844,12.87,2026-02-21T15:57:00Z,-0.091,1.338,3.198
2026-02-21T16:15:00Z,136845,12.84,2026-02-21T16:13:35Z,-0.197,1.336,3.196
2026-02-21T16:30:00Z,136846,12.81,2026-02-21T16:29:15Z,-0.286,1.334,3.195
2026-02-21T16:45:00Z,136847,12.78,2026-02-21T16:44:00Z,-0.377,1.333,3.194
2026-02-21T17:00:00Z,136848,12.76,2026-02-21T16:58:45Z,-0.457,1.331,3.193
2026-02-21T17:15:00Z,136849,12.74,2026-02-21T17:13:50Z,-0.511,1.329,3.192
2026-02-21T17:30:00Z,136850,12.72,2026-02-21T17:29:30Z,-0.584,1.327,3.191
2026-02-21T17:45:00Z,136851,12.71,2026-02-21T17:41:10Z,-0.645,1.325,3.191
2026-02-21T18:00:00Z,136852,12.69,2026-02-21T17:56:15Z,-0.711,1.324,3.191
2026-02-21T18:15:00Z,136853,12.68,2026-02-21T18:01:50Z,-0.798,1.322,3.191
2026-02-21T18:30:00Z,136854,12.67,2026-02-21T18:23:30Z,-0.949,1.321,3.191
2026-02-21T18:45:00Z,136855,12.67,2026-02-21T18:34:55Z,-1.157,1.319,3.191
2026-02-21T19:00:00Z,136856,12.66,2026-02-21T18:57:00Z,-1.353,1.318,3.192
2026-02-21T19:15:00Z,136857,12.66,2026-02-21T19:01:50Z,-1.501,1.317,3.192
2026-02-21T19:30:00Z,136858,12.65,2026-02-21T19:29:30Z,-1.604,1.316,3.193
2026-02-21T19:45:00Z,136859,12.66,2026-02-21T19:44:00Z,-1.682,1.314,3.194
2026-02-21T20:00:00Z,136860,12.64,2026-02-21T19:54:50Z,-1.756,1.313,3.194
2026-02-21T20:15:00Z,136861,12.65,2026-02-21T20:01:50Z,-1.818,1.312,3.195
2026-02-21T20:30:00Z,136862,12.65,2026-02-21T20:16:25Z,-1.849,1.31,3.195
2026-02-21T20:45:00Z,136863,12.64,2026-02-21T20:41:55Z,-1.882,1.309,3.196
2026-02-21T21:00:00Z,136864,12.64,2026-02-21T20:56:55Z,-1.904,1.308,3.196
2026-02-21T21:15:00Z,136865,12.64,2026-02-21T21:01:50Z,-1.927,1.306,3.197
2026-02-21T21:30:00Z,136866,12.64,2026-02-21T21:15:05Z,-1.949,1.305,3.197
2026-02-21T21:45:00Z,136867,12.64,2026-02-21T21:33:45Z,-1.975,1.303,3.197
2026-02-21T22:00:00Z,136868,12.64,2026-02-21T21:47:45Z,-2.001,1.302,3.197
2026-02-21T22:15:00Z,136869,12.63,2026-02-21T22:01:50Z,-2.016,1.301,3.197
2026-02-21T22:30:00Z,136870,12.64,2026-02-21T22:17:30Z,-2.04,1.299,3.197
2026-02-21T22:45:00Z,136871,12.64,2026-02-21T22:30:05Z,-2.058,1.298,3.197
2026-02-21T23:00:00Z,136872,12.63,2026-02-21T22:56:55Z,-2.087,1.297,3.196
2026-02-21T23:15:00Z,136873,12.63,2026-02-21T23:01:50Z,-2.109,1.295,3.196
2026-02-21T23:30:00Z,136874,12.64,2026-02-21T23:22:50Z,-2.151,1.294,3.195
2026-02-21T23:45:00Z,136875,12.63,2026-02-21T23:38:30Z,-2.225,1.293,3.194
2026-02-22T00:15:00Z,136877,12.63,2026-02-22T00:01:50Z,-2.431,1.291,3.191
2026-02-22T00:30:00Z,136878,12.64,2026-02-22T00:29:00Z,-2.491,1.29,3.19
2026-02-22T00:45:00Z,136879,12.64,2026-02-22T00:30:10Z,-2.538,1.29,3.189
2026-02-22T01:00:00Z,136880,12.63,2026-02-22T00:49:20Z,-2.613,1.289,3.187
2026-02-22T01:15:00Z,136881,12.63,2026-02-22T01:13:20Z,-2.751,1.288,3.185
2026-02-22T01:30:00Z,136882,12.63,2026-02-22T01:21:20Z,-2.925,1.287,3.183
2026-02-22T01:45:00Z,136883,12.63,2026-02-22T01:42:35Z,-3.074,1.286,3.181
2026-02-22T02:00:00Z,136884,12.63,2026-02-22T01:56:00Z,-3.187,1.285,3.179
2026-02-22T02:15:00Z,136885,12.63,2026-02-22T02:06:40Z,-3.257,1.283,3.176
2026-02-22T02:30:00Z,136886,12.62,2026-02-22T02:29:25Z,-3.251,1.283,3.174
2026-02-22T02:45:00Z,136887,12.63,2026-02-22T02:40:45Z,-3.222,1.282,3.171
2026-02-22T03:00:00Z,136888,12.63,2026-02-22T02:54:05Z,-3.193,1.281,3.168
2026-02-22T03:15:00Z,136889,12.62,2026-02-22T03:01:50Z,-3.213,1.28,3.165
2026-02-22T03:30:00Z,136890,12.62,2026-02-22T03:18:35Z,-3.27,1.279,3.162
2026-02-22T03:45:00Z,136891,12.63,2026-02-22T03:40:15Z,-3.388,1.278,3.159
2026-02-22T04:00:00Z,136892,12.63,2026-02-22T03:52:25Z,-3.53,1.276,3.156
2026-02-22T04:15:00Z,136893,12.62,2026-02-22T04:01:50Z,-3.688,1.275,3.152
2026-02-22T04:30:00Z,136894,12.62,2026-02-22T04:29:25Z,-3.777,1.274,3.148
2026-02-22T04:45:00Z,136895,12.63,2026-02-22T04:45:00Z,-3.811,1.273,3.144
2026-02-22T05:00:00Z,136896,12.62,2026-02-22T04:57:45Z,-3.789,1.272,3.14
2026-02-22T05:15:00Z,136897,12.61,2026-02-22T05:01:50Z,-3.733,1.272,3.136
2026-02-22T05:30:00Z,136898,12.62,2026-02-22T05:27:10Z,-3.708,1.271,3.131
2026-02-22T05:45:00Z,136899,12.62,2026-02-22T05:44:45Z,-3.717,1.27,3.127
2026-02-22T06:00:00Z,136900,12.62,2026-02-22T05:46:15Z,-3.768,1.269,3.122
2026-02-22T06:15:00Z,136901,12.61,2026-02-22T06:01:50Z,-3.844,1.267,3.117
2026-02-22T06:30:00Z,136902,12.62,2026-02-22T06:18:15Z,-3.895,1.267,3.112
2026-02-22T06:45:00Z,136903,12.62,2026-02-22T06:34:15Z,-3.921,1.266,3.107
2026-02-22T07:00:00Z,136904,12.61,2026-02-22T06:56:55Z,-3.936,1.265,3.102
2026-02-22T07:15:00Z,136905,12.61,2026-02-22T07:01:50Z,-3.961,1.264,3.096
2026-02-22T07:30:00Z,136906,12.62,2026-02-22T07:29:25Z,-3.979,1.263,3.09
2026-02-22T07:45:00Z,136907,12.62,2026-02-22T07:33:25Z,-4.013,1.262,3.084
2026-02-22T08:00:00Z,136908,12.62,2026-02-22T07:58:10Z,-4.016,1.261,3.078
2026-02-22T08:15:00Z,136909,12.61,2026-02-22T08:02:00Z,-3.937,1.261,3.072
2026-02-22T08:30:00Z,136910,12.63,2026-02-22T08:22:05Z,-3.806,1.259,3.066
2026-02-22T08:45:00Z,136911,12.65,2026-02-22T08:30:35Z,-3.617,1.259,3.06
2026-02-22T09:00:00Z,136912,12.66,2026-02-22T08:48:40Z,-3.351,1.258,3.053
2026-02-22T09:15:00Z,136913,12.68,2026-02-22T09:01:50Z,-3.015,1.257,3.046
2026-02-22T09:30:00Z,136914,12.72,2026-02-22T09:15:05Z,-2.585,1.256,3.04
2026-02-22T09:45:00Z,136915,12.75,2026-02-22T09:30:05Z,-2.155,1.256,3.033
2026-02-22T10:00:00Z,136916,12.75,2026-02-22T09:45:05Z,-1.824,1.255,3.026
2026-02-22T10:15:00Z,136917,12.73,2026-02-22T10:01:50Z,-1.529,1.254,3.019
2026-02-22T10:30:00Z,136918,12.79,2026-02-22T10:15:05Z,-1.23,1.253,3.011
2026-02-22T10:45:00Z,136919,12.88,2026-02-22T10:30:05Z,-0.789,1.253,3.005
2026-02-22T11:00:00Z,136920,12.99,2026-02-22T10:45:05Z,-0.357,1.252,2.998
2026-02-22T11:15:00Z,136921,13.1,2026-02-22T11:00:05Z,-0.152,1.251,2.991
2026-02-22T11:30:00Z,136922,13.29,2026-02-22T11:15:05Z,-0.001,1.25,2.985
2026-02-22T11:45:00Z,136923,13.54,2026-02-22T11:30:05Z,0.178,1.249,2.98
2026-02-22T12:00:00Z,136924,13.76,2026-02-22T11:46:15Z,0.362,1.249,2.974
2026-02-22T12:15:00Z,136925,13.84,2026-02-22T12:08:10Z,0.501,1.248,2.968
2026-02-22T12:30:00Z,136926,13.89,2026-02-22T12:15:05Z,0.588,1.246,2.962
2026-02-22T12:45:00Z,136927,13.97,2026-02-22T12:38:15Z,0.705,1.246,2.956
2026-02-22T13:00:00Z,136928,14.06,2026-02-22T12:48:15Z,0.83,1.245,2.951
2026-02-22T13:15:00Z,136929,13.87,2026-02-22T13:14:15Z,0.875,1.244,2.944
2026-02-22T13:30:00Z,136930,13.87,2026-02-22T13:17:00Z,0.834,1.244,2.938
2026-02-22T13:45:00Z,136931,13.98,2026-02-22T13:34:55Z,0.82,1.243,2.934
2026-02-22T14:00:00Z,136932,13.86,2026-02-22T13:50:15Z,0.741,1.241,2.929
2026-02-22T14:15:00Z,136933,13.98,2026-02-22T14:01:10Z,0.691,1.241,2.926
2026-02-22T14:30:00Z,136934,14.11,2026-02-22T14:30:00Z,0.726,1.241,2.924
2026-02-22T14:45:00Z,136935,13.65,2026-02-22T14:45:00Z,0.734,1.24,2.919
2026-02-22T15:00:00Z,136936,13.51,2026-02-22T14:59:55Z,0.457,1.238,2.914
2026-02-22T15:15:00Z,136937,13.45,2026-02-22T15:07:25Z,0.117,1.236,2.911
2026-02-22T15:30:00Z,136938,13.49,2026-02-22T15:29:45Z,-0.163,1.237,2.91
2026-02-22T15:45:00Z,136939,13.34,2026-02-22T15:40:35Z,-0.456,1.235,2.909
2026-02-22T16:00:00Z,136940,13.36,2026-02-22T15:45:05Z,-0.777,1.235,2.91
2026-02-22T16:15:00Z,136941,13.55,2026-02-22T16:00:10Z,-0.857,1.235,2.915
2026-02-22T16:30:00Z,136942,13.78,2026-02-22T16:29:55Z,-0.723,1.235,2.92
2026-02-22T16:45:00Z,136943,13.51,2026-02-22T16:45:00Z,-0.776,1.234,2.921
2026-02-22T17:00:00Z,136944,13.34,2026-02-22T16:59:55Z,-1.017,1.234,2.923
2026-02-22T17:15:00Z,136945,13.23,2026-02-22T17:14:45Z,-1.287,1.233,2.927
2026-02-22T17:30:00Z,136946,13.13,2026-02-22T17:29:25Z,-1.566,1.233,2.931
2026-02-22T17:45:00Z,136947,13.1,2026-02-22T17:44:45Z,-1.824,1.232,2.937
2026-02-22T18:00:00Z,136948,13.05,2026-02-22T17:58:45Z,-2.04,1.23,2.943
2026-02-22T18:15:00Z,136949,13.02,2026-02-22T18:14:40Z,-2.236,1.23,2.949
2026-02-22T18:30:00Z,136950,12.99,2026-02-22T18:29:30Z,-2.434,1.229,2.956
2026-02-22T18:45:00Z,136951,12.98,2026-02-22T18:44:40Z,-2.59,1.228,2.963
2026-02-22T19:00:00Z,136952,12.97,2026-02-22T18:57:00Z,-2.701,1.227,2.971
2026-02-22T19:15:00Z,136953,12.95,2026-02-22T19:01:50Z,-2.774,1.226,2.978
2026-02-22T19:30:00Z,136954,12.94,2026-02-22T19:29:30Z,-2.813,1.226,2.986
2026-02-22T19:45:00Z,136955,12.94,2026-02-22T19:42:05Z,-2.827,1.225,2.993
2026-02-22T20:00:00Z,136956,12.93,2026-02-22T19:57:00Z,-2.827,1.225,3.001
2026-02-22T20:15:00Z,136957,12.92,2026-02-22T20:01:50Z,-2.848,1.224,3.008
2026-02-22T20:30:00Z,136958,12.92,2026-02-22T20:29:35Z,-2.876,1.223,3.015
2026-02-22T20:45:00Z,136959,12.91,2026-02-22T20:33:05Z,-2.915,1.222,3.022
2026-02-22T21:00:00Z,136960,12.9,2026-02-22T20:57:25Z,-2.954,1.222,3.028
2026-02-22T21:15:00Z,136961,12.9,2026-02-22T21:00:40Z,-3.014,1.221,3.034
2026-02-22T21:30:00Z,136962,12.89,2026-02-22T21:29:10Z,-3.088,1.221,3.04
2026-02-22T21:45:00Z,136963,12.88,2026-02-22T21:43:40Z,-3.178,1.221,3.045
2026-02-22T22:00:00Z,136964,12.87,2026-02-22T21:57:05Z,-3.223,1.221,3.05
2026-02-22T22:15:00Z,136965,12.86,2026-02-22T22:05:15Z,-3.235,1.221,3.054
2026-02-22T22:30:00Z,136966,12.86,2026-02-22T22:29:00Z,-3.255,1.221,3.057
2026-02-22T22:45:00Z,136967,12.86,2026-02-22T22:39:40Z,-3.306,1.22,3.06
2026-02-22T23:00:00Z,136968,12.85,2026-02-22T22:50:20Z,-3.37,1.22,3.063
2026-02-22T23:15:00Z,136969,12.85,2026-02-22T23:13:50Z,-3.428,1.22,3.065
2026-02-22T23:30:00Z,136970,12.83,2026-02-22T23:28:40Z,-3.481,1.22,3.067
2026-02-22T23:45:00Z,136971,12.83,2026-02-22T23:44:25Z,-3.533,1.225,3.068
2026-02-23T00:15:00Z,136973,12.81,2026-02-23T00:01:50Z,-3.633,1.219,3.069
2026-02-23T00:30:00Z,136974,12.82,2026-02-23T00:29:00Z,-3.672,1.218,3.068
2026-02-23T00:45:00Z,136975,12.81,2026-02-23T00:44:05Z,-3.708,1.218,3.068
2026-02-23T01:00:00Z,136976,12.81,2026-02-23T00:56:45Z,-3.767,1.217,3.066
2026-02-23T01:15:00Z,136977,12.8,2026-02-23T01:01:50Z,-3.847,1.216,3.065
2026-02-23T01:30:00Z,136978,12.77,2026-02-23T01:29:25Z,-3.913,1.215,3.063
2026-02-23T01:45:00Z,136979,12.79,2026-02-23T01:44:45Z,-3.966,1.215,3.06
2026-02-23T02:00:00Z,136980,12.79,2026-02-23T01:53:05Z,-4.001,1.214,3.058
2026-02-23T02:15:00Z,136981,12.78,2026-02-23T02:01:50Z,-4.036,1.214,3.055
2026-02-23T02:30:00Z,136982,12.77,2026-02-23T02:29:30Z,-4.082,1.214,3.051
2026-02-23T02:45:00Z,136983,12.77,2026-02-23T02:41:15Z,-4.128,1.213,3.047
2026-02-23T03:00:00Z,136984,12.76,2026-02-23T02:59:15Z,-4.196,1.213,3.043
2026-02-23T03:15:00Z,136985,12.76,2026-02-23T03:09:55Z,-4.266,1.212,3.038
2026-02-23T03:30:00Z,136986,12.75,2026-02-23T03:29:25Z,-4.329,1.216,3.034
2026-02-23T03:45:00Z,136987,12.75,2026-02-23T03:39:15Z,-4.375,1.212,3.028
2026-02-23T04:00:00Z,136988,12.74,2026-02-23T03:47:15Z,-4.435,1.211,3.022
2026-02-23T04:15:00Z,136989,12.73,2026-02-23T04:01:50Z,-4.551,1.21,3.017
2026-02-23T04:30:00Z,136990,12.73,2026-02-23T04:29:50Z,-4.632,1.209,3.011
2026-02-23T04:45:00Z,136991,12.73,2026-02-23T04:38:05Z,-4.699,1.208,3.005
2026-02-23T05:00:00Z,136992,12.71,2026-02-23T04:58:40Z,-4.759,1.208,2.999
2026-02-23T05:15:00Z,136993,12.71,2026-02-23T05:02:00Z,-4.803,1.207,2.992
2026-02-23T05:30:00Z,136994,12.7,2026-02-23T05:29:25Z,-4.848,1.206,2.985
2026-02-23T05:45:00Z,136995,12.7,2026-02-23T05:44:35Z,-4.887,1.205,2.978
2026-02-23T06:00:00Z,136996,12.7,2026-02-23T05:54:50Z,-4.915,1.205,2.971
2026-02-23T06:15:00Z,136997,12.69,2026-02-23T06:02:05Z,-4.961,1.204,2.963
2026-02-23T06:30:00Z,136998,12.69,2026-02-23T06:23:45Z,-5.004,1.203,2.956
2026-02-23T06:45:00Z,136999,12.68,2026-02-23T06:41:45Z,-5.1,1.203,2.948
2026-02-23T07:00:00Z,137000,12.67,2026-02-23T06:56:55Z,-5.192,1.202,2.94
2026-02-23T07:15:00Z,137001,12.68,2026-02-23T07:13:45Z,-5.227,1.2,2.931
2026-02-23T07:30:00Z,137002,12.67,2026-02-23T07:29:25Z,-5.217,1.198,2.923
2026-02-23T07:45:00Z,137003,12.67,2026-02-23T07:35:05Z,-5.194,1.197,2.914
2026-02-23T08:00:00Z,137004,12.67,2026-02-23T07:56:55Z,-5.164,1.196,2.906
2026-02-23T08:15:00Z,137005,12.67,2026-02-23T08:01:55Z,-5.156,1.195,2.897
2026-02-23T08:30:00Z,137006,12.73,2026-02-23T08:15:05Z,-5.131,1.195,2.888
2026-02-23T08:45:00Z,137007,12.81,2026-02-23T08:30:50Z,-4.806,1.196,2.88
2026-02-23T09:00:00Z,137008,12.88,2026-02-23T08:45:05Z,-4.423,1.198,2.871
2026-02-23T09:15:00Z,137009,12.91,2026-02-23T09:01:50Z,-4.164,1.199,2.862
2026-02-23T09:30:00Z,137010,12.92,2026-02-23T09:15:05Z,-3.989,1.199,2.853
2026-02-23T09:45:00Z,137011,13.02,2026-02-23T09:30:05Z,-3.851,1.197,2.844
2026-02-23T10:00:00Z,137012,13.09,2026-02-23T09:45:05Z,-3.768,1.195,2.835
2026-02-23T10:15:00Z,137013,13.26,2026-02-23T10:01:50Z,-3.663,1.193,2.827
2026-02-23T10:30:00Z,137014,13.38,2026-02-23T10:15:05Z,-3.574,1.194,2.819
2026-02-23T10:45:00Z,137015,13.48,2026-02-23T10:30:05Z,-3.453,1.192,2.81
2026-02-23T11:00:00Z,137016,13.74,2026-02-23T10:50:20Z,-3.139,1.191,2.802
2026-02-23T11:15:00Z,137017,13.74,2026-02-23T11:06:20Z,-2.825,1.189,2.794
2026-02-23T11:30:00Z,137018,13.86,2026-02-23T11:25:05Z,-2.529,1.189,2.786
2026-02-23T11:45:00Z,137019,13.77,2026-02-23T11:41:50Z,-2.264,1.188,2.777
2026-02-23T12:00:00Z,137020,13.8,2026-02-23T11:47:55Z,-2.271,1.187,2.768
2026-02-23T12:15:00Z,137021,13.87,2026-02-23T12:12:20Z,-2.201,1.187,2.761
2026-02-23T12:30:00Z,137022,13.98,2026-02-23T12:15:05Z,-2.177,1.186,2.754
2026-02-23T12:45:00Z,137023,14.29,2026-02-23T12:31:45Z,-1.978,1.186,2.747
2026-02-23T13:00:00Z,137024,14.52,2026-02-23T12:57:30Z,-1.599,1.186,2.742
2026-02-23T13:15:00Z,137025,14.06,2026-02-23T13:14:55Z,-1.26,1.186,2.732
2026-02-23T13:30:00Z,137026,13.98,2026-02-23T13:29:55Z,-1.062,1.186,2.723
2026-02-23T13:45:00Z,137027,13.92,2026-02-23T13:43:45Z,-1.026,1.187,2.715
2026-02-23T14:00:00Z,137028,13.91,2026-02-23T13:49:30Z,-1.129,1.186,2.707
2026-02-23T14:15:00Z,137029,13.77,2026-02-23T14:11:15Z,-1.238,1.187,2.7
2026-02-23T14:30:00Z,137030,13.82,2026-02-23T14:21:00Z,-1.436,1.187,2.693
2026-02-23T14:45:00Z,137031,13.89,2026-02-23T14:30:05Z,-1.527,1.187,2.688
2026-02-23T15:00:00Z,137032,13.91,2026-02-23T15:00:00Z,-1.461,1.187,2.683
2026-02-23T15:15:00Z,137033,13.81,2026-02-23T15:06:20Z,-1.501,1.187,2.677
2026-02-23T15:30:00Z,137034,13.91,2026-02-23T15:15:30Z,-1.6,1.186,2.674
2026-02-23T15:45:00Z,137035,13.92,2026-02-23T15:44:55Z,-1.678,1.186,2.671
2026-02-23T16:00:00Z,137036,13.83,2026-02-23T15:52:15Z,-1.785,1.186,2.667
2026-02-23T16:15:00Z,137037,13.83,2026-02-23T16:14:35Z,-1.935,1.186,2.665
2026-02-23T16:30:00Z,137038,13.83,2026-02-23T16:15:05Z,-2.049,1.185,2.665
2026-02-23T16:45:00Z,137039,13.89,2026-02-23T16:34:50Z,-2.099,1.185,2.664
2026-02-23T17:00:00Z,137040,13.98,2026-02-23T16:59:55Z,-2.181,1.185,2.666
2026-02-23T17:15:00Z,137041,13.93,2026-02-23T17:01:30Z,-2.302,1.184,2.666
2026-02-23T17:30:00Z,137042,13.93,2026-02-23T17:26:05Z,-2.435,1.183,2.666
2026-02-23T17:45:00Z,137043,13.91,2026-02-23T17:45:00Z,-2.425,1.183,2.667
2026-02-23T18:00:00Z,137044,13.49,2026-02-23T17:59:55Z,-2.742,1.182,2.665
2026-02-23T18:15:00Z,137045,13.25,2026-02-23T18:14:30Z,-3.333,1.181,2.664
2026-02-23T18:30:00Z,137046,13.12,2026-02-23T18:29:55Z,-3.962,1.181,2.664
2026-02-23T18:45:00Z,137047,13.06,2026-02-23T18:43:20Z,-4.582,1.18,2.666
2026-02-23T19:00:00Z,137048,13.03,2026-02-23T18:59:25Z,-5.078,1.18,2.668
2026-02-23T19:15:00Z,137049,13.01,2026-02-23T19:07:20Z,-5.412,1.178,2.671
2026-02-23T19:30:00Z,137050,12.98,2026-02-23T19:29:30Z,-5.473,1.178,2.674
2026-02-23T19:45:00Z,137051,12.98,2026-02-23T19:42:05Z,-5.549,1.178,2.677
2026-02-23T20:00:00Z,137052,12.97,2026-02-23T19:51:10Z,-5.701,1.178,2.681
2026-02-23T20:15:00Z,137053,12.92,2026-02-23T20:01:50Z,-5.967,1.177,2.685
2026-02-23T20:30:00Z,137054,12.95,2026-02-23T20:26:50Z,-6.248,1.177,2.688
2026-02-23T20:45:00Z,137055,12.93,2026-02-23T20:35:20Z,-6.441,1.178,2.691
2026-02-23T21:00:00Z,137056,12.92,2026-02-23T20:56:50Z,-6.582,1.176,2.694
2026-02-23T21:15:00Z,137057,12.92,2026-02-23T21:09:15Z,-6.684,1.177,2.697
2026-02-23T21:30:00Z,137058,12.9,2026-02-23T21:29:35Z,-6.769,1.176,2.7
2026-02-23T21:45:00Z,137059,12.9,2026-02-23T21:40:15Z,-6.886,1.175,2.702
2026-02-23T22:00:00Z,137060,12.89,2026-02-23T21:57:50Z,-6.968,1.175,2.703
2026-02-23T22:15:00Z,137061,12.88,2026-02-23T22:01:50Z,-6.957,1.175,2.705
2026-02-23T22:30:00Z,137062,12.88,2026-02-23T22:17:35Z,-6.933,1.173,2.705
2026-02-23T22:45:00Z,137063,12.87,2026-02-23T22:44:15Z,-6.99,1.171,2.706
2026-02-23T23:00:00Z,137064,12.86,2026-02-23T22:54:55Z,-7.077,1.169,2.705
2026-02-23T23:15:00Z,137065,12.85,2026-02-23T23:01:50Z,-7.019,1.167,2.705
2026-02-23T23:30:00Z,137066,12.85,2026-02-23T23:29:25Z,-6.935,1.164,2.703
2026-02-23T23:45:00Z,137067,12.84,2026-02-23T23:40:15Z,-6.855,1.16,2.701
2026-02-24T00:15:00Z,137069,12.84,2026-02-24T00:02:00Z,-6.606,1.153,2.696
2026-02-24T00:30:00Z,137070,12.83,2026-02-24T00:29:10Z,-6.487,1.15,2.693
2026-02-24T00:45:00Z,137071,12.83,2026-02-24T00:32:15Z,-6.42,1.147,2.689
2026-02-24T01:00:00Z,137072,12.82,2026-02-24T00:54:00Z,-6.401,1.149,2.685
2026-02-24T01:15:00Z,137073,12.81,2026-02-24T01:01:55Z,-6.425,1.154,2.681
2026-02-24T01:30:00Z,137074,12.81,2026-02-24T01:26:25Z,-6.49,1.155,2.676
2026-02-24T01:45:00Z,137075,12.81,2026-02-24T01:44:20Z,-6.64,1.154,2.671
2026-02-24T02:00:00Z,137076,12.8,2026-02-24T01:58:05Z,-6.888,1.155,2.666
2026-02-24T02:15:00Z,137077,12.8,2026-02-24T02:10:45Z,-7.031,1.156,2.66
2026-02-24T02:30:00Z,137078,12.78,2026-02-24T02:29:20Z,-7.128,1.157,2.654
2026-02-24T02:45:00Z,137079,12.79,2026-02-24T02:44:40Z,-7.428,1.157,2.648
2026-02-24T03:00:00Z,137080,12.77,2026-02-24T02:56:50Z,-7.678,1.159,2.642
2026-02-24T03:15:00Z,137081,12.77,2026-02-24T03:01:55Z,-7.656,1.159,2.636
2026-02-24T03:30:00Z,137082,12.77,2026-02-24T03:17:10Z,-7.567,1.158,2.63
2026-02-24T03:45:00Z,137083,12.76,2026-02-24T03:33:10Z,-7.485,1.16,2.623
2026-02-24T04:00:00Z,137084,12.75,2026-02-24T03:51:50Z,-7.403,1.162,2.617
2026-02-24T04:15:00Z,137085,12.75,2026-02-24T04:02:30Z,-7.316,1.162,2.61
2026-02-24T04:30:00Z,137086,12.74,2026-02-24T04:29:20Z,-7.254,1.165,2.604
2026-02-24T04:45:00Z,137087,12.75,2026-02-24T04:31:45Z,-7.198,1.166,2.597
2026-02-24T05:00:00Z,137088,12.73,2026-02-24T04:56:50Z,-7.14,1.169,2.59
2026-02-24T05:15:00Z,137089,12.72,2026-02-24T05:01:50Z,-7.089,1.171,2.584
2026-02-24T05:30:00Z,137090,12.72,2026-02-24T05:29:20Z,-7.052,1.173,2.577
2026-02-24T05:45:00Z,137091,12.72,2026-02-24T05:40:40Z,-7.049,1.175,2.571
2026-02-24T06:00:00Z,137092,12.72,2026-02-24T05:58:00Z,-7.096,1.177,2.564
2026-02-24T06:15:00Z,137093,12.71,2026-02-24T06:10:30Z,-7.185,1.179,2.558
2026-02-24T06:30:00Z,137094,12.71,2026-02-24T06:29:30Z,-7.341,1.18,2.552
2026-02-24T06:45:00Z,137095,12.7,2026-02-24T06:43:25Z,-7.541,1.18,2.545
2026-02-24T07:00:00Z,137096,12.7,2026-02-24T06:47:00Z,-7.691,1.18,2.539
2026-02-24T07:15:00Z,137097,12.69,2026-02-24T07:01:50Z,-7.699,1.181,2.533
2026-02-24T07:30:00Z,137098,12.69,2026-02-24T07:26:05Z,-7.608,1.18,2.527
2026-02-24T07:45:00Z,137099,12.69,2026-02-24T07:32:45Z,-7.486,1.183,2.521
2026-02-24T08:00:00Z,137100,12.69,2026-02-24T07:47:25Z,-7.335,1.181,2.515
2026-02-24T08:15:00Z,137101,12.71,2026-02-24T08:00:10Z,-7.206,1.18,2.509
2026-02-24T08:30:00Z,137102,12.77,2026-02-24T08:15:05Z,-7.029,1.18,2.503
2026-02-24T08:45:00Z,137103,12.8,2026-02-24T08:30:05Z,-6.691,1.181,2.498
2026-02-24T09:00:00Z,137104,12.83,2026-02-24T08:45:05Z,-6.343,1.182,2.492
2026-02-24T09:15:00Z,137105,12.88,2026-02-24T09:00:05Z,-5.586,1.183,2.487
2026-02-24T09:30:00Z,137106,12.91,2026-02-24T09:16:15Z,-4.831,1.184,2.482
2026-02-24T09:45:00Z,137107,12.99,2026-02-24T09:30:25Z,-4.127,1.185,2.477
2026-02-24T10:00:00Z,137108,13.14,2026-02-24T09:45:15Z,-3.452,1.183,2.473
2026-02-24T10:15:00Z,137109,13.37,2026-02-24T10:00:50Z,-3.112,1.181,2.47
2026-02-24T10:30:00Z,137110,13.8,2026-02-24T10:15:05Z,-2.656,1.181,2.468
2026-02-24T10:45:00Z,137111,14.54,2026-02-24T10:30:05Z,-1.984,1.179,2.469
2026-02-24T11:00:00Z,137112,14.58,2026-02-24T10:51:00Z,-1.313,1.177,2.466
2026-02-24T11:15:00Z,137113,14.66,2026-02-24T11:11:00Z,-0.602,1.176,2.462
2026-02-24T11:30:00Z,137114,14.12,2026-02-24T11:26:15Z,-0.061,1.175,2.456
2026-02-24T11:45:00Z,137115,14.12,2026-02-24T11:33:20Z,0.023,1.174,2.451
2026-02-24T12:00:00Z,137116,14.42,2026-02-24T12:00:00Z,-0.074,1.174,2.448
2026-02-24T12:15:00Z,137117,14.35,2026-02-24T12:02:25Z,-0.189,1.175,2.444
2026-02-24T12:30:00Z,137118,14.59,2026-02-24T12:29:50Z,-0.226,1.175,2.441
2026-02-24T12:45:00Z,137119,14.25,2026-02-24T12:32:55Z,-0.184,1.176,2.436
2026-02-24T13:00:00Z,137120,14.76,2026-02-24T12:57:30Z,-0.009,1.176,2.433
2026-02-24T13:15:00Z,137121,14.72,2026-02-24T13:05:55Z,0.412,1.177,2.429
2026-02-24T13:30:00Z,137122,14.72,2026-02-24T13:29:25Z,0.73,1.177,2.426
2026-02-24T13:45:00Z,137123,14.72,2026-02-24T13:37:40Z,0.848,1.179,2.422
2026-02-24T14:00:00Z,137124,14.72,2026-02-24T13:55:40Z,0.922,1.177,2.419
2026-02-24T14:15:00Z,137125,14.33,2026-02-24T14:04:20Z,0.988,1.176,2.414
2026-02-24T14:30:00Z,137126,14.33,2026-02-24T14:24:35Z,1.106,1.175,2.41
2026-02-24T14:45:00Z,137127,14.33,2026-02-24T14:40:45Z,1.183,1.175,2.407
2026-02-24T15:00:00Z,137128,14.33,2026-02-24T14:52:50Z,1.202,1.175,2.404
2026-02-24T15:15:00Z,137129,14.17,2026-02-24T15:14:55Z,1.202,1.174,2.402
2026-02-24T15:30:00Z,137130,14.01,2026-02-24T15:29:50Z,1.191,1.175,2.399
2026-02-24T15:45:00Z,137131,13.75,2026-02-24T15:44:45Z,1.181,1.174,2.396
2026-02-24T16:00:00Z,137132,13.54,2026-02-24T16:00:00Z,1.128,1.175,2.393
2026-02-24T16:15:00Z,137133,13.43,2026-02-24T16:14:35Z,1.029,1.176,2.391
2026-02-24T16:30:00Z,137134,13.32,2026-02-24T16:29:20Z,0.874,1.174,2.39
2026-02-24T16:45:00Z,137135,13.23,2026-02-24T16:45:00Z,0.669,1.173,2.39
2026-02-24T17:00:00Z,137136,13.16,2026-02-24T16:59:25Z,0.465,1.173,2.39
2026-02-24T17:15:00Z,137137,13.13,2026-02-24T17:14:50Z,0.304,1.171,2.392
2026-02-24T17:30:00Z,137138,13.09,2026-02-24T17:29:45Z,0.178,1.175,2.395
2026-02-24T17:45:00Z,137139,13.06,2026-02-24T17:43:50Z,0.048,1.172,2.399
2026-02-24T18:00:00Z,137140,13.03,2026-02-24T17:59:55Z,-0.121,1.171,2.403
2026-02-24T18:15:00Z,137141,13.01,2026-02-24T18:13:35Z,-0.299,1.17,2.409
2026-02-24T18:30:00Z,137142,12.95,2026-02-24T18:29:20Z,-0.438,1.17,2.415
2026-02-24T18:45:00Z,137143,12.98,2026-02-24T18:42:35Z,-0.533,1.169,2.423
2026-02-24T19:00:00Z,137144,12.97,2026-02-24T18:58:35Z,-0.588,1.169,2.43
2026-02-24T19:15:00Z,137145,12.95,2026-02-24T19:11:55Z,-0.618,1.169,2.439
2026-02-24T19:30:00Z,137146,12.94,2026-02-24T19:28:50Z,-0.6,1.168,2.447
2026-02-24T19:45:00Z,137147,12.94,2026-02-24T19:43:55Z,-0.542,1.167,2.456
2026-02-24T20:00:00Z,137148,12.92,2026-02-24T19:56:50Z,-0.464,1.167,2.466
2026-02-24T20:15:00Z,137149,12.92,2026-02-24T20:01:50Z,-0.38,1.169,2.475
2026-02-24T20:30:00Z,137150,12.91,2026-02-24T20:29:20Z,-0.31,1.168,2.485
2026-02-24T20:45:00Z,137151,12.92,2026-02-24T20:45:00Z,-0.214,1.168,2.494
2026-02-24T21:00:00Z,137152,12.9,2026-02-24T20:56:50Z,-0.099,1.169,2.504
2026-02-24T21:15:00Z,137153,12.9,2026-02-24T21:12:45Z,0.004,1.167,2.513
2026-02-24T21:30:00Z,137154,12.9,2026-02-24T21:18:05Z,0.103,1.169,2.522
2026-02-24T21:45:00Z,137155,12.89,2026-02-24T21:44:40Z,0.155,1.171,2.531
2026-02-24T22:00:00Z,137156,12.88,2026-02-24T21:58:05Z,0.007,1.173,2.54
2026-02-24T22:15:00Z,137157,12.88,2026-02-24T22:10:45Z,-0.23,1.173,2.549
2026-02-24T22:30:00Z,137158,12.87,2026-02-24T22:29:45Z,-0.42,1.17,2.557
2026-02-24T22:45:00Z,137159,12.87,2026-02-24T22:42:30Z,-0.54,1.171,2.564
2026-02-24T23:00:00Z,137160,12.86,2026-02-24T22:57:10Z,-0.61,1.172,2.571
2026-02-24T23:15:00Z,137161,12.86,2026-02-24T23:14:50Z,-0.629,1.174,2.578
2026-02-24T23:30:00Z,137162,12.84,2026-02-24T23:29:20Z,-0.612,1.175,2.585
2026-02-24T23:45:00Z,137163,12.84,2026-02-24T23:43:45Z,-0.564,1.177,2.591
2026-02-25T00:15:00Z,137165,12.83,2026-02-25T00:10:25Z,-0.404,1.175,2.602
2026-02-25T00:30:00Z,137166,12.82,2026-02-25T00:22:10Z,-0.293,1.175,2.607
2026-02-25T00:45:00Z,137167,12.82,2026-02-25T00:38:10Z,-0.152,1.175,2.611
2026-02-25T01:00:00Z,137168,12.81,2026-02-25T00:56:50Z,-0.004,1.174,2.615
2026-02-25T01:15:00Z,137169,12.81,2026-02-25T01:01:55Z,0.15,1.174,2.618
2026-02-25T01:30:00Z,137170,12.81,2026-02-25T01:26:45Z,0.283,1.174,2.622
2026-02-25T01:45:00Z,137171,12.8,2026-02-25T01:41:35Z,0.339,1.174,2.624
2026-02-25T02:00:00Z,137172,12.79,2026-02-25T01:56:55Z,0.195,1.173,2.627
2026-02-25T02:15:00Z,137173,12.79,2026-02-25T02:13:05Z,-0.071,1.173,2.629
2026-02-25T02:30:00Z,137174,12.78,2026-02-25T02:26:25Z,-0.358,1.173,2.63
2026-02-25T02:45:00Z,137175,12.78,2026-02-25T02:41:40Z,-0.649,1.172,2.631
2026-02-25T03:00:00Z,137176,12.77,2026-02-25T02:48:55Z,-0.87,1.173,2.633
2026-02-25T03:15:00Z,137177,12.77,2026-02-25T03:11:40Z,-1.041,1.172,2.633
2026-02-25T03:30:00Z,137178,12.75,2026-02-25T03:29:20Z,-1.183,1.172,2.634
2026-02-25T03:45:00Z,137179,12.76,2026-02-25T03:40:25Z,-1.323,1.172,2.635
2026-02-25T04:00:00Z,137180,12.75,2026-02-25T03:56:50Z,-1.418,1.171,2.635
2026-02-25T04:15:00Z,137181,12.74,2026-02-25T04:11:30Z,-1.484,1.172,2.635
2026-02-25T04:30:00Z,137182,12.75,2026-02-25T04:15:05Z,-1.635,1.171,2.635
2026-02-25T04:45:00Z,137183,12.73,2026-02-25T04:44:25Z,-1.802,1.166,2.635
2026-02-25T05:00:00Z,137184,12.73,2026-02-25T04:47:05Z,-2.012,1.17,2.634
2026-02-25T05:15:00Z,137185,12.72,2026-02-25T05:11:05Z,-2.233,1.169,2.634
2026-02-25T05:30:00Z,137186,12.71,2026-02-25T05:29:20Z,-2.49,1.171,2.634
2026-02-25T05:45:00Z,137187,12.71,2026-02-25T05:40:25Z,-2.731,1.169,2.633
2026-02-25T06:00:00Z,137188,12.71,2026-02-25T05:56:25Z,-3.046,1.168,2.632
2026-02-25T06:15:00Z,137189,12.71,2026-02-25T06:04:25Z,-3.527,1.168,2.631
2026-02-25T06:30:00Z,137190,12.71,2026-02-25T06:26:20Z,-4.016,1.168,2.63
2026-02-25T06:45:00Z,137191,12.7,2026-02-25T06:31:05Z,-4.485,1.167,2.629
2026-02-25T07:00:00Z,137192,12.66,2026-02-25T06:56:50Z,-4.629,1.167,2.627
2026-02-25T07:15:00Z,137193,12.69,2026-02-25T07:13:45Z,-4.615,1.167,2.626
2026-02-25T07:30:00Z,137194,12.68,2026-02-25T07:29:20Z,-4.663,1.166,2.624
2026-02-25T07:45:00Z,137195,12.69,2026-02-25T07:30:05Z,-4.641,1.165,2.622
2026-02-25T08:00:00Z,137196,12.69,2026-02-25T07:56:50Z,-4.321,1.165,2.62
2026-02-25T08:15:00Z,137197,12.69,2026-02-25T08:01:55Z,-3.416,1.165,2.617
2026-02-25T08:30:00Z,137198,12.69,2026-02-25T08:29:20Z,-2.346,1.165,2.615
2026-02-25T08:45:00Z,137199,12.7,2026-02-25T08:43:05Z,-1.274,1.164,2.612
2026-02-25T09:00:00Z,137200,12.69,2026-02-25T08:48:45Z,-0.316,1.163,2.609
2026-02-25T09:15:00Z,137201,12.7,2026-02-25T09:00:05Z,0.462,1.163,2.606
2026-02-25T09:30:00Z,137202,12.7,2026-02-25T09:17:05Z,0.959,1.162,2.603
2026-02-25T09:45:00Z,137203,12.73,2026-02-25T09:30:20Z,1.279,1.162,2.599
2026-02-25T10:00:00Z,137204,12.76,2026-02-25T09:45:50Z,1.365,1.162,2.596
2026-02-25T10:15:00Z,137205,12.79,2026-02-25T10:01:15Z,1.266,1.161,2.592
2026-02-25T10:30:00Z,137206,12.82,2026-02-25T10:16:00Z,1.155,1.159,2.588
2026-02-25T10:45:00Z,137207,12.88,2026-02-25T10:31:40Z,1.156,1.16,2.584
2026-02-25T11:00:00Z,137208,13.01,2026-02-25T10:48:00Z,1.341,1.159,2.581
2026-02-25T11:15:00Z,137209,13.09,2026-02-25T11:00:05Z,1.387,1.159,2.578
2026-02-25T11:30:00Z,137210,13.39,2026-02-25T11:17:00Z,1.684,1.159,2.575
2026-02-25T11:45:00Z,137211,13.38,2026-02-25T11:44:45Z,1.668,1.158,2.571
2026-02-25T12:00:00Z,137212,13.38,2026-02-25T11:45:05Z,1.595,1.157,2.567
2026-02-25T12:15:00Z,137213,13.62,2026-02-25T12:02:30Z,1.668,1.157,2.565
2026-02-25T12:30:00Z,137214,13.72,2026-02-25T12:18:20Z,1.757,1.157,2.561
2026-02-25T12:45:00Z,137215,13.78,2026-02-25T12:33:45Z,1.814,1.156,2.558
2026-02-25T13:00:00Z,137216,13.66,2026-02-25T13:00:00Z,1.857,1.156,2.555
2026-02-25T13:15:00Z,137217,13.51,2026-02-25T13:13:15Z,1.796,1.156,2.55
2026-02-25T13:30:00Z,137218,13.52,2026-02-25T13:15:30Z,1.677,1.156,2.549
2026-02-25T13:45:00Z,137219,13.92,2026-02-25T13:30:05Z,1.71,1.156,2.551
2026-02-25T14:00:00Z,137220,14.15,2026-02-25T13:58:10Z,1.967,1.156,2.551
2026-02-25T14:15:00Z,137221,14.2,2026-02-25T14:10:45Z,2.001,1.156,2.551
2026-02-25T14:30:00Z,137222,14.27,2026-02-25T14:25:45Z,1.888,1.156,2.552
2026-02-25T14:45:00Z,137223,14.04,2026-02-25T14:36:50Z,1.855,1.155,2.552
2026-02-25T15:00:00Z,137224,14.33,2026-02-25T14:59:35Z,1.647,1.156,2.554
2026-02-25T15:15:00Z,137225,14.12,2026-02-25T15:04:15Z,1.534,1.155,2.555
2026-02-25T15:30:00Z,137226,14.69,2026-02-25T15:29:20Z,1.307,1.155,2.558
2026-02-25T15:45:00Z,137227,14.16,2026-02-25T15:42:00Z,1.265,1.154,2.561
2026-02-25T16:00:00Z,137228,14.08,2026-02-25T15:55:10Z,1.134,1.155,2.564
2026-02-25T16:15:00Z,137229,14.3,2026-02-25T16:06:15Z,0.983,1.153,2.567
2026-02-25T16:30:00Z,137230,14.3,2026-02-25T16:27:35Z,0.904,1.153,2.571
2026-02-25T16:45:00Z,137231,14.3,2026-02-25T16:40:55Z,0.815,1.153,2.577
2026-02-25T17:00:00Z,137232,14.29,2026-02-25T16:56:55Z,0.69,1.152,2.583
2026-02-25T17:15:00Z,137233,14.25,2026-02-25T17:13:20Z,0.466,1.151,2.59
2026-02-25T17:30:00Z,137234,14.04,2026-02-25T17:29:20Z,0.217,1.151,2.598
2026-02-25T17:45:00Z,137235,14.04,2026-02-25T17:30:05Z,-0.138,1.15,2.606
2026-02-25T18:00:00Z,137236,13.58,2026-02-25T17:59:55Z,-0.608,1.149,2.614
2026-02-25T18:15:00Z,137237,13.32,2026-02-25T18:14:35Z,-1.166,1.148,2.62
2026-02-25T18:30:00Z,137238,13.16,2026-02-25T18:29:25Z,-1.755,1.148,2.628
2026-02-25T18:45:00Z,137239,13.08,2026-02-25T18:44:25Z,-2.349,1.148,2.637
2026-02-25T19:00:00Z,137240,13.05,2026-02-25T18:59:10Z,-2.881,1.147,2.648
2026-02-25T19:15:00Z,137241,13.02,2026-02-25T19:13:45Z,-3.365,1.146,2.659
2026-02-25T19:30:00Z,137242,13,2026-02-25T19:18:55Z,-3.817,1.145,2.67
2026-02-25T19:45:00Z,137243,12.98,2026-02-25T19:44:55Z,-4.2,1.145,2.681
2026-02-25T20:00:00Z,137244,12.97,2026-02-25T19:58:15Z,-4.565,1.144,2.692
2026-02-25T20:15:00Z,137245,12.96,2026-02-25T20:01:50Z,-4.865,1.144,2.703
2026-02-25T20:30:00Z,137246,12.94,2026-02-25T20:29:20Z,-5.111,1.143,2.713
2026-02-25T20:45:00Z,137247,12.94,2026-02-25T20:39:10Z,-5.283,1.142,2.723
2026-02-25T21:00:00Z,137248,12.92,2026-02-25T20:56:50Z,-5.373,1.142,2.732
2026-02-25T21:15:00Z,137249,12.92,2026-02-25T21:11:40Z,-5.474,1.142,2.741
2026-02-25T21:30:00Z,137250,12.9,2026-02-25T21:29:20Z,-5.651,1.141,2.749
2026-02-25T21:45:00Z,137251,12.9,2026-02-25T21:40:30Z,-5.836,1.141,2.756
2026-02-25T22:00:00Z,137252,12.89,2026-02-25T21:56:50Z,-6.014,1.14,2.763
2026-02-25T22:15:00Z,137253,12.89,2026-02-25T22:01:50Z,-6.174,1.14,2.769
2026-02-25T22:30:00Z,137254,12.87,2026-02-25T22:29:20Z,-6.418,1.14,2.774
2026-02-25T22:45:00Z,137255,12.88,2026-02-25T22:32:45Z,-6.703,1.139,2.778
2026-02-25T23:00:00Z,137256,12.87,2026-02-25T22:56:50Z,-6.987,1.14,2.782
2026-02-25T23:15:00Z,137257,12.86,2026-02-25T23:01:50Z,-7.168,1.139,2.784
2026-02-25T23:30:00Z,137258,12.86,2026-02-25T23:22:40Z,-7.312,1.139,2.786
2026-02-25T23:45:00Z,137259,12.85,2026-02-25T23:36:05Z,-7.459,1.139,2.787
2026-02-26T00:15:00Z,137261,12.83,2026-02-26T00:01:45Z,-7.543,1.135,2.787
2026-02-26T00:30:00Z,137262,12.84,2026-02-26T00:17:30Z,-7.571,1.132,2.786
2026-02-26T00:45:00Z,137263,12.82,2026-02-26T00:40:10Z,-7.57,1.128,2.785
2026-02-26T01:00:00Z,137264,12.82,2026-02-26T00:56:05Z,-7.503,1.124,2.782
2026-02-26T01:15:00Z,137265,12.81,2026-02-26T01:09:45Z,-7.358,1.122,2.779
2026-02-26T01:30:00Z,137266,12.81,2026-02-26T01:28:05Z,-7.292,1.12,2.776
2026-02-26T01:45:00Z,137267,12.8,2026-02-26T01:36:05Z,-7.373,1.121,2.771
2026-02-26T02:00:00Z,137268,12.8,2026-02-26T01:56:50Z,-7.484,1.12,2.766
2026-02-26T02:15:00Z,137269,12.79,2026-02-26T02:01:45Z,-7.546,1.121,2.761
2026-02-26T02:30:00Z,137270,12.78,2026-02-26T02:18:45Z,-7.593,1.12,2.755
2026-02-26T02:45:00Z,137271,12.77,2026-02-26T02:37:25Z,-7.778,1.12,2.749
2026-02-26T03:00:00Z,137272,12.77,2026-02-26T02:56:55Z,-7.962,1.121,2.743
2026-02-26T03:15:00Z,137273,12.77,2026-02-26T03:12:20Z,-8.1,1.119,2.736
2026-02-26T03:30:00Z,137274,12.76,2026-02-26T03:29:15Z,-8.5,1.118,2.729
2026-02-26T03:45:00Z,137275,12.76,2026-02-26T03:39:45Z,-9.06,1.116,2.722
2026-02-26T04:00:00Z,137276,12.75,2026-02-26T03:56:50Z,-9.67,1.116,2.714
2026-02-26T04:15:00Z,137277,12.74,2026-02-26T04:01:45Z,-10.23,1.112,2.707
2026-02-26T04:30:00Z,137278,12.7,2026-02-26T04:28:55Z,-10.72,1.111,2.699
2026-02-26T04:45:00Z,137279,12.73,2026-02-26T04:43:10Z,-11.13,1.11,2.691
2026-02-26T05:00:00Z,137280,12.72,2026-02-26T04:56:55Z,-11.51,1.11,2.684
2026-02-26T05:15:00Z,137281,12.72,2026-02-26T05:00:30Z,-11.76,1.111,2.675
2026-02-26T05:30:00Z,137282,12.71,2026-02-26T05:23:40Z,-12,1.111,2.667
2026-02-26T05:45:00Z,137283,12.71,2026-02-26T05:41:55Z,-12.14,1.113,2.659
2026-02-26T06:00:00Z,137284,12.69,2026-02-26T05:56:50Z,-12.21,1.113,2.651
2026-02-26T06:15:00Z,137285,12.69,2026-02-26T06:11:40Z,-12.35,1.115,2.643
2026-02-26T06:30:00Z,137286,12.69,2026-02-26T06:18:55Z,-12.47,1.117,2.634
2026-02-26T06:45:00Z,137287,12.68,2026-02-26T06:43:40Z,-12.55,1.119,2.626
2026-02-26T07:00:00Z,137288,12.67,2026-02-26T06:56:55Z,-12.61,1.121,2.618
2026-02-26T07:15:00Z,137289,12.67,2026-02-26T07:03:20Z,-12.68,1.12,2.61
2026-02-26T07:30:00Z,137290,12.67,2026-02-26T07:18:00Z,-12.68,1.122,2.601
2026-02-26T07:45:00Z,137291,12.67,2026-02-26T07:30:05Z,-12.41,1.123,2.593
2026-02-26T08:00:00Z,137292,12.69,2026-02-26T07:45:05Z,-11.73,1.124,2.585
2026-02-26T08:15:00Z,137293,12.7,2026-02-26T08:08:55Z,-10.41,1.126,2.577
2026-02-26T08:30:00Z,137294,12.74,2026-02-26T08:15:05Z,-9.03,1.13,2.57
2026-02-26T08:45:00Z,137295,12.76,2026-02-26T08:30:05Z,-7.69,1.134,2.562
2026-02-26T09:00:00Z,137296,12.77,2026-02-26T08:45:05Z,-6.508,1.139,2.554
2026-02-26T09:15:00Z,137297,12.8,2026-02-26T09:03:05Z,-5.435,1.144,2.547
2026-02-26T09:30:00Z,137298,12.86,2026-02-26T09:15:05Z,-4.516,1.151,2.54
2026-02-26T09:45:00Z,137299,12.99,2026-02-26T09:30:25Z,-3.678,1.154,2.533
2026-02-26T10:00:00Z,137300,13.15,2026-02-26T09:45:05Z,-3.041,1.157,2.527
2026-02-26T10:15:00Z,137301,13.4,2026-02-26T10:00:10Z,-2.449,1.158,2.522
2026-02-26T10:30:00Z,137302,13.85,2026-02-26T10:15:05Z,-1.843,1.157,2.518
2026-02-26T10:45:00Z,137303,14.03,2026-02-26T10:31:15Z,-1.437,1.157,2.513
2026-02-26T11:00:00Z,137304,14.31,2026-02-26T10:50:55Z,-1.042,1.157,2.51
2026-02-26T11:15:00Z,137305,14.77,2026-02-26T11:05:55Z,-0.387,1.158,2.506
2026-02-26T11:30:00Z,137306,14.34,2026-02-26T11:29:00Z,0.418,1.157,2.5
2026-02-26T11:45:00Z,137307,14.32,2026-02-26T11:31:10Z,0.939,1.154,2.493
2026-02-26T12:00:00Z,137308,14.59,2026-02-26T11:49:55Z,1.325,1.15,2.488
2026-02-26T12:15:00Z,137309,14.7,2026-02-26T12:00:05Z,1.578,1.146,2.482
2026-02-26T12:30:00Z,137310,14.72,2026-02-26T12:26:50Z,1.659,1.144,2.477
2026-02-26T12:45:00Z,137311,14.7,2026-02-26T12:44:30Z,1.671,1.141,2.471
2026-02-26T13:00:00Z,137312,14.7,2026-02-26T12:56:25Z,1.799,1.139,2.465
2026-02-26T13:15:00Z,137313,14.7,2026-02-26T13:09:00Z,2.051,1.138,2.46
2026-02-26T13:30:00Z,137314,14.67,2026-02-26T13:28:15Z,2.397,1.139,2.454
2026-02-26T13:45:00Z,137315,14.27,2026-02-26T13:44:00Z,2.633,1.138,2.449
2026-02-26T14:00:00Z,137316,14.24,2026-02-26T13:59:50Z,2.764,1.136,2.442
2026-02-26T14:15:00Z,137317,14.24,2026-02-26T14:09:00Z,2.947,1.135,2.436
2026-02-26T14:30:00Z,137318,14.24,2026-02-26T14:21:25Z,3.144,1.134,2.431
2026-02-26T14:45:00Z,137319,14.24,2026-02-26T14:43:55Z,3.276,1.132,2.426
2026-02-26T15:00:00Z,137320,14.24,2026-02-26T14:51:45Z,3.562,1.131,2.422
2026-02-26T15:15:00Z,137321,14.22,2026-02-26T15:13:45Z,3.804,1.129,2.418
2026-02-26T15:30:00Z,137322,14.21,2026-02-26T15:20:10Z,3.951,1.129,2.415
2026-02-26T15:45:00Z,137323,14.01,2026-02-26T15:44:55Z,4.05,1.128,2.411
2026-02-26T16:00:00Z,137324,13.83,2026-02-26T15:56:55Z,4.15,1.127,2.407
