"TOA5","Clear Lake Harry Tetters","CR800","47843","CR800.Std.32.05","CPU:Clear Lake- Harry Teeters.CR8","11961","CL_HT_Min_15"
"TIMESTAMP","RECORD","BattV_Min","BattV_TMn","PTemp_C_Avg","Lvl_ft_Avg","Temp_C_Avg"
"TS","RN","Volts","","Deg C","feet","deg C"
"","","Min","TMn","Avg","Avg","Avg"
2025-09-06T00:15:00Z,114221,12.83,2025-09-06T00:03:55Z,12.91,0.287,15.75,0.287,15.75,0.06,60.35
2025-09-06T00:30:00Z,114222,12.83,2025-09-06T00:24:00Z,12.9,0.287,15.73,0.287,15.73,0.06,60.314
2025-09-06T00:45:00Z,114223,12.82,2025-09-06T00:43:25Z,12.89,0.287,15.71,0.287,15.71,0.06,60.278000000000006
2025-09-06T01:00:00Z,114224,12.81,2025-09-06T00:54:40Z,12.9,0.287,15.68,0.287,15.68,0.06,60.224000000000004
2025-09-06T01:15:00Z,114225,12.81,2025-09-06T01:02:35Z,12.81,0.287,15.66,0.287,15.66,0.06,60.188
2025-09-06T01:30:00Z,114226,12.82,2025-09-06T01:16:45Z,12.6,0.287,15.63,0.287,15.63,0.06,60.134
2025-09-06T01:45:00Z,114227,12.82,2025-09-06T01:35:35Z,12.45,0.286,15.58,0.286,15.58,0.06,60.044
2025-09-06T02:00:00Z,114228,12.72,2025-09-06T01:50:40Z,12.34,0.286,15.55,0.286,15.55,0.06,59.99
2025-09-06T02:15:00Z,114229,12.79,2025-09-06T02:13:25Z,12.26,0.286,15.51,0.286,15.51,0.06,59.918
2025-09-06T02:30:00Z,114230,12.78,2025-09-06T02:18:00Z,12.23,0.286,15.48,0.286,15.48,0.06,59.864
2025-09-06T02:45:00Z,114231,12.79,2025-09-06T02:31:15Z,12.23,0.286,15.45,0.286,15.45,0.06,59.809999999999995
2025-09-06T03:00:00Z,114232,12.77,2025-09-06T02:53:45Z,12.23,0.286,15.42,0.286,15.42,0.06,59.756
2025-09-06T03:15:00Z,114233,12.78,2025-09-06T03:13:10Z,12.23,0.285,15.38,0.285,15.38,0.06,59.684000000000005
2025-09-06T03:30:00Z,114234,12.76,2025-09-06T03:21:00Z,12.21,0.285,15.35,0.285,15.35,0.06,59.63
2025-09-06T03:45:00Z,114235,12.76,2025-09-06T03:40:35Z,12.17,0.285,15.32,0.285,15.32,0.06,59.576
2025-09-06T04:00:00Z,114236,12.77,2025-09-06T03:57:10Z,12.14,0.285,15.28,0.285,15.28,0.06,59.504
2025-09-06T04:15:00Z,114237,12.77,2025-09-06T04:04:25Z,12.09,0.285,15.24,0.285,15.24,0.06,59.432
2025-09-06T04:30:00Z,114238,12.76,2025-09-06T04:22:05Z,12,0.285,15.2,0.285,15.2,0.06,59.36
2025-09-06T04:45:00Z,114239,12.73,2025-09-06T04:33:45Z,11.88,0.285,15.15,0.285,15.15,0.06,59.269999999999996
2025-09-06T05:00:00Z,114240,12.72,2025-09-06T04:59:05Z,11.65,0.285,15.1,0.285,15.1,0.06,59.18
2025-09-06T05:15:00Z,114241,12.72,2025-09-06T05:01:55Z,11.21,0.284,14.99,0.284,14.99,0.06,58.982
2025-09-06T05:30:00Z,114242,12.72,2025-09-06T05:24:25Z,10.72,0.284,14.93,0.284,14.93,0.06,58.874
2025-09-06T05:45:00Z,114243,12.61,2025-09-06T05:33:05Z,10.31,0.284,14.87,0.284,14.87,0.06,58.766
2025-09-06T06:00:00Z,114244,12.69,2025-09-06T05:58:10Z,10.07,0.284,14.8,0.284,14.8,0.06,58.64
2025-09-06T06:15:00Z,114245,12.66,2025-09-06T06:00:25Z,10.02,0.284,14.75,0.284,14.75,0.06,58.55
2025-09-06T06:30:00Z,114246,12.66,2025-09-06T06:23:25Z,9.99,0.283,14.7,0.283,14.7,0.06,58.459999999999994
2025-09-06T06:45:00Z,114247,12.67,2025-09-06T06:33:40Z,9.83,0.283,14.62,0.283,14.62,0.06,58.315999999999995
2025-09-06T07:00:00Z,114248,12.63,2025-09-06T06:50:35Z,9.53,0.283,14.45,0.283,14.45,0.06,58.01
2025-09-06T07:15:00Z,114249,12.62,2025-09-06T07:06:25Z,9.15,0.283,14.36,0.283,14.36,0.06,57.848
2025-09-06T07:30:00Z,114250,12.62,2025-09-06T07:21:05Z,8.77,0.282,14.29,0.282,14.29,0.06,57.721999999999994
2025-09-06T07:45:00Z,114251,12.66,2025-09-06T07:32:50Z,8.42,0.282,14.25,0.282,14.25,0.06,57.65
2025-09-06T08:00:00Z,114252,12.67,2025-09-06T07:46:10Z,8.17,0.282,14.17,0.282,14.17,0.06,57.506
2025-09-06T08:15:00Z,114253,12.67,2025-09-06T08:09:10Z,8.05,0.281,14.07,0.281,14.07,0.06,57.326
2025-09-06T08:30:00Z,114254,12.66,2025-09-06T08:23:20Z,8.07,0.281,14.05,0.281,14.05,0.06,57.29
2025-09-06T08:45:00Z,114255,12.69,2025-09-06T08:30:25Z,8.21,0.28,14.02,0.28,14.02,0.06,57.236
2025-09-06T09:00:00Z,114256,12.56,2025-09-06T08:59:30Z,8.44,0.28,13.99,0.28,13.99,0.06,57.182
2025-09-06T09:15:00Z,114257,12.68,2025-09-06T09:13:10Z,8.89,0.28,13.95,0.28,13.95,0.06,57.11
2025-09-06T09:30:00Z,114258,12.69,2025-09-06T09:24:30Z,9.54,0.28,13.93,0.28,13.93,0.06,57.074
2025-09-06T09:45:00Z,114259,12.75,2025-09-06T09:39:55Z,10.28,0.28,13.91,0.28,13.91,0.06,57.038
2025-09-06T10:00:00Z,114260,12.66,2025-09-06T09:59:00Z,11,0.28,13.89,0.28,13.89,0.06,57.002
2025-09-06T10:15:00Z,114261,12.7,2025-09-06T10:02:00Z,11.76,0.28,13.87,0.28,13.87,0.06,56.966
2025-09-06T10:30:00Z,114262,12.79,2025-09-06T10:16:00Z,12.42,0.28,13.86,0.28,13.86,0.06,56.948
2025-09-06T10:45:00Z,114263,12.74,2025-09-06T10:40:45Z,12.96,0.279,13.85,0.279,13.85,0.059,56.93
2025-09-06T11:00:00Z,114264,12.88,2025-09-06T10:46:00Z,13.5,0.279,13.87,0.279,13.87,0.059,56.966
2025-09-06T11:15:00Z,114265,13.03,2025-09-06T11:04:00Z,14.2,0.28,13.9,0.28,13.9,0.06,57.02
2025-09-06T11:30:00Z,114266,13.14,2025-09-06T11:20:15Z,14.97,0.28,13.94,0.28,13.94,0.06,57.092
2025-09-06T11:45:00Z,114267,13.24,2025-09-06T11:30:55Z,15.59,0.281,13.97,0.281,13.97,0.06,57.146
2025-09-06T12:00:00Z,114268,13.44,2025-09-06T11:47:00Z,16.27,0.28,14,0.28,14,0.06,57.2
2025-09-06T12:15:00Z,114269,13.67,2025-09-06T12:02:55Z,17.36,0.281,14.07,0.281,14.07,0.06,57.326
2025-09-06T12:30:00Z,114270,13.87,2025-09-06T12:28:50Z,18.09,0.281,14.16,0.281,14.16,0.06,57.488
2025-09-06T12:45:00Z,114271,13.86,2025-09-06T12:31:30Z,18.13,0.28,14.26,0.28,14.26,0.06,57.668
2025-09-06T13:00:00Z,114272,14.17,2025-09-06T12:56:20Z,18.48,0.28,14.36,0.28,14.36,0.06,57.848
2025-09-06T13:15:00Z,114273,14.13,2025-09-06T13:04:30Z,19.2,0.28,14.48,0.28,14.48,0.06,58.064
2025-09-06T13:30:00Z,114274,14.12,2025-09-06T13:28:25Z,19.92,0.28,14.59,0.28,14.59,0.06,58.262
2025-09-06T13:45:00Z,114275,14.12,2025-09-06T13:32:45Z,20.89,0.28,14.71,0.28,14.71,0.06,58.478
2025-09-06T14:00:00Z,114276,14.09,2025-09-06T13:58:45Z,21.71,0.28,14.83,0.28,14.83,0.06,58.694
2025-09-06T14:15:00Z,114277,14.09,2025-09-06T14:12:50Z,22.43,0.279,14.97,0.279,14.97,0.059,58.946000000000005
2025-09-06T14:30:00Z,114278,14.04,2025-09-06T14:29:45Z,23.29,0.28,15.14,0.28,15.14,0.06,59.251999999999995
2025-09-06T14:45:00Z,114279,14.08,2025-09-06T14:33:15Z,22.7,0.28,15.36,0.28,15.36,0.06,59.648
2025-09-06T15:00:00Z,114280,13.69,2025-09-06T14:59:25Z,21.63,0.279,15.55,0.279,15.55,0.059,59.99
2025-09-06T15:15:00Z,114281,13.72,2025-09-06T15:09:20Z,21.22,0.279,15.71,0.279,15.71,0.059,60.278000000000006
2025-09-06T15:30:00Z,114282,13.7,2025-09-06T15:21:00Z,21.75,0.28,15.86,0.28,15.86,0.06,60.548
2025-09-06T15:45:00Z,114283,13.5,2025-09-06T15:39:50Z,21.29,0.28,16.02,0.28,16.02,0.06,60.836
2025-09-06T16:00:00Z,114284,13.49,2025-09-06T15:45:10Z,20.17,0.279,16.12,0.279,16.12,0.059,61.016000000000005
2025-09-06T16:15:00Z,114285,13.78,2025-09-06T16:09:05Z,19.38,0.279,16.18,0.279,16.18,0.059,61.124
2025-09-06T16:30:00Z,114286,13.76,2025-09-06T16:27:55Z,19.6,0.279,16.21,0.279,16.21,0.059,61.178000000000004
2025-09-06T16:45:00Z,114287,13.76,2025-09-06T16:32:20Z,19.94,0.279,16.25,0.279,16.25,0.059,61.25
2025-09-06T17:00:00Z,114288,13.76,2025-09-06T16:50:00Z,19.86,0.279,16.3,0.279,16.3,0.059,61.34
2025-09-06T17:15:00Z,114289,13.78,2025-09-06T17:05:05Z,19.53,0.279,16.33,0.279,16.33,0.059,61.39399999999999
2025-09-06T17:30:00Z,114290,13.77,2025-09-06T17:25:05Z,19.24,0.278,16.34,0.278,16.34,0.057999999999999996,61.412
2025-09-06T17:45:00Z,114291,13.73,2025-09-06T17:36:50Z,19.06,0.278,16.35,0.278,16.35,0.057999999999999996,61.43
2025-09-06T18:00:00Z,114292,13.79,2025-09-06T17:46:10Z,18.64,0.278,16.35,0.278,16.35,0.057999999999999996,61.43
2025-09-06T18:15:00Z,114293,13.78,2025-09-06T18:09:40Z,18.28,0.277,16.33,0.277,16.33,0.056999999999999995,61.39399999999999
2025-09-06T18:30:00Z,114294,13.82,2025-09-06T18:17:10Z,18.03,0.277,16.3,0.277,16.3,0.056999999999999995,61.34
2025-09-06T18:45:00Z,114295,13.44,2025-09-06T18:44:40Z,17.72,0.276,16.28,0.276,16.28,0.056,61.304
2025-09-06T19:00:00Z,114296,13.32,2025-09-06T18:59:40Z,17.36,0.276,16.23,0.276,16.23,0.056,61.214
2025-09-06T19:15:00Z,114297,13.26,2025-09-06T19:14:55Z,16.95,0.275,16.18,0.275,16.18,0.055,61.124
2025-09-06T19:30:00Z,114298,13.08,2025-09-06T19:26:20Z,16.52,0.275,16.11,0.275,16.11,0.055,60.998000000000005
2025-09-06T19:45:00Z,114299,13.11,2025-09-06T19:42:55Z,16.13,0.274,16.04,0.274,16.04,0.054,60.872
2025-09-06T20:00:00Z,114300,13.05,2025-09-06T19:59:00Z,15.77,0.274,15.96,0.274,15.96,0.054,60.728
2025-09-06T20:15:00Z,114301,13.01,2025-09-06T20:13:45Z,15.41,0.274,15.88,0.274,15.88,0.054,60.584
2025-09-06T20:30:00Z,114302,12.95,2025-09-06T20:27:05Z,14.92,0.273,15.78,0.273,15.78,0.053,60.403999999999996
2025-09-06T20:45:00Z,114303,12.9,2025-09-06T20:44:15Z,14.31,0.273,15.68,0.273,15.68,0.053,60.224000000000004
2025-09-06T21:00:00Z,114304,12.89,2025-09-06T20:50:35Z,13.53,0.272,15.58,0.272,15.58,0.052000000000000005,60.044
2025-09-06T21:15:00Z,114305,12.87,2025-09-06T21:01:10Z,12.71,0.271,15.46,0.271,15.46,0.051000000000000004,59.828
2025-09-06T21:30:00Z,114306,12.85,2025-09-06T21:25:05Z,11.97,0.271,15.34,0.271,15.34,0.051000000000000004,59.612
2025-09-06T21:45:00Z,114307,12.86,2025-09-06T21:44:25Z,11.29,0.27,15.23,0.27,15.23,0.05,59.414
2025-09-06T22:00:00Z,114308,12.76,2025-09-06T21:54:40Z,10.66,0.27,15.1,0.27,15.1,0.05,59.18
2025-09-06T22:15:00Z,114309,12.83,2025-09-06T22:08:55Z,10.07,0.27,14.98,0.27,14.98,0.05,58.964
2025-09-06T22:30:00Z,114310,12.77,2025-09-06T22:16:15Z,9.55,0.269,14.85,0.269,14.85,0.05,58.730000000000004
2025-09-06T22:45:00Z,114311,12.83,2025-09-06T22:35:05Z,9.12,0.269,14.71,0.269,14.71,0.05,58.478
2025-09-06T23:00:00Z,114312,12.81,2025-09-06T22:47:05Z,8.74,0.269,14.57,0.269,14.57,0.05,58.226
2025-09-06T23:15:00Z,114313,12.7,2025-09-06T23:05:35Z,8.41,0.269,14.48,0.269,14.48,0.05,58.064
2025-09-06T23:30:00Z,114314,12.81,2025-09-06T23:27:40Z,8.12,0.269,14.37,0.269,14.37,0.05,57.866
2025-09-06T23:45:00Z,114315,12.82,2025-09-06T23:39:20Z,7.863,0.269,14.25,0.269,14.25,0.05,57.65
2025-09-07T00:15:00Z,114317,12.8,2025-09-07T00:08:00Z,7.421,0.268,14.03,0.268,14.03,0.05,57.254
2025-09-07T00:30:00Z,114318,12.73,2025-09-07T00:22:40Z,7.272,0.267,13.93,0.267,13.93,0.05,57.074
2025-09-07T00:45:00Z,114319,12.79,2025-09-07T00:36:40Z,7.175,0.267,13.84,0.267,13.84,0.05,56.912
2025-09-07T01:00:00Z,114320,12.78,2025-09-07T00:47:00Z,7.169,0.266,13.76,0.266,13.76,0.05,56.768
2025-09-07T01:15:00Z,114321,12.78,2025-09-07T01:11:15Z,7.285,0.266,13.7,0.266,13.7,0.05,56.66
2025-09-07T01:30:00Z,114322,12.77,2025-09-07T01:18:20Z,7.48,0.265,13.64,0.265,13.64,0.05,56.552
2025-09-07T01:45:00Z,114323,12.7,2025-09-07T01:34:05Z,7.685,0.265,13.59,0.265,13.59,0.05,56.462
2025-09-07T02:00:00Z,114324,12.77,2025-09-07T01:49:25Z,7.947,0.265,13.56,0.265,13.56,0.05,56.408
2025-09-07T02:15:00Z,114325,12.74,2025-09-07T02:07:15Z,8.25,0.265,13.54,0.265,13.54,0.05,56.372
2025-09-07T02:30:00Z,114326,12.73,2025-09-07T02:19:00Z,8.44,0.265,13.52,0.265,13.52,0.05,56.336
2025-09-07T02:45:00Z,114327,12.77,2025-09-07T02:31:25Z,8.47,0.265,13.49,0.265,13.49,0.05,56.282
2025-09-07T03:00:00Z,114328,12.76,2025-09-07T02:56:55Z,8.36,0.265,13.44,0.265,13.44,0.05,56.192
2025-09-07T03:15:00Z,114329,12.74,2025-09-07T03:13:15Z,8.22,0.265,13.38,0.265,13.38,0.05,56.084
2025-09-07T03:30:00Z,114330,12.76,2025-09-07T03:18:45Z,8.04,0.265,13.33,0.265,13.33,0.05,55.994
2025-09-07T03:45:00Z,114331,12.73,2025-09-07T03:38:05Z,7.88,0.265,13.27,0.265,13.27,0.05,55.885999999999996
2025-09-07T04:00:00Z,114332,12.74,2025-09-07T03:48:10Z,7.669,0.265,13.21,0.265,13.21,0.05,55.778000000000006
2025-09-07T04:15:00Z,114333,12.71,2025-09-07T04:08:00Z,7.472,0.265,13.14,0.265,13.14,0.05,55.652
2025-09-07T04:30:00Z,114334,12.72,2025-09-07T04:18:10Z,7.271,0.265,13.07,0.265,13.07,0.05,55.525999999999996
2025-09-07T04:45:00Z,114335,12.71,2025-09-07T04:36:00Z,7.094,0.266,13.11,0.266,13.11,0.05,55.598
2025-09-07T05:00:00Z,114336,12.7,2025-09-07T04:56:50Z,7.009,0.266,13.12,0.266,13.12,0.05,55.616
2025-09-07T05:15:00Z,114337,12.68,2025-09-07T05:03:20Z,6.983,0.266,13.06,0.266,13.06,0.05,55.508
2025-09-07T05:30:00Z,114338,12.68,2025-09-07T05:26:40Z,6.969,0.265,13.01,0.265,13.01,0.05,55.418
2025-09-07T05:45:00Z,114339,12.66,2025-09-07T05:30:50Z,6.916,0.265,12.95,0.265,12.95,0.05,55.31
2025-09-07T06:00:00Z,114340,12.64,2025-09-07T05:58:20Z,6.831,0.265,12.89,0.265,12.89,0.05,55.202
2025-09-07T06:15:00Z,114341,12.65,2025-09-07T06:12:00Z,6.725,0.265,12.83,0.265,12.83,0.05,55.094
2025-09-07T06:30:00Z,114342,12.63,2025-09-07T06:17:50Z,6.602,0.265,12.76,0.265,12.76,0.05,54.968
2025-09-07T06:45:00Z,114343,12.62,2025-09-07T06:41:20Z,6.505,0.264,12.71,0.264,12.71,0.05,54.878
2025-09-07T07:00:00Z,114344,12.61,2025-09-07T07:00:00Z,6.419,0.264,12.67,0.264,12.67,0.05,54.806
2025-09-07T07:15:00Z,114345,12.61,2025-09-07T07:05:20Z,6.36,0.264,12.61,0.264,12.61,0.05,54.698
2025-09-07T07:30:00Z,114346,12.61,2025-09-07T07:18:40Z,6.301,0.264,12.54,0.264,12.54,0.05,54.571999999999996
2025-09-07T07:45:00Z,114347,12.61,2025-09-07T07:41:40Z,6.248,0.263,12.5,0.263,12.5,0.05,54.5
2025-09-07T08:00:00Z,114348,12.62,2025-09-07T07:48:20Z,6.207,0.263,12.45,0.263,12.45,0.05,54.41
2025-09-07T08:15:00Z,114349,12.64,2025-09-07T08:12:30Z,6.186,0.263,12.41,0.263,12.41,0.05,54.338
2025-09-07T08:30:00Z,114350,12.64,2025-09-07T08:16:20Z,6.337,0.263,12.36,0.263,12.36,0.05,54.248
2025-09-07T08:45:00Z,114351,12.64,2025-09-07T08:31:35Z,6.671,0.263,12.33,0.263,12.33,0.05,54.194
2025-09-07T09:00:00Z,114352,12.66,2025-09-07T08:45:20Z,7.088,0.263,12.31,0.263,12.31,0.05,54.158
2025-09-07T09:15:00Z,114353,12.71,2025-09-07T09:14:05Z,7.605,0.263,12.3,0.263,12.3,0.05,54.14
2025-09-07T09:30:00Z,114354,12.74,2025-09-07T09:15:20Z,8.18,0.263,12.31,0.263,12.31,0.05,54.158
2025-09-07T09:45:00Z,114355,12.75,2025-09-07T09:38:20Z,8.7,0.263,12.32,0.263,12.32,0.05,54.176
2025-09-07T10:00:00Z,114356,12.79,2025-09-07T09:45:15Z,9.16,0.263,12.34,0.263,12.34,0.05,54.212
2025-09-07T10:15:00Z,114357,12.79,2025-09-07T10:05:55Z,9.57,0.264,12.37,0.264,12.37,0.05,54.266
2025-09-07T10:30:00Z,114358,12.81,2025-09-07T10:18:55Z,9.98,0.264,12.4,0.264,12.4,0.05,54.32
2025-09-07T10:45:00Z,114359,12.82,2025-09-07T10:30:50Z,10.68,0.264,12.42,0.264,12.42,0.05,54.356
2025-09-07T11:00:00Z,114360,12.84,2025-09-07T10:52:35Z,11.58,0.264,12.45,0.264,12.45,0.05,54.41
2025-09-07T11:15:00Z,114361,12.87,2025-09-07T11:03:45Z,12.44,0.264,12.47,0.264,12.47,0.05,54.446
2025-09-07T11:30:00Z,114362,12.9,2025-09-07T11:16:25Z,13.37,0.263,12.51,0.263,12.51,0.05,54.518
2025-09-07T11:45:00Z,114363,13.05,2025-09-07T11:30:35Z,14.39,0.263,12.56,0.263,12.56,0.05,54.608000000000004
2025-09-07T12:00:00Z,114364,13.08,2025-09-07T11:45:15Z,15.51,0.262,12.62,0.262,12.62,0.05,54.716
2025-09-07T12:15:00Z,114365,13.54,2025-09-07T12:04:55Z,17.66,0.263,12.69,0.263,12.69,0.05,54.842
2025-09-07T12:30:00Z,114366,13.82,2025-09-07T12:28:40Z,19.3,0.263,12.8,0.263,12.8,0.05,55.04
2025-09-07T12:45:00Z,114367,13.82,2025-09-07T12:32:20Z,20.24,0.262,12.92,0.262,12.92,0.05,55.256
2025-09-07T13:00:00Z,114368,14.12,2025-09-07T12:49:15Z,21.46,0.262,13.04,0.262,13.04,0.05,55.471999999999994
2025-09-07T13:15:00Z,114369,14.07,2025-09-07T13:02:10Z,22.94,0.263,13.17,0.263,13.17,0.05,55.706
2025-09-07T13:30:00Z,114370,13.93,2025-09-07T13:23:50Z,23.05,0.263,13.31,0.263,13.31,0.05,55.958
2025-09-07T13:45:00Z,114371,14.08,2025-09-07T13:36:05Z,23.24,0.262,13.47,0.262,13.47,0.05,56.246
2025-09-07T14:00:00Z,114372,14.07,2025-09-07T13:45:30Z,24.69,0.263,13.64,0.263,13.64,0.05,56.552
2025-09-07T14:15:00Z,114373,14,2025-09-07T14:06:15Z,25.36,0.263,13.83,0.263,13.83,0.05,56.894
2025-09-07T14:30:00Z,114374,13.86,2025-09-07T14:26:25Z,24.45,0.262,14.07,0.262,14.07,0.05,57.326
2025-09-07T14:45:00Z,114375,13.7,2025-09-07T14:44:00Z,24.16,0.262,14.31,0.262,14.31,0.05,57.757999999999996
2025-09-07T15:00:00Z,114376,13.62,2025-09-07T14:58:45Z,24.72,0.262,14.56,0.262,14.56,0.05,58.208
2025-09-07T15:15:00Z,114377,13.64,2025-09-07T15:06:10Z,25.26,0.261,14.83,0.261,14.83,0.05,58.694
2025-09-07T15:30:00Z,114378,13.61,2025-09-07T15:20:20Z,25.77,0.262,15.17,0.262,15.17,0.05,59.306
2025-09-07T15:45:00Z,114379,13.62,2025-09-07T15:30:45Z,25.09,0.262,15.5,0.262,15.5,0.05,59.9
2025-09-07T16:00:00Z,114380,13.57,2025-09-07T15:53:35Z,24.37,0.262,15.75,0.262,15.75,0.05,60.35
2025-09-07T16:15:00Z,114381,13.62,2025-09-07T16:06:35Z,24.26,0.263,15.92,0.263,15.92,0.05,60.656
2025-09-07T16:30:00Z,114382,13.55,2025-09-07T16:24:00Z,23.76,0.262,16.02,0.262,16.02,0.05,60.836
2025-09-07T16:45:00Z,114383,13.67,2025-09-07T16:37:45Z,23.15,0.262,16.08,0.262,16.08,0.05,60.943999999999996
2025-09-07T17:00:00Z,114384,13.71,2025-09-07T16:47:35Z,22,0.262,16.11,0.262,16.11,0.05,60.998000000000005
2025-09-07T17:15:00Z,114385,13.74,2025-09-07T17:02:40Z,21.06,0.261,16.11,0.261,16.11,0.05,60.998000000000005
2025-09-07T17:30:00Z,114386,13.73,2025-09-07T17:24:00Z,21.2,0.262,16.09,0.262,16.09,0.05,60.962
2025-09-07T17:45:00Z,114387,13.65,2025-09-07T17:37:45Z,21.01,0.26,16.05,0.26,16.05,0.05,60.89
2025-09-07T18:00:00Z,114388,13.77,2025-09-07T17:46:15Z,20.94,0.26,16.02,0.26,16.02,0.05,60.836
2025-09-07T18:15:00Z,114389,13.69,2025-09-07T18:09:20Z,20.85,0.259,16.02,0.259,16.02,0.05,60.836
2025-09-07T18:30:00Z,114390,13.62,2025-09-07T18:26:05Z,20.65,0.26,16.07,0.26,16.07,0.05,60.926
2025-09-07T18:45:00Z,114391,13.57,2025-09-07T18:43:50Z,20.34,0.26,16.11,0.26,16.11,0.05,60.998000000000005
2025-09-07T19:00:00Z,114392,13.5,2025-09-07T19:00:00Z,19.55,0.26,16.08,0.26,16.08,0.05,60.943999999999996
2025-09-07T19:15:00Z,114393,13.34,2025-09-07T19:13:50Z,18.67,0.259,16.02,0.259,16.02,0.05,60.836
2025-09-07T19:30:00Z,114394,13.26,2025-09-07T19:24:45Z,17.86,0.258,15.93,0.258,15.93,0.05,60.674
2025-09-07T19:45:00Z,114395,13.22,2025-09-07T19:43:10Z,17.13,0.257,15.82,0.257,15.82,0.05,60.476
2025-09-07T20:00:00Z,114396,13.13,2025-09-07T19:59:35Z,16.43,0.257,15.7,0.257,15.7,0.05,60.26
2025-09-07T20:15:00Z,114397,13.04,2025-09-07T20:10:45Z,15.69,0.256,15.58,0.256,15.58,0.05,60.044
2025-09-07T20:30:00Z,114398,12.98,2025-09-07T20:29:50Z,14.95,0.255,15.45,0.255,15.45,0.05,59.809999999999995
2025-09-07T20:45:00Z,114399,12.94,2025-09-07T20:39:05Z,14.27,0.255,15.32,0.255,15.32,0.05,59.576
2025-09-07T21:00:00Z,114400,12.9,2025-09-07T20:58:05Z,13.48,0.254,15.19,0.254,15.19,0.05,59.342
2025-09-07T21:15:00Z,114401,12.88,2025-09-07T21:12:05Z,12.71,0.253,15.07,0.253,15.07,0.05,59.126
2025-09-07T21:30:00Z,114402,12.84,2025-09-07T21:25:35Z,11.99,0.252,14.94,0.252,14.94,0.05,58.892
2025-09-07T21:45:00Z,114403,12.84,2025-09-07T21:40:25Z,11.34,0.252,14.81,0.252,14.81,0.05,58.658
2025-09-07T22:00:00Z,114404,12.84,2025-09-07T21:53:50Z,10.8,0.252,14.69,0.252,14.69,0.05,58.442
2025-09-07T22:15:00Z,114405,12.81,2025-09-07T22:13:10Z,10.31,0.251,14.57,0.251,14.57,0.05,58.226
2025-09-07T22:30:00Z,114406,12.83,2025-09-07T22:21:50Z,9.86,0.251,14.44,0.251,14.44,0.05,57.992000000000004
2025-09-07T22:45:00Z,114407,12.83,2025-09-07T22:38:05Z,9.48,0.25,14.3,0.25,14.3,0.05,57.74
2025-09-07T23:00:00Z,114408,12.74,2025-09-07T22:48:20Z,9.14,0.25,14.17,0.25,14.17,0.05,57.506
2025-09-07T23:15:00Z,114409,12.75,2025-09-07T23:01:30Z,8.88,0.25,14.06,0.25,14.06,0.05,57.308
2025-09-07T23:30:00Z,114410,12.81,2025-09-07T23:17:30Z,8.71,0.25,13.96,0.25,13.96,0.05,57.128
2025-09-07T23:45:00Z,114411,12.69,2025-09-07T23:32:40Z,8.55,0.249,13.86,0.249,13.86,0.05,56.948
2025-09-08T00:15:00Z,114413,12.71,2025-09-08T00:00:20Z,8.22,0.249,13.66,0.249,13.66,0.05,56.588
2025-09-08T00:30:00Z,114414,12.71,2025-09-08T00:19:00Z,8.05,0.249,13.56,0.249,13.56,0.05,56.408
2025-09-08T00:45:00Z,114415,12.77,2025-09-08T00:37:20Z,7.926,0.248,13.48,0.248,13.48,0.05,56.264
2025-09-08T01:00:00Z,114416,12.8,2025-09-08T00:57:45Z,7.815,0.248,13.39,0.248,13.39,0.05,56.102000000000004
2025-09-08T01:15:00Z,114417,12.79,2025-09-08T01:11:30Z,7.661,0.248,13.3,0.248,13.3,0.05,55.94
2025-09-08T01:30:00Z,114418,12.77,2025-09-08T01:25:15Z,7.496,0.248,13.21,0.248,13.21,0.05,55.778000000000006
2025-09-08T01:45:00Z,114419,12.74,2025-09-08T01:30:10Z,7.351,0.247,13.14,0.247,13.14,0.05,55.652
2025-09-08T02:00:00Z,114420,12.78,2025-09-08T01:50:30Z,7.192,0.247,13.06,0.247,13.06,0.05,55.508
2025-09-08T02:15:00Z,114421,12.77,2025-09-08T02:10:35Z,7.026,0.247,12.99,0.247,12.99,0.05,55.382
2025-09-08T02:30:00Z,114422,12.76,2025-09-08T02:19:05Z,6.866,0.247,12.92,0.247,12.92,0.05,55.256
2025-09-08T02:45:00Z,114423,12.77,2025-09-08T02:35:25Z,6.7,0.247,12.84,0.247,12.84,0.05,55.112
2025-09-08T03:00:00Z,114424,12.67,2025-09-08T02:46:30Z,6.499,0.247,12.76,0.247,12.76,0.05,54.968
2025-09-08T03:15:00Z,114425,12.75,2025-09-08T03:14:10Z,6.297,0.247,12.67,0.247,12.67,0.05,54.806
2025-09-08T03:30:00Z,114426,12.76,2025-09-08T03:25:55Z,6.141,0.246,12.59,0.246,12.59,0.05,54.662
2025-09-08T03:45:00Z,114427,12.73,2025-09-08T03:43:20Z,6.014,0.246,12.51,0.246,12.51,0.05,54.518
2025-09-08T04:00:00Z,114428,12.73,2025-09-08T03:49:35Z,5.912,0.246,12.44,0.246,12.44,0.05,54.391999999999996
2025-09-08T04:15:00Z,114429,12.73,2025-09-08T04:05:50Z,5.829,0.245,12.38,0.245,12.38,0.05,54.284
2025-09-08T04:30:00Z,114430,12.72,2025-09-08T04:21:50Z,5.786,0.245,12.31,0.245,12.31,0.05,54.158
2025-09-08T04:45:00Z,114431,12.71,2025-09-08T04:36:35Z,5.758,0.245,12.24,0.245,12.24,0.05,54.032
2025-09-08T05:00:00Z,114432,12.7,2025-09-08T04:59:10Z,5.707,0.245,12.17,0.245,12.17,0.05,53.906
2025-09-08T05:15:00Z,114433,12.69,2025-09-08T05:12:30Z,5.633,0.245,12.03,0.245,12.03,0.05,53.653999999999996
2025-09-08T05:30:00Z,114434,12.68,2025-09-08T05:28:30Z,5.57,0.244,11.97,0.244,11.97,0.05,53.546
2025-09-08T05:45:00Z,114435,12.66,2025-09-08T05:33:15Z,5.519,0.245,11.91,0.245,11.91,0.05,53.438
2025-09-08T06:00:00Z,114436,12.66,2025-09-08T05:59:05Z,5.466,0.245,11.85,0.245,11.85,0.05,53.33
2025-09-08T06:15:00Z,114437,12.66,2025-09-08T06:00:30Z,5.388,0.245,11.79,0.245,11.79,0.05,53.221999999999994
2025-09-08T06:30:00Z,114438,12.63,2025-09-08T06:26:40Z,5.259,0.244,11.73,0.244,11.73,0.05,53.114000000000004
2025-09-08T06:45:00Z,114439,12.63,2025-09-08T06:40:30Z,5.133,0.244,11.67,0.244,11.67,0.05,53.006
2025-09-08T07:00:00Z,114440,12.62,2025-09-08T06:54:10Z,5.029,0.244,11.61,0.244,11.61,0.05,52.897999999999996
2025-09-08T07:15:00Z,114441,12.62,2025-09-08T07:13:45Z,4.914,0.244,11.55,0.244,11.55,0.05,52.79
2025-09-08T07:30:00Z,114442,12.62,2025-09-08T07:23:15Z,4.8,0.243,11.48,0.243,11.48,0.05,52.664
2025-09-08T07:45:00Z,114443,12.63,2025-09-08T07:30:20Z,4.702,0.243,11.42,0.243,11.42,0.05,52.556
2025-09-08T08:00:00Z,114444,12.64,2025-09-08T07:49:05Z,4.646,0.243,11.37,0.243,11.37,0.05,52.466
2025-09-08T08:15:00Z,114445,12.63,2025-09-08T08:01:55Z,4.708,0.243,11.33,0.243,11.33,0.05,52.394
2025-09-08T08:30:00Z,114446,12.66,2025-09-08T08:16:40Z,4.897,0.242,11.3,0.242,11.3,0.05,52.34
2025-09-08T08:45:00Z,114447,12.69,2025-09-08T08:31:10Z,5.16,0.242,11.28,0.242,11.28,0.05,52.304
2025-09-08T09:00:00Z,114448,12.71,2025-09-08T08:45:10Z,5.54,0.242,11.27,0.242,11.27,0.05,52.286
2025-09-08T09:15:00Z,114449,12.73,2025-09-08T09:01:30Z,6.032,0.242,11.27,0.242,11.27,0.05,52.286
2025-09-08T09:30:00Z,114450,12.74,2025-09-08T09:16:15Z,6.639,0.242,11.27,0.242,11.27,0.05,52.286
2025-09-08T09:45:00Z,114451,12.76,2025-09-08T09:32:00Z,7.356,0.242,11.29,0.242,11.29,0.05,52.321999999999996
2025-09-08T10:00:00Z,114452,12.81,2025-09-08T09:45:05Z,8.06,0.243,11.32,0.243,11.32,0.05,52.376
2025-09-08T10:15:00Z,114453,12.81,2025-09-08T10:06:35Z,8.73,0.244,11.36,0.244,11.36,0.05,52.448
2025-09-08T10:30:00Z,114454,12.83,2025-09-08T10:17:35Z,9.25,0.244,11.41,0.244,11.41,0.05,52.538
2025-09-08T10:45:00Z,114455,12.88,2025-09-08T10:30:05Z,9.67,0.245,11.47,0.245,11.47,0.05,52.646
2025-09-08T11:00:00Z,114456,12.89,2025-09-08T10:46:20Z,10.03,0.244,11.52,0.244,11.52,0.05,52.736
2025-09-08T11:15:00Z,114457,12.9,2025-09-08T11:03:25Z,10.53,0.244,11.59,0.244,11.59,0.05,52.862
2025-09-08T11:30:00Z,114458,12.96,2025-09-08T11:15:05Z,11.39,0.244,11.64,0.244,11.64,0.05,52.952
2025-09-08T11:45:00Z,114459,12.99,2025-09-08T11:30:55Z,12.46,0.244,11.7,0.244,11.7,0.05,53.06
2025-09-08T12:00:00Z,114460,13.08,2025-09-08T11:45:10Z,13.59,0.243,11.75,0.243,11.75,0.05,53.15
2025-09-08T12:15:00Z,114461,13.31,2025-09-08T12:01:25Z,15.9,0.244,11.81,0.244,11.81,0.05,53.258
2025-09-08T12:30:00Z,114462,13.82,2025-09-08T12:15:25Z,18.27,0.244,11.87,0.244,11.87,0.05,53.366
2025-09-08T12:45:00Z,114463,13.86,2025-09-08T12:30:55Z,19.93,0.244,11.94,0.244,11.94,0.05,53.492
2025-09-08T13:00:00Z,114464,14.14,2025-09-08T12:45:05Z,21.04,0.244,12.02,0.244,12.02,0.05,53.635999999999996
2025-09-08T13:15:00Z,114465,14.12,2025-09-08T13:13:55Z,22.38,0.244,12.11,0.244,12.11,0.05,53.798
2025-09-08T13:30:00Z,114466,14.1,2025-09-08T13:18:45Z,23.98,0.244,12.2,0.244,12.2,0.05,53.96
2025-09-08T13:45:00Z,114467,14.07,2025-09-08T13:32:55Z,25.16,0.243,12.29,0.243,12.29,0.05,54.122
2025-09-08T14:00:00Z,114468,14.03,2025-09-08T13:49:10Z,26.24,0.244,12.4,0.244,12.4,0.05,54.32
2025-09-08T14:15:00Z,114469,13.67,2025-09-08T14:14:45Z,26.99,0.244,12.52,0.244,12.52,0.05,54.536
2025-09-08T14:30:00Z,114470,13.61,2025-09-08T14:23:00Z,27.31,0.243,12.66,0.243,12.66,0.05,54.788
2025-09-08T14:45:00Z,114471,13.58,2025-09-08T14:37:00Z,27.44,0.243,12.86,0.243,12.86,0.05,55.147999999999996
2025-09-08T15:00:00Z,114472,13.61,2025-09-08T14:52:05Z,27.39,0.243,13.14,0.243,13.14,0.05,55.652
2025-09-08T15:15:00Z,114473,13.59,2025-09-08T15:05:25Z,27.14,0.243,13.48,0.243,13.48,0.05,56.264
2025-09-08T15:30:00Z,114474,13.58,2025-09-08T15:26:45Z,26.84,0.244,13.81,0.244,13.81,0.05,56.858000000000004
2025-09-08T15:45:00Z,114475,13.58,2025-09-08T15:36:45Z,26.69,0.244,14.13,0.244,14.13,0.05,57.434
2025-09-08T16:00:00Z,114476,13.57,2025-09-08T15:47:40Z,26.52,0.245,14.45,0.245,14.45,0.05,58.01
2025-09-08T16:15:00Z,114477,13.6,2025-09-08T16:02:00Z,26.17,0.244,14.7,0.244,14.7,0.05,58.459999999999994
2025-09-08T16:30:00Z,114478,13.62,2025-09-08T16:21:30Z,25.97,0.245,14.86,0.245,14.86,0.05,58.748000000000005
2025-09-08T16:45:00Z,114479,13.61,2025-09-08T16:31:50Z,25.98,0.244,14.94,0.244,14.94,0.05,58.892
2025-09-08T17:00:00Z,114480,13.5,2025-09-08T16:51:45Z,25.91,0.244,15.03,0.244,15.03,0.05,59.053999999999995
2025-09-08T17:15:00Z,114481,13.61,2025-09-08T17:04:20Z,25.7,0.244,15.12,0.244,15.12,0.05,59.215999999999994
2025-09-08T17:30:00Z,114482,13.62,2025-09-08T17:16:45Z,25.47,0.244,15.16,0.244,15.16,0.05,59.288
2025-09-08T17:45:00Z,114483,13.64,2025-09-08T17:45:00Z,25.1,0.243,15.17,0.243,15.17,0.05,59.306
2025-09-08T18:00:00Z,114484,13.63,2025-09-08T17:49:40Z,24.66,0.243,15.17,0.243,15.17,0.05,59.306
2025-09-08T18:15:00Z,114485,13.67,2025-09-08T18:01:25Z,23.97,0.243,15.18,0.243,15.18,0.05,59.324
2025-09-08T18:30:00Z,114486,13.61,2025-09-08T18:16:25Z,23.07,0.243,15.24,0.243,15.24,0.05,59.432
2025-09-08T18:45:00Z,114487,13.7,2025-09-08T18:33:25Z,22.11,0.243,15.28,0.243,15.28,0.05,59.504
2025-09-08T19:00:00Z,114488,13.73,2025-09-08T18:46:45Z,20.87,0.243,15.28,0.243,15.28,0.05,59.504
2025-09-08T19:15:00Z,114489,13.54,2025-09-08T19:14:55Z,19.59,0.243,15.26,0.243,15.26,0.05,59.468
2025-09-08T19:30:00Z,114490,13.38,2025-09-08T19:29:10Z,18.35,0.242,15.22,0.242,15.22,0.05,59.396
2025-09-08T19:45:00Z,114491,13.28,2025-09-08T19:44:15Z,17.15,0.242,15.17,0.242,15.17,0.05,59.306
2025-09-08T20:00:00Z,114492,13.2,2025-09-08T19:59:35Z,16.02,0.242,15.1,0.242,15.1,0.05,59.18
2025-09-08T20:15:00Z,114493,13.12,2025-09-08T20:11:45Z,14.96,0.241,15.01,0.241,15.01,0.05,59.018
2025-09-08T20:30:00Z,114494,13.06,2025-09-08T20:29:30Z,13.99,0.241,14.9,0.241,14.9,0.05,58.82
2025-09-08T20:45:00Z,114495,13,2025-09-08T20:39:15Z,13.13,0.24,14.79,0.24,14.79,0.05,58.622
2025-09-08T21:00:00Z,114496,12.96,2025-09-08T20:58:15Z,12.34,0.24,14.66,0.24,14.66,0.05,58.388
2025-09-08T21:15:00Z,114497,12.92,2025-09-08T21:06:50Z,11.67,0.24,14.54,0.24,14.54,0.05,58.172
2025-09-08T21:30:00Z,114498,12.92,2025-09-08T21:27:15Z,11.06,0.239,14.41,0.239,14.41,0.049,57.938
2025-09-08T21:45:00Z,114499,12.89,2025-09-08T21:34:15Z,10.55,0.239,14.3,0.239,14.3,0.049,57.74
2025-09-08T22:00:00Z,114500,12.88,2025-09-08T21:57:30Z,10.11,0.239,14.17,0.239,14.17,0.049,57.506
2025-09-08T22:15:00Z,114501,12.85,2025-09-08T22:03:20Z,9.71,0.238,14.11,0.238,14.11,0.048,57.397999999999996
2025-09-08T22:30:00Z,114502,12.85,2025-09-08T22:29:15Z,9.35,0.238,14.07,0.238,14.07,0.048,57.326
2025-09-08T22:45:00Z,114503,12.85,2025-09-08T22:42:00Z,9.04,0.238,14.02,0.238,14.02,0.048,57.236
2025-09-08T23:00:00Z,114504,12.85,2025-09-08T22:49:35Z,8.76,0.238,13.94,0.238,13.94,0.048,57.092
2025-09-08T23:15:00Z,114505,12.85,2025-09-08T23:08:20Z,8.53,0.237,13.84,0.237,13.84,0.04699999999999999,56.912
2025-09-08T23:30:00Z,114506,12.82,2025-09-08T23:24:20Z,8.33,0.237,13.73,0.237,13.73,0.04699999999999999,56.714
2025-09-08T23:45:00Z,114507,12.83,2025-09-08T23:34:00Z,8.17,0.237,13.63,0.237,13.63,0.04699999999999999,56.534
2025-09-09T00:15:00Z,114509,12.78,2025-09-09T00:00:30Z,7.906,0.236,13.46,0.236,13.46,0.04599999999999999,56.228
2025-09-09T00:30:00Z,114510,12.81,2025-09-09T00:27:00Z,7.772,0.236,13.37,0.236,13.37,0.04599999999999999,56.066
2025-09-09T00:45:00Z,114511,12.82,2025-09-09T00:41:20Z,7.634,0.236,13.29,0.236,13.29,0.04599999999999999,55.922
2025-09-09T01:00:00Z,114512,12.81,2025-09-09T00:55:35Z,7.522,0.235,13.21,0.235,13.21,0.044999999999999984,55.778000000000006
2025-09-09T01:15:00Z,114513,12.81,2025-09-09T01:10:00Z,7.437,0.235,13.13,0.235,13.13,0.044999999999999984,55.634
2025-09-09T01:30:00Z,114514,12.79,2025-09-09T01:23:05Z,7.386,0.235,13.05,0.235,13.05,0.044999999999999984,55.49
2025-09-09T01:45:00Z,114515,12.77,2025-09-09T01:43:20Z,7.351,0.235,12.98,0.235,12.98,0.044999999999999984,55.364000000000004
2025-09-09T02:00:00Z,114516,12.78,2025-09-09T01:50:40Z,7.333,0.234,12.92,0.234,12.92,0.04400000000000001,55.256
2025-09-09T02:15:00Z,114517,12.79,2025-09-09T02:07:40Z,7.311,0.234,12.86,0.234,12.86,0.04400000000000001,55.147999999999996
2025-09-09T02:30:00Z,114518,12.77,2025-09-09T02:18:05Z,7.284,0.234,12.79,0.234,12.79,0.04400000000000001,55.022
2025-09-09T02:45:00Z,114519,12.77,2025-09-09T02:34:20Z,7.268,0.234,12.73,0.234,12.73,0.04400000000000001,54.914
2025-09-09T03:00:00Z,114520,12.76,2025-09-09T02:45:35Z,7.261,0.234,12.67,0.234,12.67,0.04400000000000001,54.806
2025-09-09T03:15:00Z,114521,12.73,2025-09-09T03:13:05Z,7.24,0.233,12.61,0.233,12.61,0.04300000000000001,54.698
2025-09-09T03:30:00Z,114522,12.76,2025-09-09T03:22:20Z,7.205,0.233,12.55,0.233,12.55,0.04300000000000001,54.59
2025-09-09T03:45:00Z,114523,12.75,2025-09-09T03:43:40Z,7.164,0.233,12.5,0.233,12.5,0.04300000000000001,54.5
2025-09-09T04:00:00Z,114524,12.74,2025-09-09T03:49:00Z,7.136,0.233,12.43,0.233,12.43,0.04300000000000001,54.374
2025-09-09T04:15:00Z,114525,12.74,2025-09-09T04:05:00Z,7.114,0.233,12.38,0.233,12.38,0.04300000000000001,54.284
2025-09-09T04:30:00Z,114526,12.74,2025-09-09T04:18:20Z,7.11,0.233,12.33,0.233,12.33,0.04300000000000001,54.194
2025-09-09T04:45:00Z,114527,12.71,2025-09-09T04:35:40Z,7.089,0.232,12.27,0.232,12.27,0.04200000000000001,54.086
2025-09-09T05:00:00Z,114528,12.72,2025-09-09T04:58:20Z,7.044,0.232,12.22,0.232,12.22,0.04200000000000001,53.996
2025-09-09T05:15:00Z,114529,12.72,2025-09-09T05:03:05Z,6.97,0.232,12.16,0.232,12.16,0.04200000000000001,53.888
2025-09-09T05:30:00Z,114530,12.7,2025-09-09T05:23:30Z,6.914,0.232,12.07,0.232,12.07,0.04200000000000001,53.726
2025-09-09T05:45:00Z,114531,12.66,2025-09-09T05:32:05Z,6.861,0.232,11.97,0.232,11.97,0.04200000000000001,53.546
2025-09-09T06:00:00Z,114532,12.67,2025-09-09T05:58:15Z,6.805,0.232,11.96,0.232,11.96,0.04200000000000001,53.528000000000006
2025-09-09T06:15:00Z,114533,12.68,2025-09-09T06:07:30Z,6.75,0.233,11.87,0.233,11.87,0.04300000000000001,53.366
2025-09-09T06:30:00Z,114534,12.65,2025-09-09T06:22:20Z,6.721,0.232,11.81,0.232,11.81,0.04200000000000001,53.258
2025-09-09T06:45:00Z,114535,12.66,2025-09-09T06:35:35Z,6.712,0.232,11.78,0.232,11.78,0.04200000000000001,53.204
2025-09-09T07:00:00Z,114536,12.64,2025-09-09T06:53:10Z,6.71,0.232,11.75,0.232,11.75,0.04200000000000001,53.15
2025-09-09T07:15:00Z,114537,12.63,2025-09-09T07:13:25Z,6.721,0.232,11.72,0.232,11.72,0.04200000000000001,53.096000000000004
2025-09-09T07:30:00Z,114538,12.63,2025-09-09T07:17:00Z,6.752,0.232,11.69,0.232,11.69,0.04200000000000001,53.042
2025-09-09T07:45:00Z,114539,12.61,2025-09-09T07:32:05Z,6.84,0.232,11.66,0.232,11.66,0.04200000000000001,52.988
2025-09-09T08:00:00Z,114540,12.66,2025-09-09T07:46:20Z,6.987,0.232,11.64,0.232,11.64,0.04200000000000001,52.952
2025-09-09T08:15:00Z,114541,12.67,2025-09-09T08:13:30Z,7.221,0.232,11.63,0.232,11.63,0.04200000000000001,52.934
2025-09-09T08:30:00Z,114542,12.67,2025-09-09T08:23:40Z,7.486,0.232,11.63,0.232,11.63,0.04200000000000001,52.934
2025-09-09T08:45:00Z,114543,12.59,2025-09-09T08:43:05Z,7.799,0.232,11.64,0.232,11.64,0.04200000000000001,52.952
2025-09-09T09:00:00Z,114544,12.57,2025-09-09T08:47:30Z,8.16,0.232,11.66,0.232,11.66,0.04200000000000001,52.988
2025-09-09T09:15:00Z,114545,12.67,2025-09-09T09:06:45Z,8.6,0.232,11.67,0.232,11.67,0.04200000000000001,53.006
2025-09-09T09:30:00Z,114546,12.74,2025-09-09T09:18:30Z,9.16,0.233,11.7,0.233,11.7,0.04300000000000001,53.06
2025-09-09T09:45:00Z,114547,12.81,2025-09-09T09:42:20Z,9.72,0.233,11.74,0.233,11.74,0.04300000000000001,53.132
2025-09-09T10:00:00Z,114548,12.81,2025-09-09T09:45:05Z,10.34,0.233,11.79,0.233,11.79,0.04300000000000001,53.221999999999994
2025-09-09T10:15:00Z,114549,12.84,2025-09-09T10:07:15Z,10.99,0.233,11.85,0.233,11.85,0.04300000000000001,53.33
2025-09-09T10:30:00Z,114550,12.86,2025-09-09T10:17:55Z,11.53,0.233,11.91,0.233,11.91,0.04300000000000001,53.438
2025-09-09T10:45:00Z,114551,12.9,2025-09-09T10:33:05Z,12.01,0.234,11.98,0.234,11.98,0.04400000000000001,53.564
2025-09-09T11:00:00Z,114552,12.94,2025-09-09T10:47:45Z,12.42,0.234,12.05,0.234,12.05,0.04400000000000001,53.69
2025-09-09T11:15:00Z,114553,12.97,2025-09-09T11:00:20Z,12.91,0.234,12.12,0.234,12.12,0.04400000000000001,53.816
2025-09-09T11:30:00Z,114554,12.96,2025-09-09T11:18:35Z,13.86,0.233,12.2,0.233,12.2,0.04300000000000001,53.96
2025-09-09T11:45:00Z,114555,13.07,2025-09-09T11:31:10Z,15.04,0.234,12.28,0.234,12.28,0.04400000000000001,54.104
2025-09-09T12:00:00Z,114556,13.18,2025-09-09T11:46:10Z,16.49,0.233,12.36,0.233,12.36,0.04300000000000001,54.248
2025-09-09T12:15:00Z,114557,13.34,2025-09-09T12:03:10Z,18.76,0.233,12.44,0.233,12.44,0.04300000000000001,54.391999999999996
2025-09-09T12:30:00Z,114558,13.71,2025-09-09T12:16:15Z,20.87,0.233,12.53,0.233,12.53,0.04300000000000001,54.554
2025-09-09T12:45:00Z,114559,13.85,2025-09-09T12:30:45Z,22.42,0.233,12.62,0.233,12.62,0.04300000000000001,54.716
2025-09-09T13:00:00Z,114560,13.91,2025-09-09T12:45:05Z,23.48,0.233,12.73,0.233,12.73,0.04300000000000001,54.914
2025-09-09T13:15:00Z,114561,14.02,2025-09-09T13:08:05Z,24.84,0.233,12.83,0.233,12.83,0.04300000000000001,55.094
2025-09-09T13:30:00Z,114562,14,2025-09-09T13:15:10Z,26.11,0.233,12.94,0.233,12.94,0.04300000000000001,55.292
2025-09-09T13:45:00Z,114563,13.9,2025-09-09T13:42:40Z,27.12,0.233,13.05,0.233,13.05,0.04300000000000001,55.49
2025-09-09T14:00:00Z,114564,13.94,2025-09-09T13:54:35Z,28.27,0.233,13.18,0.233,13.18,0.04300000000000001,55.724000000000004
2025-09-09T14:15:00Z,114565,13.88,2025-09-09T14:13:50Z,28.99,0.232,13.32,0.232,13.32,0.04200000000000001,55.976
2025-09-09T14:30:00Z,114566,13.41,2025-09-09T14:29:55Z,29.3,0.233,13.48,0.233,13.48,0.04300000000000001,56.264
2025-09-09T14:45:00Z,114567,13.49,2025-09-09T14:44:05Z,29.45,0.232,13.67,0.232,13.67,0.04200000000000001,56.606
2025-09-09T15:00:00Z,114568,13.39,2025-09-09T14:48:25Z,29.47,0.233,13.88,0.233,13.88,0.04300000000000001,56.984
2025-09-09T15:15:00Z,114569,13.5,2025-09-09T15:06:45Z,29.05,0.233,14.12,0.233,14.12,0.04300000000000001,57.416
2025-09-09T15:30:00Z,114570,13.48,2025-09-09T15:23:05Z,28.51,0.233,14.38,0.233,14.38,0.04300000000000001,57.884
2025-09-09T15:45:00Z,114571,13.51,2025-09-09T15:31:15Z,28.1,0.233,14.68,0.233,14.68,0.04300000000000001,58.424
2025-09-09T16:00:00Z,114572,13.52,2025-09-09T15:49:40Z,27.73,0.233,14.95,0.233,14.95,0.04300000000000001,58.91
2025-09-09T16:15:00Z,114573,13.45,2025-09-09T16:00:05Z,27.58,0.233,15.2,0.233,15.2,0.04300000000000001,59.36
2025-09-09T16:30:00Z,114574,13.46,2025-09-09T16:23:05Z,27.38,0.233,15.45,0.233,15.45,0.04300000000000001,59.809999999999995
2025-09-09T16:45:00Z,114575,13.47,2025-09-09T16:35:05Z,27.12,0.234,15.58,0.234,15.58,0.04400000000000001,60.044
2025-09-09T17:00:00Z,114576,13.56,2025-09-09T16:57:00Z,26.37,0.233,15.69,0.233,15.69,0.04300000000000001,60.242000000000004
2025-09-09T17:15:00Z,114577,13.6,2025-09-09T17:01:50Z,25.69,0.233,15.8,0.233,15.8,0.04300000000000001,60.440000000000005
2025-09-09T17:30:00Z,114578,13.57,2025-09-09T17:22:20Z,24.97,0.233,15.89,0.233,15.89,0.04300000000000001,60.602
2025-09-09T17:45:00Z,114579,13.61,2025-09-09T17:32:00Z,24.39,0.232,15.97,0.232,15.97,0.04200000000000001,60.746
2025-09-09T18:00:00Z,114580,13.51,2025-09-09T17:57:55Z,24.66,0.233,16.07,0.233,16.07,0.04300000000000001,60.926
2025-09-09T18:15:00Z,114581,13.58,2025-09-09T18:05:10Z,24.63,0.233,16.13,0.233,16.13,0.04300000000000001,61.034
2025-09-09T18:30:00Z,114582,13.63,2025-09-09T18:24:00Z,24.14,0.233,16.2,0.233,16.2,0.04300000000000001,61.16
2025-09-09T18:45:00Z,114583,13.62,2025-09-09T18:30:40Z,23.36,0.233,16.23,0.233,16.23,0.04300000000000001,61.214
2025-09-09T19:00:00Z,114584,13.51,2025-09-09T19:00:00Z,22.32,0.233,16.22,0.233,16.22,0.04300000000000001,61.196
2025-09-09T19:15:00Z,114585,13.35,2025-09-09T19:14:35Z,21.27,0.232,16.18,0.232,16.18,0.04200000000000001,61.124
2025-09-09T19:30:00Z,114586,13.3,2025-09-09T19:29:20Z,20.3,0.232,16.14,0.232,16.14,0.04200000000000001,61.052
2025-09-09T19:45:00Z,114587,13.21,2025-09-09T19:43:20Z,19.42,0.232,16.08,0.232,16.08,0.04200000000000001,60.943999999999996
2025-09-09T20:00:00Z,114588,13.13,2025-09-09T19:58:55Z,18.6,0.232,16.01,0.232,16.01,0.04200000000000001,60.818
2025-09-09T20:15:00Z,114589,13.03,2025-09-09T20:14:25Z,17.75,0.231,15.93,0.231,15.93,0.041,60.674
2025-09-09T20:30:00Z,114590,13.01,2025-09-09T20:24:00Z,16.91,0.231,15.83,0.231,15.83,0.041,60.494
2025-09-09T20:45:00Z,114591,12.97,2025-09-09T20:44:40Z,16.09,0.23,15.72,0.23,15.72,0.04,60.29600000000001
2025-09-09T21:00:00Z,114592,12.94,2025-09-09T20:56:30Z,15.33,0.23,15.61,0.23,15.61,0.04,60.098
2025-09-09T21:15:00Z,114593,12.9,2025-09-09T21:13:30Z,14.67,0.229,15.5,0.229,15.5,0.04,59.9
2025-09-09T21:30:00Z,114594,12.9,2025-09-09T21:24:20Z,14.12,0.229,15.4,0.229,15.4,0.04,59.72
2025-09-09T21:45:00Z,114595,12.87,2025-09-09T21:33:25Z,13.63,0.229,15.3,0.229,15.3,0.04,59.540000000000006
2025-09-09T22:00:00Z,114596,12.85,2025-09-09T21:54:20Z,13.24,0.228,15.21,0.228,15.21,0.04,59.378
2025-09-09T22:15:00Z,114597,12.85,2025-09-09T22:14:40Z,12.91,0.228,15.13,0.228,15.13,0.04,59.234
2025-09-09T22:30:00Z,114598,12.85,2025-09-09T22:18:45Z,12.62,0.228,15.04,0.228,15.04,0.04,59.071999999999996
2025-09-09T22:45:00Z,114599,12.84,2025-09-09T22:38:45Z,12.36,0.228,14.95,0.228,14.95,0.04,58.91
2025-09-09T23:00:00Z,114600,12.84,2025-09-09T22:55:55Z,12.19,0.227,14.87,0.227,14.87,0.04,58.766
2025-09-09T23:15:00Z,114601,12.85,2025-09-09T23:00:10Z,12.06,0.227,14.8,0.227,14.8,0.04,58.64
2025-09-09T23:30:00Z,114602,12.82,2025-09-09T23:17:55Z,12,0.227,14.72,0.227,14.72,0.04,58.496
2025-09-09T23:45:00Z,114603,12.79,2025-09-09T23:43:30Z,12,0.226,14.66,0.226,14.66,0.04,58.388
2025-09-10T00:15:00Z,114605,12.81,2025-09-10T00:00:30Z,11.77,0.228,14.51,0.228,14.51,0.04,58.118
2025-09-10T00:30:00Z,114606,12.83,2025-09-10T00:21:35Z,11.53,0.228,14.49,0.228,14.49,0.04,58.082
2025-09-10T00:45:00Z,114607,12.82,2025-09-10T00:39:15Z,11.27,0.227,14.43,0.227,14.43,0.04,57.974000000000004
2025-09-10T01:00:00Z,114608,12.79,2025-09-10T00:55:40Z,11.03,0.227,14.35,0.227,14.35,0.04,57.83
2025-09-10T01:15:00Z,114609,12.81,2025-09-10T01:08:30Z,10.81,0.227,14.27,0.227,14.27,0.04,57.686
2025-09-10T01:30:00Z,114610,12.8,2025-09-10T01:23:10Z,10.61,0.227,14.18,0.227,14.18,0.04,57.524
2025-09-10T01:45:00Z,114611,12.79,2025-09-10T01:33:30Z,10.42,0.226,14.09,0.226,14.09,0.04,57.362
2025-09-10T02:00:00Z,114612,12.79,2025-09-10T01:50:35Z,10.27,0.226,14.01,0.226,14.01,0.04,57.218
2025-09-10T02:15:00Z,114613,12.79,2025-09-10T02:14:50Z,10.13,0.226,13.92,0.226,13.92,0.04,57.056
2025-09-10T02:30:00Z,114614,12.78,2025-09-10T02:18:10Z,10.06,0.225,13.85,0.225,13.85,0.04,56.93
2025-09-10T02:45:00Z,114615,12.78,2025-09-10T02:41:30Z,10.05,0.225,13.8,0.225,13.8,0.04,56.84
2025-09-10T03:00:00Z,114616,12.77,2025-09-10T02:57:25Z,10.08,0.225,13.75,0.225,13.75,0.04,56.75
2025-09-10T03:15:00Z,114617,12.77,2025-09-10T03:10:50Z,10.1,0.225,13.71,0.225,13.71,0.04,56.678000000000004
2025-09-10T03:30:00Z,114618,12.74,2025-09-10T03:24:30Z,10.11,0.225,13.66,0.225,13.66,0.04,56.588
2025-09-10T03:45:00Z,114619,12.73,2025-09-10T03:39:50Z,10.06,0.225,13.6,0.225,13.6,0.04,56.48
2025-09-10T04:00:00Z,114620,12.74,2025-09-10T03:50:50Z,9.97,0.225,13.54,0.225,13.54,0.04,56.372
2025-09-10T04:15:00Z,114621,12.71,2025-09-10T04:08:10Z,9.86,0.224,13.49,0.224,13.49,0.04,56.282
2025-09-10T04:30:00Z,114622,12.73,2025-09-10T04:17:30Z,9.78,0.224,13.45,0.224,13.45,0.04,56.21
2025-09-10T04:45:00Z,114623,12.72,2025-09-10T04:35:45Z,9.78,0.224,13.41,0.224,13.41,0.04,56.138
2025-09-10T05:00:00Z,114624,12.72,2025-09-10T04:56:10Z,9.83,0.224,13.39,0.224,13.39,0.04,56.102000000000004
2025-09-10T05:15:00Z,114625,12.7,2025-09-10T05:13:35Z,9.92,0.224,13.37,0.224,13.37,0.04,56.066
2025-09-10T05:30:00Z,114626,12.71,2025-09-10T05:21:05Z,9.96,0.224,13.35,0.224,13.35,0.04,56.03
2025-09-10T05:45:00Z,114627,12.68,2025-09-10T05:30:50Z,9.93,0.224,13.32,0.224,13.32,0.04,55.976
2025-09-10T06:00:00Z,114628,12.68,2025-09-10T05:58:15Z,9.85,0.224,13.28,0.224,13.28,0.04,55.903999999999996
2025-09-10T06:15:00Z,114629,12.68,2025-09-10T06:06:05Z,9.74,0.224,13.23,0.224,13.23,0.04,55.814
2025-09-10T06:30:00Z,114630,12.68,2025-09-10T06:19:00Z,9.66,0.223,13.18,0.223,13.18,0.04,55.724000000000004
2025-09-10T06:45:00Z,114631,12.67,2025-09-10T06:42:35Z,9.64,0.223,13.14,0.223,13.14,0.04,55.652
2025-09-10T07:00:00Z,114632,12.66,2025-09-10T06:55:00Z,9.69,0.223,13.12,0.223,13.12,0.04,55.616
2025-09-10T07:15:00Z,114633,12.63,2025-09-10T07:03:40Z,9.78,0.223,13.09,0.223,13.09,0.04,55.562
2025-09-10T07:30:00Z,114634,12.63,2025-09-10T07:20:45Z,9.88,0.223,13.06,0.223,13.06,0.04,55.508
2025-09-10T07:45:00Z,114635,12.65,2025-09-10T07:30:15Z,9.96,0.222,13.03,0.222,13.03,0.04,55.454
2025-09-10T08:00:00Z,114636,12.64,2025-09-10T07:48:10Z,10.09,0.222,13.03,0.222,13.03,0.04,55.454
2025-09-10T08:15:00Z,114637,12.68,2025-09-10T08:00:05Z,10.31,0.222,13.05,0.222,13.05,0.04,55.49
2025-09-10T08:30:00Z,114638,12.7,2025-09-10T08:15:50Z,10.58,0.222,13.08,0.222,13.08,0.04,55.544
2025-09-10T08:45:00Z,114639,12.74,2025-09-10T08:31:30Z,10.96,0.223,13.13,0.223,13.13,0.04,55.634
2025-09-10T09:00:00Z,114640,12.77,2025-09-10T08:48:20Z,11.4,0.223,13.19,0.223,13.19,0.04,55.742
2025-09-10T09:15:00Z,114641,12.87,2025-09-10T09:00:05Z,11.88,0.223,13.26,0.223,13.26,0.04,55.868
2025-09-10T09:30:00Z,114642,12.9,2025-09-10T09:16:10Z,12.33,0.224,13.35,0.224,13.35,0.04,56.03
2025-09-10T09:45:00Z,114643,12.95,2025-09-10T09:33:55Z,12.76,0.224,13.44,0.224,13.44,0.04,56.192
2025-09-10T10:00:00Z,114644,13.1,2025-09-10T09:45:05Z,13.21,0.224,13.55,0.224,13.55,0.04,56.39
2025-09-10T10:15:00Z,114645,13.22,2025-09-10T10:00:25Z,13.76,0.224,13.69,0.224,13.69,0.04,56.641999999999996
2025-09-10T10:30:00Z,114646,13.42,2025-09-10T10:15:05Z,14.4,0.224,13.83,0.224,13.83,0.04,56.894
2025-09-10T10:45:00Z,114647,13.54,2025-09-10T10:30:35Z,15.08,0.225,14.01,0.225,14.01,0.04,57.218
2025-09-10T11:00:00Z,114648,13.66,2025-09-10T10:45:35Z,15.83,0.225,14.18,0.225,14.18,0.04,57.524
2025-09-10T11:15:00Z,114649,13.76,2025-09-10T11:00:45Z,16.65,0.226,14.35,0.226,14.35,0.04,57.83
2025-09-10T11:30:00Z,114650,13.98,2025-09-10T11:15:10Z,17.48,0.226,14.52,0.226,14.52,0.04,58.136
2025-09-10T11:45:00Z,114651,14.14,2025-09-10T11:41:20Z,18.39,0.226,14.69,0.226,14.69,0.04,58.442
2025-09-10T12:00:00Z,114652,14.12,2025-09-10T11:55:55Z,19.56,0.226,14.86,0.226,14.86,0.04,58.748000000000005
2025-09-10T12:15:00Z,114653,14.09,2025-09-10T12:13:45Z,20.56,0.227,15.04,0.227,15.04,0.04,59.071999999999996
2025-09-10T12:30:00Z,114654,14.09,2025-09-10T12:15:10Z,21.25,0.227,15.18,0.227,15.18,0.04,59.324
2025-09-10T12:45:00Z,114655,14.09,2025-09-10T12:30:05Z,22.06,0.227,15.31,0.227,15.31,0.04,59.558
2025-09-10T13:00:00Z,114656,14.04,2025-09-10T12:50:55Z,23,0.228,15.45,0.228,15.45,0.04,59.809999999999995
2025-09-10T13:15:00Z,114657,14.04,2025-09-10T13:11:45Z,24.12,0.227,15.59,0.227,15.59,0.04,60.062
2025-09-10T13:30:00Z,114658,14,2025-09-10T13:19:45Z,25.95,0.228,15.72,0.228,15.72,0.04,60.29600000000001
2025-09-10T13:45:00Z,114659,13.97,2025-09-10T13:43:50Z,27.39,0.228,15.86,0.228,15.86,0.04,60.548
2025-09-10T14:00:00Z,114660,13.89,2025-09-10T13:53:45Z,28.03,0.228,15.96,0.228,15.96,0.04,60.728
2025-09-10T14:15:00Z,114661,13.52,2025-09-10T14:14:30Z,27.88,0.228,16.09,0.228,16.09,0.04,60.962
2025-09-10T14:30:00Z,114662,13.5,2025-09-10T14:24:40Z,28.58,0.228,16.24,0.228,16.24,0.04,61.232
2025-09-10T14:45:00Z,114663,13.5,2025-09-10T14:39:45Z,29.82,0.229,16.33,0.229,16.33,0.04,61.39399999999999
2025-09-10T15:00:00Z,114664,13.49,2025-09-10T14:48:25Z,30.28,0.229,16.39,0.229,16.39,0.04,61.501999999999995
2025-09-10T15:15:00Z,114665,13.47,2025-09-10T15:04:35Z,30.46,0.228,16.46,0.228,16.46,0.04,61.628
2025-09-10T15:30:00Z,114666,13.45,2025-09-10T15:17:45Z,30.14,0.228,16.57,0.228,16.57,0.04,61.826
2025-09-10T15:45:00Z,114667,13.49,2025-09-10T15:31:50Z,29.33,0.229,16.71,0.229,16.71,0.04,62.078
2025-09-10T16:00:00Z,114668,13.51,2025-09-10T15:58:20Z,28.5,0.228,16.85,0.228,16.85,0.04,62.33
2025-09-10T16:15:00Z,114669,13.52,2025-09-10T16:08:55Z,28.79,0.228,16.94,0.228,16.94,0.04,62.492000000000004
2025-09-10T16:30:00Z,114670,13.48,2025-09-10T16:24:55Z,29.31,0.228,16.98,0.228,16.98,0.04,62.564
2025-09-10T16:45:00Z,114671,13.5,2025-09-10T16:30:50Z,29.62,0.228,16.99,0.228,16.99,0.04,62.582
2025-09-10T17:00:00Z,114672,13.47,2025-09-10T16:49:00Z,29.83,0.228,17.01,0.228,17.01,0.04,62.618
2025-09-10T17:15:00Z,114673,13.45,2025-09-10T17:09:50Z,29.92,0.228,17.05,0.228,17.05,0.04,62.690000000000005
2025-09-10T17:30:00Z,114674,13.49,2025-09-10T17:25:50Z,29.87,0.228,17.07,0.228,17.07,0.04,62.726
2025-09-10T17:45:00Z,114675,13.51,2025-09-10T17:31:45Z,29.61,0.228,17.06,0.228,17.06,0.04,62.708
2025-09-10T18:00:00Z,114676,13.52,2025-09-10T17:50:45Z,28.47,0.227,17.06,0.227,17.06,0.04,62.708
2025-09-10T18:15:00Z,114677,13.57,2025-09-10T18:01:40Z,26.99,0.226,17.08,0.226,17.08,0.04,62.74399999999999
2025-09-10T18:30:00Z,114678,13.6,2025-09-10T18:15:15Z,25.9,0.227,17.13,0.227,17.13,0.04,62.833999999999996
2025-09-10T18:45:00Z,114679,13.62,2025-09-10T18:34:25Z,25,0.227,17.2,0.227,17.2,0.04,62.959999999999994
2025-09-10T19:00:00Z,114680,13.65,2025-09-10T18:45:10Z,24.09,0.226,17.22,0.226,17.22,0.04,62.995999999999995
2025-09-10T19:15:00Z,114681,13.47,2025-09-10T19:14:55Z,23.18,0.226,17.2,0.226,17.2,0.04,62.959999999999994
2025-09-10T19:30:00Z,114682,13.33,2025-09-10T19:29:55Z,22.21,0.226,17.15,0.226,17.15,0.04,62.87
2025-09-10T19:45:00Z,114683,13.23,2025-09-10T19:44:15Z,21.21,0.225,17.09,0.225,17.09,0.04,62.762
2025-09-10T20:00:00Z,114684,13.13,2025-09-10T19:58:50Z,20.24,0.225,17.02,0.225,17.02,0.04,62.636
2025-09-10T20:15:00Z,114685,13.08,2025-09-10T20:12:15Z,19.38,0.224,16.94,0.224,16.94,0.04,62.492000000000004
2025-09-10T20:30:00Z,114686,13.02,2025-09-10T20:29:20Z,18.67,0.223,16.86,0.223,16.86,0.04,62.348
2025-09-10T20:45:00Z,114687,12.97,2025-09-10T20:38:30Z,18.08,0.223,16.79,0.223,16.79,0.04,62.221999999999994
2025-09-10T21:00:00Z,114688,12.92,2025-09-10T20:55:15Z,17.51,0.223,16.71,0.223,16.71,0.04,62.078
2025-09-10T21:15:00Z,114689,12.88,2025-09-10T21:08:30Z,16.89,0.222,16.62,0.222,16.62,0.04,61.916000000000004
2025-09-10T21:30:00Z,114690,12.88,2025-09-10T21:26:25Z,16.27,0.221,16.51,0.221,16.51,0.04,61.718
2025-09-10T21:45:00Z,114691,12.87,2025-09-10T21:43:15Z,15.7,0.221,16.41,0.221,16.41,0.04,61.538
2025-09-10T22:00:00Z,114692,12.88,2025-09-10T21:58:50Z,15.17,0.221,16.3,0.221,16.3,0.04,61.34
2025-09-10T22:15:00Z,114693,12.85,2025-09-10T22:14:00Z,14.7,0.22,16.2,0.22,16.2,0.04,61.16
2025-09-10T22:30:00Z,114694,12.84,2025-09-10T22:25:50Z,14.27,0.219,16.1,0.219,16.1,0.03981818181818182,60.980000000000004
2025-09-10T22:45:00Z,114695,12.86,2025-09-10T22:44:35Z,13.9,0.219,16,0.219,16,0.03981818181818182,60.8
2025-09-10T23:00:00Z,114696,12.84,2025-09-10T22:55:55Z,13.57,0.219,15.91,0.219,15.91,0.03981818181818182,60.638
2025-09-10T23:15:00Z,114697,12.85,2025-09-10T23:00:50Z,13.28,0.218,15.81,0.218,15.81,0.039636363636363636,60.458
2025-09-10T23:30:00Z,114698,12.83,2025-09-10T23:23:25Z,13.02,0.218,15.72,0.218,15.72,0.039636363636363636,60.29600000000001
2025-09-10T23:45:00Z,114699,12.82,2025-09-10T23:40:10Z,12.79,0.218,15.59,0.218,15.59,0.039636363636363636,60.062
2025-09-11T00:15:00Z,114701,12.82,2025-09-11T00:00:50Z,12.45,0.217,15.47,0.217,15.47,0.03945454545454546,59.846000000000004
2025-09-11T00:30:00Z,114702,12.83,2025-09-11T00:17:00Z,12.33,0.217,15.4,0.217,15.4,0.03945454545454546,59.72
2025-09-11T00:45:00Z,114703,12.81,2025-09-11T00:30:25Z,12.18,0.217,15.33,0.217,15.33,0.03945454545454546,59.594
2025-09-11T01:00:00Z,114704,12.81,2025-09-11T00:57:50Z,11.98,0.216,15.25,0.216,15.25,0.03927272727272727,59.45
2025-09-11T01:15:00Z,114705,12.82,2025-09-11T01:14:40Z,11.79,0.216,15.17,0.216,15.17,0.03927272727272727,59.306
2025-09-11T01:30:00Z,114706,12.81,2025-09-11T01:23:40Z,11.62,0.216,15.09,0.216,15.09,0.03927272727272727,59.162
2025-09-11T01:45:00Z,114707,12.81,2025-09-11T01:33:30Z,11.45,0.216,15.01,0.216,15.01,0.03927272727272727,59.018
2025-09-11T02:00:00Z,114708,12.8,2025-09-11T01:54:20Z,11.28,0.215,14.93,0.215,14.93,0.03909090909090909,58.874
2025-09-11T02:15:00Z,114709,12.79,2025-09-11T02:10:15Z,11.14,0.215,14.85,0.215,14.85,0.03909090909090909,58.730000000000004
2025-09-11T02:30:00Z,114710,12.79,2025-09-11T02:30:00Z,10.96,0.215,14.77,0.215,14.77,0.03909090909090909,58.586
2025-09-11T02:45:00Z,114711,12.79,2025-09-11T02:33:10Z,10.78,0.215,14.68,0.215,14.68,0.03909090909090909,58.424
2025-09-11T03:00:00Z,114712,12.77,2025-09-11T02:47:55Z,10.62,0.215,14.53,0.215,14.53,0.03909090909090909,58.153999999999996
2025-09-11T03:15:00Z,114713,12.77,2025-09-11T03:04:25Z,10.47,0.215,14.43,0.215,14.43,0.03909090909090909,57.974000000000004
2025-09-11T03:30:00Z,114714,12.76,2025-09-11T03:15:20Z,10.32,0.215,14.36,0.215,14.36,0.03909090909090909,57.848
2025-09-11T03:45:00Z,114715,12.75,2025-09-11T03:42:50Z,10.17,0.214,14.29,0.214,14.29,0.03890909090909091,57.721999999999994
2025-09-11T04:00:00Z,114716,12.76,2025-09-11T03:50:00Z,10.02,0.214,14.22,0.214,14.22,0.03890909090909091,57.596000000000004
2025-09-11T04:15:00Z,114717,12.72,2025-09-11T04:10:20Z,9.89,0.214,14.15,0.214,14.15,0.03890909090909091,57.47
2025-09-11T04:30:00Z,114718,12.75,2025-09-11T04:27:20Z,9.77,0.214,14.08,0.214,14.08,0.03890909090909091,57.344
2025-09-11T04:45:00Z,114719,12.73,2025-09-11T04:35:20Z,9.66,0.214,14.01,0.214,14.01,0.03890909090909091,57.218
2025-09-11T05:00:00Z,114720,12.73,2025-09-11T04:48:40Z,9.57,0.213,13.94,0.213,13.94,0.03872727272727273,57.092
2025-09-11T05:15:00Z,114721,12.72,2025-09-11T05:12:40Z,9.48,0.213,13.87,0.213,13.87,0.03872727272727273,56.966
2025-09-11T05:30:00Z,114722,12.71,2025-09-11T05:20:40Z,9.42,0.213,13.8,0.213,13.8,0.03872727272727273,56.84
2025-09-11T05:45:00Z,114723,12.71,2025-09-11T05:39:20Z,9.35,0.213,13.74,0.213,13.74,0.03872727272727273,56.732
2025-09-11T06:00:00Z,114724,12.71,2025-09-11T05:47:20Z,9.28,0.214,13.63,0.214,13.63,0.03890909090909091,56.534
2025-09-11T06:15:00Z,114725,12.69,2025-09-11T06:14:00Z,9.21,0.214,13.59,0.214,13.59,0.03890909090909091,56.462
2025-09-11T06:30:00Z,114726,12.69,2025-09-11T06:24:40Z,9.14,0.214,13.57,0.214,13.57,0.03890909090909091,56.426
2025-09-11T06:45:00Z,114727,12.67,2025-09-11T06:42:05Z,9.09,0.214,13.52,0.214,13.52,0.03890909090909091,56.336
2025-09-11T07:00:00Z,114728,12.67,2025-09-11T06:53:45Z,9.06,0.213,13.47,0.213,13.47,0.03872727272727273,56.246
2025-09-11T07:15:00Z,114729,12.67,2025-09-11T07:07:20Z,9.03,0.213,13.42,0.213,13.42,0.03872727272727273,56.156
2025-09-11T07:30:00Z,114730,12.68,2025-09-11T07:16:30Z,9,0.212,13.35,0.212,13.35,0.03854545454545454,56.03
2025-09-11T07:45:00Z,114731,12.68,2025-09-11T07:30:15Z,8.99,0.212,13.33,0.212,13.33,0.03854545454545454,55.994
2025-09-11T08:00:00Z,114732,12.68,2025-09-11T07:45:20Z,9.03,0.212,13.31,0.212,13.31,0.03854545454545454,55.958
2025-09-11T08:15:00Z,114733,12.69,2025-09-11T08:03:20Z,9.12,0.212,13.28,0.212,13.28,0.03854545454545454,55.903999999999996
2025-09-11T08:30:00Z,114734,12.7,2025-09-11T08:17:55Z,9.28,0.212,13.25,0.212,13.25,0.03854545454545454,55.85
2025-09-11T08:45:00Z,114735,12.72,2025-09-11T08:43:40Z,9.51,0.212,13.23,0.212,13.23,0.03854545454545454,55.814
2025-09-11T09:00:00Z,114736,12.73,2025-09-11T08:45:30Z,9.81,0.212,13.23,0.212,13.23,0.03854545454545454,55.814
2025-09-11T09:15:00Z,114737,12.77,2025-09-11T09:00:15Z,10.23,0.212,13.23,0.212,13.23,0.03854545454545454,55.814
2025-09-11T09:30:00Z,114738,12.79,2025-09-11T09:15:10Z,10.77,0.212,13.25,0.212,13.25,0.03854545454545454,55.85
2025-09-11T09:45:00Z,114739,12.81,2025-09-11T09:40:35Z,11.42,0.212,13.28,0.212,13.28,0.03854545454545454,55.903999999999996
2025-09-11T10:00:00Z,114740,12.83,2025-09-11T09:49:45Z,12.28,0.212,13.33,0.212,13.33,0.03854545454545454,55.994
2025-09-11T10:15:00Z,114741,12.88,2025-09-11T10:00:35Z,13.27,0.213,13.4,0.213,13.4,0.03872727272727273,56.120000000000005
2025-09-11T10:30:00Z,114742,12.9,2025-09-11T10:15:15Z,14.03,0.213,13.48,0.213,13.48,0.03872727272727273,56.264
2025-09-11T10:45:00Z,114743,12.84,2025-09-11T10:41:45Z,14.87,0.213,13.57,0.213,13.57,0.03872727272727273,56.426
2025-09-11T11:00:00Z,114744,12.96,2025-09-11T10:46:55Z,15.94,0.213,13.67,0.213,13.67,0.03872727272727273,56.606
2025-09-11T11:15:00Z,114745,12.9,2025-09-11T11:03:00Z,17.08,0.213,13.76,0.213,13.76,0.03872727272727273,56.768
2025-09-11T11:30:00Z,114746,13.03,2025-09-11T11:21:30Z,18.24,0.213,13.85,0.213,13.85,0.03872727272727273,56.93
2025-09-11T11:45:00Z,114747,13.04,2025-09-11T11:30:55Z,19.27,0.214,13.93,0.214,13.93,0.03890909090909091,57.074
2025-09-11T12:00:00Z,114748,13.18,2025-09-11T11:45:10Z,20.59,0.213,14.01,0.213,14.01,0.03872727272727273,57.218
2025-09-11T12:15:00Z,114749,13.29,2025-09-11T12:00:10Z,22.18,0.213,14.1,0.213,14.1,0.03872727272727273,57.379999999999995
2025-09-11T12:30:00Z,114750,13.57,2025-09-11T12:15:05Z,23.73,0.213,14.2,0.213,14.2,0.03872727272727273,57.56
2025-09-11T12:45:00Z,114751,13.69,2025-09-11T12:43:15Z,25.02,0.213,14.32,0.213,14.32,0.03872727272727273,57.775999999999996
2025-09-11T13:00:00Z,114752,13.7,2025-09-11T12:45:05Z,26.18,0.213,14.45,0.213,14.45,0.03872727272727273,58.01
2025-09-11T13:15:00Z,114753,13.81,2025-09-11T13:11:35Z,27.39,0.214,14.57,0.214,14.57,0.03890909090909091,58.226
2025-09-11T13:30:00Z,114754,13.92,2025-09-11T13:27:05Z,29.01,0.213,14.67,0.213,14.67,0.03872727272727273,58.406
2025-09-11T13:45:00Z,114755,13.89,2025-09-11T13:32:05Z,30.62,0.213,14.79,0.213,14.79,0.03872727272727273,58.622
2025-09-11T14:00:00Z,114756,13.84,2025-09-11T13:56:55Z,31.81,0.214,14.93,0.214,14.93,0.03890909090909091,58.874
2025-09-11T14:15:00Z,114757,13.84,2025-09-11T14:10:45Z,32.34,0.213,15.06,0.213,15.06,0.03872727272727273,59.108
2025-09-11T14:30:00Z,114758,13.47,2025-09-11T14:29:25Z,32.91,0.213,15.19,0.213,15.19,0.03872727272727273,59.342
2025-09-11T14:45:00Z,114759,13.41,2025-09-11T14:43:40Z,33.36,0.214,15.33,0.214,15.33,0.03890909090909091,59.594
2025-09-11T15:00:00Z,114760,13.38,2025-09-11T14:54:25Z,33.65,0.214,15.5,0.214,15.5,0.03890909090909091,59.9
2025-09-11T15:15:00Z,114761,13.25,2025-09-11T15:04:00Z,33.21,0.214,15.73,0.214,15.73,0.03890909090909091,60.314
2025-09-11T15:30:00Z,114762,13.42,2025-09-11T15:16:50Z,32.02,0.215,15.99,0.215,15.99,0.03909090909090909,60.782
2025-09-11T15:45:00Z,114763,13.37,2025-09-11T15:39:15Z,30.83,0.215,16.23,0.215,16.23,0.03909090909090909,61.214
2025-09-11T16:00:00Z,114764,13.47,2025-09-11T15:48:20Z,30,0.215,16.4,0.215,16.4,0.03909090909090909,61.519999999999996
2025-09-11T16:15:00Z,114765,13.34,2025-09-11T16:02:20Z,30.16,0.216,16.6,0.216,16.6,0.03927272727272727,61.88
2025-09-11T16:30:00Z,114766,13.45,2025-09-11T16:29:20Z,30.74,0.216,16.79,0.216,16.79,0.03927272727272727,62.221999999999994
2025-09-11T16:45:00Z,114767,13.44,2025-09-11T16:33:00Z,31.23,0.217,16.95,0.217,16.95,0.03945454545454546,62.51
2025-09-11T17:00:00Z,114768,13.44,2025-09-11T16:59:25Z,31.58,0.217,17.09,0.217,17.09,0.03945454545454546,62.762
2025-09-11T17:15:00Z,114769,13.4,2025-09-11T17:00:30Z,31.67,0.218,17.23,0.218,17.23,0.039636363636363636,63.013999999999996
2025-09-11T17:30:00Z,114770,13.42,2025-09-11T17:19:15Z,31.45,0.218,17.31,0.218,17.31,0.039636363636363636,63.158
2025-09-11T17:45:00Z,114771,13.32,2025-09-11T17:40:55Z,30.96,0.217,17.36,0.217,17.36,0.03945454545454546,63.248000000000005
2025-09-11T18:00:00Z,114772,13.45,2025-09-11T17:47:05Z,30.43,0.217,17.37,0.217,17.37,0.03945454545454546,63.266000000000005
2025-09-11T18:15:00Z,114773,13.39,2025-09-11T18:05:35Z,29.77,0.217,17.43,0.217,17.43,0.03945454545454546,63.374
2025-09-11T18:30:00Z,114774,13.52,2025-09-11T18:18:00Z,28.41,0.217,17.47,0.217,17.47,0.03945454545454546,63.446
2025-09-11T18:45:00Z,114775,13.53,2025-09-11T18:42:00Z,26.88,0.216,17.45,0.216,17.45,0.03927272727272727,63.41
2025-09-11T19:00:00Z,114776,13.37,2025-09-11T18:59:40Z,25.57,0.216,17.41,0.216,17.41,0.03927272727272727,63.338
2025-09-11T19:15:00Z,114777,13.28,2025-09-11T19:14:15Z,24.37,0.216,17.36,0.216,17.36,0.03927272727272727,63.248000000000005
2025-09-11T19:30:00Z,114778,13.19,2025-09-11T19:28:00Z,23.24,0.215,17.3,0.215,17.3,0.03909090909090909,63.14
2025-09-11T19:45:00Z,114779,13.14,2025-09-11T19:44:40Z,22.14,0.215,17.23,0.215,17.23,0.03909090909090909,63.013999999999996
2025-09-11T20:00:00Z,114780,13.07,2025-09-11T19:58:55Z,21.08,0.214,17.14,0.214,17.14,0.03890909090909091,62.852
2025-09-11T20:15:00Z,114781,13,2025-09-11T20:14:55Z,20.08,0.214,17.03,0.214,17.03,0.03890909090909091,62.654
2025-09-11T20:30:00Z,114782,12.94,2025-09-11T20:26:50Z,19.19,0.213,16.92,0.213,16.92,0.03872727272727273,62.456
2025-09-11T20:45:00Z,114783,12.89,2025-09-11T20:43:20Z,18.39,0.212,16.82,0.212,16.82,0.03854545454545454,62.275999999999996
2025-09-11T21:00:00Z,114784,12.9,2025-09-11T20:57:35Z,17.64,0.211,16.71,0.211,16.71,0.038363636363636364,62.078
2025-09-11T21:15:00Z,114785,12.89,2025-09-11T21:10:55Z,16.99,0.211,16.6,0.211,16.6,0.038363636363636364,61.88
2025-09-11T21:30:00Z,114786,12.87,2025-09-11T21:18:05Z,16.39,0.21,16.5,0.21,16.5,0.03818181818181818,61.7
2025-09-11T21:45:00Z,114787,12.87,2025-09-11T21:42:55Z,15.88,0.209,16.4,0.209,16.4,0.038,61.519999999999996
2025-09-11T22:00:00Z,114788,12.84,2025-09-11T21:45:05Z,15.45,0.211,16.32,0.211,16.32,0.038363636363636364,61.376
2025-09-11T22:15:00Z,114789,12.84,2025-09-11T22:13:05Z,15.03,0.211,16.25,0.211,16.25,0.038363636363636364,61.25
2025-09-11T22:30:00Z,114790,12.82,2025-09-11T22:17:05Z,14.7,0.21,16.16,0.21,16.16,0.03818181818181818,61.088
2025-09-11T22:45:00Z,114791,12.83,2025-09-11T22:40:30Z,14.42,0.21,16.06,0.21,16.06,0.03818181818181818,60.908
2025-09-11T23:00:00Z,114792,12.84,2025-09-11T22:59:50Z,14.18,0.209,15.98,0.209,15.98,0.038,60.763999999999996
2025-09-11T23:15:00Z,114793,12.82,2025-09-11T23:08:00Z,13.91,0.209,15.89,0.209,15.89,0.038,60.602
2025-09-11T23:30:00Z,114794,12.82,2025-09-11T23:21:50Z,13.65,0.208,15.8,0.208,15.8,0.03781818181818182,60.440000000000005
2025-09-11T23:45:00Z,114795,12.83,2025-09-11T23:35:05Z,13.41,0.208,15.71,0.208,15.71,0.03781818181818182,60.278000000000006
2025-09-12T00:15:00Z,114797,12.82,2025-09-12T00:06:55Z,13.01,0.207,15.56,0.207,15.56,0.037636363636363634,60.007999999999996
2025-09-12T00:30:00Z,114798,12.81,2025-09-12T00:28:20Z,12.82,0.207,15.48,0.207,15.48,0.037636363636363634,59.864
2025-09-12T00:45:00Z,114799,12.81,2025-09-12T00:38:40Z,12.63,0.206,15.4,0.206,15.4,0.037454545454545456,59.72
2025-09-12T01:00:00Z,114800,12.79,2025-09-12T00:55:50Z,12.46,0.206,15.33,0.206,15.33,0.037454545454545456,59.594
2025-09-12T01:15:00Z,114801,12.81,2025-09-12T01:01:50Z,12.29,0.206,15.25,0.206,15.25,0.037454545454545456,59.45
2025-09-12T01:30:00Z,114802,12.81,2025-09-12T01:21:35Z,12.12,0.205,15.18,0.205,15.18,0.03727272727272727,59.324
2025-09-12T01:45:00Z,114803,12.8,2025-09-12T01:31:05Z,11.96,0.205,15.11,0.205,15.11,0.03727272727272727,59.198
2025-09-12T02:00:00Z,114804,12.77,2025-09-12T01:51:00Z,11.83,0.205,15.04,0.205,15.04,0.03727272727272727,59.071999999999996
2025-09-12T02:15:00Z,114805,12.79,2025-09-12T02:02:40Z,11.69,0.204,14.97,0.204,14.97,0.03709090909090909,58.946000000000005
2025-09-12T02:30:00Z,114806,12.77,2025-09-12T02:18:25Z,11.58,0.204,14.9,0.204,14.9,0.03709090909090909,58.82
2025-09-12T02:45:00Z,114807,12.78,2025-09-12T02:33:55Z,11.48,0.204,14.83,0.204,14.83,0.03709090909090909,58.694
2025-09-12T03:00:00Z,114808,12.76,2025-09-12T02:45:55Z,11.36,0.203,14.76,0.203,14.76,0.03690909090909091,58.568
2025-09-12T03:15:00Z,114809,12.74,2025-09-12T03:13:25Z,11.27,0.203,14.7,0.203,14.7,0.03690909090909091,58.459999999999994
2025-09-12T03:30:00Z,114810,12.74,2025-09-12T03:15:15Z,11.17,0.203,14.63,0.203,14.63,0.03690909090909091,58.334
2025-09-12T03:45:00Z,114811,12.76,2025-09-12T03:39:25Z,11.07,0.202,14.57,0.202,14.57,0.036727272727272726,58.226
2025-09-12T04:00:00Z,114812,12.74,2025-09-12T03:56:10Z,10.98,0.202,14.5,0.202,14.5,0.036727272727272726,58.1
2025-09-12T04:15:00Z,114813,12.73,2025-09-12T04:08:25Z,10.91,0.202,14.44,0.202,14.44,0.036727272727272726,57.992000000000004
2025-09-12T04:30:00Z,114814,12.73,2025-09-12T04:26:40Z,10.85,0.202,14.38,0.202,14.38,0.036727272727272726,57.884
2025-09-12T04:45:00Z,114815,12.73,2025-09-12T04:43:30Z,10.77,0.202,14.32,0.202,14.32,0.036727272727272726,57.775999999999996
2025-09-12T05:00:00Z,114816,12.7,2025-09-12T04:58:30Z,10.69,0.202,14.27,0.202,14.27,0.036727272727272726,57.686
2025-09-12T05:15:00Z,114817,12.71,2025-09-12T05:05:15Z,10.62,0.201,14.21,0.201,14.21,0.03654545454545455,57.578
2025-09-12T05:30:00Z,114818,12.7,2025-09-12T05:25:10Z,10.56,0.201,14.15,0.201,14.15,0.03654545454545455,57.47
2025-09-12T05:45:00Z,114819,12.69,2025-09-12T05:38:30Z,10.5,0.201,14.1,0.201,14.1,0.03654545454545455,57.379999999999995
2025-09-12T06:00:00Z,114820,12.68,2025-09-12T05:58:30Z,10.44,0.201,14.05,0.201,14.05,0.03654545454545455,57.29
2025-09-12T06:15:00Z,114821,12.68,2025-09-12T06:13:10Z,10.4,0.201,14.01,0.201,14.01,0.03654545454545455,57.218
2025-09-12T06:30:00Z,114822,12.66,2025-09-12T06:25:55Z,10.35,0.201,13.95,0.201,13.95,0.03654545454545455,57.11
2025-09-12T06:45:00Z,114823,12.66,2025-09-12T06:42:30Z,10.31,0.201,13.9,0.201,13.9,0.03654545454545455,57.02
2025-09-12T07:00:00Z,114824,12.64,2025-09-12T06:55:15Z,10.28,0.201,13.85,0.201,13.85,0.03654545454545455,56.93
2025-09-12T07:15:00Z,114825,12.66,2025-09-12T07:01:10Z,10.24,0.2,13.8,0.2,13.8,0.03636363636363637,56.84
2025-09-12T07:30:00Z,114826,12.64,2025-09-12T07:20:55Z,10.19,0.2,13.75,0.2,13.75,0.03636363636363637,56.75
2025-09-12T07:45:00Z,114827,12.66,2025-09-12T07:33:10Z,10.16,0.2,13.71,0.2,13.71,0.03636363636363637,56.678000000000004
2025-09-12T08:00:00Z,114828,12.66,2025-09-12T07:48:25Z,10.16,0.199,13.67,0.199,13.67,0.03618181818181818,56.606
2025-09-12T08:15:00Z,114829,12.68,2025-09-12T08:02:20Z,10.25,0.199,13.64,0.199,13.64,0.03618181818181818,56.552
2025-09-12T08:30:00Z,114830,12.68,2025-09-12T08:16:05Z,10.41,0.199,13.63,0.199,13.63,0.03618181818181818,56.534
2025-09-12T08:45:00Z,114831,12.72,2025-09-12T08:30:05Z,10.66,0.199,13.64,0.199,13.64,0.03618181818181818,56.552
2025-09-12T09:00:00Z,114832,12.73,2025-09-12T08:48:00Z,11.01,0.199,13.66,0.199,13.66,0.03618181818181818,56.588
2025-09-12T09:15:00Z,114833,12.77,2025-09-12T09:00:35Z,11.47,0.199,13.69,0.199,13.69,0.03618181818181818,56.641999999999996
2025-09-12T09:30:00Z,114834,12.79,2025-09-12T09:15:40Z,12.02,0.2,13.73,0.2,13.73,0.03636363636363637,56.714
2025-09-12T09:45:00Z,114835,12.8,2025-09-12T09:32:45Z,12.65,0.2,13.78,0.2,13.78,0.03636363636363637,56.804
2025-09-12T10:00:00Z,114836,12.83,2025-09-12T09:46:30Z,13.32,0.2,13.84,0.2,13.84,0.03636363636363637,56.912
2025-09-12T10:15:00Z,114837,12.85,2025-09-12T10:06:00Z,14.05,0.2,13.91,0.2,13.91,0.03636363636363637,57.038
2025-09-12T10:30:00Z,114838,12.79,2025-09-12T10:27:55Z,14.72,0.2,13.98,0.2,13.98,0.03636363636363637,57.164
2025-09-12T10:45:00Z,114839,12.8,2025-09-12T10:33:35Z,15.23,0.201,14.06,0.201,14.06,0.03654545454545455,57.308
2025-09-12T11:00:00Z,114840,12.92,2025-09-12T10:45:30Z,15.72,0.201,14.15,0.201,14.15,0.03654545454545455,57.47
2025-09-12T11:15:00Z,114841,12.97,2025-09-12T11:01:05Z,16.48,0.201,14.24,0.201,14.24,0.03654545454545455,57.632
2025-09-12T11:30:00Z,114842,13,2025-09-12T11:16:30Z,17.5,0.201,14.33,0.201,14.33,0.03654545454545455,57.794
2025-09-12T11:45:00Z,114843,12.99,2025-09-12T11:39:15Z,18.49,0.202,14.42,0.202,14.42,0.036727272727272726,57.956
2025-09-12T12:00:00Z,114844,13.18,2025-09-12T11:45:05Z,19.82,0.201,14.5,0.201,14.5,0.03654545454545455,58.1
2025-09-12T12:15:00Z,114845,13.21,2025-09-12T12:01:10Z,21.34,0.202,14.59,0.202,14.59,0.036727272727272726,58.262
2025-09-12T12:30:00Z,114846,13.41,2025-09-12T12:15:35Z,22.61,0.201,14.69,0.201,14.69,0.03654545454545455,58.442
2025-09-12T12:45:00Z,114847,13.52,2025-09-12T12:30:55Z,23.78,0.202,14.79,0.202,14.79,0.036727272727272726,58.622
2025-09-12T13:00:00Z,114848,13.66,2025-09-12T12:45:20Z,24.83,0.202,14.9,0.202,14.9,0.036727272727272726,58.82
2025-09-12T13:15:00Z,114849,13.97,2025-09-12T13:06:10Z,26.02,0.202,15.02,0.202,15.02,0.036727272727272726,59.036
2025-09-12T13:30:00Z,114850,13.93,2025-09-12T13:27:45Z,28.26,0.203,15.16,0.203,15.16,0.03690909090909091,59.288
2025-09-12T13:45:00Z,114851,13.89,2025-09-12T13:37:40Z,30.07,0.203,15.31,0.203,15.31,0.03690909090909091,59.558
2025-09-12T14:00:00Z,114852,13.88,2025-09-12T13:54:00Z,31.09,0.204,15.53,0.204,15.53,0.03709090909090909,59.95399999999999
2025-09-12T14:15:00Z,114853,13.83,2025-09-12T14:13:05Z,31.86,0.205,15.73,0.205,15.73,0.03727272727272727,60.314
2025-09-12T14:30:00Z,114854,13.86,2025-09-12T14:26:55Z,32.11,0.205,15.94,0.205,15.94,0.03727272727272727,60.692
2025-09-12T14:45:00Z,114855,13.51,2025-09-12T14:44:45Z,32.51,0.205,16.15,0.205,16.15,0.03727272727272727,61.07
2025-09-12T15:00:00Z,114856,13.43,2025-09-12T14:57:50Z,33.1,0.206,16.32,0.206,16.32,0.037454545454545456,61.376
2025-09-12T15:15:00Z,114857,13.4,2025-09-12T15:08:35Z,33.53,0.206,16.51,0.206,16.51,0.037454545454545456,61.718
2025-09-12T15:30:00Z,114858,13.41,2025-09-12T15:24:20Z,33.55,0.207,16.73,0.207,16.73,0.037636363636363634,62.114
2025-09-12T15:45:00Z,114859,13.41,2025-09-12T15:33:10Z,33.19,0.208,17,0.208,17,0.03781818181818182,62.6
2025-09-12T16:00:00Z,114860,13.4,2025-09-12T15:55:25Z,32.68,0.209,17.22,0.209,17.22,0.038,62.995999999999995
2025-09-12T16:15:00Z,114861,13.41,2025-09-12T16:00:05Z,32.11,0.211,17.38,0.211,17.38,0.038363636363636364,63.284
2025-09-12T16:30:00Z,114862,13.44,2025-09-12T16:27:40Z,31.26,0.21,17.47,0.21,17.47,0.03818181818181818,63.446
2025-09-12T16:45:00Z,114863,13.44,2025-09-12T16:44:20Z,31.2,0.211,17.57,0.211,17.57,0.038363636363636364,63.626
2025-09-12T17:00:00Z,114864,13.44,2025-09-12T16:55:45Z,31.52,0.212,17.72,0.212,17.72,0.03854545454545454,63.896
2025-09-12T17:15:00Z,114865,13.43,2025-09-12T17:02:55Z,31.12,0.212,17.79,0.212,17.79,0.03854545454545454,64.02199999999999
2025-09-12T17:30:00Z,114866,13.46,2025-09-12T17:26:05Z,30.71,0.212,17.83,0.212,17.83,0.03854545454545454,64.094
2025-09-12T17:45:00Z,114867,13.46,2025-09-12T17:30:20Z,30.34,0.212,17.84,0.212,17.84,0.03854545454545454,64.112
2025-09-12T18:00:00Z,114868,13.45,2025-09-12T17:50:30Z,29.67,0.212,17.83,0.212,17.83,0.03854545454545454,64.094
2025-09-12T18:15:00Z,114869,13.4,2025-09-12T18:13:10Z,28.34,0.212,17.8,0.212,17.8,0.03854545454545454,64.04
2025-09-12T18:30:00Z,114870,13.4,2025-09-12T18:21:05Z,26.67,0.21,17.76,0.21,17.76,0.03818181818181818,63.968
2025-09-12T18:45:00Z,114871,13.42,2025-09-12T18:45:00Z,25.11,0.209,17.71,0.209,17.71,0.038,63.878
2025-09-12T19:00:00Z,114872,13.35,2025-09-12T18:48:45Z,23.79,0.209,17.66,0.209,17.66,0.038,63.788
2025-09-12T19:15:00Z,114873,13.3,2025-09-12T19:14:55Z,22.71,0.209,17.61,0.209,17.61,0.038,63.698
2025-09-12T19:30:00Z,114874,13.22,2025-09-12T19:29:45Z,21.81,0.208,17.55,0.208,17.55,0.03781818181818182,63.59
2025-09-12T19:45:00Z,114875,13.15,2025-09-12T19:45:00Z,21.06,0.208,17.49,0.208,17.49,0.03781818181818182,63.482
2025-09-12T20:00:00Z,114876,13.08,2025-09-12T19:58:40Z,20.37,0.208,17.41,0.208,17.41,0.03781818181818182,63.338
2025-09-12T20:15:00Z,114877,12.99,2025-09-12T20:13:45Z,19.76,0.207,17.33,0.207,17.33,0.037636363636363634,63.193999999999996
2025-09-12T20:30:00Z,114878,12.97,2025-09-12T20:27:25Z,19.18,0.206,17.25,0.206,17.25,0.037454545454545456,63.05
2025-09-12T20:45:00Z,114879,12.93,2025-09-12T20:38:45Z,18.65,0.206,17.16,0.206,17.16,0.037454545454545456,62.888
2025-09-12T21:00:00Z,114880,12.91,2025-09-12T20:53:10Z,18.14,0.205,17.07,0.205,17.07,0.03727272727272727,62.726
2025-09-12T21:15:00Z,114881,12.88,2025-09-12T21:06:05Z,17.67,0.204,16.98,0.204,16.98,0.03709090909090909,62.564
2025-09-12T21:30:00Z,114882,12.87,2025-09-12T21:28:45Z,17.19,0.204,16.88,0.204,16.88,0.03709090909090909,62.384
2025-09-12T21:45:00Z,114883,12.79,2025-09-12T21:33:35Z,16.7,0.203,16.78,0.203,16.78,0.03690909090909091,62.204
2025-09-12T22:00:00Z,114884,12.85,2025-09-12T21:55:25Z,16.26,0.202,16.68,0.202,16.68,0.036727272727272726,62.024
2025-09-12T22:15:00Z,114885,12.85,2025-09-12T22:03:25Z,15.86,0.202,16.59,0.202,16.59,0.036727272727272726,61.862
2025-09-12T22:30:00Z,114886,12.82,2025-09-12T22:19:00Z,15.5,0.201,16.5,0.201,16.5,0.03654545454545455,61.7
2025-09-12T22:45:00Z,114887,12.82,2025-09-12T22:30:05Z,15.16,0.201,16.41,0.201,16.41,0.03654545454545455,61.538
2025-09-12T23:00:00Z,114888,12.8,2025-09-12T22:56:20Z,14.86,0.2,16.33,0.2,16.33,0.03636363636363637,61.39399999999999
2025-09-12T23:15:00Z,114889,12.84,2025-09-12T23:02:05Z,14.6,0.2,16.24,0.2,16.24,0.03636363636363637,61.232
2025-09-12T23:30:00Z,114890,12.81,2025-09-12T23:23:55Z,14.38,0.199,16.16,0.199,16.16,0.03618181818181818,61.088
2025-09-12T23:45:00Z,114891,12.81,2025-09-12T23:30:30Z,14.18,0.199,16.07,0.199,16.07,0.03618181818181818,60.926
2025-09-13T00:15:00Z,114893,12.81,2025-09-13T00:01:10Z,13.8,0.198,15.91,0.198,15.91,0.036000000000000004,60.638
2025-09-13T00:30:00Z,114894,12.81,2025-09-13T00:23:40Z,13.66,0.198,15.84,0.198,15.84,0.036000000000000004,60.512
2025-09-13T00:45:00Z,114895,12.82,2025-09-13T00:30:25Z,13.55,0.198,15.78,0.198,15.78,0.036000000000000004,60.403999999999996
2025-09-13T01:00:00Z,114896,12.81,2025-09-13T00:51:45Z,13.45,0.198,15.71,0.198,15.71,0.036000000000000004,60.278000000000006
2025-09-13T01:15:00Z,114897,12.81,2025-09-13T01:03:55Z,13.36,0.197,15.65,0.197,15.65,0.03581818181818182,60.17
2025-09-13T01:30:00Z,114898,12.78,2025-09-13T01:23:35Z,13.28,0.197,15.6,0.197,15.6,0.03581818181818182,60.08
2025-09-13T01:45:00Z,114899,12.79,2025-09-13T01:33:10Z,13.2,0.197,15.55,0.197,15.55,0.03581818181818182,59.99
2025-09-13T02:00:00Z,114900,12.79,2025-09-13T01:49:40Z,13.1,0.197,15.49,0.197,15.49,0.03581818181818182,59.882
2025-09-13T02:15:00Z,114901,12.78,2025-09-13T02:05:10Z,12.98,0.198,15.43,0.198,15.43,0.036000000000000004,59.774
2025-09-13T02:30:00Z,114902,12.78,2025-09-13T02:23:50Z,12.86,0.198,15.38,0.198,15.38,0.036000000000000004,59.684000000000005
2025-09-13T02:45:00Z,114903,12.76,2025-09-13T02:38:35Z,12.76,0.198,15.32,0.198,15.32,0.036000000000000004,59.576
2025-09-13T03:00:00Z,114904,12.77,2025-09-13T02:51:20Z,12.64,0.198,15.26,0.198,15.26,0.036000000000000004,59.468
2025-09-13T03:15:00Z,114905,12.77,2025-09-13T03:04:40Z,12.51,0.197,15.2,0.197,15.2,0.03581818181818182,59.36
2025-09-13T03:30:00Z,114906,12.76,2025-09-13T03:26:40Z,12.42,0.197,15.14,0.197,15.14,0.03581818181818182,59.251999999999995
2025-09-13T03:45:00Z,114907,12.76,2025-09-13T03:32:10Z,12.33,0.197,15.07,0.197,15.07,0.03581818181818182,59.126
2025-09-13T04:00:00Z,114908,12.74,2025-09-13T03:59:20Z,12.21,0.196,15,0.196,15,0.03563636363636364,59
2025-09-13T04:15:00Z,114909,12.74,2025-09-13T04:00:10Z,12.06,0.196,14.93,0.196,14.93,0.03563636363636364,58.874
2025-09-13T04:30:00Z,114910,12.74,2025-09-13T04:22:35Z,11.91,0.196,14.87,0.196,14.87,0.03563636363636364,58.766
2025-09-13T04:45:00Z,114911,12.72,2025-09-13T04:36:20Z,11.78,0.196,14.8,0.196,14.8,0.03563636363636364,58.64
2025-09-13T05:00:00Z,114912,12.69,2025-09-13T04:55:20Z,11.67,0.196,14.74,0.196,14.74,0.03563636363636364,58.532
2025-09-13T05:15:00Z,114913,12.7,2025-09-13T05:03:45Z,11.54,0.195,14.68,0.195,14.68,0.035454545454545454,58.424
2025-09-13T05:30:00Z,114914,12.71,2025-09-13T05:15:50Z,11.41,0.195,14.61,0.195,14.61,0.035454545454545454,58.298
2025-09-13T05:45:00Z,114915,12.68,2025-09-13T05:31:10Z,11.27,0.195,14.54,0.195,14.54,0.035454545454545454,58.172
2025-09-13T06:00:00Z,114916,12.64,2025-09-13T05:58:40Z,11.16,0.194,14.48,0.194,14.48,0.035272727272727275,58.064
2025-09-13T06:15:00Z,114917,12.69,2025-09-13T06:08:15Z,11.08,0.194,14.42,0.194,14.42,0.035272727272727275,57.956
2025-09-13T06:30:00Z,114918,12.68,2025-09-13T06:25:55Z,11.01,0.194,14.36,0.194,14.36,0.035272727272727275,57.848
2025-09-13T06:45:00Z,114919,12.68,2025-09-13T06:32:00Z,10.99,0.194,14.33,0.194,14.33,0.035272727272727275,57.794
2025-09-13T07:00:00Z,114920,12.66,2025-09-13T06:49:40Z,11.01,0.193,14.29,0.193,14.29,0.035090909090909096,57.721999999999994
2025-09-13T07:15:00Z,114921,12.66,2025-09-13T07:03:00Z,10.98,0.193,14.24,0.193,14.24,0.035090909090909096,57.632
2025-09-13T07:30:00Z,114922,12.64,2025-09-13T07:18:05Z,10.97,0.193,14.2,0.193,14.2,0.035090909090909096,57.56
2025-09-13T07:45:00Z,114923,12.67,2025-09-13T07:32:20Z,10.99,0.193,14.17,0.193,14.17,0.035090909090909096,57.506
2025-09-13T08:00:00Z,114924,12.68,2025-09-13T07:45:40Z,11.1,0.192,14.17,0.192,14.17,0.03490909090909091,57.506
2025-09-13T08:15:00Z,114925,12.71,2025-09-13T08:01:40Z,11.33,0.192,14.19,0.192,14.19,0.03490909090909091,57.542
2025-09-13T08:30:00Z,114926,12.76,2025-09-13T08:15:05Z,11.72,0.193,14.26,0.193,14.26,0.035090909090909096,57.668
2025-09-13T08:45:00Z,114927,12.79,2025-09-13T08:31:00Z,12.19,0.193,14.36,0.193,14.36,0.035090909090909096,57.848
2025-09-13T09:00:00Z,114928,12.85,2025-09-13T08:47:00Z,12.74,0.194,14.48,0.194,14.48,0.035272727272727275,58.064
2025-09-13T09:15:00Z,114929,12.92,2025-09-13T09:00:10Z,13.3,0.194,14.62,0.194,14.62,0.035272727272727275,58.315999999999995
2025-09-13T09:30:00Z,114930,12.99,2025-09-13T09:15:05Z,13.87,0.195,14.78,0.195,14.78,0.035454545454545454,58.604
2025-09-13T09:45:00Z,114931,13.04,2025-09-13T09:30:05Z,14.44,0.196,14.93,0.196,14.93,0.03563636363636364,58.874
2025-09-13T10:00:00Z,114932,13.11,2025-09-13T09:45:05Z,14.97,0.197,15.08,0.197,15.08,0.03581818181818182,59.144
2025-09-13T10:15:00Z,114933,13.13,2025-09-13T10:04:10Z,15.53,0.197,15.23,0.197,15.23,0.03581818181818182,59.414
2025-09-13T10:30:00Z,114934,13.22,2025-09-13T10:15:05Z,15.97,0.198,15.38,0.198,15.38,0.036000000000000004,59.684000000000005
2025-09-13T10:45:00Z,114935,13.28,2025-09-13T10:31:00Z,16.45,0.199,15.52,0.199,15.52,0.03618181818181818,59.936
2025-09-13T11:00:00Z,114936,13.28,2025-09-13T10:53:40Z,16.89,0.2,15.64,0.2,15.64,0.03636363636363637,60.152
2025-09-13T11:15:00Z,114937,13.4,2025-09-13T11:13:25Z,17.33,0.201,15.77,0.201,15.77,0.03654545454545455,60.386
2025-09-13T11:30:00Z,114938,13.4,2025-09-13T11:15:10Z,17.71,0.202,15.88,0.202,15.88,0.036727272727272726,60.584
2025-09-13T11:45:00Z,114939,13.41,2025-09-13T11:30:30Z,18.01,0.203,15.97,0.203,15.97,0.03690909090909091,60.746
2025-09-13T12:00:00Z,114940,13.3,2025-09-13T11:56:15Z,18.23,0.203,16.05,0.203,16.05,0.03690909090909091,60.89
2025-09-13T12:15:00Z,114941,13.37,2025-09-13T12:10:05Z,18.38,0.205,16.12,0.205,16.12,0.03727272727272727,61.016000000000005
2025-09-13T12:30:00Z,114942,13.35,2025-09-13T12:19:55Z,18.48,0.206,16.18,0.206,16.18,0.037454545454545456,61.124
2025-09-13T12:45:00Z,114943,13.35,2025-09-13T12:31:00Z,18.57,0.206,16.22,0.206,16.22,0.037454545454545456,61.196
2025-09-13T13:00:00Z,114944,13.43,2025-09-13T12:45:05Z,18.69,0.206,16.3,0.206,16.3,0.037454545454545456,61.34
2025-09-13T13:15:00Z,114945,13.63,2025-09-13T13:00:05Z,19.01,0.206,16.48,0.206,16.48,0.037454545454545456,61.664
2025-09-13T13:30:00Z,114946,14.09,2025-09-13T13:24:30Z,19.67,0.208,16.7,0.208,16.7,0.03781818181818182,62.059999999999995
2025-09-13T13:45:00Z,114947,14.07,2025-09-13T13:39:00Z,20.62,0.209,16.9,0.209,16.9,0.038,62.42
2025-09-13T14:00:00Z,114948,14.07,2025-09-13T13:52:45Z,22.04,0.21,17.11,0.21,17.11,0.03818181818181818,62.798
2025-09-13T14:15:00Z,114949,14.03,2025-09-13T14:06:50Z,23.29,0.212,17.29,0.212,17.29,0.03854545454545454,63.122
2025-09-13T14:30:00Z,114950,14,2025-09-13T14:21:40Z,24.28,0.212,17.39,0.212,17.39,0.03854545454545454,63.302
2025-09-13T14:45:00Z,114951,14,2025-09-13T14:41:15Z,25.47,0.213,17.44,0.213,17.44,0.03872727272727273,63.392
2025-09-13T15:00:00Z,114952,13.96,2025-09-13T14:59:25Z,26.69,0.212,17.46,0.212,17.46,0.03854545454545454,63.428000000000004
2025-09-13T15:15:00Z,114953,13.93,2025-09-13T15:10:55Z,27.88,0.212,17.49,0.212,17.49,0.03854545454545454,63.482
2025-09-13T15:30:00Z,114954,13.52,2025-09-13T15:29:15Z,28.67,0.212,17.53,0.212,17.53,0.03854545454545454,63.554
2025-09-13T15:45:00Z,114955,13.42,2025-09-13T15:42:00Z,28.69,0.212,17.65,0.212,17.65,0.03854545454545454,63.769999999999996
2025-09-13T16:00:00Z,114956,13.44,2025-09-13T15:54:25Z,28.2,0.213,17.87,0.213,17.87,0.03872727272727273,64.166
2025-09-13T16:15:00Z,114957,13.54,2025-09-13T16:05:45Z,27.79,0.215,18.16,0.215,18.16,0.03909090909090909,64.688
2025-09-13T16:30:00Z,114958,13.54,2025-09-13T16:17:25Z,27.26,0.215,18.33,0.215,18.33,0.03909090909090909,64.994
2025-09-13T16:45:00Z,114959,13.55,2025-09-13T16:31:20Z,26.94,0.216,18.5,0.216,18.5,0.03927272727272727,65.3
2025-09-13T17:00:00Z,114960,13.55,2025-09-13T16:58:50Z,26.83,0.217,18.56,0.217,18.56,0.03945454545454546,65.408
2025-09-13T17:15:00Z,114961,13.55,2025-09-13T17:01:45Z,26.52,0.216,18.57,0.216,18.57,0.03927272727272727,65.426
2025-09-13T17:30:00Z,114962,13.6,2025-09-13T17:16:15Z,26.2,0.217,18.64,0.217,18.64,0.03945454545454546,65.55199999999999
2025-09-13T17:45:00Z,114963,13.6,2025-09-13T17:30:35Z,25.74,0.217,18.68,0.217,18.68,0.03945454545454546,65.624
2025-09-13T18:00:00Z,114964,13.58,2025-09-13T17:53:55Z,25.17,0.217,18.66,0.217,18.66,0.03945454545454546,65.588
2025-09-13T18:15:00Z,114965,13.62,2025-09-13T18:00:05Z,24.68,0.216,18.63,0.216,18.63,0.03927272727272727,65.53399999999999
2025-09-13T18:30:00Z,114966,13.36,2025-09-13T18:29:15Z,24.27,0.216,18.61,0.216,18.61,0.03927272727272727,65.498
2025-09-13T18:45:00Z,114967,13.36,2025-09-13T18:30:40Z,23.84,0.214,18.56,0.214,18.56,0.03890909090909091,65.408
2025-09-13T19:00:00Z,114968,13.29,2025-09-13T18:59:50Z,23.44,0.214,18.52,0.214,18.52,0.03890909090909091,65.336
2025-09-13T19:15:00Z,114969,13.21,2025-09-13T19:14:00Z,23.06,0.214,18.47,0.214,18.47,0.03890909090909091,65.246
2025-09-13T19:30:00Z,114970,13.14,2025-09-13T19:28:35Z,22.67,0.213,18.4,0.213,18.4,0.03872727272727273,65.12
2025-09-13T19:45:00Z,114971,13.04,2025-09-13T19:43:55Z,22.22,0.212,18.33,0.212,18.33,0.03854545454545454,64.994
2025-09-13T20:00:00Z,114972,13.01,2025-09-13T19:54:35Z,21.79,0.212,18.26,0.212,18.26,0.03854545454545454,64.868
2025-09-13T20:15:00Z,114973,12.96,2025-09-13T20:11:25Z,21.35,0.211,18.19,0.211,18.19,0.038363636363636364,64.742
2025-09-13T20:30:00Z,114974,12.94,2025-09-13T20:23:30Z,20.91,0.211,18.12,0.211,18.12,0.038363636363636364,64.616
2025-09-13T20:45:00Z,114975,12.91,2025-09-13T20:39:00Z,20.49,0.21,18.05,0.21,18.05,0.03818181818181818,64.49000000000001
2025-09-13T21:00:00Z,114976,12.9,2025-09-13T20:50:35Z,20.1,0.209,17.99,0.209,17.99,0.038,64.382
2025-09-13T21:15:00Z,114977,12.88,2025-09-13T21:13:25Z,19.72,0.208,17.92,0.208,17.92,0.03781818181818182,64.256
2025-09-13T21:30:00Z,114978,12.87,2025-09-13T21:25:15Z,19.33,0.207,17.85,0.207,17.85,0.037636363636363634,64.13
2025-09-13T21:45:00Z,114979,12.86,2025-09-13T21:38:35Z,18.96,0.207,17.77,0.207,17.77,0.037636363636363634,63.986000000000004
2025-09-13T22:00:00Z,114980,12.86,2025-09-13T21:46:35Z,18.52,0.206,17.67,0.206,17.67,0.037454545454545456,63.806000000000004
2025-09-13T22:15:00Z,114981,12.86,2025-09-13T22:05:50Z,18,0.205,17.55,0.205,17.55,0.03727272727272727,63.59
2025-09-13T22:30:00Z,114982,12.83,2025-09-13T22:29:00Z,17.48,0.204,17.42,0.204,17.42,0.03709090909090909,63.35600000000001
2025-09-13T22:45:00Z,114983,12.84,2025-09-13T22:37:15Z,17.03,0.203,17.3,0.203,17.3,0.03690909090909091,63.14
2025-09-13T23:00:00Z,114984,12.83,2025-09-13T22:56:25Z,16.7,0.203,17.22,0.203,17.22,0.03690909090909091,62.995999999999995
2025-09-13T23:15:00Z,114985,12.83,2025-09-13T23:03:00Z,16.44,0.202,17.15,0.202,17.15,0.036727272727272726,62.87
2025-09-13T23:30:00Z,114986,12.81,2025-09-13T23:29:10Z,16.22,0.201,17.06,0.201,17.06,0.03654545454545455,62.708
2025-09-13T23:45:00Z,114987,12.83,2025-09-13T23:30:35Z,16.05,0.201,16.99,0.201,16.99,0.03654545454545455,62.582
2025-09-14T00:15:00Z,114989,12.82,2025-09-14T00:13:15Z,15.79,0.2,16.86,0.2,16.86,0.03636363636363637,62.348
2025-09-14T00:30:00Z,114990,12.81,2025-09-14T00:26:35Z,15.65,0.2,16.79,0.2,16.79,0.03636363636363637,62.221999999999994
2025-09-14T00:45:00Z,114991,12.81,2025-09-14T00:31:55Z,15.54,0.2,16.72,0.2,16.72,0.03636363636363637,62.096
2025-09-14T01:00:00Z,114992,12.81,2025-09-14T00:49:10Z,15.48,0.199,16.66,0.199,16.66,0.03618181818181818,61.988
2025-09-14T01:15:00Z,114993,12.8,2025-09-14T01:05:20Z,15.46,0.199,16.62,0.199,16.62,0.03618181818181818,61.916000000000004
2025-09-14T01:30:00Z,114994,12.79,2025-09-14T01:23:40Z,15.49,0.199,16.6,0.199,16.6,0.03618181818181818,61.88
2025-09-14T01:45:00Z,114995,12.8,2025-09-14T01:30:35Z,15.5,0.198,16.56,0.198,16.56,0.036000000000000004,61.808
2025-09-14T02:00:00Z,114996,12.78,2025-09-14T01:51:10Z,15.45,0.198,16.51,0.198,16.51,0.036000000000000004,61.718
2025-09-14T02:15:00Z,114997,12.77,2025-09-14T02:10:10Z,15.35,0.198,16.46,0.198,16.46,0.036000000000000004,61.628
2025-09-14T02:30:00Z,114998,12.63,2025-09-14T02:18:50Z,15.27,0.198,16.41,0.198,16.41,0.036000000000000004,61.538
2025-09-14T02:45:00Z,114999,12.77,2025-09-14T02:39:55Z,15.27,0.198,16.38,0.198,16.38,0.036000000000000004,61.483999999999995
2025-09-14T03:00:00Z,115000,12.76,2025-09-14T02:55:20Z,15.35,0.198,16.38,0.198,16.38,0.036000000000000004,61.483999999999995
2025-09-14T03:15:00Z,115001,12.61,2025-09-14T03:13:50Z,15.42,0.198,16.37,0.198,16.37,0.036000000000000004,61.466
2025-09-14T03:30:00Z,115002,12.7,2025-09-14T03:27:50Z,15.45,0.198,16.34,0.198,16.34,0.036000000000000004,61.412
2025-09-14T03:45:00Z,115003,12.74,2025-09-14T03:41:15Z,15.42,0.198,16.31,0.198,16.31,0.036000000000000004,61.358
2025-09-14T04:00:00Z,115004,12.75,2025-09-14T03:53:45Z,15.38,0.198,16.28,0.198,16.28,0.036000000000000004,61.304
2025-09-14T04:15:00Z,115005,12.73,2025-09-14T04:08:45Z,15.33,0.198,16.25,0.198,16.25,0.036000000000000004,61.25
2025-09-14T04:30:00Z,115006,12.73,2025-09-14T04:20:20Z,15.21,0.197,16.2,0.197,16.2,0.03581818181818182,61.16
2025-09-14T04:45:00Z,115007,12.73,2025-09-14T04:40:15Z,15.1,0.197,16.15,0.197,16.15,0.03581818181818182,61.07
2025-09-14T05:00:00Z,115008,12.71,2025-09-14T04:45:20Z,15.03,0.197,16.12,0.197,16.12,0.03581818181818182,61.016000000000005
2025-09-14T05:15:00Z,115009,12.71,2025-09-14T05:10:05Z,14.94,0.197,16.09,0.197,16.09,0.03581818181818182,60.962
2025-09-14T05:30:00Z,115010,12.71,2025-09-14T05:23:25Z,14.89,0.196,16.07,0.196,16.07,0.03563636363636364,60.926
2025-09-14T05:45:00Z,115011,12.69,2025-09-14T05:31:20Z,14.91,0.196,16.07,0.196,16.07,0.03563636363636364,60.926
2025-09-14T06:00:00Z,115012,12.68,2025-09-14T05:58:50Z,14.97,0.196,16.07,0.196,16.07,0.03563636363636364,60.926
2025-09-14T06:15:00Z,115013,12.68,2025-09-14T06:07:25Z,15.03,0.196,16.06,0.196,16.06,0.03563636363636364,60.908
2025-09-14T06:30:00Z,115014,12.68,2025-09-14T06:25:45Z,15.06,0.196,16.04,0.196,16.04,0.03563636363636364,60.872
2025-09-14T06:45:00Z,115015,12.66,2025-09-14T06:35:30Z,15.07,0.196,16.03,0.196,16.03,0.03563636363636364,60.854
2025-09-14T07:00:00Z,115016,12.67,2025-09-14T06:47:40Z,15.05,0.195,16.02,0.195,16.02,0.035454545454545454,60.836
2025-09-14T07:15:00Z,115017,12.67,2025-09-14T07:04:10Z,15,0.196,16,0.196,16,0.03563636363636364,60.8
2025-09-14T07:30:00Z,115018,12.64,2025-09-14T07:21:20Z,14.91,0.195,15.95,0.195,15.95,0.035454545454545454,60.709999999999994
2025-09-14T07:45:00Z,115019,12.68,2025-09-14T07:31:05Z,14.8,0.195,15.91,0.195,15.91,0.035454545454545454,60.638
2025-09-14T08:00:00Z,115020,12.68,2025-09-14T07:48:50Z,14.74,0.194,15.89,0.194,15.89,0.035272727272727275,60.602
2025-09-14T08:15:00Z,115021,12.71,2025-09-14T08:03:25Z,14.81,0.194,15.9,0.194,15.9,0.035272727272727275,60.62
2025-09-14T08:30:00Z,115022,12.6,2025-09-14T08:16:15Z,15.01,0.194,15.93,0.194,15.93,0.035272727272727275,60.674
2025-09-14T08:45:00Z,115023,12.81,2025-09-14T08:30:10Z,15.41,0.195,16.01,0.195,16.01,0.035454545454545454,60.818
2025-09-14T09:00:00Z,115024,12.86,2025-09-14T08:48:40Z,15.89,0.196,16.11,0.196,16.11,0.03563636363636364,60.998000000000005
2025-09-14T09:15:00Z,115025,12.92,2025-09-14T09:00:05Z,16.32,0.196,16.19,0.196,16.19,0.03563636363636364,61.142
2025-09-14T09:30:00Z,115026,12.97,2025-09-14T09:15:30Z,16.8,0.197,16.26,0.197,16.26,0.03581818181818182,61.268
2025-09-14T09:45:00Z,115027,12.95,2025-09-14T09:30:35Z,17.19,0.197,16.29,0.197,16.29,0.03581818181818182,61.321999999999996
2025-09-14T10:00:00Z,115028,12.95,2025-09-14T09:58:05Z,17.49,0.198,16.29,0.198,16.29,0.036000000000000004,61.321999999999996
2025-09-14T10:15:00Z,115029,12.97,2025-09-14T10:08:50Z,17.84,0.198,16.29,0.198,16.29,0.036000000000000004,61.321999999999996
2025-09-14T10:30:00Z,115030,12.97,2025-09-14T10:21:50Z,18.26,0.198,16.3,0.198,16.3,0.036000000000000004,61.34
2025-09-14T10:45:00Z,115031,12.99,2025-09-14T10:37:45Z,18.74,0.198,16.31,0.198,16.31,0.036000000000000004,61.358
2025-09-14T11:00:00Z,115032,12.99,2025-09-14T10:45:50Z,19.3,0.198,16.33,0.198,16.33,0.036000000000000004,61.39399999999999
2025-09-14T11:15:00Z,115033,13.02,2025-09-14T11:06:05Z,19.88,0.198,16.35,0.198,16.35,0.036000000000000004,61.43
2025-09-14T11:30:00Z,115034,13.05,2025-09-14T11:15:30Z,20.49,0.198,16.38,0.198,16.38,0.036000000000000004,61.483999999999995
2025-09-14T11:45:00Z,115035,13.09,2025-09-14T11:30:05Z,21.1,0.198,16.41,0.198,16.41,0.036000000000000004,61.538
2025-09-14T12:00:00Z,115036,13.17,2025-09-14T11:58:05Z,22.09,0.198,16.45,0.198,16.45,0.036000000000000004,61.61
2025-09-14T12:15:00Z,115037,13.18,2025-09-14T12:02:30Z,23.11,0.198,16.49,0.198,16.49,0.036000000000000004,61.682
2025-09-14T12:30:00Z,115038,13.24,2025-09-14T12:26:25Z,23.74,0.198,16.54,0.198,16.54,0.036000000000000004,61.772
2025-09-14T12:45:00Z,115039,13.39,2025-09-14T12:30:30Z,24.31,0.198,16.59,0.198,16.59,0.036000000000000004,61.862
2025-09-14T13:00:00Z,115040,13.44,2025-09-14T12:46:10Z,24.85,0.199,16.64,0.199,16.64,0.03618181818181818,61.952
2025-09-14T13:15:00Z,115041,13.87,2025-09-14T13:00:35Z,25.86,0.198,16.69,0.198,16.69,0.036000000000000004,62.042
2025-09-14T13:30:00Z,115042,13.89,2025-09-14T13:29:50Z,28.17,0.199,16.75,0.199,16.75,0.03618181818181818,62.15
2025-09-14T13:45:00Z,115043,13.87,2025-09-14T13:31:10Z,29.99,0.199,16.82,0.199,16.82,0.03618181818181818,62.275999999999996
2025-09-14T14:00:00Z,115044,13.83,2025-09-14T13:57:25Z,31.45,0.199,16.9,0.199,16.9,0.03618181818181818,62.42
2025-09-14T14:15:00Z,115045,13.81,2025-09-14T14:13:30Z,32.44,0.2,16.98,0.2,16.98,0.03636363636363637,62.564
2025-09-14T14:30:00Z,115046,13.78,2025-09-14T14:23:35Z,33.06,0.2,17.05,0.2,17.05,0.03636363636363637,62.690000000000005
2025-09-14T14:45:00Z,115047,13.52,2025-09-14T14:44:30Z,33.47,0.2,17.14,0.2,17.14,0.03636363636363637,62.852
2025-09-14T15:00:00Z,115048,13.41,2025-09-14T14:56:10Z,33.55,0.201,17.24,0.201,17.24,0.03654545454545455,63.032
2025-09-14T15:15:00Z,115049,13.4,2025-09-14T15:08:50Z,33.56,0.201,17.35,0.201,17.35,0.03654545454545455,63.230000000000004
2025-09-14T15:30:00Z,115050,13.28,2025-09-14T15:24:00Z,33.39,0.202,17.44,0.202,17.44,0.036727272727272726,63.392
2025-09-14T15:45:00Z,115051,13.37,2025-09-14T15:36:00Z,33.27,0.203,17.56,0.203,17.56,0.03690909090909091,63.608
2025-09-14T16:00:00Z,115052,13.36,2025-09-14T15:49:10Z,33.16,0.203,17.69,0.203,17.69,0.03690909090909091,63.842
2025-09-14T16:15:00Z,115053,13.37,2025-09-14T16:08:50Z,33.02,0.204,17.81,0.204,17.81,0.03709090909090909,64.05799999999999
2025-09-14T16:30:00Z,115054,13.37,2025-09-14T16:24:50Z,32.8,0.204,17.89,0.204,17.89,0.03709090909090909,64.202
2025-09-14T16:45:00Z,115055,13.41,2025-09-14T16:43:00Z,32.58,0.205,17.98,0.205,17.98,0.03727272727272727,64.364
2025-09-14T17:00:00Z,115056,13.26,2025-09-14T16:50:30Z,32.25,0.205,18.09,0.205,18.09,0.03727272727272727,64.562
2025-09-14T17:15:00Z,115057,13.26,2025-09-14T17:08:45Z,32.01,0.206,18.18,0.206,18.18,0.037454545454545456,64.724
2025-09-14T17:30:00Z,115058,13.34,2025-09-14T17:17:40Z,31.65,0.206,18.22,0.206,18.22,0.037454545454545456,64.79599999999999
2025-09-14T17:45:00Z,115059,13.4,2025-09-14T17:31:00Z,31.23,0.205,18.23,0.205,18.23,0.03727272727272727,64.814
2025-09-14T18:00:00Z,115060,13.44,2025-09-14T17:47:50Z,30.88,0.205,18.24,0.205,18.24,0.03727272727272727,64.832
2025-09-14T18:15:00Z,115061,13.4,2025-09-14T18:14:35Z,30.17,0.206,18.25,0.206,18.25,0.037454545454545456,64.85
2025-09-14T18:30:00Z,115062,13.28,2025-09-14T18:26:15Z,28.77,0.204,18.22,0.204,18.22,0.03709090909090909,64.79599999999999
2025-09-14T18:45:00Z,115063,13.24,2025-09-14T18:36:55Z,27.28,0.203,18.17,0.203,18.17,0.03690909090909091,64.706
2025-09-14T19:00:00Z,115064,13.21,2025-09-14T18:53:40Z,25.99,0.202,18.11,0.202,18.11,0.036727272727272726,64.598
2025-09-14T19:15:00Z,115065,13.15,2025-09-14T19:12:50Z,24.78,0.201,18.04,0.201,18.04,0.03654545454545455,64.472
2025-09-14T19:30:00Z,115066,13.08,2025-09-14T19:25:30Z,23.64,0.2,17.97,0.2,17.97,0.03636363636363637,64.346
2025-09-14T19:45:00Z,115067,13.02,2025-09-14T19:43:55Z,22.54,0.199,17.88,0.199,17.88,0.03618181818181818,64.184
2025-09-14T20:00:00Z,115068,12.98,2025-09-14T19:57:05Z,21.47,0.198,17.77,0.198,17.77,0.036000000000000004,63.986000000000004
2025-09-14T20:15:00Z,115069,12.93,2025-09-14T20:07:50Z,20.45,0.197,17.65,0.197,17.65,0.03581818181818182,63.769999999999996
2025-09-14T20:30:00Z,115070,12.87,2025-09-14T20:26:35Z,19.52,0.196,17.53,0.196,17.53,0.03563636363636364,63.554
2025-09-14T20:45:00Z,115071,12.88,2025-09-14T20:33:20Z,18.7,0.195,17.41,0.195,17.41,0.035454545454545454,63.338
2025-09-14T21:00:00Z,115072,12.88,2025-09-14T20:56:40Z,17.98,0.193,17.3,0.193,17.3,0.035090909090909096,63.14
2025-09-14T21:15:00Z,115073,12.85,2025-09-14T21:06:25Z,17.35,0.192,17.2,0.192,17.2,0.03490909090909091,62.959999999999994
2025-09-14T21:30:00Z,115074,12.84,2025-09-14T21:21:15Z,16.8,0.191,17.1,0.191,17.1,0.034727272727272725,62.78
2025-09-14T21:45:00Z,115075,12.84,2025-09-14T21:33:55Z,16.29,0.191,17,0.191,17,0.034727272727272725,62.6
2025-09-14T22:00:00Z,115076,12.85,2025-09-14T21:54:35Z,15.85,0.19,16.91,0.19,16.91,0.034545454545454546,62.438
2025-09-14T22:15:00Z,115077,12.82,2025-09-14T22:01:25Z,15.44,0.189,16.81,0.189,16.81,0.03436363636363637,62.257999999999996
2025-09-14T22:30:00Z,115078,12.83,2025-09-14T22:15:55Z,15.06,0.188,16.72,0.188,16.72,0.03418181818181818,62.096
2025-09-14T22:45:00Z,115079,12.83,2025-09-14T22:31:05Z,14.76,0.188,16.63,0.188,16.63,0.03418181818181818,61.934
2025-09-14T23:00:00Z,115080,12.82,2025-09-14T22:56:30Z,14.49,0.187,16.54,0.187,16.54,0.034,61.772
2025-09-14T23:15:00Z,115081,12.81,2025-09-14T23:05:40Z,14.26,0.187,16.46,0.187,16.46,0.034,61.628
2025-09-14T23:30:00Z,115082,12.79,2025-09-14T23:24:00Z,14.07,0.186,16.37,0.186,16.37,0.03381818181818182,61.466
2025-09-14T23:45:00Z,115083,12.82,2025-09-14T23:31:35Z,13.89,0.186,16.31,0.186,16.31,0.03381818181818182,61.358
2025-09-15T00:15:00Z,115085,12.79,2025-09-15T00:01:50Z,13.64,0.185,16.17,0.185,16.17,0.03363636363636364,61.10600000000001
2025-09-15T00:30:00Z,115086,12.8,2025-09-15T00:29:25Z,13.51,0.185,16.1,0.185,16.1,0.03363636363636364,60.980000000000004
2025-09-15T00:45:00Z,115087,12.79,2025-09-15T00:36:55Z,13.39,0.184,16.03,0.184,16.03,0.03345454545454545,60.854
2025-09-15T01:00:00Z,115088,12.79,2025-09-15T00:56:45Z,13.28,0.184,15.96,0.184,15.96,0.03345454545454545,60.728
2025-09-15T01:15:00Z,115089,12.78,2025-09-15T01:00:10Z,13.2,0.184,15.89,0.184,15.89,0.03345454545454545,60.602
2025-09-15T01:30:00Z,115090,12.77,2025-09-15T01:24:15Z,13.13,0.183,15.81,0.183,15.81,0.03327272727272727,60.458
2025-09-15T01:45:00Z,115091,12.78,2025-09-15T01:35:05Z,13.07,0.183,15.74,0.183,15.74,0.03327272727272727,60.332
2025-09-15T02:00:00Z,115092,12.77,2025-09-15T01:51:45Z,13.02,0.182,15.67,0.182,15.67,0.033090909090909094,60.206
2025-09-15T02:15:00Z,115093,12.77,2025-09-15T02:01:45Z,12.94,0.182,15.59,0.182,15.59,0.033090909090909094,60.062
2025-09-15T02:30:00Z,115094,12.74,2025-09-15T02:20:45Z,12.83,0.181,15.51,0.181,15.51,0.03290909090909091,59.918
2025-09-15T02:45:00Z,115095,12.76,2025-09-15T02:31:05Z,12.78,0.181,15.45,0.181,15.45,0.03290909090909091,59.809999999999995
2025-09-15T03:00:00Z,115096,12.72,2025-09-15T02:46:55Z,12.75,0.181,15.4,0.181,15.4,0.03290909090909091,59.72
2025-09-15T03:15:00Z,115097,12.75,2025-09-15T03:00:25Z,12.68,0.181,15.35,0.181,15.35,0.03290909090909091,59.63
2025-09-15T03:30:00Z,115098,12.74,2025-09-15T03:29:45Z,12.6,0.18,15.3,0.18,15.3,0.03272727272727272,59.540000000000006
2025-09-15T03:45:00Z,115099,12.61,2025-09-15T03:41:50Z,12.52,0.18,15.25,0.18,15.25,0.03272727272727272,59.45
2025-09-15T04:00:00Z,115100,12.73,2025-09-15T03:58:35Z,12.44,0.18,15.19,0.18,15.19,0.03272727272727272,59.342
2025-09-15T04:15:00Z,115101,12.72,2025-09-15T04:12:25Z,12.34,0.179,15.14,0.179,15.14,0.032545454545454544,59.251999999999995
2025-09-15T04:30:00Z,115102,12.72,2025-09-15T04:27:00Z,12.25,0.179,15.08,0.179,15.08,0.032545454545454544,59.144
2025-09-15T04:45:00Z,115103,12.7,2025-09-15T04:35:25Z,12.17,0.179,15.02,0.179,15.02,0.032545454545454544,59.036
2025-09-15T05:00:00Z,115104,12.71,2025-09-15T04:45:30Z,12.1,0.181,14.99,0.181,14.99,0.03290909090909091,58.982
2025-09-15T05:15:00Z,115105,12.7,2025-09-15T05:08:25Z,12.05,0.181,14.93,0.181,14.93,0.03290909090909091,58.874
2025-09-15T05:30:00Z,115106,12.69,2025-09-15T05:23:30Z,12.02,0.18,14.87,0.18,14.87,0.03272727272727272,58.766
2025-09-15T05:45:00Z,115107,12.68,2025-09-15T05:31:50Z,12,0.18,14.81,0.18,14.81,0.03272727272727272,58.658
2025-09-15T06:00:00Z,115108,12.67,2025-09-15T05:59:20Z,11.95,0.179,14.76,0.179,14.76,0.032545454545454544,58.568
2025-09-15T06:15:00Z,115109,12.67,2025-09-15T06:04:25Z,11.93,0.179,14.71,0.179,14.71,0.032545454545454544,58.478
2025-09-15T06:30:00Z,115110,12.64,2025-09-15T06:22:30Z,11.9,0.179,14.65,0.179,14.65,0.032545454545454544,58.37
2025-09-15T06:45:00Z,115111,12.67,2025-09-15T06:34:40Z,11.86,0.178,14.6,0.178,14.6,0.032363636363636365,58.28
2025-09-15T07:00:00Z,115112,12.66,2025-09-15T06:51:10Z,11.82,0.178,14.54,0.178,14.54,0.032363636363636365,58.172
2025-09-15T07:15:00Z,115113,12.66,2025-09-15T07:14:55Z,11.79,0.178,14.5,0.178,14.5,0.032363636363636365,58.1
2025-09-15T07:30:00Z,115114,12.63,2025-09-15T07:21:55Z,11.77,0.177,14.46,0.177,14.46,0.03218181818181818,58.028000000000006
2025-09-15T07:45:00Z,115115,12.64,2025-09-15T07:30:35Z,11.75,0.177,14.42,0.177,14.42,0.03218181818181818,57.956
2025-09-15T08:00:00Z,115116,12.64,2025-09-15T07:49:30Z,11.79,0.177,14.41,0.177,14.41,0.03218181818181818,57.938
2025-09-15T08:15:00Z,115117,12.68,2025-09-15T08:01:05Z,11.9,0.177,14.41,0.177,14.41,0.03218181818181818,57.938
2025-09-15T08:30:00Z,115118,12.67,2025-09-15T08:21:20Z,12.07,0.177,14.41,0.177,14.41,0.03218181818181818,57.938
2025-09-15T08:45:00Z,115119,12.72,2025-09-15T08:30:05Z,12.3,0.177,14.44,0.177,14.44,0.03218181818181818,57.992000000000004
2025-09-15T09:00:00Z,115120,12.73,2025-09-15T08:48:10Z,12.65,0.177,14.48,0.177,14.48,0.03218181818181818,58.064
2025-09-15T09:15:00Z,115121,12.73,2025-09-15T09:00:10Z,13.14,0.177,14.53,0.177,14.53,0.03218181818181818,58.153999999999996
2025-09-15T09:30:00Z,115122,12.76,2025-09-15T09:16:20Z,13.77,0.178,14.61,0.178,14.61,0.032363636363636365,58.298
2025-09-15T09:45:00Z,115123,12.64,2025-09-15T09:44:25Z,14.47,0.178,14.69,0.178,14.69,0.032363636363636365,58.442
2025-09-15T10:00:00Z,115124,12.8,2025-09-15T09:47:55Z,15.18,0.179,14.8,0.179,14.8,0.032545454545454544,58.64
2025-09-15T10:15:00Z,115125,12.78,2025-09-15T10:05:30Z,15.89,0.179,14.9,0.179,14.9,0.032545454545454544,58.82
2025-09-15T10:30:00Z,115126,12.82,2025-09-15T10:20:45Z,16.51,0.18,15.01,0.18,15.01,0.03272727272727272,59.018
2025-09-15T10:45:00Z,115127,12.84,2025-09-15T10:31:30Z,17.07,0.18,15.13,0.18,15.13,0.03272727272727272,59.234
2025-09-15T11:00:00Z,115128,12.83,2025-09-15T10:52:50Z,17.5,0.181,15.25,0.181,15.25,0.03290909090909091,59.45
2025-09-15T11:15:00Z,115129,12.88,2025-09-15T11:10:55Z,18.08,0.182,15.37,0.182,15.37,0.033090909090909094,59.666
2025-09-15T11:30:00Z,115130,12.8,2025-09-15T11:27:50Z,18.98,0.182,15.48,0.182,15.48,0.033090909090909094,59.864
2025-09-15T11:45:00Z,115131,12.92,2025-09-15T11:34:15Z,19.98,0.183,15.59,0.183,15.59,0.03327272727272727,60.062
2025-09-15T12:00:00Z,115132,13.04,2025-09-15T11:55:35Z,21.26,0.183,15.67,0.183,15.67,0.03327272727272727,60.206
2025-09-15T12:15:00Z,115133,13.07,2025-09-15T12:02:40Z,22.48,0.184,15.76,0.184,15.76,0.03345454545454545,60.368
2025-09-15T12:30:00Z,115134,13.01,2025-09-15T12:19:05Z,23.27,0.184,15.85,0.184,15.85,0.03345454545454545,60.53
2025-09-15T12:45:00Z,115135,13.21,2025-09-15T12:38:15Z,23.9,0.184,15.93,0.184,15.93,0.03345454545454545,60.674
2025-09-15T13:00:00Z,115136,13.29,2025-09-15T12:45:20Z,24.42,0.184,16.02,0.184,16.02,0.03345454545454545,60.836
2025-09-15T13:15:00Z,115137,13.84,2025-09-15T13:02:15Z,25.75,0.184,16.11,0.184,16.11,0.03345454545454545,60.998000000000005
2025-09-15T13:30:00Z,115138,13.88,2025-09-15T13:20:00Z,28.03,0.184,16.2,0.184,16.2,0.03345454545454545,61.16
2025-09-15T13:45:00Z,115139,13.85,2025-09-15T13:41:20Z,29.89,0.185,16.31,0.185,16.31,0.03363636363636364,61.358
2025-09-15T14:00:00Z,115140,13.82,2025-09-15T13:55:10Z,31.47,0.185,16.42,0.185,16.42,0.03363636363636364,61.556000000000004
2025-09-15T14:15:00Z,115141,13.78,2025-09-15T14:14:00Z,32.69,0.186,16.52,0.186,16.52,0.03381818181818182,61.736000000000004
2025-09-15T14:30:00Z,115142,13.77,2025-09-15T14:18:35Z,33.3,0.186,16.67,0.186,16.67,0.03381818181818182,62.00600000000001
2025-09-15T14:45:00Z,115143,13.74,2025-09-15T14:44:50Z,33.76,0.187,16.83,0.187,16.83,0.034,62.294
2025-09-15T15:00:00Z,115144,13.39,2025-09-15T14:53:45Z,34.08,0.188,16.98,0.188,16.98,0.03418181818181818,62.564
2025-09-15T15:15:00Z,115145,13.23,2025-09-15T15:09:25Z,34.02,0.188,17.12,0.188,17.12,0.03418181818181818,62.816
2025-09-15T15:30:00Z,115146,13.36,2025-09-15T15:17:20Z,33.71,0.19,17.27,0.19,17.27,0.034545454545454546,63.086
2025-09-15T15:45:00Z,115147,13.36,2025-09-15T15:36:55Z,33.45,0.19,17.44,0.19,17.44,0.034545454545454546,63.392
2025-09-15T16:00:00Z,115148,13.36,2025-09-15T15:45:25Z,33.34,0.192,17.61,0.192,17.61,0.03490909090909091,63.698
2025-09-15T16:15:00Z,115149,13.34,2025-09-15T16:06:35Z,33.39,0.193,17.76,0.193,17.76,0.035090909090909096,63.968
2025-09-15T16:30:00Z,115150,13.36,2025-09-15T16:29:05Z,33.27,0.195,17.89,0.195,17.89,0.035454545454545454,64.202
2025-09-15T16:45:00Z,115151,13.36,2025-09-15T16:30:15Z,32.93,0.195,18.03,0.195,18.03,0.035454545454545454,64.45400000000001
2025-09-15T17:00:00Z,115152,13.23,2025-09-15T16:59:35Z,32.65,0.197,18.16,0.197,18.16,0.03581818181818182,64.688
2025-09-15T17:15:00Z,115153,13.36,2025-09-15T17:05:25Z,32.42,0.198,18.26,0.198,18.26,0.036000000000000004,64.868
2025-09-15T17:30:00Z,115154,13.39,2025-09-15T17:15:10Z,32.1,0.198,18.33,0.198,18.33,0.036000000000000004,64.994
2025-09-15T17:45:00Z,115155,13.42,2025-09-15T17:33:20Z,31.79,0.198,18.39,0.198,18.39,0.036000000000000004,65.102
2025-09-15T18:00:00Z,115156,13.41,2025-09-15T17:45:20Z,31.41,0.197,18.43,0.197,18.43,0.03581818181818182,65.174
2025-09-15T18:15:00Z,115157,13.45,2025-09-15T18:05:35Z,30.74,0.198,18.44,0.198,18.44,0.036000000000000004,65.19200000000001
2025-09-15T18:30:00Z,115158,13.3,2025-09-15T18:25:05Z,29.41,0.197,18.41,0.197,18.41,0.03581818181818182,65.138
2025-09-15T18:45:00Z,115159,13.3,2025-09-15T18:44:55Z,27.99,0.196,18.35,0.196,18.35,0.03563636363636364,65.03
2025-09-15T19:00:00Z,115160,13.26,2025-09-15T18:59:25Z,26.68,0.195,18.3,0.195,18.3,0.035454545454545454,64.94
2025-09-15T19:15:00Z,115161,13.19,2025-09-15T19:14:55Z,25.45,0.194,18.24,0.194,18.24,0.035272727272727275,64.832
2025-09-15T19:30:00Z,115162,13.11,2025-09-15T19:27:05Z,24.31,0.193,18.17,0.193,18.17,0.035090909090909096,64.706
2025-09-15T19:45:00Z,115163,13.04,2025-09-15T19:44:30Z,23.21,0.192,18.08,0.192,18.08,0.03490909090909091,64.544
2025-09-15T20:00:00Z,115164,13,2025-09-15T19:57:35Z,22.18,0.191,17.97,0.191,17.97,0.034727272727272725,64.346
2025-09-15T20:15:00Z,115165,12.92,2025-09-15T20:12:00Z,21.21,0.19,17.86,0.19,17.86,0.034545454545454546,64.148
2025-09-15T20:30:00Z,115166,12.9,2025-09-15T20:28:25Z,20.31,0.188,17.74,0.188,17.74,0.03418181818181818,63.932
2025-09-15T20:45:00Z,115167,12.9,2025-09-15T20:42:40Z,19.52,0.187,17.62,0.187,17.62,0.034,63.716
2025-09-15T21:00:00Z,115168,12.85,2025-09-15T20:56:35Z,18.84,0.186,17.51,0.186,17.51,0.03381818181818182,63.518
2025-09-15T21:15:00Z,115169,12.83,2025-09-15T21:07:00Z,18.28,0.185,17.41,0.185,17.41,0.03363636363636364,63.338
2025-09-15T21:30:00Z,115170,12.81,2025-09-15T21:29:20Z,17.78,0.183,17.31,0.183,17.31,0.03327272727272727,63.158
2025-09-15T21:45:00Z,115171,12.86,2025-09-15T21:34:30Z,17.34,0.183,17.23,0.183,17.23,0.03327272727272727,63.013999999999996
2025-09-15T22:00:00Z,115172,12.85,2025-09-15T22:00:00Z,16.95,0.182,17.13,0.182,17.13,0.033090909090909094,62.833999999999996
2025-09-15T22:15:00Z,115173,12.72,2025-09-15T22:02:00Z,16.59,0.182,17.03,0.182,17.03,0.033090909090909094,62.654
2025-09-15T22:30:00Z,115174,12.85,2025-09-15T22:24:10Z,16.25,0.181,16.94,0.181,16.94,0.03290909090909091,62.492000000000004
2025-09-15T22:45:00Z,115175,12.84,2025-09-15T22:41:00Z,15.94,0.18,16.85,0.18,16.85,0.03272727272727272,62.33
2025-09-15T23:00:00Z,115176,12.79,2025-09-15T22:47:55Z,15.65,0.18,16.76,0.18,16.76,0.03272727272727272,62.168
2025-09-15T23:15:00Z,115177,12.8,2025-09-15T23:11:00Z,15.39,0.179,16.66,0.179,16.66,0.032545454545454544,61.988
2025-09-15T23:30:00Z,115178,12.81,2025-09-15T23:24:35Z,15.11,0.178,16.58,0.178,16.58,0.032363636363636365,61.843999999999994
2025-09-15T23:45:00Z,115179,12.83,2025-09-15T23:39:10Z,14.84,0.177,16.49,0.177,16.49,0.03218181818181818,61.682
2025-09-16T00:15:00Z,115181,12.8,2025-09-16T00:00:25Z,14.35,0.176,16.33,0.176,16.33,0.032,61.39399999999999
2025-09-16T00:30:00Z,115182,12.81,2025-09-16T00:21:20Z,14.12,0.176,16.25,0.176,16.25,0.032,61.25
2025-09-16T00:45:00Z,115183,12.81,2025-09-16T00:42:40Z,13.88,0.175,16.17,0.175,16.17,0.031818181818181815,61.10600000000001
2025-09-16T01:00:00Z,115184,12.78,2025-09-16T00:45:35Z,13.68,0.175,16.09,0.175,16.09,0.031818181818181815,60.962
2025-09-16T01:15:00Z,115185,12.8,2025-09-16T01:10:05Z,13.48,0.174,16,0.174,16,0.031636363636363636,60.8
2025-09-16T01:30:00Z,115186,12.78,2025-09-16T01:23:20Z,13.28,0.174,15.92,0.174,15.92,0.031636363636363636,60.656
2025-09-16T01:45:00Z,115187,12.79,2025-09-16T01:34:20Z,13.12,0.173,15.84,0.173,15.84,0.03145454545454545,60.512
2025-09-16T02:00:00Z,115188,12.77,2025-09-16T01:59:40Z,12.97,0.173,15.76,0.173,15.76,0.03145454545454545,60.368
2025-09-16T02:15:00Z,115189,12.78,2025-09-16T02:00:25Z,12.83,0.172,15.68,0.172,15.68,0.03127272727272727,60.224000000000004
2025-09-16T02:30:00Z,115190,12.76,2025-09-16T02:15:25Z,12.68,0.172,15.6,0.172,15.6,0.03127272727272727,60.08
2025-09-16T02:45:00Z,115191,12.76,2025-09-16T02:35:45Z,12.52,0.172,15.51,0.172,15.51,0.03127272727272727,59.918
2025-09-16T03:00:00Z,115192,12.76,2025-09-16T02:47:40Z,12.37,0.171,15.43,0.171,15.43,0.031090909090909093,59.774
2025-09-16T03:15:00Z,115193,12.75,2025-09-16T03:12:55Z,12.22,0.171,15.34,0.171,15.34,0.031090909090909093,59.612
2025-09-16T03:30:00Z,115194,12.74,2025-09-16T03:20:55Z,12.09,0.171,15.27,0.171,15.27,0.031090909090909093,59.486000000000004
2025-09-16T03:45:00Z,115195,12.73,2025-09-16T03:31:40Z,11.96,0.171,15.19,0.171,15.19,0.031090909090909093,59.342
2025-09-16T04:00:00Z,115196,12.73,2025-09-16T03:56:35Z,11.82,0.171,15.13,0.171,15.13,0.031090909090909093,59.234
2025-09-16T04:15:00Z,115197,12.7,2025-09-16T04:13:50Z,11.68,0.171,15.06,0.171,15.06,0.031090909090909093,59.108
2025-09-16T04:30:00Z,115198,12.72,2025-09-16T04:19:35Z,11.56,0.171,14.98,0.171,14.98,0.031090909090909093,58.964
2025-09-16T04:45:00Z,115199,12.7,2025-09-16T04:35:45Z,11.45,0.17,14.91,0.17,14.91,0.030909090909090914,58.838
2025-09-16T05:00:00Z,115200,12.7,2025-09-16T04:54:15Z,11.32,0.17,14.83,0.17,14.83,0.030909090909090914,58.694
2025-09-16T05:15:00Z,115201,12.68,2025-09-16T05:03:15Z,11.2,0.17,14.76,0.17,14.76,0.030909090909090914,58.568
2025-09-16T05:30:00Z,115202,12.7,2025-09-16T05:15:35Z,11.09,0.17,14.69,0.17,14.69,0.030909090909090914,58.442
2025-09-16T05:45:00Z,115203,12.66,2025-09-16T05:30:45Z,10.98,0.169,14.62,0.169,14.62,0.030727272727272728,58.315999999999995
2025-09-16T06:00:00Z,115204,12.66,2025-09-16T05:51:25Z,10.88,0.169,14.55,0.169,14.55,0.030727272727272728,58.190000000000005
2025-09-16T06:15:00Z,115205,12.67,2025-09-16T06:14:40Z,10.78,0.169,14.46,0.169,14.46,0.030727272727272728,58.028000000000006
2025-09-16T06:30:00Z,115206,12.54,2025-09-16T06:22:05Z,10.7,0.168,14.39,0.168,14.39,0.030545454545454546,57.902
2025-09-16T06:45:00Z,115207,12.65,2025-09-16T06:33:40Z,10.68,0.168,14.34,0.168,14.34,0.030545454545454546,57.812
2025-09-16T07:00:00Z,115208,12.63,2025-09-16T06:49:40Z,10.66,0.168,14.28,0.168,14.28,0.030545454545454546,57.70399999999999
2025-09-16T07:15:00Z,115209,12.61,2025-09-16T07:03:05Z,10.65,0.167,14.22,0.167,14.22,0.030363636363636367,57.596000000000004
2025-09-16T07:30:00Z,115210,12.66,2025-09-16T07:17:35Z,10.62,0.167,14.17,0.167,14.17,0.030363636363636367,57.506
2025-09-16T07:45:00Z,115211,12.66,2025-09-16T07:42:15Z,10.61,0.167,14.11,0.167,14.11,0.030363636363636367,57.397999999999996
2025-09-16T08:00:00Z,115212,12.66,2025-09-16T07:57:20Z,10.63,0.167,14.08,0.167,14.08,0.030363636363636367,57.344
2025-09-16T08:15:00Z,115213,12.66,2025-09-16T08:05:40Z,10.74,0.166,14.06,0.166,14.06,0.030181818181818185,57.308
2025-09-16T08:30:00Z,115214,12.68,2025-09-16T08:15:55Z,10.92,0.166,14.06,0.166,14.06,0.030181818181818185,57.308
2025-09-16T08:45:00Z,115215,12.72,2025-09-16T08:43:25Z,11.15,0.166,14.08,0.166,14.08,0.030181818181818185,57.344
2025-09-16T09:00:00Z,115216,12.74,2025-09-16T08:45:10Z,11.52,0.167,14.12,0.167,14.12,0.030363636363636367,57.416
2025-09-16T09:15:00Z,115217,12.77,2025-09-16T09:00:05Z,12.02,0.167,14.17,0.167,14.17,0.030363636363636367,57.506
2025-09-16T09:30:00Z,115218,12.8,2025-09-16T09:16:05Z,12.72,0.167,14.26,0.167,14.26,0.030363636363636367,57.668
2025-09-16T09:45:00Z,115219,12.82,2025-09-16T09:30:20Z,13.51,0.168,14.38,0.168,14.38,0.030545454545454546,57.884
2025-09-16T10:00:00Z,115220,12.88,2025-09-16T09:45:15Z,14.28,0.168,14.5,0.168,14.5,0.030545454545454546,58.1
2025-09-16T10:15:00Z,115221,12.89,2025-09-16T10:03:30Z,14.94,0.169,14.64,0.169,14.64,0.030727272727272728,58.352
2025-09-16T10:30:00Z,115222,12.93,2025-09-16T10:16:00Z,15.47,0.17,14.77,0.17,14.77,0.030909090909090914,58.586
2025-09-16T10:45:00Z,115223,12.97,2025-09-16T10:32:25Z,16.35,0.17,14.91,0.17,14.91,0.030909090909090914,58.838
2025-09-16T11:00:00Z,115224,13.01,2025-09-16T10:45:40Z,17.64,0.172,15.05,0.172,15.05,0.03127272727272727,59.09
2025-09-16T11:15:00Z,115225,13.05,2025-09-16T11:00:10Z,18.81,0.172,15.17,0.172,15.17,0.03127272727272727,59.306
2025-09-16T11:30:00Z,115226,13.14,2025-09-16T11:15:05Z,19.81,0.173,15.27,0.173,15.27,0.03145454545454545,59.486000000000004
2025-09-16T11:45:00Z,115227,13.2,2025-09-16T11:30:10Z,20.75,0.173,15.37,0.173,15.37,0.03145454545454545,59.666
2025-09-16T12:00:00Z,115228,13.28,2025-09-16T11:57:50Z,21.72,0.174,15.48,0.174,15.48,0.031636363636363636,59.864
2025-09-16T12:15:00Z,115229,13.34,2025-09-16T12:02:00Z,22.55,0.175,15.57,0.175,15.57,0.031818181818181815,60.025999999999996
2025-09-16T12:30:00Z,115230,13.36,2025-09-16T12:18:20Z,23.23,0.175,15.68,0.175,15.68,0.031818181818181815,60.224000000000004
2025-09-16T12:45:00Z,115231,13.45,2025-09-16T12:31:55Z,23.78,0.176,15.78,0.176,15.78,0.032,60.403999999999996
2025-09-16T13:00:00Z,115232,13.41,2025-09-16T12:48:15Z,24.25,0.176,15.87,0.176,15.87,0.032,60.565999999999995
2025-09-16T13:15:00Z,115233,13.92,2025-09-16T13:00:05Z,25.5,0.177,15.97,0.177,15.97,0.03218181818181818,60.746
2025-09-16T13:30:00Z,115234,13.92,2025-09-16T13:24:20Z,27.42,0.177,16.05,0.177,16.05,0.03218181818181818,60.89
2025-09-16T13:45:00Z,115235,13.89,2025-09-16T13:43:10Z,28.95,0.178,16.16,0.178,16.16,0.032363636363636365,61.088
2025-09-16T14:00:00Z,115236,13.87,2025-09-16T13:53:50Z,30.52,0.178,16.3,0.178,16.3,0.032363636363636365,61.34
2025-09-16T14:15:00Z,115237,13.84,2025-09-16T14:05:50Z,31.75,0.179,16.44,0.179,16.44,0.032545454545454544,61.592
2025-09-16T14:30:00Z,115238,13.82,2025-09-16T14:24:50Z,32.66,0.18,16.59,0.18,16.59,0.03272727272727272,61.862
2025-09-16T14:45:00Z,115239,13.58,2025-09-16T14:45:00Z,33.17,0.18,16.75,0.18,16.75,0.03272727272727272,62.15
2025-09-16T15:00:00Z,115240,13.42,2025-09-16T14:57:00Z,33.43,0.182,16.91,0.182,16.91,0.033090909090909094,62.438
2025-09-16T15:15:00Z,115241,13.39,2025-09-16T15:08:25Z,33.38,0.183,17.07,0.183,17.07,0.03327272727272727,62.726
2025-09-16T15:30:00Z,115242,13.37,2025-09-16T15:17:15Z,33.2,0.185,17.21,0.185,17.21,0.03363636363636364,62.978
2025-09-16T15:45:00Z,115243,13.41,2025-09-16T15:34:10Z,33.15,0.186,17.35,0.186,17.35,0.03381818181818182,63.230000000000004
2025-09-16T16:00:00Z,115244,13.4,2025-09-16T15:45:50Z,33.09,0.188,17.52,0.188,17.52,0.03418181818181818,63.536
2025-09-16T16:15:00Z,115245,13.4,2025-09-16T16:08:55Z,32.97,0.189,17.65,0.189,17.65,0.03436363636363637,63.769999999999996
2025-09-16T16:30:00Z,115246,13.4,2025-09-16T16:28:30Z,32.81,0.189,17.77,0.189,17.77,0.03436363636363637,63.986000000000004
2025-09-16T16:45:00Z,115247,13.38,2025-09-16T16:44:20Z,32.79,0.191,17.88,0.191,17.88,0.034727272727272725,64.184
2025-09-16T17:00:00Z,115248,13.4,2025-09-16T16:57:50Z,32.66,0.192,17.97,0.192,17.97,0.03490909090909091,64.346
2025-09-16T17:15:00Z,115249,13.39,2025-09-16T17:11:10Z,32.54,0.192,18.04,0.192,18.04,0.03490909090909091,64.472
2025-09-16T17:30:00Z,115250,13.42,2025-09-16T17:15:10Z,32.37,0.192,18.1,0.192,18.1,0.03490909090909091,64.58
2025-09-16T17:45:00Z,115251,13.43,2025-09-16T17:37:50Z,32.18,0.191,18.14,0.191,18.14,0.034727272727272725,64.652
2025-09-16T18:00:00Z,115252,13.41,2025-09-16T17:56:05Z,31.88,0.19,18.17,0.19,18.17,0.034545454545454546,64.706
2025-09-16T18:15:00Z,115253,13.45,2025-09-16T18:06:45Z,31.19,0.19,18.21,0.19,18.21,0.034545454545454546,64.778
2025-09-16T18:30:00Z,115254,13.3,2025-09-16T18:20:55Z,29.81,0.189,18.21,0.189,18.21,0.03436363636363637,64.778
2025-09-16T18:45:00Z,115255,13.36,2025-09-16T18:41:25Z,28.44,0.188,18.2,0.188,18.2,0.03418181818181818,64.75999999999999
2025-09-16T19:00:00Z,115256,13.3,2025-09-16T18:58:35Z,27.21,0.188,18.18,0.188,18.18,0.03418181818181818,64.724
2025-09-16T19:15:00Z,115257,13.23,2025-09-16T19:13:50Z,26.04,0.187,18.14,0.187,18.14,0.034,64.652
2025-09-16T19:30:00Z,115258,13.15,2025-09-16T19:29:50Z,24.87,0.186,18.08,0.186,18.08,0.03381818181818182,64.544
2025-09-16T19:45:00Z,115259,12.97,2025-09-16T19:38:35Z,23.69,0.185,17.99,0.185,17.99,0.03363636363636364,64.382
2025-09-16T20:00:00Z,115260,13,2025-09-16T19:59:10Z,22.56,0.183,17.87,0.183,17.87,0.03327272727272727,64.166
2025-09-16T20:15:00Z,115261,12.95,2025-09-16T20:11:00Z,21.52,0.182,17.74,0.182,17.74,0.033090909090909094,63.932
2025-09-16T20:30:00Z,115262,12.76,2025-09-16T20:25:40Z,20.58,0.18,17.62,0.18,17.62,0.03272727272727272,63.716
2025-09-16T20:45:00Z,115263,12.88,2025-09-16T20:34:40Z,19.75,0.178,17.5,0.178,17.5,0.032363636363636365,63.5
2025-09-16T21:00:00Z,115264,12.73,2025-09-16T20:55:40Z,19.03,0.176,17.39,0.176,17.39,0.032,63.302
2025-09-16T21:15:00Z,115265,12.85,2025-09-16T21:06:05Z,18.41,0.174,17.29,0.174,17.29,0.031636363636363636,63.122
2025-09-16T21:30:00Z,115266,12.87,2025-09-16T21:16:30Z,17.84,0.173,17.18,0.173,17.18,0.03145454545454545,62.924
2025-09-16T21:45:00Z,115267,12.84,2025-09-16T21:30:20Z,17.36,0.172,17.09,0.172,17.09,0.03127272727272727,62.762
2025-09-16T22:00:00Z,115268,12.85,2025-09-16T21:45:50Z,16.94,0.171,16.99,0.171,16.99,0.031090909090909093,62.582
2025-09-16T22:15:00Z,115269,12.84,2025-09-16T22:13:45Z,16.58,0.17,16.9,0.17,16.9,0.030909090909090914,62.42
2025-09-16T22:30:00Z,115270,12.84,2025-09-16T22:25:50Z,16.27,0.169,16.81,0.169,16.81,0.030727272727272728,62.257999999999996
2025-09-16T22:45:00Z,115271,12.84,2025-09-16T22:37:25Z,16,0.168,16.73,0.168,16.73,0.030545454545454546,62.114
2025-09-16T23:00:00Z,115272,12.82,2025-09-16T22:55:00Z,15.73,0.169,16.66,0.169,16.66,0.030727272727272728,61.988
2025-09-16T23:15:00Z,115273,12.82,2025-09-16T23:13:05Z,15.47,0.171,16.59,0.171,16.59,0.031090909090909093,61.862
2025-09-16T23:30:00Z,115274,12.8,2025-09-16T23:17:10Z,15.2,0.17,16.51,0.17,16.51,0.030909090909090914,61.718
2025-09-16T23:45:00Z,115275,12.81,2025-09-16T23:31:40Z,14.95,0.169,16.44,0.169,16.44,0.030727272727272728,61.592
2025-09-17T00:15:00Z,115277,12.8,2025-09-17T00:00:25Z,14.49,0.168,16.28,0.168,16.28,0.030545454545454546,61.304
2025-09-17T00:30:00Z,115278,12.8,2025-09-17T00:28:20Z,14.28,0.167,16.19,0.167,16.19,0.030363636363636367,61.142
2025-09-17T00:45:00Z,115279,12.81,2025-09-17T00:31:10Z,14.14,0.166,16.12,0.166,16.12,0.030181818181818185,61.016000000000005
2025-09-17T01:00:00Z,115280,12.78,2025-09-17T00:55:45Z,14,0.166,16.06,0.166,16.06,0.030181818181818185,60.908
2025-09-17T01:15:00Z,115281,12.79,2025-09-17T01:08:15Z,13.85,0.166,15.99,0.166,15.99,0.030181818181818185,60.782
2025-09-17T01:30:00Z,115282,12.79,2025-09-17T01:28:20Z,13.73,0.165,15.92,0.165,15.92,0.03,60.656
2025-09-17T01:45:00Z,115283,12.76,2025-09-17T01:36:20Z,13.62,0.165,15.86,0.165,15.86,0.03,60.548
2025-09-17T02:00:00Z,115284,12.78,2025-09-17T01:58:10Z,13.51,0.164,15.79,0.164,15.79,0.02981818181818182,60.422
2025-09-17T02:15:00Z,115285,12.78,2025-09-17T02:03:40Z,13.4,0.164,15.72,0.164,15.72,0.02981818181818182,60.29600000000001
2025-09-17T02:30:00Z,115286,12.76,2025-09-17T02:18:15Z,13.31,0.163,15.66,0.163,15.66,0.029636363636363638,60.188
2025-09-17T02:45:00Z,115287,12.77,2025-09-17T02:32:20Z,13.22,0.163,15.59,0.163,15.59,0.029636363636363638,60.062
2025-09-17T03:00:00Z,115288,12.74,2025-09-17T02:45:55Z,13.12,0.162,15.52,0.162,15.52,0.029454545454545455,59.936
2025-09-17T03:15:00Z,115289,12.75,2025-09-17T03:13:15Z,13.01,0.162,15.45,0.162,15.45,0.029454545454545455,59.809999999999995
2025-09-17T03:30:00Z,115290,12.76,2025-09-17T03:18:40Z,12.92,0.161,15.38,0.161,15.38,0.029272727272727273,59.684000000000005
2025-09-17T03:45:00Z,115291,12.74,2025-09-17T03:40:45Z,12.84,0.161,15.32,0.161,15.32,0.029272727272727273,59.576
2025-09-17T04:00:00Z,115292,12.74,2025-09-17T03:53:45Z,12.77,0.161,15.27,0.161,15.27,0.029272727272727273,59.486000000000004
2025-09-17T04:15:00Z,115293,12.74,2025-09-17T04:10:30Z,12.67,0.16,15.21,0.16,15.21,0.02909090909090909,59.378
2025-09-17T04:30:00Z,115294,12.72,2025-09-17T04:24:05Z,12.57,0.16,15.15,0.16,15.15,0.02909090909090909,59.269999999999996
2025-09-17T04:45:00Z,115295,12.72,2025-09-17T04:44:40Z,12.48,0.159,15.1,0.159,15.1,0.028909090909090912,59.18
2025-09-17T05:00:00Z,115296,12.72,2025-09-17T04:56:05Z,12.42,0.159,15.05,0.159,15.05,0.028909090909090912,59.09
2025-09-17T05:15:00Z,115297,12.7,2025-09-17T05:03:20Z,12.35,0.159,15,0.159,15,0.028909090909090912,59
2025-09-17T05:30:00Z,115298,12.69,2025-09-17T05:25:25Z,12.29,0.159,14.95,0.159,14.95,0.028909090909090912,58.91
2025-09-17T05:45:00Z,115299,12.7,2025-09-17T05:30:45Z,12.23,0.159,14.89,0.159,14.89,0.028909090909090912,58.802
2025-09-17T06:00:00Z,115300,12.69,2025-09-17T05:54:10Z,12.18,0.161,14.84,0.161,14.84,0.029272727272727273,58.712
2025-09-17T06:15:00Z,115301,12.68,2025-09-17T06:10:45Z,12.13,0.161,14.8,0.161,14.8,0.029272727272727273,58.64
2025-09-17T06:30:00Z,115302,12.67,2025-09-17T06:21:25Z,12.09,0.16,14.75,0.16,14.75,0.02909090909090909,58.55
2025-09-17T06:45:00Z,115303,12.66,2025-09-17T06:40:05Z,12.04,0.16,14.69,0.16,14.69,0.02909090909090909,58.442
2025-09-17T07:00:00Z,115304,12.66,2025-09-17T06:48:05Z,12,0.16,14.64,0.16,14.64,0.02909090909090909,58.352
2025-09-17T07:15:00Z,115305,12.66,2025-09-17T07:01:25Z,11.96,0.16,14.6,0.16,14.6,0.02909090909090909,58.28
2025-09-17T07:30:00Z,115306,12.64,2025-09-17T07:20:50Z,11.9,0.159,14.55,0.159,14.55,0.028909090909090912,58.190000000000005
2025-09-17T07:45:00Z,115307,12.67,2025-09-17T07:32:55Z,11.87,0.159,14.51,0.159,14.51,0.028909090909090912,58.118
2025-09-17T08:00:00Z,115308,12.67,2025-09-17T07:52:05Z,11.87,0.159,14.47,0.159,14.47,0.028909090909090912,58.04600000000001
2025-09-17T08:15:00Z,115309,12.68,2025-09-17T08:00:05Z,11.92,0.159,14.47,0.159,14.47,0.028909090909090912,58.04600000000001
2025-09-17T08:30:00Z,115310,12.71,2025-09-17T08:15:15Z,12.03,0.159,14.48,0.159,14.48,0.028909090909090912,58.064
2025-09-17T08:45:00Z,115311,12.71,2025-09-17T08:37:30Z,12.2,0.159,14.51,0.159,14.51,0.028909090909090912,58.118
2025-09-17T09:00:00Z,115312,12.74,2025-09-17T08:45:05Z,12.48,0.16,14.55,0.16,14.55,0.02909090909090909,58.190000000000005
2025-09-17T09:15:00Z,115313,12.77,2025-09-17T09:00:20Z,12.94,0.16,14.62,0.16,14.62,0.02909090909090909,58.315999999999995
2025-09-17T09:30:00Z,115314,12.79,2025-09-17T09:15:05Z,13.54,0.161,14.7,0.161,14.7,0.029272727272727273,58.459999999999994
2025-09-17T09:45:00Z,115315,12.81,2025-09-17T09:32:40Z,14.16,0.162,14.79,0.162,14.79,0.029454545454545455,58.622
2025-09-17T10:00:00Z,115316,12.83,2025-09-17T09:45:05Z,14.81,0.163,14.88,0.163,14.88,0.029636363636363638,58.784000000000006
2025-09-17T10:15:00Z,115317,12.84,2025-09-17T10:06:00Z,15.54,0.164,15,0.164,15,0.02981818181818182,59
2025-09-17T10:30:00Z,115318,12.88,2025-09-17T10:16:05Z,16.2,0.165,15.13,0.165,15.13,0.03,59.234
2025-09-17T10:45:00Z,115319,12.89,2025-09-17T10:33:25Z,16.65,0.167,15.26,0.167,15.26,0.030363636363636367,59.468
2025-09-17T11:00:00Z,115320,12.93,2025-09-17T10:47:00Z,17.2,0.168,15.38,0.168,15.38,0.030545454545454546,59.684000000000005
2025-09-17T11:15:00Z,115321,12.93,2025-09-17T11:04:20Z,18.22,0.17,15.49,0.17,15.49,0.030909090909090914,59.882
2025-09-17T11:30:00Z,115322,12.98,2025-09-17T11:24:35Z,19.4,0.171,15.59,0.171,15.59,0.031090909090909093,60.062
2025-09-17T11:45:00Z,115323,13.04,2025-09-17T11:30:20Z,20.48,0.172,15.7,0.172,15.7,0.03127272727272727,60.26
2025-09-17T12:00:00Z,115324,12.99,2025-09-17T11:52:15Z,21.59,0.174,15.8,0.174,15.8,0.031636363636363636,60.440000000000005
2025-09-17T12:15:00Z,115325,13.14,2025-09-17T12:05:05Z,22.62,0.175,15.9,0.175,15.9,0.031818181818181815,60.62
2025-09-17T12:30:00Z,115326,13.22,2025-09-17T12:25:20Z,23.29,0.176,16.02,0.176,16.02,0.032,60.836
2025-09-17T12:45:00Z,115327,13.3,2025-09-17T12:38:20Z,23.85,0.178,16.16,0.178,16.16,0.032363636363636365,61.088
2025-09-17T13:00:00Z,115328,13.36,2025-09-17T12:45:05Z,24.34,0.179,16.29,0.179,16.29,0.032545454545454544,61.321999999999996
2025-09-17T13:15:00Z,115329,13.66,2025-09-17T13:07:55Z,25.43,0.18,16.42,0.18,16.42,0.03272727272727272,61.556000000000004
2025-09-17T13:30:00Z,115330,13.78,2025-09-17T13:18:30Z,26.78,0.181,16.55,0.181,16.55,0.03290909090909091,61.790000000000006
2025-09-17T13:45:00Z,115331,13.89,2025-09-17T13:43:40Z,28.6,0.182,16.68,0.182,16.68,0.033090909090909094,62.024
2025-09-17T14:00:00Z,115332,13.84,2025-09-17T13:58:20Z,30.86,0.183,16.77,0.183,16.77,0.03327272727272727,62.186
2025-09-17T14:15:00Z,115333,13.79,2025-09-17T14:13:30Z,32.64,0.185,16.91,0.185,16.91,0.03363636363636364,62.438
2025-09-17T14:30:00Z,115334,13.79,2025-09-17T14:24:50Z,33.66,0.186,17.04,0.186,17.04,0.03381818181818182,62.672
2025-09-17T14:45:00Z,115335,13.75,2025-09-17T14:40:55Z,34.31,0.188,17.18,0.188,17.18,0.03418181818181818,62.924
2025-09-17T15:00:00Z,115336,13.4,2025-09-17T14:59:35Z,34.61,0.189,17.32,0.189,17.32,0.03436363636363637,63.176
2025-09-17T15:15:00Z,115337,13.36,2025-09-17T15:07:15Z,34.71,0.19,17.46,0.19,17.46,0.034545454545454546,63.428000000000004
2025-09-17T15:30:00Z,115338,13.34,2025-09-17T15:15:45Z,34.52,0.191,17.56,0.191,17.56,0.034727272727272725,63.608
2025-09-17T15:45:00Z,115339,13.37,2025-09-17T15:31:20Z,34.38,0.192,17.63,0.192,17.63,0.03490909090909091,63.733999999999995
2025-09-17T16:00:00Z,115340,13.37,2025-09-17T15:47:35Z,34.34,0.192,17.72,0.192,17.72,0.03490909090909091,63.896
2025-09-17T16:15:00Z,115341,13.35,2025-09-17T16:12:55Z,34.22,0.194,17.92,0.194,17.92,0.035272727272727275,64.256
2025-09-17T16:30:00Z,115342,13.37,2025-09-17T16:24:40Z,33.92,0.196,18.09,0.196,18.09,0.03563636363636364,64.562
2025-09-17T16:45:00Z,115343,13.36,2025-09-17T16:39:10Z,33.61,0.197,18.2,0.197,18.2,0.03581818181818182,64.75999999999999
2025-09-17T17:00:00Z,115344,13.36,2025-09-17T16:58:25Z,33.41,0.197,18.28,0.197,18.28,0.03581818181818182,64.904
2025-09-17T17:15:00Z,115345,13.35,2025-09-17T17:05:05Z,33.2,0.198,18.34,0.198,18.34,0.036000000000000004,65.012
2025-09-17T17:30:00Z,115346,13.4,2025-09-17T17:29:50Z,33.05,0.198,18.41,0.198,18.41,0.036000000000000004,65.138
2025-09-17T17:45:00Z,115347,13.41,2025-09-17T17:30:10Z,32.81,0.198,18.5,0.198,18.5,0.036000000000000004,65.3
2025-09-17T18:00:00Z,115348,13.42,2025-09-17T17:50:55Z,32.39,0.198,18.53,0.198,18.53,0.036000000000000004,65.354
2025-09-17T18:15:00Z,115349,13.41,2025-09-17T18:14:15Z,31.62,0.197,18.47,0.197,18.47,0.03581818181818182,65.246
2025-09-17T18:30:00Z,115350,13.35,2025-09-17T18:28:10Z,30.2,0.195,18.41,0.195,18.41,0.035454545454545454,65.138
2025-09-17T18:45:00Z,115351,13.3,2025-09-17T18:43:40Z,28.68,0.195,18.37,0.195,18.37,0.035454545454545454,65.066
2025-09-17T19:00:00Z,115352,13.22,2025-09-17T18:56:00Z,27.2,0.194,18.33,0.194,18.33,0.035272727272727275,64.994
2025-09-17T19:15:00Z,115353,13.18,2025-09-17T19:14:30Z,25.79,0.193,18.27,0.193,18.27,0.035090909090909096,64.886
2025-09-17T19:30:00Z,115354,13.1,2025-09-17T19:29:40Z,24.49,0.192,18.19,0.192,18.19,0.03490909090909091,64.742
2025-09-17T19:45:00Z,115355,13.03,2025-09-17T19:43:30Z,23.28,0.192,18.08,0.192,18.08,0.03490909090909091,64.544
2025-09-17T20:00:00Z,115356,12.99,2025-09-17T19:58:20Z,22.16,0.191,17.96,0.191,17.96,0.034727272727272725,64.328
2025-09-17T20:15:00Z,115357,12.95,2025-09-17T20:12:10Z,21.14,0.189,17.83,0.189,17.83,0.03436363636363637,64.094
2025-09-17T20:30:00Z,115358,12.92,2025-09-17T20:23:05Z,20.21,0.187,17.7,0.187,17.7,0.034,63.86
2025-09-17T20:45:00Z,115359,12.9,2025-09-17T20:38:35Z,19.39,0.186,17.58,0.186,17.58,0.03381818181818182,63.64399999999999
2025-09-17T21:00:00Z,115360,12.88,2025-09-17T20:57:00Z,18.68,0.183,17.46,0.183,17.46,0.03327272727272727,63.428000000000004
2025-09-17T21:15:00Z,115361,12.88,2025-09-17T21:02:20Z,18.08,0.182,17.34,0.182,17.34,0.033090909090909094,63.212
2025-09-17T21:30:00Z,115362,12.87,2025-09-17T21:26:20Z,17.55,0.18,17.23,0.18,17.23,0.03272727272727272,63.013999999999996
2025-09-17T21:45:00Z,115363,12.85,2025-09-17T21:37:00Z,17.09,0.179,17.13,0.179,17.13,0.032545454545454544,62.833999999999996
2025-09-17T22:00:00Z,115364,12.85,2025-09-17T21:50:20Z,16.67,0.178,17.04,0.178,17.04,0.032363636363636365,62.672
2025-09-17T22:15:00Z,115365,12.84,2025-09-17T22:14:20Z,16.29,0.184,17.13,0.184,17.13,0.03345454545454545,62.833999999999996
2025-09-17T22:30:00Z,115366,12.84,2025-09-17T22:22:20Z,15.95,0.182,16.98,0.182,16.98,0.033090909090909094,62.564
2025-09-17T22:45:00Z,115367,12.84,2025-09-17T22:30:20Z,15.63,0.189,16.82,0.189,16.82,0.03436363636363637,62.275999999999996
2025-09-17T23:00:00Z,115368,12.83,2025-09-17T22:46:20Z,15.38,0.186,16.7,0.186,16.7,0.03381818181818182,62.059999999999995
2025-09-17T23:15:00Z,115369,12.83,2025-09-17T23:01:25Z,15.14,0.184,16.61,0.184,16.61,0.03345454545454545,61.898
2025-09-17T23:30:00Z,115370,12.82,2025-09-17T23:23:40Z,14.94,0.182,16.52,0.182,16.52,0.033090909090909094,61.736000000000004
2025-09-17T23:45:00Z,115371,12.82,2025-09-17T23:37:05Z,14.76,0.181,16.45,0.181,16.45,0.03290909090909091,61.61
2025-09-18T00:15:00Z,115373,12.79,2025-09-18T00:00:25Z,14.43,0.179,16.29,0.179,16.29,0.032545454545454544,61.321999999999996
2025-09-18T00:30:00Z,115374,12.79,2025-09-18T00:25:55Z,14.25,0.178,16.2,0.178,16.2,0.032363636363636365,61.16
2025-09-18T00:45:00Z,115375,12.81,2025-09-18T00:30:10Z,14.05,0.178,16.12,0.178,16.12,0.032363636363636365,61.016000000000005
2025-09-18T01:00:00Z,115376,12.78,2025-09-18T00:55:30Z,13.82,0.177,16.03,0.177,16.03,0.03218181818181818,60.854
2025-09-18T01:15:00Z,115377,12.8,2025-09-18T01:02:50Z,13.62,0.176,15.94,0.176,15.94,0.032,60.692
2025-09-18T01:30:00Z,115378,12.79,2025-09-18T01:18:10Z,13.43,0.176,15.86,0.176,15.86,0.032,60.548
2025-09-18T01:45:00Z,115379,12.79,2025-09-18T01:31:00Z,13.25,0.175,15.79,0.175,15.79,0.031818181818181815,60.422
2025-09-18T02:00:00Z,115380,12.77,2025-09-18T01:47:40Z,13.08,0.175,15.71,0.175,15.71,0.031818181818181815,60.278000000000006
2025-09-18T02:15:00Z,115381,12.78,2025-09-18T02:06:20Z,12.93,0.174,15.63,0.174,15.63,0.031636363636363636,60.134
2025-09-18T02:30:00Z,115382,12.76,2025-09-18T02:26:55Z,12.8,0.173,15.56,0.173,15.56,0.03145454545454545,60.007999999999996
2025-09-18T02:45:00Z,115383,12.77,2025-09-18T02:43:00Z,12.66,0.173,15.49,0.173,15.49,0.03145454545454545,59.882
2025-09-18T03:00:00Z,115384,12.74,2025-09-18T02:45:35Z,12.54,0.173,15.41,0.173,15.41,0.03145454545454545,59.738
2025-09-18T03:15:00Z,115385,12.76,2025-09-18T03:11:00Z,12.45,0.172,15.35,0.172,15.35,0.03127272727272727,59.63
2025-09-18T03:30:00Z,115386,12.75,2025-09-18T03:15:10Z,12.36,0.172,15.28,0.172,15.28,0.03127272727272727,59.504
2025-09-18T03:45:00Z,115387,12.74,2025-09-18T03:36:10Z,12.26,0.171,15.2,0.171,15.2,0.031090909090909093,59.36
2025-09-18T04:00:00Z,115388,12.74,2025-09-18T03:55:20Z,12.14,0.171,15.12,0.171,15.12,0.031090909090909093,59.215999999999994
2025-09-18T04:15:00Z,115389,12.72,2025-09-18T04:08:00Z,12.01,0.17,15.03,0.17,15.03,0.030909090909090914,59.053999999999995
2025-09-18T04:30:00Z,115390,12.7,2025-09-18T04:22:40Z,11.91,0.169,14.94,0.169,14.94,0.030727272727272728,58.892
2025-09-18T04:45:00Z,115391,12.69,2025-09-18T04:44:25Z,11.84,0.169,14.87,0.169,14.87,0.030727272727272728,58.766
2025-09-18T05:00:00Z,115392,12.71,2025-09-18T04:56:50Z,11.77,0.169,14.82,0.169,14.82,0.030727272727272728,58.676
2025-09-18T05:15:00Z,115393,12.56,2025-09-18T05:03:10Z,11.72,0.169,14.76,0.169,14.76,0.030727272727272728,58.568
2025-09-18T05:30:00Z,115394,12.7,2025-09-18T05:18:45Z,11.7,0.169,14.72,0.169,14.72,0.030727272727272728,58.496
2025-09-18T05:45:00Z,115395,12.68,2025-09-18T05:30:30Z,11.66,0.168,14.66,0.168,14.66,0.030545454545454546,58.388
2025-09-18T06:00:00Z,115396,12.67,2025-09-18T05:58:00Z,11.6,0.167,14.6,0.167,14.6,0.030363636363636367,58.28
2025-09-18T06:15:00Z,115397,12.68,2025-09-18T06:09:15Z,11.58,0.167,14.56,0.167,14.56,0.030363636363636367,58.208
2025-09-18T06:30:00Z,115398,12.66,2025-09-18T06:25:40Z,11.55,0.167,14.52,0.167,14.52,0.030363636363636367,58.136
2025-09-18T06:45:00Z,115399,12.67,2025-09-18T06:38:30Z,11.49,0.167,14.47,0.167,14.47,0.030363636363636367,58.04600000000001
2025-09-18T07:00:00Z,115400,12.65,2025-09-18T06:53:05Z,11.45,0.167,14.43,0.167,14.43,0.030363636363636367,57.974000000000004
2025-09-18T07:15:00Z,115401,12.65,2025-09-18T07:08:35Z,11.44,0.167,14.39,0.167,14.39,0.030363636363636367,57.902
2025-09-18T07:30:00Z,115402,12.63,2025-09-18T07:28:55Z,11.43,0.167,14.35,0.167,14.35,0.030363636363636367,57.83
2025-09-18T07:45:00Z,115403,12.65,2025-09-18T07:42:35Z,11.45,0.167,14.33,0.167,14.33,0.030363636363636367,57.794
2025-09-18T08:00:00Z,115404,12.66,2025-09-18T07:45:50Z,11.53,0.167,14.33,0.167,14.33,0.030363636363636367,57.794
2025-09-18T08:15:00Z,115405,12.68,2025-09-18T08:00:05Z,11.62,0.167,14.34,0.167,14.34,0.030363636363636367,57.812
2025-09-18T08:30:00Z,115406,12.68,2025-09-18T08:15:15Z,11.73,0.167,14.36,0.167,14.36,0.030363636363636367,57.848
2025-09-18T08:45:00Z,115407,12.71,2025-09-18T08:31:15Z,11.92,0.167,14.4,0.167,14.4,0.030363636363636367,57.92
2025-09-18T09:00:00Z,115408,12.74,2025-09-18T08:45:05Z,12.26,0.167,14.5,0.167,14.5,0.030363636363636367,58.1
2025-09-18T09:15:00Z,115409,12.8,2025-09-18T09:00:35Z,12.99,0.169,14.72,0.169,14.72,0.030727272727272728,58.496
2025-09-18T09:30:00Z,115410,12.82,2025-09-18T09:16:35Z,13.76,0.171,14.89,0.171,14.89,0.031090909090909093,58.802
2025-09-18T09:45:00Z,115411,12.82,2025-09-18T09:35:50Z,14.42,0.171,14.97,0.171,14.97,0.031090909090909093,58.946000000000005
2025-09-18T10:00:00Z,115412,12.84,2025-09-18T09:47:40Z,15.08,0.172,15.05,0.172,15.05,0.03127272727272727,59.09
2025-09-18T10:15:00Z,115413,12.87,2025-09-18T10:00:20Z,15.82,0.172,15.16,0.172,15.16,0.03127272727272727,59.288
2025-09-18T10:30:00Z,115414,12.87,2025-09-18T10:15:30Z,16.46,0.174,15.28,0.174,15.28,0.031636363636363636,59.504
2025-09-18T10:45:00Z,115415,12.89,2025-09-18T10:33:10Z,17.08,0.175,15.4,0.175,15.4,0.031818181818181815,59.72
2025-09-18T11:00:00Z,115416,12.93,2025-09-18T10:45:05Z,17.81,0.177,15.5,0.177,15.5,0.03218181818181818,59.9
2025-09-18T11:15:00Z,115417,12.95,2025-09-18T11:00:45Z,18.72,0.178,15.61,0.178,15.61,0.032363636363636365,60.098
2025-09-18T11:30:00Z,115418,12.97,2025-09-18T11:28:15Z,19.77,0.179,15.7,0.179,15.7,0.032545454545454544,60.26
2025-09-18T11:45:00Z,115419,12.98,2025-09-18T11:35:15Z,20.79,0.18,15.77,0.18,15.77,0.03272727272727272,60.386
2025-09-18T12:00:00Z,115420,13.05,2025-09-18T11:55:30Z,21.95,0.18,15.86,0.18,15.86,0.03272727272727272,60.548
2025-09-18T12:15:00Z,115421,13.11,2025-09-18T12:00:10Z,23.06,0.182,15.97,0.182,15.97,0.033090909090909094,60.746
2025-09-18T12:30:00Z,115422,13.11,2025-09-18T12:15:05Z,23.79,0.183,16.08,0.183,16.08,0.03327272727272727,60.943999999999996
2025-09-18T12:45:00Z,115423,13.19,2025-09-18T12:30:50Z,24.36,0.184,16.22,0.184,16.22,0.03345454545454545,61.196
2025-09-18T13:00:00Z,115424,13.15,2025-09-18T12:48:40Z,24.92,0.186,16.33,0.186,16.33,0.03381818181818182,61.39399999999999
2025-09-18T13:15:00Z,115425,13.5,2025-09-18T13:01:05Z,25.92,0.187,16.44,0.187,16.44,0.034,61.592
2025-09-18T13:30:00Z,115426,13.71,2025-09-18T13:19:05Z,27.27,0.188,16.61,0.188,16.61,0.03418181818181818,61.898
2025-09-18T13:45:00Z,115427,13.84,2025-09-18T13:39:40Z,29.43,0.19,16.72,0.19,16.72,0.034545454545454546,62.096
2025-09-18T14:00:00Z,115428,13.7,2025-09-18T13:48:05Z,31.96,0.191,16.86,0.191,16.86,0.034727272727272725,62.348
2025-09-18T14:15:00Z,115429,13.78,2025-09-18T14:14:25Z,33.51,0.193,17.07,0.193,17.07,0.035090909090909096,62.726
2025-09-18T14:30:00Z,115430,13.73,2025-09-18T14:24:45Z,34.72,0.195,17.29,0.195,17.29,0.035454545454545454,63.122
2025-09-18T14:45:00Z,115431,13.73,2025-09-18T14:30:15Z,35.45,0.198,17.55,0.198,17.55,0.036000000000000004,63.59
2025-09-18T15:00:00Z,115432,13.4,2025-09-18T15:00:00Z,35.87,0.2,17.73,0.2,17.73,0.03636363636363637,63.914
2025-09-18T15:15:00Z,115433,13.36,2025-09-18T15:12:40Z,35.99,0.201,17.86,0.201,17.86,0.03654545454545455,64.148
2025-09-18T15:30:00Z,115434,13.34,2025-09-18T15:18:20Z,35.82,0.203,18.05,0.203,18.05,0.03690909090909091,64.49000000000001
2025-09-18T15:45:00Z,115435,13.34,2025-09-18T15:34:20Z,35.73,0.205,18.23,0.205,18.23,0.03727272727272727,64.814
2025-09-18T16:00:00Z,115436,13.33,2025-09-18T15:47:05Z,35.5,0.207,18.38,0.207,18.38,0.037636363636363634,65.084
2025-09-18T16:15:00Z,115437,13.33,2025-09-18T16:11:40Z,35.24,0.208,18.49,0.208,18.49,0.03781818181818182,65.282
2025-09-18T16:30:00Z,115438,13.33,2025-09-18T16:15:45Z,34.88,0.21,18.64,0.21,18.64,0.03818181818181818,65.55199999999999
2025-09-18T16:45:00Z,115439,13.35,2025-09-18T16:42:50Z,34.75,0.211,18.69,0.211,18.69,0.038363636363636364,65.642
2025-09-18T17:00:00Z,115440,13.33,2025-09-18T16:53:35Z,34.72,0.211,18.68,0.211,18.68,0.038363636363636364,65.624
2025-09-18T17:15:00Z,115441,13.32,2025-09-18T17:07:35Z,34.69,0.211,18.68,0.211,18.68,0.038363636363636364,65.624
2025-09-18T17:30:00Z,115442,13.35,2025-09-18T17:16:10Z,34.44,0.21,18.67,0.21,18.67,0.03818181818181818,65.60600000000001
2025-09-18T17:45:00Z,115443,13.35,2025-09-18T17:45:00Z,34.09,0.209,18.65,0.209,18.65,0.038,65.57
2025-09-18T18:00:00Z,115444,13.37,2025-09-18T17:46:50Z,33.58,0.208,18.66,0.208,18.66,0.03781818181818182,65.588
2025-09-18T18:15:00Z,115445,13.39,2025-09-18T18:04:45Z,32.79,0.209,18.68,0.209,18.68,0.038,65.624
2025-09-18T18:30:00Z,115446,13.39,2025-09-18T18:28:35Z,31.42,0.208,18.73,0.208,18.73,0.03781818181818182,65.714
2025-09-18T18:45:00Z,115447,13.34,2025-09-18T18:44:00Z,29.95,0.208,18.75,0.208,18.75,0.03781818181818182,65.75
2025-09-18T19:00:00Z,115448,13.27,2025-09-18T18:58:30Z,28.52,0.208,18.75,0.208,18.75,0.03781818181818182,65.75
2025-09-18T19:15:00Z,115449,13.21,2025-09-18T19:13:15Z,27.19,0.207,18.71,0.207,18.71,0.037636363636363634,65.678
2025-09-18T19:30:00Z,115450,13.11,2025-09-18T19:27:35Z,25.98,0.206,18.66,0.206,18.66,0.037454545454545456,65.588
2025-09-18T19:45:00Z,115451,13.06,2025-09-18T19:43:55Z,24.86,0.205,18.57,0.205,18.57,0.03727272727272727,65.426
2025-09-18T20:00:00Z,115452,12.99,2025-09-18T19:49:25Z,23.8,0.204,18.45,0.204,18.45,0.03709090909090909,65.21
2025-09-18T20:15:00Z,115453,12.96,2025-09-18T20:14:15Z,22.81,0.202,18.33,0.202,18.33,0.036727272727272726,64.994
2025-09-18T20:30:00Z,115454,12.93,2025-09-18T20:26:30Z,21.92,0.2,18.21,0.2,18.21,0.03636363636363637,64.778
2025-09-18T20:45:00Z,115455,12.9,2025-09-18T20:38:05Z,21.14,0.197,18.11,0.197,18.11,0.03581818181818182,64.598
2025-09-18T21:00:00Z,115456,12.88,2025-09-18T20:58:35Z,20.46,0.195,18.01,0.195,18.01,0.035454545454545454,64.418
2025-09-18T21:15:00Z,115457,12.88,2025-09-18T21:14:00Z,19.89,0.194,17.92,0.194,17.92,0.035272727272727275,64.256
2025-09-18T21:30:00Z,115458,12.86,2025-09-18T21:26:40Z,19.38,0.193,17.83,0.193,17.83,0.035090909090909096,64.094
2025-09-18T21:45:00Z,115459,12.87,2025-09-18T21:39:40Z,18.93,0.192,17.76,0.192,17.76,0.03490909090909091,63.968
2025-09-18T22:00:00Z,115460,12.84,2025-09-18T21:54:50Z,18.54,0.191,17.68,0.191,17.68,0.034727272727272725,63.824
2025-09-18T22:15:00Z,115461,12.85,2025-09-18T22:07:00Z,18.22,0.191,17.61,0.191,17.61,0.034727272727272725,63.698
2025-09-18T22:30:00Z,115462,12.84,2025-09-18T22:27:40Z,17.91,0.19,17.54,0.19,17.54,0.034545454545454546,63.571999999999996
2025-09-18T22:45:00Z,115463,12.82,2025-09-18T22:36:10Z,17.67,0.189,17.5,0.189,17.5,0.03436363636363637,63.5
2025-09-18T23:00:00Z,115464,12.82,2025-09-18T22:48:40Z,17.48,0.188,17.44,0.188,17.44,0.03418181818181818,63.392
2025-09-18T23:15:00Z,115465,12.81,2025-09-18T23:09:10Z,17.31,0.187,17.37,0.187,17.37,0.034,63.266000000000005
2025-09-18T23:30:00Z,115466,12.81,2025-09-18T23:22:00Z,17.15,0.187,17.31,0.187,17.31,0.034,63.158
2025-09-18T23:45:00Z,115467,12.79,2025-09-18T23:32:05Z,17.01,0.186,17.26,0.186,17.26,0.03381818181818182,63.068
2025-09-19T00:15:00Z,115469,12.8,2025-09-19T00:00:55Z,16.75,0.185,17.15,0.185,17.15,0.03363636363636364,62.87
2025-09-19T00:30:00Z,115470,12.79,2025-09-19T00:29:30Z,16.6,0.184,17.1,0.184,17.1,0.03345454545454545,62.78
2025-09-19T00:45:00Z,115471,12.79,2025-09-19T00:38:45Z,16.46,0.184,17.05,0.184,17.05,0.03345454545454545,62.690000000000005
2025-09-19T01:00:00Z,115472,12.79,2025-09-19T00:56:10Z,16.32,0.183,17,0.183,17,0.03327272727272727,62.6
2025-09-19T01:15:00Z,115473,12.79,2025-09-19T01:01:30Z,16.2,0.183,16.95,0.183,16.95,0.03327272727272727,62.51
2025-09-19T01:30:00Z,115474,12.79,2025-09-19T01:28:10Z,16.08,0.183,16.89,0.183,16.89,0.03327272727272727,62.402
2025-09-19T01:45:00Z,115475,12.68,2025-09-19T01:39:35Z,15.97,0.183,16.85,0.183,16.85,0.03327272727272727,62.33
2025-09-19T02:00:00Z,115476,12.76,2025-09-19T01:52:10Z,15.85,0.182,16.79,0.182,16.79,0.033090909090909094,62.221999999999994
2025-09-19T02:15:00Z,115477,12.77,2025-09-19T02:03:40Z,15.76,0.182,16.74,0.182,16.74,0.033090909090909094,62.132
2025-09-19T02:30:00Z,115478,12.73,2025-09-19T02:30:00Z,15.67,0.182,16.7,0.182,16.7,0.033090909090909094,62.059999999999995
2025-09-19T02:45:00Z,115479,12.77,2025-09-19T02:40:10Z,15.58,0.182,16.65,0.182,16.65,0.033090909090909094,61.97
2025-09-19T03:00:00Z,115480,12.77,2025-09-19T02:56:15Z,15.5,0.181,16.61,0.181,16.61,0.03290909090909091,61.898
2025-09-19T03:15:00Z,115481,12.72,2025-09-19T03:14:50Z,15.43,0.181,16.57,0.181,16.57,0.03290909090909091,61.826
2025-09-19T03:30:00Z,115482,12.73,2025-09-19T03:22:05Z,15.39,0.181,16.52,0.181,16.52,0.03290909090909091,61.736000000000004
2025-09-19T03:45:00Z,115483,12.74,2025-09-19T03:41:00Z,15.38,0.181,16.48,0.181,16.48,0.03290909090909091,61.664
2025-09-19T04:00:00Z,115484,12.73,2025-09-19T03:53:00Z,15.33,0.181,16.43,0.181,16.43,0.03290909090909091,61.574
2025-09-19T04:15:00Z,115485,12.73,2025-09-19T04:15:00Z,15.29,0.181,16.37,0.181,16.37,0.03290909090909091,61.466
2025-09-19T04:30:00Z,115486,12.72,2025-09-19T04:18:45Z,15.26,0.18,16.32,0.18,16.32,0.03272727272727272,61.376
2025-09-19T04:45:00Z,115487,12.72,2025-09-19T04:33:50Z,15.24,0.18,16.28,0.18,16.28,0.03272727272727272,61.304
2025-09-19T05:00:00Z,115488,12.72,2025-09-19T04:45:05Z,15.22,0.18,16.25,0.18,16.25,0.03272727272727272,61.25
2025-09-19T05:15:00Z,115489,12.71,2025-09-19T05:12:10Z,15.18,0.179,16.21,0.179,16.21,0.032545454545454544,61.178000000000004
2025-09-19T05:30:00Z,115490,12.71,2025-09-19T05:25:30Z,15.13,0.179,16.16,0.179,16.16,0.032545454545454544,61.088
2025-09-19T05:45:00Z,115491,12.55,2025-09-19T05:31:05Z,15.09,0.179,16.12,0.179,16.12,0.032545454545454544,61.016000000000005
2025-09-19T06:00:00Z,115492,12.68,2025-09-19T05:58:30Z,15.04,0.178,16.08,0.178,16.08,0.032363636363636365,60.943999999999996
2025-09-19T06:15:00Z,115493,12.67,2025-09-19T06:03:40Z,14.99,0.178,16.07,0.178,16.07,0.032363636363636365,60.926
2025-09-19T06:30:00Z,115494,12.67,2025-09-19T06:26:00Z,14.93,0.178,16.01,0.178,16.01,0.032363636363636365,60.818
2025-09-19T06:45:00Z,115495,12.68,2025-09-19T06:41:05Z,14.87,0.178,15.97,0.178,15.97,0.032363636363636365,60.746
2025-09-19T07:00:00Z,115496,12.66,2025-09-19T06:53:30Z,14.78,0.177,15.92,0.177,15.92,0.03218181818181818,60.656
2025-09-19T07:15:00Z,115497,12.67,2025-09-19T07:10:55Z,14.67,0.177,15.86,0.177,15.86,0.03218181818181818,60.548
2025-09-19T07:30:00Z,115498,12.64,2025-09-19T07:25:10Z,14.57,0.176,15.81,0.176,15.81,0.032,60.458
2025-09-19T07:45:00Z,115499,12.67,2025-09-19T07:35:50Z,14.54,0.176,15.78,0.176,15.78,0.032,60.403999999999996
2025-09-19T08:00:00Z,115500,12.66,2025-09-19T07:48:35Z,14.55,0.176,15.77,0.176,15.77,0.032,60.386
2025-09-19T08:15:00Z,115501,12.68,2025-09-19T08:03:45Z,14.64,0.176,15.78,0.176,15.78,0.032,60.403999999999996
2025-09-19T08:30:00Z,115502,12.71,2025-09-19T08:16:35Z,14.83,0.177,15.82,0.177,15.82,0.03218181818181818,60.476
2025-09-19T08:45:00Z,115503,12.72,2025-09-19T08:38:10Z,15.12,0.177,15.88,0.177,15.88,0.03218181818181818,60.584
2025-09-19T09:00:00Z,115504,12.72,2025-09-19T08:48:10Z,15.49,0.178,15.95,0.178,15.95,0.032363636363636365,60.709999999999994
2025-09-19T09:15:00Z,115505,12.73,2025-09-19T09:00:40Z,15.94,0.179,16.04,0.179,16.04,0.032545454545454544,60.872
2025-09-19T09:30:00Z,115506,12.78,2025-09-19T09:15:45Z,16.43,0.181,16.13,0.181,16.13,0.03290909090909091,61.034
2025-09-19T09:45:00Z,115507,12.81,2025-09-19T09:38:10Z,16.98,0.182,16.25,0.182,16.25,0.033090909090909094,61.25
2025-09-19T10:00:00Z,115508,12.81,2025-09-19T09:45:55Z,17.45,0.183,16.38,0.183,16.38,0.03327272727272727,61.483999999999995
2025-09-19T10:15:00Z,115509,12.74,2025-09-19T10:09:50Z,17.8,0.185,16.5,0.185,16.5,0.03363636363636364,61.7
2025-09-19T10:30:00Z,115510,12.87,2025-09-19T10:16:05Z,18.08,0.186,16.59,0.186,16.59,0.03381818181818182,61.862
2025-09-19T10:45:00Z,115511,12.88,2025-09-19T10:35:10Z,18.33,0.188,16.67,0.188,16.67,0.03418181818181818,62.00600000000001
2025-09-19T11:00:00Z,115512,12.92,2025-09-19T10:56:10Z,18.61,0.189,16.76,0.189,16.76,0.03436363636363637,62.168
2025-09-19T11:15:00Z,115513,12.96,2025-09-19T11:14:00Z,18.94,0.191,16.87,0.191,16.87,0.034727272727272725,62.366
2025-09-19T11:30:00Z,115514,12.97,2025-09-19T11:19:25Z,19.4,0.192,16.95,0.192,16.95,0.03490909090909091,62.51
2025-09-19T11:45:00Z,115515,13.02,2025-09-19T11:30:40Z,20.02,0.194,17.01,0.194,17.01,0.035272727272727275,62.618
2025-09-19T12:00:00Z,115516,13.1,2025-09-19T11:45:05Z,20.84,0.195,17.12,0.195,17.12,0.035454545454545454,62.816
2025-09-19T12:15:00Z,115517,13.13,2025-09-19T12:01:05Z,21.74,0.197,17.24,0.197,17.24,0.03581818181818182,63.032
2025-09-19T12:30:00Z,115518,13.15,2025-09-19T12:20:10Z,22.52,0.198,17.33,0.198,17.33,0.036000000000000004,63.193999999999996
2025-09-19T12:45:00Z,115519,13.22,2025-09-19T12:40:25Z,23.17,0.199,17.4,0.199,17.4,0.03618181818181818,63.32
2025-09-19T13:00:00Z,115520,13.26,2025-09-19T12:45:35Z,23.94,0.201,17.51,0.201,17.51,0.03654545454545455,63.518
2025-09-19T13:15:00Z,115521,13.42,2025-09-19T13:00:45Z,25.07,0.203,17.61,0.203,17.61,0.03690909090909091,63.698
2025-09-19T13:30:00Z,115522,13.51,2025-09-19T13:18:45Z,26.23,0.204,17.68,0.204,17.68,0.03709090909090909,63.824
2025-09-19T13:45:00Z,115523,13.78,2025-09-19T13:34:05Z,28.52,0.205,17.76,0.205,17.76,0.03727272727272727,63.968
2025-09-19T14:00:00Z,115524,13.81,2025-09-19T13:58:55Z,31.24,0.207,17.83,0.207,17.83,0.037636363636363634,64.094
2025-09-19T14:15:00Z,115525,13.72,2025-09-19T14:01:50Z,33.28,0.209,17.96,0.209,17.96,0.038,64.328
2025-09-19T14:30:00Z,115526,13.74,2025-09-19T14:25:05Z,34.55,0.211,18.13,0.211,18.13,0.038363636363636364,64.634
2025-09-19T14:45:00Z,115527,13.7,2025-09-19T14:41:10Z,35.47,0.213,18.25,0.213,18.25,0.03872727272727273,64.85
2025-09-19T15:00:00Z,115528,13.67,2025-09-19T15:00:00Z,35.9,0.214,18.35,0.214,18.35,0.03890909090909091,65.03
2025-09-19T15:15:00Z,115529,13.36,2025-09-19T15:14:00Z,35.88,0.216,18.48,0.216,18.48,0.03927272727272727,65.264
2025-09-19T15:30:00Z,115530,13.34,2025-09-19T15:27:05Z,35.84,0.217,18.56,0.217,18.56,0.03945454545454546,65.408
2025-09-19T15:45:00Z,115531,13.31,2025-09-19T15:35:05Z,35.97,0.219,18.68,0.219,18.68,0.03981818181818182,65.624
2025-09-19T16:00:00Z,115532,13.3,2025-09-19T15:51:55Z,35.91,0.221,18.8,0.221,18.8,0.04,65.84
2025-09-19T16:15:00Z,115533,13.28,2025-09-19T16:07:15Z,35.61,0.222,18.91,0.222,18.91,0.04,66.038
2025-09-19T16:30:00Z,115534,13.33,2025-09-19T16:30:00Z,35.09,0.223,19.01,0.223,19.01,0.04,66.218
2025-09-19T16:45:00Z,115535,13.32,2025-09-19T16:36:00Z,34.49,0.225,19.09,0.225,19.09,0.04,66.362
2025-09-19T17:00:00Z,115536,13.36,2025-09-19T16:45:30Z,33.43,0.223,19.14,0.223,19.14,0.04,66.452
2025-09-19T17:15:00Z,115537,13.36,2025-09-19T17:08:50Z,33.26,0.225,19.22,0.225,19.22,0.04,66.596
2025-09-19T17:30:00Z,115538,13.26,2025-09-19T17:18:55Z,33.35,0.227,19.32,0.227,19.32,0.04,66.776
2025-09-19T17:45:00Z,115539,13.38,2025-09-19T17:32:15Z,33.3,0.226,19.37,0.226,19.37,0.04,66.866
2025-09-19T18:00:00Z,115540,13.38,2025-09-19T17:53:40Z,32.94,0.226,19.42,0.226,19.42,0.04,66.956
2025-09-19T18:15:00Z,115541,13.41,2025-09-19T18:08:50Z,32.13,0.226,19.44,0.226,19.44,0.04,66.992
2025-09-19T18:30:00Z,115542,13.44,2025-09-19T18:21:15Z,30.76,0.226,19.44,0.226,19.44,0.04,66.992
2025-09-19T18:45:00Z,115543,13.37,2025-09-19T18:44:45Z,29.36,0.224,19.45,0.224,19.45,0.04,67.00999999999999
2025-09-19T19:00:00Z,115544,13.23,2025-09-19T18:58:50Z,28.11,0.224,19.43,0.224,19.43,0.04,66.974
2025-09-19T19:15:00Z,115545,13.13,2025-09-19T19:14:40Z,26.97,0.221,19.36,0.221,19.36,0.04,66.848
2025-09-19T19:30:00Z,115546,13.05,2025-09-19T19:26:25Z,25.94,0.219,19.26,0.219,19.26,0.03981818181818182,66.668
2025-09-19T19:45:00Z,115547,12.98,2025-09-19T19:40:35Z,24.95,0.216,19.14,0.216,19.14,0.03927272727272727,66.452
2025-09-19T20:00:00Z,115548,12.94,2025-09-19T19:55:30Z,24.05,0.213,19.03,0.213,19.03,0.03872727272727273,66.254
2025-09-19T20:15:00Z,115549,12.9,2025-09-19T20:00:10Z,23.23,0.211,18.91,0.211,18.91,0.038363636363636364,66.038
2025-09-19T20:30:00Z,115550,12.9,2025-09-19T20:21:05Z,22.49,0.208,18.81,0.208,18.81,0.03781818181818182,65.858
2025-09-19T20:45:00Z,115551,12.88,2025-09-19T20:38:45Z,21.84,0.205,18.71,0.205,18.71,0.03727272727272727,65.678
2025-09-19T21:00:00Z,115552,12.88,2025-09-19T20:50:15Z,21.32,0.203,18.62,0.203,18.62,0.03690909090909091,65.516
2025-09-19T21:15:00Z,115553,12.85,2025-09-19T21:02:10Z,20.91,0.201,18.54,0.201,18.54,0.03654545454545455,65.372
2025-09-19T21:30:00Z,115554,12.87,2025-09-19T21:25:20Z,20.58,0.199,18.45,0.199,18.45,0.03618181818181818,65.21
2025-09-19T21:45:00Z,115555,12.82,2025-09-19T21:34:55Z,20.32,0.2,18.39,0.2,18.39,0.03636363636363637,65.102
2025-09-19T22:00:00Z,115556,12.81,2025-09-19T21:57:55Z,20.05,0.199,18.33,0.199,18.33,0.03618181818181818,64.994
2025-09-19T22:15:00Z,115557,12.71,2025-09-19T22:09:45Z,19.79,0.197,18.26,0.197,18.26,0.03581818181818182,64.868
2025-09-19T22:30:00Z,115558,12.83,2025-09-19T22:28:45Z,19.53,0.196,18.19,0.196,18.19,0.03563636363636364,64.742
2025-09-19T22:45:00Z,115559,12.8,2025-09-19T22:42:00Z,19.27,0.195,18.16,0.195,18.16,0.035454545454545454,64.688
2025-09-19T23:00:00Z,115560,12.8,2025-09-19T22:56:25Z,19.06,0.193,18.07,0.193,18.07,0.035090909090909096,64.526
2025-09-19T23:15:00Z,115561,12.82,2025-09-19T23:01:50Z,18.87,0.191,17.99,0.191,17.99,0.034727272727272725,64.382
2025-09-19T23:30:00Z,115562,12.8,2025-09-19T23:19:00Z,18.69,0.19,17.93,0.19,17.93,0.034545454545454546,64.274
2025-09-19T23:45:00Z,115563,12.8,2025-09-19T23:35:10Z,18.52,0.189,17.88,0.189,17.88,0.03436363636363637,64.184
2025-09-20T00:15:00Z,115565,12.79,2025-09-20T00:00:20Z,18.21,0.188,17.79,0.188,17.79,0.03418181818181818,64.02199999999999
2025-09-20T00:30:00Z,115566,12.78,2025-09-20T00:28:15Z,18.03,0.188,17.73,0.188,17.73,0.03418181818181818,63.914
2025-09-20T00:45:00Z,115567,12.77,2025-09-20T00:31:40Z,17.83,0.187,17.67,0.187,17.67,0.034,63.806000000000004
2025-09-20T01:00:00Z,115568,12.78,2025-09-20T00:55:15Z,17.63,0.188,17.65,0.188,17.65,0.03418181818181818,63.769999999999996
2025-09-20T01:15:00Z,115569,12.77,2025-09-20T01:09:50Z,17.42,0.187,17.58,0.187,17.58,0.034,63.64399999999999
2025-09-20T01:30:00Z,115570,12.77,2025-09-20T01:28:15Z,17.21,0.186,17.48,0.186,17.48,0.03381818181818182,63.464
2025-09-20T01:45:00Z,115571,12.79,2025-09-20T01:31:55Z,17,0.186,17.39,0.186,17.39,0.03381818181818182,63.302
2025-09-20T02:00:00Z,115572,12.76,2025-09-20T01:51:15Z,16.79,0.185,17.3,0.185,17.3,0.03363636363636364,63.14
2025-09-20T02:15:00Z,115573,12.76,2025-09-20T02:13:20Z,16.59,0.185,17.21,0.185,17.21,0.03363636363636364,62.978
2025-09-20T02:30:00Z,115574,12.76,2025-09-20T02:18:45Z,16.41,0.184,17.11,0.184,17.11,0.03345454545454545,62.798
2025-09-20T02:45:00Z,115575,12.72,2025-09-20T02:34:45Z,16.23,0.183,17.02,0.183,17.02,0.03327272727272727,62.636
2025-09-20T03:00:00Z,115576,12.72,2025-09-20T02:46:55Z,16.17,0.182,16.99,0.182,16.99,0.033090909090909094,62.582
2025-09-20T03:15:00Z,115577,12.74,2025-09-20T03:06:00Z,16.17,0.183,16.98,0.183,16.98,0.03327272727272727,62.564
2025-09-20T03:30:00Z,115578,12.73,2025-09-20T03:27:20Z,16.24,0.184,16.99,0.184,16.99,0.03345454545454545,62.582
2025-09-20T03:45:00Z,115579,12.72,2025-09-20T03:40:45Z,16.36,0.184,17,0.184,17,0.03345454545454545,62.6
2025-09-20T04:00:00Z,115580,12.7,2025-09-20T03:55:45Z,16.46,0.185,17.01,0.185,17.01,0.03363636363636364,62.618
2025-09-20T04:15:00Z,115581,12.68,2025-09-20T04:13:05Z,16.55,0.186,17.02,0.186,17.02,0.03381818181818182,62.636
2025-09-20T04:30:00Z,115582,12.72,2025-09-20T04:15:20Z,16.56,0.186,16.98,0.186,16.98,0.03381818181818182,62.564
2025-09-20T04:45:00Z,115583,12.72,2025-09-20T04:31:20Z,16.44,0.185,16.91,0.185,16.91,0.03363636363636364,62.438
2025-09-20T05:00:00Z,115584,12.7,2025-09-20T04:52:40Z,16.29,0.184,16.85,0.184,16.85,0.03345454545454545,62.33
2025-09-20T05:15:00Z,115585,12.7,2025-09-20T05:06:45Z,16.16,0.183,16.79,0.183,16.79,0.03327272727272727,62.221999999999994
2025-09-20T05:30:00Z,115586,12.69,2025-09-20T05:16:00Z,16.04,0.182,16.74,0.182,16.74,0.033090909090909094,62.132
2025-09-20T05:45:00Z,115587,12.6,2025-09-20T05:30:50Z,15.91,0.182,16.69,0.182,16.69,0.033090909090909094,62.042
2025-09-20T06:00:00Z,115588,12.68,2025-09-20T05:58:20Z,15.79,0.181,16.64,0.181,16.64,0.03290909090909091,61.952
2025-09-20T06:15:00Z,115589,12.69,2025-09-20T06:13:10Z,15.7,0.181,16.6,0.181,16.6,0.03290909090909091,61.88
2025-09-20T06:30:00Z,115590,12.67,2025-09-20T06:25:55Z,15.65,0.181,16.57,0.181,16.57,0.03290909090909091,61.826
2025-09-20T06:45:00Z,115591,12.68,2025-09-20T06:30:40Z,15.63,0.18,16.55,0.18,16.55,0.03272727272727272,61.790000000000006
2025-09-20T07:00:00Z,115592,12.67,2025-09-20T06:53:25Z,15.61,0.18,16.52,0.18,16.52,0.03272727272727272,61.736000000000004
2025-09-20T07:15:00Z,115593,12.65,2025-09-20T07:11:50Z,15.59,0.18,16.49,0.18,16.49,0.03272727272727272,61.682
2025-09-20T07:30:00Z,115594,12.66,2025-09-20T07:20:55Z,15.57,0.18,16.46,0.18,16.46,0.03272727272727272,61.628
2025-09-20T07:45:00Z,115595,12.64,2025-09-20T07:37:05Z,15.55,0.179,16.45,0.179,16.45,0.032545454545454544,61.61
2025-09-20T08:00:00Z,115596,12.67,2025-09-20T07:45:45Z,15.56,0.179,16.46,0.179,16.46,0.032545454545454544,61.628
2025-09-20T08:15:00Z,115597,12.69,2025-09-20T08:05:30Z,15.64,0.18,16.51,0.18,16.51,0.03272727272727272,61.718
2025-09-20T08:30:00Z,115598,12.74,2025-09-20T08:18:50Z,15.79,0.181,16.59,0.181,16.59,0.03290909090909091,61.862
2025-09-20T08:45:00Z,115599,12.77,2025-09-20T08:32:40Z,15.99,0.183,16.7,0.183,16.7,0.03327272727272727,62.059999999999995
2025-09-20T09:00:00Z,115600,12.82,2025-09-20T08:47:50Z,16.25,0.185,16.85,0.185,16.85,0.03363636363636364,62.33
2025-09-20T09:15:00Z,115601,12.88,2025-09-20T09:07:20Z,16.56,0.187,17,0.187,17,0.034,62.6
2025-09-20T09:30:00Z,115602,12.96,2025-09-20T09:16:55Z,16.96,0.189,17.15,0.189,17.15,0.03436363636363637,62.87
2025-09-20T09:45:00Z,115603,13.03,2025-09-20T09:30:40Z,17.52,0.191,17.32,0.191,17.32,0.034727272727272725,63.176
2025-09-20T10:00:00Z,115604,13.18,2025-09-20T09:45:05Z,18.21,0.193,17.5,0.193,17.5,0.035090909090909096,63.5
2025-09-20T10:15:00Z,115605,13.31,2025-09-20T10:00:15Z,18.9,0.196,17.71,0.196,17.71,0.03563636363636364,63.878
2025-09-20T10:30:00Z,115606,13.41,2025-09-20T10:16:00Z,19.5,0.2,17.93,0.2,17.93,0.03636363636363637,64.274
2025-09-20T10:45:00Z,115607,13.35,2025-09-20T10:32:05Z,20.03,0.204,18.13,0.204,18.13,0.03709090909090909,64.634
2025-09-20T11:00:00Z,115608,13.54,2025-09-20T10:59:10Z,20.54,0.207,18.3,0.207,18.3,0.037636363636363634,64.94
2025-09-20T11:15:00Z,115609,13.67,2025-09-20T11:00:05Z,21.13,0.211,18.48,0.211,18.48,0.038363636363636364,65.264
2025-09-20T11:30:00Z,115610,13.7,2025-09-20T11:18:25Z,21.68,0.213,18.65,0.213,18.65,0.03872727272727273,65.57
2025-09-20T11:45:00Z,115611,13.83,2025-09-20T11:30:05Z,22.21,0.217,18.84,0.217,18.84,0.03945454545454546,65.912
2025-09-20T12:00:00Z,115612,13.99,2025-09-20T11:52:55Z,22.87,0.224,19.07,0.224,19.07,0.04,66.326
2025-09-20T12:15:00Z,115613,13.99,2025-09-20T12:07:30Z,23.62,0.232,19.28,0.232,19.28,0.04200000000000001,66.70400000000001
2025-09-20T12:30:00Z,115614,13.98,2025-09-20T12:19:00Z,24.24,0.235,19.32,0.235,19.32,0.044999999999999984,66.776
2025-09-20T12:45:00Z,115615,13.95,2025-09-20T12:42:55Z,24.65,0.236,19.37,0.236,19.37,0.04599999999999999,66.866
2025-09-20T13:00:00Z,115616,13.96,2025-09-20T12:50:55Z,24.98,0.237,19.53,0.237,19.53,0.04699999999999999,67.154
2025-09-20T13:15:00Z,115617,13.98,2025-09-20T13:12:05Z,25.36,0.242,19.79,0.242,19.79,0.05,67.622
2025-09-20T13:30:00Z,115618,13.97,2025-09-20T13:22:55Z,25.83,0.246,20.11,0.246,20.11,0.05,68.19800000000001
2025-09-20T13:45:00Z,115619,13.86,2025-09-20T13:43:05Z,26.6,0.249,20.28,0.249,20.28,0.05,68.504
2025-09-20T14:00:00Z,115620,13.92,2025-09-20T13:59:00Z,27.5,0.25,20.35,0.25,20.35,0.05,68.63
2025-09-20T14:15:00Z,115621,13.91,2025-09-20T14:11:25Z,28.57,0.25,20.46,0.25,20.46,0.05,68.828
2025-09-20T14:30:00Z,115622,13.51,2025-09-20T14:25:55Z,28.77,0.251,20.55,0.251,20.55,0.05,68.99000000000001
2025-09-20T14:45:00Z,115623,13.51,2025-09-20T14:41:00Z,28.78,0.252,20.7,0.252,20.7,0.05,69.25999999999999
2025-09-20T15:00:00Z,115624,13.46,2025-09-20T14:55:00Z,28.88,0.254,20.86,0.254,20.86,0.05,69.548
2025-09-20T15:15:00Z,115625,13.38,2025-09-20T15:14:20Z,29.12,0.256,20.97,0.256,20.97,0.05,69.746
2025-09-20T15:30:00Z,115626,13.38,2025-09-20T15:15:30Z,29.01,0.255,21.01,0.255,21.01,0.05,69.818
2025-09-20T15:45:00Z,115627,13.49,2025-09-20T15:34:50Z,28.87,0.256,21.1,0.256,21.1,0.05,69.98
2025-09-20T16:00:00Z,115628,13.4,2025-09-20T15:59:20Z,29.39,0.258,21.23,0.258,21.23,0.05,70.214
2025-09-20T16:15:00Z,115629,13.44,2025-09-20T16:02:50Z,30.21,0.257,21.22,0.257,21.22,0.05,70.196
2025-09-20T16:30:00Z,115630,13.43,2025-09-20T16:21:35Z,30.74,0.256,21.15,0.256,21.15,0.05,70.07
2025-09-20T16:45:00Z,115631,13.43,2025-09-20T16:42:00Z,30.94,0.251,20.99,0.251,20.99,0.05,69.782
2025-09-20T17:00:00Z,115632,13.43,2025-09-20T16:45:35Z,30.74,0.249,20.92,0.249,20.92,0.05,69.656
2025-09-20T17:15:00Z,115633,13.46,2025-09-20T17:02:20Z,30.51,0.247,20.86,0.247,20.86,0.05,69.548
2025-09-20T17:30:00Z,115634,13.45,2025-09-20T17:26:00Z,30.33,0.245,20.79,0.245,20.79,0.05,69.422
2025-09-20T17:45:00Z,115635,13.49,2025-09-20T17:36:15Z,30,0.242,20.7,0.242,20.7,0.05,69.25999999999999
2025-09-20T18:00:00Z,115636,13.5,2025-09-20T17:46:00Z,29.59,0.24,20.64,0.24,20.64,0.05,69.152
2025-09-20T18:15:00Z,115637,13.5,2025-09-20T18:01:20Z,29.03,0.238,20.54,0.238,20.54,0.048,68.972
2025-09-20T18:30:00Z,115638,13.47,2025-09-20T18:29:35Z,27.91,0.234,20.38,0.234,20.38,0.04400000000000001,68.684
2025-09-20T18:45:00Z,115639,13.24,2025-09-20T18:42:40Z,26.69,0.23,20.19,0.23,20.19,0.04,68.342
2025-09-20T19:00:00Z,115640,13.15,2025-09-20T18:52:35Z,25.48,0.225,19.94,0.225,19.94,0.04,67.892
2025-09-20T19:15:00Z,115641,13.1,2025-09-20T19:14:55Z,24.38,0.22,19.72,0.22,19.72,0.04,67.496
2025-09-20T19:30:00Z,115642,13.05,2025-09-20T19:28:15Z,23.42,0.216,19.53,0.216,19.53,0.03927272727272727,67.154
2025-09-20T19:45:00Z,115643,12.98,2025-09-20T19:44:15Z,22.6,0.211,19.36,0.211,19.36,0.038363636363636364,66.848
2025-09-20T20:00:00Z,115644,12.94,2025-09-20T19:57:35Z,21.85,0.207,19.21,0.207,19.21,0.037636363636363634,66.578
2025-09-20T20:15:00Z,115645,12.91,2025-09-20T20:02:55Z,21.3,0.204,19.06,0.204,19.06,0.03709090909090909,66.30799999999999
2025-09-20T20:30:00Z,115646,12.89,2025-09-20T20:15:55Z,20.84,0.202,18.93,0.202,18.93,0.036727272727272726,66.074
2025-09-20T20:45:00Z,115647,12.87,2025-09-20T20:35:40Z,20.46,0.2,18.8,0.2,18.8,0.03636363636363637,65.84
2025-09-20T21:00:00Z,115648,12.86,2025-09-20T20:55:20Z,20.16,0.198,18.68,0.198,18.68,0.036000000000000004,65.624
2025-09-20T21:15:00Z,115649,12.85,2025-09-20T21:06:55Z,19.89,0.196,18.59,0.196,18.59,0.03563636363636364,65.462
2025-09-20T21:30:00Z,115650,12.83,2025-09-20T21:27:10Z,19.6,0.195,18.48,0.195,18.48,0.035454545454545454,65.264
2025-09-20T21:45:00Z,115651,12.86,2025-09-20T21:38:55Z,19.22,0.193,18.37,0.193,18.37,0.035090909090909096,65.066
2025-09-20T22:00:00Z,115652,12.83,2025-09-20T21:57:20Z,18.88,0.192,18.24,0.192,18.24,0.03490909090909091,64.832
2025-09-20T22:15:00Z,115653,12.84,2025-09-20T22:02:15Z,18.54,0.19,18.12,0.19,18.12,0.034545454545454546,64.616
2025-09-20T22:30:00Z,115654,12.83,2025-09-20T22:25:00Z,18.24,0.188,18.02,0.188,18.02,0.03418181818181818,64.436
2025-09-20T22:45:00Z,115655,12.81,2025-09-20T22:39:20Z,17.96,0.187,17.93,0.187,17.93,0.034,64.274
2025-09-20T23:00:00Z,115656,12.84,2025-09-20T22:52:10Z,17.71,0.186,17.86,0.186,17.86,0.03381818181818182,64.148
2025-09-20T23:15:00Z,115657,12.8,2025-09-20T23:13:10Z,17.51,0.185,17.81,0.185,17.81,0.03363636363636364,64.05799999999999
2025-09-20T23:30:00Z,115658,12.82,2025-09-20T23:17:35Z,17.34,0.184,17.76,0.184,17.76,0.03345454545454545,63.968
2025-09-20T23:45:00Z,115659,12.81,2025-09-20T23:34:25Z,17.21,0.184,17.72,0.184,17.72,0.03345454545454545,63.896
2025-09-21T00:15:00Z,115661,12.82,2025-09-21T00:00:45Z,17.01,0.184,17.66,0.184,17.66,0.03345454545454545,63.788
2025-09-21T00:30:00Z,115662,12.79,2025-09-21T00:28:20Z,16.85,0.183,17.58,0.183,17.58,0.03327272727272727,63.64399999999999
2025-09-21T00:45:00Z,115663,12.79,2025-09-21T00:39:20Z,16.68,0.183,17.5,0.183,17.5,0.03327272727272727,63.5
2025-09-21T01:00:00Z,115664,12.79,2025-09-21T00:49:55Z,16.52,0.183,17.43,0.183,17.43,0.03327272727272727,63.374
2025-09-21T01:15:00Z,115665,12.79,2025-09-21T01:13:05Z,16.36,0.183,17.37,0.183,17.37,0.03327272727272727,63.266000000000005
2025-09-21T01:30:00Z,115666,12.81,2025-09-21T01:24:50Z,16.21,0.182,17.31,0.182,17.31,0.033090909090909094,63.158
2025-09-21T01:45:00Z,115667,12.8,2025-09-21T01:36:25Z,16.08,0.182,17.26,0.182,17.26,0.033090909090909094,63.068
2025-09-21T02:00:00Z,115668,12.79,2025-09-21T01:50:45Z,15.99,0.182,17.21,0.182,17.21,0.033090909090909094,62.978
2025-09-21T02:15:00Z,115669,12.77,2025-09-21T02:08:00Z,15.91,0.181,17.16,0.181,17.16,0.03290909090909091,62.888
2025-09-21T02:30:00Z,115670,12.78,2025-09-21T02:18:25Z,15.85,0.181,17.11,0.181,17.11,0.03290909090909091,62.798
2025-09-21T02:45:00Z,115671,12.78,2025-09-21T02:42:45Z,15.78,0.18,17.06,0.18,17.06,0.03272727272727272,62.708
2025-09-21T03:00:00Z,115672,12.77,2025-09-21T02:45:45Z,15.7,0.179,17.01,0.179,17.01,0.032545454545454544,62.618
2025-09-21T03:15:00Z,115673,12.76,2025-09-21T03:13:15Z,15.65,0.179,16.96,0.179,16.96,0.032545454545454544,62.528000000000006
2025-09-21T03:30:00Z,115674,12.77,2025-09-21T03:18:30Z,15.56,0.179,16.9,0.179,16.9,0.032545454545454544,62.42
2025-09-21T03:45:00Z,115675,12.75,2025-09-21T03:40:45Z,15.52,0.179,16.87,0.179,16.87,0.032545454545454544,62.366
2025-09-21T04:00:00Z,115676,12.77,2025-09-21T03:56:15Z,15.57,0.18,16.9,0.18,16.9,0.03272727272727272,62.42
2025-09-21T04:15:00Z,115677,12.74,2025-09-21T04:08:25Z,15.69,0.181,16.96,0.181,16.96,0.03290909090909091,62.528000000000006
2025-09-21T04:30:00Z,115678,12.74,2025-09-21T04:23:20Z,15.84,0.182,17.02,0.182,17.02,0.033090909090909094,62.636
2025-09-21T04:45:00Z,115679,12.74,2025-09-21T04:35:55Z,15.97,0.184,17.07,0.184,17.07,0.03345454545454545,62.726
2025-09-21T05:00:00Z,115680,12.74,2025-09-21T04:54:30Z,16.07,0.185,17.11,0.185,17.11,0.03363636363636364,62.798
2025-09-21T05:15:00Z,115681,12.72,2025-09-21T05:03:20Z,16.16,0.186,17.14,0.186,17.14,0.03381818181818182,62.852
2025-09-21T05:30:00Z,115682,12.73,2025-09-21T05:27:00Z,16.24,0.186,17.16,0.186,17.16,0.03381818181818182,62.888
2025-09-21T05:45:00Z,115683,12.72,2025-09-21T05:30:50Z,16.3,0.187,17.18,0.187,17.18,0.034,62.924
2025-09-21T06:00:00Z,115684,12.71,2025-09-21T05:52:50Z,16.38,0.188,17.2,0.188,17.2,0.03418181818181818,62.959999999999994
2025-09-21T06:15:00Z,115685,12.72,2025-09-21T06:03:50Z,16.45,0.189,17.22,0.189,17.22,0.03436363636363637,62.995999999999995
2025-09-21T06:30:00Z,115686,12.71,2025-09-21T06:19:50Z,16.49,0.188,17.23,0.188,17.23,0.03418181818181818,63.013999999999996
2025-09-21T06:45:00Z,115687,12.68,2025-09-21T06:38:30Z,16.58,0.184,17.22,0.184,17.22,0.03345454545454545,62.995999999999995
2025-09-21T07:00:00Z,115688,12.69,2025-09-21T06:53:25Z,16.69,0.187,17.22,0.187,17.22,0.034,62.995999999999995
2025-09-21T07:15:00Z,115689,12.69,2025-09-21T07:13:10Z,16.74,0.187,17.24,0.187,17.24,0.034,63.032
2025-09-21T07:30:00Z,115690,12.69,2025-09-21T07:18:30Z,16.75,0.189,17.25,0.189,17.25,0.03436363636363637,63.05
2025-09-21T07:45:00Z,115691,12.68,2025-09-21T07:42:50Z,16.74,0.194,17.26,0.194,17.26,0.035272727272727275,63.068
2025-09-21T08:00:00Z,115692,12.68,2025-09-21T07:47:50Z,16.74,0.196,17.28,0.196,17.28,0.03563636363636364,63.104
2025-09-21T08:15:00Z,115693,12.68,2025-09-21T08:11:50Z,16.74,0.197,17.29,0.197,17.29,0.03581818181818182,63.122
2025-09-21T08:30:00Z,115694,12.69,2025-09-21T08:15:55Z,16.75,0.199,17.31,0.199,17.31,0.03618181818181818,63.158
2025-09-21T08:45:00Z,115695,12.7,2025-09-21T08:30:15Z,16.8,0.201,17.34,0.201,17.34,0.03654545454545455,63.212
2025-09-21T09:00:00Z,115696,12.71,2025-09-21T08:49:10Z,16.88,0.202,17.38,0.202,17.38,0.036727272727272726,63.284
2025-09-21T09:15:00Z,115697,12.72,2025-09-21T09:00:05Z,16.98,0.203,17.44,0.203,17.44,0.03690909090909091,63.392
2025-09-21T09:30:00Z,115698,12.76,2025-09-21T09:20:15Z,17.12,0.206,17.52,0.206,17.52,0.037454545454545456,63.536
2025-09-21T09:45:00Z,115699,12.77,2025-09-21T09:32:45Z,17.27,0.209,17.61,0.209,17.61,0.038,63.698
2025-09-21T10:00:00Z,115700,12.84,2025-09-21T09:52:15Z,17.46,0.212,17.73,0.212,17.73,0.03854545454545454,63.914
2025-09-21T10:15:00Z,115701,12.85,2025-09-21T10:14:10Z,17.66,0.215,17.83,0.215,17.83,0.03909090909090909,64.094
2025-09-21T10:30:00Z,115702,12.87,2025-09-21T10:16:00Z,17.83,0.218,17.92,0.218,17.92,0.039636363636363636,64.256
2025-09-21T10:45:00Z,115703,12.93,2025-09-21T10:33:20Z,17.98,0.221,18.03,0.221,18.03,0.04,64.45400000000001
2025-09-21T11:00:00Z,115704,13.03,2025-09-21T10:45:20Z,18.14,0.224,18.14,0.224,18.14,0.04,64.652
2025-09-21T11:15:00Z,115705,13.04,2025-09-21T11:00:50Z,18.29,0.228,18.25,0.228,18.25,0.04,64.85
2025-09-21T11:30:00Z,115706,13.08,2025-09-21T11:15:50Z,18.33,0.23,18.29,0.23,18.29,0.04,64.922
2025-09-21T11:45:00Z,115707,13.15,2025-09-21T11:31:50Z,18.36,0.231,18.36,0.231,18.36,0.041,65.048
2025-09-21T12:00:00Z,115708,13.26,2025-09-21T11:45:05Z,18.42,0.232,18.47,0.232,18.47,0.04200000000000001,65.246
2025-09-21T12:15:00Z,115709,13.3,2025-09-21T12:00:20Z,18.53,0.233,18.58,0.233,18.58,0.04300000000000001,65.44399999999999
2025-09-21T12:30:00Z,115710,13.33,2025-09-21T12:20:45Z,18.64,0.235,18.69,0.235,18.69,0.044999999999999984,65.642
2025-09-21T12:45:00Z,115711,13.45,2025-09-21T12:30:10Z,18.84,0.237,18.82,0.237,18.82,0.04699999999999999,65.876
2025-09-21T13:00:00Z,115712,13.49,2025-09-21T12:45:10Z,19.06,0.24,18.95,0.24,18.95,0.05,66.11
2025-09-21T13:15:00Z,115713,13.46,2025-09-21T13:12:50Z,19.21,0.242,19.05,0.242,19.05,0.05,66.29
2025-09-21T13:30:00Z,115714,13.49,2025-09-21T13:18:30Z,19.31,0.243,19.11,0.243,19.11,0.05,66.398
2025-09-21T13:45:00Z,115715,13.53,2025-09-21T13:30:05Z,19.43,0.245,19.21,0.245,19.21,0.05,66.578
2025-09-21T14:00:00Z,115716,13.78,2025-09-21T13:45:10Z,19.68,0.248,19.44,0.248,19.44,0.05,66.992
2025-09-21T14:15:00Z,115717,14.07,2025-09-21T14:00:40Z,20.31,0.254,19.76,0.254,19.76,0.05,67.568
2025-09-21T14:30:00Z,115718,14.07,2025-09-21T14:26:10Z,21.37,0.262,20.12,0.262,20.12,0.05,68.21600000000001
2025-09-21T14:45:00Z,115719,14.05,2025-09-21T14:43:00Z,22.32,0.266,20.34,0.266,20.34,0.05,68.612
2025-09-21T15:00:00Z,115720,14.03,2025-09-21T14:52:25Z,23.95,0.269,20.47,0.269,20.47,0.05,68.846
2025-09-21T15:15:00Z,115721,13.9,2025-09-21T15:09:05Z,25.85,0.269,20.51,0.269,20.51,0.05,68.918
2025-09-21T15:30:00Z,115722,13.92,2025-09-21T15:21:05Z,26.6,0.271,20.66,0.271,20.66,0.051000000000000004,69.188
2025-09-21T15:45:00Z,115723,13.94,2025-09-21T15:37:30Z,27.34,0.275,20.8,0.275,20.8,0.055,69.44
2025-09-21T16:00:00Z,115724,13.91,2025-09-21T15:49:50Z,28.18,0.274,20.76,0.274,20.76,0.054,69.368
2025-09-21T16:15:00Z,115725,13.84,2025-09-21T16:15:00Z,28.22,0.271,20.76,0.271,20.76,0.051000000000000004,69.368
2025-09-21T16:30:00Z,115726,13.51,2025-09-21T16:21:20Z,28.65,0.273,20.79,0.273,20.79,0.053,69.422
2025-09-21T16:45:00Z,115727,13.48,2025-09-21T16:37:10Z,29,0.27,20.7,0.27,20.7,0.05,69.25999999999999
2025-09-21T17:00:00Z,115728,13.41,2025-09-21T16:49:35Z,29.32,0.269,20.63,0.269,20.63,0.05,69.134
2025-09-21T17:15:00Z,115729,13.49,2025-09-21T17:08:45Z,29.29,0.269,20.63,0.269,20.63,0.05,69.134
2025-09-21T17:30:00Z,115730,13.49,2025-09-21T17:22:40Z,29.26,0.267,20.63,0.267,20.63,0.05,69.134
2025-09-21T17:45:00Z,115731,13.52,2025-09-21T17:43:25Z,29.3,0.266,20.6,0.266,20.6,0.05,69.08
2025-09-21T18:00:00Z,115732,13.45,2025-09-21T17:53:25Z,29.09,0.265,20.57,0.265,20.57,0.05,69.026
2025-09-21T18:15:00Z,115733,13.52,2025-09-21T18:07:45Z,28.56,0.263,20.5,0.263,20.5,0.05,68.9
2025-09-21T18:30:00Z,115734,13.55,2025-09-21T18:15:30Z,27.48,0.261,20.41,0.261,20.41,0.05,68.738
2025-09-21T18:45:00Z,115735,13.4,2025-09-21T18:43:40Z,26.37,0.258,20.3,0.258,20.3,0.05,68.54
2025-09-21T19:00:00Z,115736,13.25,2025-09-21T18:59:15Z,25.36,0.254,20.18,0.254,20.18,0.05,68.324
2025-09-21T19:15:00Z,115737,13.16,2025-09-21T19:13:45Z,24.39,0.25,20.02,0.25,20.02,0.05,68.036
2025-09-21T19:30:00Z,115738,13.09,2025-09-21T19:28:45Z,23.43,0.245,19.85,0.245,19.85,0.05,67.73
2025-09-21T19:45:00Z,115739,13.01,2025-09-21T19:43:35Z,22.55,0.241,19.69,0.241,19.69,0.05,67.44200000000001
2025-09-21T20:00:00Z,115740,12.98,2025-09-21T19:59:05Z,21.76,0.236,19.54,0.236,19.54,0.04599999999999999,67.172
2025-09-21T20:15:00Z,115741,12.93,2025-09-21T20:11:00Z,21.13,0.232,19.43,0.232,19.43,0.04200000000000001,66.974
2025-09-21T20:30:00Z,115742,12.9,2025-09-21T20:27:40Z,20.61,0.23,19.35,0.23,19.35,0.04,66.83
2025-09-21T20:45:00Z,115743,12.89,2025-09-21T20:38:30Z,20.23,0.229,19.29,0.229,19.29,0.04,66.722
2025-09-21T21:00:00Z,115744,12.89,2025-09-21T20:58:35Z,19.95,0.229,19.24,0.229,19.24,0.04,66.632
2025-09-21T21:15:00Z,115745,12.86,2025-09-21T21:06:00Z,19.72,0.229,19.19,0.229,19.19,0.04,66.542
2025-09-21T21:30:00Z,115746,12.88,2025-09-21T21:19:25Z,19.53,0.229,19.14,0.229,19.14,0.04,66.452
2025-09-21T21:45:00Z,115747,12.85,2025-09-21T21:32:45Z,19.35,0.227,19.1,0.227,19.1,0.04,66.38
2025-09-21T22:00:00Z,115748,12.84,2025-09-21T21:51:20Z,19.25,0.224,19.08,0.224,19.08,0.04,66.344
2025-09-21T22:15:00Z,115749,12.85,2025-09-21T22:12:45Z,19.17,0.224,19.04,0.224,19.04,0.04,66.27199999999999
2025-09-21T22:30:00Z,115750,12.83,2025-09-21T22:26:05Z,19.12,0.224,19,0.224,19,0.04,66.2
2025-09-21T22:45:00Z,115751,12.84,2025-09-21T22:36:45Z,19.07,0.224,18.97,0.224,18.97,0.04,66.146
2025-09-21T23:00:00Z,115752,12.83,2025-09-21T22:55:05Z,19.04,0.222,18.94,0.222,18.94,0.04,66.092
2025-09-21T23:15:00Z,115753,12.83,2025-09-21T23:01:15Z,19.01,0.222,18.92,0.222,18.92,0.04,66.05600000000001
2025-09-21T23:30:00Z,115754,12.81,2025-09-21T23:29:40Z,19.01,0.219,18.92,0.219,18.92,0.03981818181818182,66.05600000000001
2025-09-21T23:45:00Z,115755,12.7,2025-09-21T23:38:50Z,19.17,0.216,18.92,0.216,18.92,0.03927272727272727,66.05600000000001
2025-09-22T00:15:00Z,115757,12.82,2025-09-22T00:12:55Z,18.86,0.288,18.95,0.288,18.95,0.06,66.11
2025-09-22T00:30:00Z,115758,12.81,2025-09-22T00:28:55Z,18.54,0.304,18.98,0.304,18.98,0.064,66.164
2025-09-22T00:45:00Z,115759,12.8,2025-09-22T00:43:50Z,18.32,0.315,18.98,0.315,18.98,0.07,66.164
2025-09-22T01:00:00Z,115760,12.81,2025-09-22T00:56:25Z,18.2,0.31,18.92,0.31,18.92,0.07,66.05600000000001
2025-09-22T01:15:00Z,115761,12.81,2025-09-22T01:03:25Z,18.13,0.309,18.87,0.309,18.87,0.069,65.96600000000001
2025-09-22T01:30:00Z,115762,12.79,2025-09-22T01:23:55Z,18.04,0.307,18.83,0.307,18.83,0.067,65.89399999999999
2025-09-22T01:45:00Z,115763,12.81,2025-09-22T01:31:50Z,17.97,0.31,18.79,0.31,18.79,0.07,65.822
2025-09-22T02:00:00Z,115764,12.79,2025-09-22T01:51:20Z,17.89,0.305,18.76,0.305,18.76,0.065,65.768
2025-09-22T02:15:00Z,115765,12.78,2025-09-22T02:00:05Z,17.8,0.302,18.73,0.302,18.73,0.062,65.714
2025-09-22T02:30:00Z,115766,12.78,2025-09-22T02:18:50Z,17.73,0.3,18.69,0.3,18.69,0.06,65.642
2025-09-22T02:45:00Z,115767,12.79,2025-09-22T02:44:40Z,17.67,0.299,18.65,0.299,18.65,0.06,65.57
2025-09-22T03:00:00Z,115768,12.79,2025-09-22T02:50:10Z,17.58,0.297,18.64,0.297,18.64,0.06,65.55199999999999
2025-09-22T03:15:00Z,115769,12.78,2025-09-22T03:08:25Z,17.49,0.295,18.62,0.295,18.62,0.06,65.516
2025-09-22T03:30:00Z,115770,12.78,2025-09-22T03:20:35Z,17.41,0.294,18.62,0.294,18.62,0.06,65.516
2025-09-22T03:45:00Z,115771,12.73,2025-09-22T03:40:40Z,17.34,0.293,18.6,0.293,18.6,0.06,65.48
2025-09-22T04:00:00Z,115772,12.74,2025-09-22T03:52:50Z,17.24,0.292,18.58,0.292,18.58,0.06,65.44399999999999
2025-09-22T04:15:00Z,115773,12.77,2025-09-22T04:01:55Z,17.14,0.291,18.56,0.291,18.56,0.06,65.408
2025-09-22T04:30:00Z,115774,12.72,2025-09-22T04:16:15Z,17,0.29,18.52,0.29,18.52,0.06,65.336
2025-09-22T04:45:00Z,115775,12.73,2025-09-22T04:36:20Z,16.87,0.289,18.47,0.289,18.47,0.06,65.246
2025-09-22T05:00:00Z,115776,12.74,2025-09-22T04:46:00Z,16.77,0.289,18.43,0.289,18.43,0.06,65.174
2025-09-22T05:15:00Z,115777,12.72,2025-09-22T05:03:50Z,16.72,0.288,18.4,0.288,18.4,0.06,65.12
2025-09-22T05:30:00Z,115778,12.69,2025-09-22T05:25:35Z,16.77,0.287,18.38,0.287,18.38,0.06,65.084
2025-09-22T05:45:00Z,115779,12.63,2025-09-22T05:42:50Z,16.86,0.287,18.36,0.287,18.36,0.06,65.048
2025-09-22T06:00:00Z,115780,12.71,2025-09-22T05:56:45Z,16.91,0.286,18.34,0.286,18.34,0.06,65.012
2025-09-22T06:15:00Z,115781,12.71,2025-09-22T06:13:05Z,16.97,0.285,18.31,0.285,18.31,0.06,64.958
2025-09-22T06:30:00Z,115782,12.69,2025-09-22T06:26:30Z,17.04,0.284,18.28,0.284,18.28,0.06,64.904
2025-09-22T06:45:00Z,115783,12.71,2025-09-22T06:36:55Z,17.07,0.284,18.25,0.284,18.25,0.06,64.85
2025-09-22T07:00:00Z,115784,12.69,2025-09-22T06:48:35Z,17.03,0.283,18.2,0.283,18.2,0.06,64.75999999999999
2025-09-22T07:15:00Z,115785,12.69,2025-09-22T07:06:00Z,17.02,0.282,18.17,0.282,18.17,0.06,64.706
2025-09-22T07:30:00Z,115786,12.67,2025-09-22T07:21:25Z,17.09,0.281,18.16,0.281,18.16,0.06,64.688
2025-09-22T07:45:00Z,115787,12.62,2025-09-22T07:32:50Z,17.14,0.281,18.15,0.281,18.15,0.06,64.67
2025-09-22T08:00:00Z,115788,12.68,2025-09-22T07:49:35Z,17.2,0.28,18.13,0.28,18.13,0.06,64.634
2025-09-22T08:15:00Z,115789,12.68,2025-09-22T08:00:55Z,17.31,0.279,18.13,0.279,18.13,0.059,64.634
2025-09-22T08:30:00Z,115790,12.67,2025-09-22T08:26:05Z,17.44,0.279,18.12,0.279,18.12,0.059,64.616
2025-09-22T08:45:00Z,115791,12.68,2025-09-22T08:34:40Z,17.54,0.278,18.13,0.278,18.13,0.057999999999999996,64.634
2025-09-22T09:00:00Z,115792,12.69,2025-09-22T08:45:40Z,17.65,0.278,18.14,0.278,18.14,0.057999999999999996,64.652
2025-09-22T09:15:00Z,115793,12.72,2025-09-22T09:00:05Z,17.77,0.277,18.17,0.277,18.17,0.056999999999999995,64.706
2025-09-22T09:30:00Z,115794,12.7,2025-09-22T09:29:55Z,17.97,0.278,18.23,0.278,18.23,0.057999999999999996,64.814
2025-09-22T09:45:00Z,115795,12.82,2025-09-22T09:32:10Z,18.22,0.279,18.31,0.279,18.31,0.059,64.958
2025-09-22T10:00:00Z,115796,12.85,2025-09-22T09:47:00Z,18.38,0.28,18.36,0.28,18.36,0.06,65.048
2025-09-22T10:15:00Z,115797,12.93,2025-09-22T10:04:50Z,18.55,0.282,18.44,0.282,18.44,0.06,65.19200000000001
2025-09-22T10:30:00Z,115798,12.98,2025-09-22T10:16:20Z,18.66,0.282,18.49,0.282,18.49,0.06,65.282
2025-09-22T10:45:00Z,115799,12.98,2025-09-22T10:30:55Z,18.79,0.282,18.53,0.282,18.53,0.06,65.354
2025-09-22T11:00:00Z,115800,13.23,2025-09-22T10:45:05Z,18.99,0.283,18.62,0.283,18.62,0.06,65.516
2025-09-22T11:15:00Z,115801,13.3,2025-09-22T11:13:00Z,19.13,0.283,18.7,0.283,18.7,0.06,65.66
2025-09-22T11:30:00Z,115802,13.4,2025-09-22T11:15:40Z,19.3,0.283,18.78,0.283,18.78,0.06,65.804
2025-09-22T11:45:00Z,115803,13.42,2025-09-22T11:36:55Z,19.54,0.282,18.87,0.282,18.87,0.06,65.96600000000001
2025-09-22T12:00:00Z,115804,13.47,2025-09-22T11:50:10Z,19.79,0.283,18.96,0.283,18.96,0.06,66.128
2025-09-22T12:15:00Z,115805,13.43,2025-09-22T12:09:15Z,19.84,0.283,19,0.283,19,0.06,66.2
2025-09-22T12:30:00Z,115806,13.47,2025-09-22T12:15:05Z,19.89,0.283,19.05,0.283,19.05,0.06,66.29
2025-09-22T12:45:00Z,115807,13.49,2025-09-22T12:40:40Z,20.13,0.283,19.09,0.283,19.09,0.06,66.362
2025-09-22T13:00:00Z,115808,13.73,2025-09-22T12:45:05Z,20.53,0.282,19.17,0.282,19.17,0.06,66.506
2025-09-22T13:15:00Z,115809,13.94,2025-09-22T13:08:20Z,21.16,0.282,19.28,0.282,19.28,0.06,66.70400000000001
2025-09-22T13:30:00Z,115810,14.02,2025-09-22T13:17:05Z,21.83,0.282,19.41,0.282,19.41,0.06,66.938
2025-09-22T13:45:00Z,115811,13.74,2025-09-22T13:44:10Z,22.46,0.283,19.54,0.283,19.54,0.06,67.172
2025-09-22T14:00:00Z,115812,13.58,2025-09-22T13:53:05Z,22.69,0.284,19.65,0.284,19.65,0.06,67.37
2025-09-22T14:15:00Z,115813,13.51,2025-09-22T14:14:40Z,22.55,0.284,19.7,0.284,19.7,0.06,67.46
2025-09-22T14:30:00Z,115814,13.47,2025-09-22T14:15:10Z,22.21,0.283,19.69,0.283,19.69,0.06,67.44200000000001
2025-09-22T14:45:00Z,115815,13.46,2025-09-22T14:31:55Z,21.94,0.283,19.68,0.283,19.68,0.06,67.424
2025-09-22T15:00:00Z,115816,13.54,2025-09-22T14:54:10Z,21.79,0.283,19.68,0.283,19.68,0.06,67.424
2025-09-22T15:15:00Z,115817,13.59,2025-09-22T15:00:15Z,21.8,0.283,19.69,0.283,19.69,0.06,67.44200000000001
2025-09-22T15:30:00Z,115818,13.74,2025-09-22T15:15:05Z,21.96,0.283,19.72,0.283,19.72,0.06,67.496
2025-09-22T15:45:00Z,115819,14.05,2025-09-22T15:44:45Z,22.29,0.283,19.78,0.283,19.78,0.06,67.604
2025-09-22T16:00:00Z,115820,14,2025-09-22T15:49:05Z,22.76,0.284,19.85,0.284,19.85,0.06,67.73
2025-09-22T16:15:00Z,115821,14.07,2025-09-22T16:00:20Z,23.13,0.284,19.92,0.284,19.92,0.06,67.85600000000001
2025-09-22T16:30:00Z,115822,14.03,2025-09-22T16:28:25Z,23.4,0.285,20,0.285,20,0.06,68
2025-09-22T16:45:00Z,115823,14.01,2025-09-22T16:37:50Z,23.66,0.285,20.04,0.285,20.04,0.06,68.072
2025-09-22T17:00:00Z,115824,14.03,2025-09-22T16:56:50Z,23.83,0.285,20.09,0.285,20.09,0.06,68.162
2025-09-22T17:15:00Z,115825,14.03,2025-09-22T17:07:00Z,23.78,0.285,20.13,0.285,20.13,0.06,68.234
2025-09-22T17:30:00Z,115826,13.6,2025-09-22T17:18:05Z,23.62,0.285,20.13,0.285,20.13,0.06,68.234
2025-09-22T17:45:00Z,115827,13.66,2025-09-22T17:30:25Z,23.41,0.285,20.14,0.285,20.14,0.06,68.252
2025-09-22T18:00:00Z,115828,13.67,2025-09-22T17:47:40Z,23.26,0.285,20.14,0.285,20.14,0.06,68.252
2025-09-22T18:15:00Z,115829,13.64,2025-09-22T18:14:25Z,23.08,0.284,20.13,0.284,20.13,0.06,68.234
2025-09-22T18:30:00Z,115830,13.65,2025-09-22T18:30:00Z,22.81,0.284,20.1,0.284,20.1,0.06,68.18
2025-09-22T18:45:00Z,115831,13.42,2025-09-22T18:44:35Z,22.42,0.283,20.06,0.283,20.06,0.06,68.108
2025-09-22T19:00:00Z,115832,13.35,2025-09-22T18:53:25Z,21.95,0.282,20,0.282,20,0.06,68
2025-09-22T19:15:00Z,115833,13.31,2025-09-22T19:14:25Z,21.47,0.28,19.93,0.28,19.93,0.06,67.874
2025-09-22T19:30:00Z,115834,13.21,2025-09-22T19:23:25Z,20.99,0.279,19.85,0.279,19.85,0.059,67.73
2025-09-22T19:45:00Z,115835,13.12,2025-09-22T19:44:10Z,20.47,0.278,19.76,0.278,19.76,0.057999999999999996,67.568
2025-09-22T20:00:00Z,115836,13.07,2025-09-22T20:00:00Z,19.95,0.277,19.66,0.277,19.66,0.056999999999999995,67.388
2025-09-22T20:15:00Z,115837,13.02,2025-09-22T20:14:05Z,19.45,0.276,19.55,0.276,19.55,0.056,67.19
2025-09-22T20:30:00Z,115838,12.97,2025-09-22T20:29:00Z,18.99,0.275,19.44,0.275,19.44,0.055,66.992
2025-09-22T20:45:00Z,115839,12.94,2025-09-22T20:40:35Z,18.58,0.274,19.33,0.274,19.33,0.054,66.794
2025-09-22T21:00:00Z,115840,12.9,2025-09-22T20:59:55Z,18.21,0.272,19.22,0.272,19.22,0.052000000000000005,66.596
2025-09-22T21:15:00Z,115841,12.9,2025-09-22T21:11:35Z,17.85,0.272,19.11,0.272,19.11,0.052000000000000005,66.398
2025-09-22T21:30:00Z,115842,12.85,2025-09-22T21:22:55Z,17.55,0.271,19,0.271,19,0.051000000000000004,66.2
2025-09-22T21:45:00Z,115843,12.87,2025-09-22T21:39:55Z,17.3,0.27,18.9,0.27,18.9,0.05,66.02
2025-09-22T22:00:00Z,115844,12.86,2025-09-22T21:46:25Z,17.06,0.27,18.81,0.27,18.81,0.05,65.858
2025-09-22T22:15:00Z,115845,12.85,2025-09-22T22:01:40Z,16.84,0.269,18.72,0.269,18.72,0.05,65.696
2025-09-22T22:30:00Z,115846,12.84,2025-09-22T22:29:10Z,16.62,0.268,18.64,0.268,18.64,0.05,65.55199999999999
2025-09-22T22:45:00Z,115847,12.84,2025-09-22T22:35:55Z,16.41,0.268,18.56,0.268,18.56,0.05,65.408
2025-09-22T23:00:00Z,115848,12.83,2025-09-22T22:59:55Z,16.27,0.267,18.49,0.267,18.49,0.05,65.282
2025-09-22T23:15:00Z,115849,12.83,2025-09-22T23:13:45Z,16.16,0.266,18.42,0.266,18.42,0.05,65.156
2025-09-22T23:30:00Z,115850,12.81,2025-09-22T23:23:30Z,16.07,0.266,18.35,0.266,18.35,0.05,65.03
2025-09-22T23:45:00Z,115851,12.82,2025-09-22T23:39:55Z,15.96,0.266,18.28,0.266,18.28,0.05,64.904
2025-09-23T00:15:00Z,115853,12.81,2025-09-23T00:11:55Z,15.79,0.265,18.17,0.265,18.17,0.05,64.706
2025-09-23T00:30:00Z,115854,12.8,2025-09-23T00:17:10Z,15.64,0.265,18.11,0.265,18.11,0.05,64.598
2025-09-23T00:45:00Z,115855,12.8,2025-09-23T00:33:10Z,15.5,0.264,18.05,0.264,18.05,0.05,64.49000000000001
2025-09-23T01:00:00Z,115856,12.81,2025-09-23T00:46:35Z,15.38,0.264,17.99,0.264,17.99,0.05,64.382
2025-09-23T01:15:00Z,115857,12.81,2025-09-23T01:07:55Z,15.28,0.263,17.93,0.263,17.93,0.05,64.274
2025-09-23T01:30:00Z,115858,12.79,2025-09-23T01:27:45Z,15.34,0.263,17.87,0.263,17.87,0.05,64.166
2025-09-23T01:45:00Z,115859,12.78,2025-09-23T01:42:05Z,15.33,0.263,17.82,0.263,17.82,0.05,64.076
2025-09-23T02:00:00Z,115860,12.78,2025-09-23T01:45:15Z,15.23,0.263,17.76,0.263,17.76,0.05,63.968
2025-09-23T02:15:00Z,115861,12.79,2025-09-23T02:13:05Z,15.15,0.263,17.71,0.263,17.71,0.05,63.878
2025-09-23T02:30:00Z,115862,12.77,2025-09-23T02:15:05Z,15.03,0.262,17.65,0.262,17.65,0.05,63.769999999999996
2025-09-23T02:45:00Z,115863,12.79,2025-09-23T02:36:50Z,14.95,0.261,17.6,0.261,17.6,0.05,63.68
2025-09-23T03:00:00Z,115864,12.78,2025-09-23T02:59:55Z,14.81,0.261,17.55,0.261,17.55,0.05,63.59
2025-09-23T03:15:00Z,115865,12.76,2025-09-23T03:06:50Z,14.67,0.261,17.5,0.261,17.5,0.05,63.5
2025-09-23T03:30:00Z,115866,12.78,2025-09-23T03:29:15Z,14.58,0.261,17.45,0.261,17.45,0.05,63.41
2025-09-23T03:45:00Z,115867,12.76,2025-09-23T03:38:50Z,14.45,0.26,17.4,0.26,17.4,0.05,63.32
2025-09-23T04:00:00Z,115868,12.76,2025-09-23T03:45:10Z,14.36,0.26,17.34,0.26,17.34,0.05,63.212
2025-09-23T04:15:00Z,115869,12.77,2025-09-23T04:09:15Z,14.31,0.26,17.3,0.26,17.3,0.05,63.14
2025-09-23T04:30:00Z,115870,12.76,2025-09-23T04:15:25Z,14.27,0.259,17.26,0.259,17.26,0.05,63.068
2025-09-23T04:45:00Z,115871,12.76,2025-09-23T04:35:40Z,14.25,0.259,17.22,0.259,17.22,0.05,62.995999999999995
2025-09-23T05:00:00Z,115872,12.75,2025-09-23T04:46:35Z,14.4,0.258,17.21,0.258,17.21,0.05,62.978
2025-09-23T05:15:00Z,115873,12.73,2025-09-23T05:03:05Z,14.7,0.258,17.22,0.258,17.22,0.05,62.995999999999995
2025-09-23T05:30:00Z,115874,12.74,2025-09-23T05:29:00Z,15,0.259,17.23,0.259,17.23,0.05,63.013999999999996
2025-09-23T05:45:00Z,115875,12.73,2025-09-23T05:30:40Z,15.19,0.258,17.23,0.258,17.23,0.05,63.013999999999996
2025-09-23T06:00:00Z,115876,12.72,2025-09-23T05:58:05Z,15.36,0.258,17.23,0.258,17.23,0.05,63.013999999999996
2025-09-23T06:15:00Z,115877,12.73,2025-09-23T06:13:45Z,15.52,0.258,17.23,0.258,17.23,0.05,63.013999999999996
2025-09-23T06:30:00Z,115878,12.71,2025-09-23T06:25:35Z,15.65,0.258,17.24,0.258,17.24,0.05,63.032
2025-09-23T06:45:00Z,115879,12.72,2025-09-23T06:32:00Z,15.75,0.258,17.25,0.258,17.25,0.05,63.05
2025-09-23T07:00:00Z,115880,12.69,2025-09-23T06:56:20Z,15.82,0.258,17.26,0.258,17.26,0.05,63.068
2025-09-23T07:15:00Z,115881,12.71,2025-09-23T07:13:25Z,15.88,0.258,17.27,0.258,17.27,0.05,63.086
2025-09-23T07:30:00Z,115882,12.68,2025-09-23T07:23:10Z,15.94,0.257,17.27,0.257,17.27,0.05,63.086
2025-09-23T07:45:00Z,115883,12.71,2025-09-23T07:31:20Z,16.01,0.257,17.28,0.257,17.28,0.05,63.104
2025-09-23T08:00:00Z,115884,12.72,2025-09-23T07:45:20Z,16.11,0.257,17.3,0.257,17.3,0.05,63.14
2025-09-23T08:15:00Z,115885,12.75,2025-09-23T08:05:40Z,16.27,0.257,17.32,0.257,17.32,0.05,63.176
2025-09-23T08:30:00Z,115886,12.76,2025-09-23T08:23:30Z,16.47,0.257,17.36,0.257,17.36,0.05,63.248000000000005
2025-09-23T08:45:00Z,115887,12.79,2025-09-23T08:30:05Z,16.68,0.257,17.39,0.257,17.39,0.05,63.302
2025-09-23T09:00:00Z,115888,12.83,2025-09-23T08:45:50Z,16.89,0.257,17.44,0.257,17.44,0.05,63.392
2025-09-23T09:15:00Z,115889,12.87,2025-09-23T09:00:05Z,17.15,0.256,17.5,0.256,17.5,0.05,63.5
2025-09-23T09:30:00Z,115890,12.97,2025-09-23T09:18:30Z,17.47,0.256,17.58,0.256,17.58,0.05,63.64399999999999
2025-09-23T09:45:00Z,115891,13.03,2025-09-23T09:30:05Z,17.71,0.256,17.67,0.256,17.67,0.05,63.806000000000004
2025-09-23T10:00:00Z,115892,13.09,2025-09-23T09:46:10Z,17.97,0.256,17.75,0.256,17.75,0.05,63.95
2025-09-23T10:15:00Z,115893,13.2,2025-09-23T10:00:05Z,18.27,0.256,17.85,0.256,17.85,0.05,64.13
2025-09-23T10:30:00Z,115894,13.3,2025-09-23T10:15:20Z,18.57,0.256,17.96,0.256,17.96,0.05,64.328
2025-09-23T10:45:00Z,115895,13.43,2025-09-23T10:30:10Z,18.87,0.256,18.07,0.256,18.07,0.05,64.526
2025-09-23T11:00:00Z,115896,13.56,2025-09-23T10:45:05Z,19.2,0.257,18.21,0.257,18.21,0.05,64.778
2025-09-23T11:15:00Z,115897,13.54,2025-09-23T11:06:10Z,19.46,0.257,18.35,0.257,18.35,0.05,65.03
2025-09-23T11:30:00Z,115898,13.65,2025-09-23T11:16:50Z,19.7,0.257,18.48,0.257,18.48,0.05,65.264
2025-09-23T11:45:00Z,115899,13.81,2025-09-23T11:30:05Z,20.12,0.257,18.62,0.257,18.62,0.05,65.516
2025-09-23T12:00:00Z,115900,14,2025-09-23T11:50:50Z,20.75,0.257,18.75,0.257,18.75,0.05,65.75
2025-09-23T12:15:00Z,115901,14.03,2025-09-23T12:12:50Z,21.33,0.257,18.91,0.257,18.91,0.05,66.038
2025-09-23T12:30:00Z,115902,14.05,2025-09-23T12:20:00Z,22.04,0.257,19.12,0.257,19.12,0.05,66.416
2025-09-23T12:45:00Z,115903,14.03,2025-09-23T12:31:30Z,22.79,0.259,19.36,0.259,19.36,0.05,66.848
2025-09-23T13:00:00Z,115904,14,2025-09-23T12:59:35Z,23.46,0.261,19.59,0.261,19.59,0.05,67.262
2025-09-23T13:15:00Z,115905,13.99,2025-09-23T13:08:15Z,24.02,0.262,19.76,0.262,19.76,0.05,67.568
2025-09-23T13:30:00Z,115906,14.02,2025-09-23T13:30:00Z,24.39,0.264,19.71,0.264,19.71,0.05,67.47800000000001
2025-09-23T13:45:00Z,115907,13.96,2025-09-23T13:43:30Z,26.18,0.264,19.71,0.264,19.71,0.05,67.47800000000001
2025-09-23T14:00:00Z,115908,13.92,2025-09-23T13:52:25Z,28.75,0.264,19.79,0.264,19.79,0.05,67.622
2025-09-23T14:15:00Z,115909,13.89,2025-09-23T14:11:45Z,30.1,0.265,19.93,0.265,19.93,0.05,67.874
2025-09-23T14:30:00Z,115910,13.44,2025-09-23T14:29:50Z,30.11,0.267,20.13,0.267,20.13,0.05,68.234
2025-09-23T14:45:00Z,115911,13.29,2025-09-23T14:43:40Z,28.67,0.281,20.14,0.281,20.14,0.06,68.252
2025-09-23T15:00:00Z,115912,13.29,2025-09-23T14:52:05Z,25.57,0.378,19.81,0.378,19.81,0.098,67.658
2025-09-23T15:15:00Z,115913,13.26,2025-09-23T15:11:00Z,22.86,0.414,19.68,0.414,19.68,0.12,67.424
2025-09-23T15:30:00Z,115914,13.25,2025-09-23T15:23:55Z,21.14,0.42,19.55,0.42,19.55,0.12,67.19
2025-09-23T15:45:00Z,115915,13.22,2025-09-23T15:38:30Z,20,0.419,19.49,0.419,19.49,0.12,67.082
2025-09-23T16:00:00Z,115916,13.28,2025-09-23T15:45:05Z,19.25,0.416,19.47,0.416,19.47,0.12,67.04599999999999
2025-09-23T16:15:00Z,115917,13.78,2025-09-23T16:06:10Z,18.96,0.413,19.49,0.413,19.49,0.12,67.082
2025-09-23T16:30:00Z,115918,13.79,2025-09-23T16:24:55Z,18.97,0.41,19.5,0.41,19.5,0.12,67.1
2025-09-23T16:45:00Z,115919,13.7,2025-09-23T16:44:55Z,18.93,0.406,19.5,0.406,19.5,0.11600000000000003,67.1
2025-09-23T17:00:00Z,115920,13.36,2025-09-23T16:57:15Z,18.84,0.401,19.47,0.401,19.47,0.111,67.04599999999999
2025-09-23T17:15:00Z,115921,13.29,2025-09-23T17:14:10Z,18.74,0.398,19.44,0.398,19.44,0.108,66.992
2025-09-23T17:30:00Z,115922,13.22,2025-09-23T17:28:35Z,18.61,0.395,19.4,0.395,19.4,0.10500000000000001,66.92
2025-09-23T17:45:00Z,115923,13.15,2025-09-23T17:41:35Z,18.46,0.392,19.34,0.392,19.34,0.10200000000000001,66.812
2025-09-23T18:00:00Z,115924,13.08,2025-09-23T17:59:30Z,18.24,0.394,19.27,0.394,19.27,0.10400000000000001,66.686
2025-09-23T18:15:00Z,115925,13.05,2025-09-23T18:09:15Z,18.09,0.401,19.19,0.401,19.19,0.111,66.542
2025-09-23T18:30:00Z,115926,13,2025-09-23T18:23:40Z,17.99,0.406,19.16,0.406,19.16,0.11600000000000003,66.488
2025-09-23T18:45:00Z,115927,12.97,2025-09-23T18:44:50Z,17.95,0.409,19.16,0.409,19.16,0.119,66.488
2025-09-23T19:00:00Z,115928,12.93,2025-09-23T18:55:30Z,17.91,0.409,19.17,0.409,19.17,0.119,66.506
2025-09-23T19:15:00Z,115929,12.92,2025-09-23T19:14:00Z,17.89,0.407,19.16,0.407,19.16,0.11699999999999998,66.488
2025-09-23T19:30:00Z,115930,12.9,2025-09-23T19:22:50Z,17.89,0.405,19.12,0.405,19.12,0.11500000000000002,66.416
2025-09-23T19:45:00Z,115931,12.88,2025-09-23T19:31:55Z,17.85,0.402,19.07,0.402,19.07,0.11200000000000002,66.326
2025-09-23T20:00:00Z,115932,12.86,2025-09-23T19:46:10Z,17.8,0.399,19.04,0.399,19.04,0.109,66.27199999999999
2025-09-23T20:15:00Z,115933,12.84,2025-09-23T20:13:35Z,17.74,0.397,19.01,0.397,19.01,0.107,66.218
2025-09-23T20:30:00Z,115934,12.84,2025-09-23T20:15:05Z,17.67,0.395,18.98,0.395,18.98,0.10500000000000001,66.164
2025-09-23T20:45:00Z,115935,12.85,2025-09-23T20:31:35Z,17.6,0.393,18.94,0.393,18.94,0.10300000000000001,66.092
2025-09-23T21:00:00Z,115936,12.84,2025-09-23T20:56:25Z,17.53,0.391,18.91,0.391,18.91,0.101,66.038
2025-09-23T21:15:00Z,115937,12.85,2025-09-23T21:08:05Z,17.49,0.389,18.87,0.389,18.87,0.1,65.96600000000001
2025-09-23T21:30:00Z,115938,12.84,2025-09-23T21:19:40Z,17.42,0.387,18.84,0.387,18.84,0.1,65.912
2025-09-23T21:45:00Z,115939,12.82,2025-09-23T21:37:40Z,17.34,0.386,18.82,0.386,18.82,0.1,65.876
2025-09-23T22:00:00Z,115940,12.84,2025-09-23T21:45:15Z,17.26,0.384,18.79,0.384,18.79,0.1,65.822
2025-09-23T22:15:00Z,115941,12.74,2025-09-23T22:03:20Z,17.19,0.383,18.76,0.383,18.76,0.1,65.768
2025-09-23T22:30:00Z,115942,12.82,2025-09-23T22:26:10Z,17.15,0.381,18.75,0.381,18.75,0.1,65.75
2025-09-23T22:45:00Z,115943,12.81,2025-09-23T22:32:35Z,17.1,0.38,18.73,0.38,18.73,0.1,65.714
2025-09-23T23:00:00Z,115944,12.81,2025-09-23T22:53:45Z,17.08,0.38,18.72,0.38,18.72,0.1,65.696
2025-09-23T23:15:00Z,115945,12.8,2025-09-23T23:00:15Z,17.06,0.378,18.7,0.378,18.7,0.098,65.66
2025-09-23T23:30:00Z,115946,12.79,2025-09-23T23:27:45Z,17.06,0.377,18.67,0.377,18.67,0.097,65.60600000000001
2025-09-23T23:45:00Z,115947,12.81,2025-09-23T23:41:45Z,17.06,0.376,18.65,0.376,18.65,0.096,65.57
2025-09-24T00:15:00Z,115949,12.8,2025-09-24T00:03:05Z,17.01,0.375,18.61,0.375,18.61,0.095,65.498
2025-09-24T00:30:00Z,115950,12.79,2025-09-24T00:28:05Z,16.98,0.374,18.58,0.374,18.58,0.094,65.44399999999999
2025-09-24T00:45:00Z,115951,12.79,2025-09-24T00:37:45Z,16.97,0.373,18.56,0.373,18.56,0.093,65.408
2025-09-24T01:00:00Z,115952,12.77,2025-09-24T00:55:30Z,16.97,0.372,18.54,0.372,18.54,0.092,65.372
2025-09-24T01:15:00Z,115953,12.69,2025-09-24T01:04:55Z,17.01,0.371,18.51,0.371,18.51,0.091,65.318
2025-09-24T01:30:00Z,115954,12.78,2025-09-24T01:28:25Z,17.1,0.371,18.5,0.371,18.5,0.091,65.3
2025-09-24T01:45:00Z,115955,12.77,2025-09-24T01:44:25Z,17.2,0.37,18.49,0.37,18.49,0.09,65.282
2025-09-24T02:00:00Z,115956,12.76,2025-09-24T01:55:05Z,17.25,0.369,18.48,0.369,18.48,0.09,65.264
2025-09-24T02:15:00Z,115957,12.76,2025-09-24T02:03:05Z,17.28,0.369,18.46,0.369,18.46,0.09,65.22800000000001
2025-09-24T02:30:00Z,115958,12.76,2025-09-24T02:18:00Z,17.29,0.368,18.45,0.368,18.45,0.09,65.21
2025-09-24T02:45:00Z,115959,12.76,2025-09-24T02:33:15Z,17.29,0.368,18.44,0.368,18.44,0.09,65.19200000000001
2025-09-24T03:00:00Z,115960,12.73,2025-09-24T02:45:40Z,17.31,0.367,18.43,0.367,18.43,0.09,65.174
2025-09-24T03:15:00Z,115961,12.73,2025-09-24T03:13:00Z,17.33,0.367,18.42,0.367,18.42,0.09,65.156
2025-09-24T03:30:00Z,115962,12.73,2025-09-24T03:23:05Z,17.36,0.366,18.4,0.366,18.4,0.09,65.12
2025-09-24T03:45:00Z,115963,12.61,2025-09-24T03:40:30Z,17.37,0.366,18.39,0.366,18.39,0.09,65.102
2025-09-24T04:00:00Z,115964,12.72,2025-09-24T03:49:15Z,17.29,0.365,18.36,0.365,18.36,0.09,65.048
2025-09-24T04:15:00Z,115965,12.72,2025-09-24T04:12:50Z,17.26,0.365,18.34,0.365,18.34,0.09,65.012
2025-09-24T04:30:00Z,115966,12.71,2025-09-24T04:24:30Z,17.24,0.365,18.32,0.365,18.32,0.09,64.976
2025-09-24T04:45:00Z,115967,12.71,2025-09-24T04:37:45Z,17.2,0.364,18.31,0.364,18.31,0.09,64.958
2025-09-24T05:00:00Z,115968,12.69,2025-09-24T04:48:20Z,17.19,0.364,18.28,0.364,18.28,0.09,64.904
2025-09-24T05:15:00Z,115969,12.68,2025-09-24T05:06:10Z,17.16,0.363,18.26,0.363,18.26,0.09,64.868
2025-09-24T05:30:00Z,115970,12.68,2025-09-24T05:23:05Z,17.1,0.363,18.24,0.363,18.24,0.09,64.832
2025-09-24T05:45:00Z,115971,12.67,2025-09-24T05:30:40Z,17.01,0.362,18.21,0.362,18.21,0.09,64.778
2025-09-24T06:00:00Z,115972,12.68,2025-09-24T05:59:00Z,16.99,0.362,18.18,0.362,18.18,0.09,64.724
2025-09-24T06:15:00Z,115973,12.68,2025-09-24T06:03:40Z,17.05,0.361,18.17,0.361,18.17,0.09,64.706
2025-09-24T06:30:00Z,115974,12.67,2025-09-24T06:16:25Z,17.03,0.36,18.15,0.36,18.15,0.09,64.67
2025-09-24T06:45:00Z,115975,12.66,2025-09-24T06:31:40Z,16.97,0.36,18.13,0.36,18.13,0.09,64.634
2025-09-24T07:00:00Z,115976,12.66,2025-09-24T06:51:05Z,16.85,0.359,18.09,0.359,18.09,0.089,64.562
2025-09-24T07:15:00Z,115977,12.67,2025-09-24T07:11:05Z,16.68,0.359,18.05,0.359,18.05,0.089,64.49000000000001
2025-09-24T07:30:00Z,115978,12.64,2025-09-24T07:20:40Z,16.48,0.358,18,0.358,18,0.088,64.4
2025-09-24T07:45:00Z,115979,12.67,2025-09-24T07:36:20Z,16.37,0.358,17.95,0.358,17.95,0.088,64.31
2025-09-24T08:00:00Z,115980,12.66,2025-09-24T07:48:10Z,16.39,0.357,17.93,0.357,17.93,0.087,64.274
2025-09-24T08:15:00Z,115981,12.69,2025-09-24T08:00:05Z,16.45,0.356,17.92,0.356,17.92,0.086,64.256
2025-09-24T08:30:00Z,115982,12.71,2025-09-24T08:15:35Z,16.51,0.356,17.94,0.356,17.94,0.086,64.292
2025-09-24T08:45:00Z,115983,12.73,2025-09-24T08:32:40Z,16.59,0.356,17.94,0.356,17.94,0.086,64.292
2025-09-24T09:00:00Z,115984,12.79,2025-09-24T08:45:05Z,16.8,0.355,17.96,0.355,17.96,0.08499999999999999,64.328
2025-09-24T09:15:00Z,115985,12.81,2025-09-24T09:02:30Z,17.06,0.356,17.99,0.356,17.99,0.086,64.382
2025-09-24T09:30:00Z,115986,12.83,2025-09-24T09:21:00Z,17.22,0.355,17.98,0.355,17.98,0.08499999999999999,64.364
2025-09-24T09:45:00Z,115987,12.84,2025-09-24T09:31:25Z,17.43,0.354,17.97,0.354,17.97,0.084,64.346
2025-09-24T10:00:00Z,115988,12.92,2025-09-24T09:45:05Z,17.79,0.355,17.99,0.355,17.99,0.08499999999999999,64.382
2025-09-24T10:15:00Z,115989,12.94,2025-09-24T10:00:05Z,18.01,0.354,18,0.354,18,0.084,64.4
2025-09-24T10:30:00Z,115990,13.04,2025-09-24T10:15:20Z,18.31,0.354,18.06,0.354,18.06,0.084,64.508
2025-09-24T10:45:00Z,115991,13.14,2025-09-24T10:30:05Z,18.7,0.354,18.14,0.354,18.14,0.084,64.652
2025-09-24T11:00:00Z,115992,13.28,2025-09-24T10:57:40Z,19.14,0.354,18.21,0.354,18.21,0.084,64.778
2025-09-24T11:15:00Z,115993,13.26,2025-09-24T11:00:35Z,19.19,0.354,18.27,0.354,18.27,0.084,64.886
2025-09-24T11:30:00Z,115994,13.36,2025-09-24T11:28:20Z,19.58,0.354,18.34,0.354,18.34,0.084,65.012
2025-09-24T11:45:00Z,115995,13.4,2025-09-24T11:30:15Z,19.91,0.354,18.4,0.354,18.4,0.084,65.12
2025-09-24T12:00:00Z,115996,13.45,2025-09-24T11:50:20Z,20.3,0.354,18.46,0.354,18.46,0.084,65.22800000000001
2025-09-24T12:15:00Z,115997,13.59,2025-09-24T12:00:30Z,20.78,0.354,18.53,0.354,18.53,0.084,65.354
2025-09-24T12:30:00Z,115998,13.52,2025-09-24T12:15:25Z,21.6,0.354,18.63,0.354,18.63,0.084,65.53399999999999
2025-09-24T12:45:00Z,115999,13.56,2025-09-24T12:35:40Z,22.23,0.354,18.71,0.354,18.71,0.084,65.678
2025-09-24T13:00:00Z,116000,13.61,2025-09-24T12:55:55Z,22.64,0.355,18.85,0.355,18.85,0.08499999999999999,65.93
2025-09-24T13:15:00Z,116001,13.67,2025-09-24T13:05:20Z,23.05,0.354,18.91,0.354,18.91,0.084,66.038
2025-09-24T13:30:00Z,116002,13.77,2025-09-24T13:26:30Z,23.6,0.355,18.95,0.355,18.95,0.08499999999999999,66.11
2025-09-24T13:45:00Z,116003,13.92,2025-09-24T13:30:30Z,24.48,0.354,18.99,0.354,18.99,0.084,66.182
2025-09-24T14:00:00Z,116004,13.93,2025-09-24T13:59:15Z,26.58,0.354,19.04,0.354,19.04,0.084,66.27199999999999
2025-09-24T14:15:00Z,116005,13.91,2025-09-24T14:12:00Z,28.05,0.354,19.16,0.354,19.16,0.084,66.488
2025-09-24T14:30:00Z,116006,13.9,2025-09-24T14:20:00Z,29.12,0.355,19.37,0.355,19.37,0.08499999999999999,66.866
2025-09-24T14:45:00Z,116007,13.87,2025-09-24T14:40:45Z,30.46,0.356,19.67,0.356,19.67,0.086,67.406
2025-09-24T15:00:00Z,116008,13.86,2025-09-24T14:54:40Z,31.43,0.355,19.87,0.355,19.87,0.08499999999999999,67.766
2025-09-24T15:15:00Z,116009,13.46,2025-09-24T15:12:30Z,31.7,0.357,20.19,0.357,20.19,0.087,68.342
2025-09-24T15:30:00Z,116010,13.47,2025-09-24T15:18:40Z,30.03,0.356,20.48,0.356,20.48,0.086,68.864
2025-09-24T15:45:00Z,116011,13.5,2025-09-24T15:32:00Z,29.26,0.356,20.69,0.356,20.69,0.086,69.242
2025-09-24T16:00:00Z,116012,13.42,2025-09-24T15:53:30Z,29.45,0.356,20.88,0.356,20.88,0.086,69.584
2025-09-24T16:15:00Z,116013,13.52,2025-09-24T16:01:20Z,28.82,0.356,21.04,0.356,21.04,0.086,69.872
2025-09-24T16:30:00Z,116014,13.52,2025-09-24T16:29:55Z,27.98,0.354,21.09,0.354,21.09,0.084,69.962
2025-09-24T16:45:00Z,116015,13.45,2025-09-24T16:40:15Z,28.03,0.356,21.14,0.356,21.14,0.086,70.05199999999999
2025-09-24T17:00:00Z,116016,13.49,2025-09-24T16:50:00Z,27.17,0.355,21.17,0.355,21.17,0.08499999999999999,70.10600000000001
2025-09-24T17:15:00Z,116017,13.44,2025-09-24T17:15:00Z,26.93,0.355,21.16,0.355,21.16,0.08499999999999999,70.088
2025-09-24T17:30:00Z,116018,13.37,2025-09-24T17:16:15Z,26.61,0.354,21.16,0.354,21.16,0.084,70.088
2025-09-24T17:45:00Z,116019,13.39,2025-09-24T17:37:20Z,26.09,0.354,21.13,0.354,21.13,0.084,70.03399999999999
2025-09-24T18:00:00Z,116020,13.39,2025-09-24T17:59:35Z,25.18,0.353,21.09,0.353,21.09,0.083,69.962
2025-09-24T18:15:00Z,116021,13.34,2025-09-24T18:04:15Z,24.47,0.352,21.04,0.352,21.04,0.082,69.872
2025-09-24T18:30:00Z,116022,13.32,2025-09-24T18:29:35Z,23.62,0.351,21.01,0.351,21.01,0.081,69.818
2025-09-24T18:45:00Z,116023,13.24,2025-09-24T18:40:10Z,22.96,0.351,20.94,0.351,20.94,0.081,69.69200000000001
2025-09-24T19:00:00Z,116024,13.16,2025-09-24T18:59:10Z,22.35,0.35,20.84,0.35,20.84,0.08,69.512
2025-09-24T19:15:00Z,116025,13.08,2025-09-24T19:13:40Z,21.73,0.35,20.73,0.35,20.73,0.08,69.314
2025-09-24T19:30:00Z,116026,13.03,2025-09-24T19:29:20Z,21.08,0.349,20.62,0.349,20.62,0.08,69.116
2025-09-24T19:45:00Z,116027,12.99,2025-09-24T19:40:00Z,20.42,0.348,20.49,0.348,20.49,0.08,68.882
2025-09-24T20:00:00Z,116028,12.93,2025-09-24T19:59:00Z,19.86,0.347,20.36,0.347,20.36,0.08,68.648
2025-09-24T20:15:00Z,116029,12.92,2025-09-24T20:11:05Z,19.4,0.347,20.24,0.347,20.24,0.08,68.432
2025-09-24T20:30:00Z,116030,12.9,2025-09-24T20:24:15Z,19.04,0.346,20.13,0.346,20.13,0.08,68.234
2025-09-24T20:45:00Z,116031,12.85,2025-09-24T20:42:40Z,18.81,0.346,20.03,0.346,20.03,0.08,68.054
2025-09-24T21:00:00Z,116032,12.85,2025-09-24T20:57:40Z,18.66,0.345,19.94,0.345,19.94,0.08,67.892
2025-09-24T21:15:00Z,116033,12.87,2025-09-24T21:13:20Z,18.46,0.345,19.85,0.345,19.85,0.08,67.73
2025-09-24T21:30:00Z,116034,12.85,2025-09-24T21:19:20Z,18.19,0.345,19.74,0.345,19.74,0.08,67.532
2025-09-24T21:45:00Z,116035,12.84,2025-09-24T21:42:55Z,17.87,0.344,19.63,0.344,19.63,0.08,67.334
2025-09-24T22:00:00Z,116036,12.83,2025-09-24T21:53:50Z,17.6,0.343,19.53,0.343,19.53,0.08,67.154
2025-09-24T22:15:00Z,116037,12.85,2025-09-24T22:03:20Z,17.38,0.343,19.43,0.343,19.43,0.08,66.974
2025-09-24T22:30:00Z,116038,12.85,2025-09-24T22:20:10Z,17.09,0.342,19.35,0.342,19.35,0.08,66.83
2025-09-24T22:45:00Z,116039,12.85,2025-09-24T22:33:35Z,16.9,0.342,19.26,0.342,19.26,0.08,66.668
2025-09-24T23:00:00Z,116040,12.82,2025-09-24T22:47:35Z,16.79,0.342,19.19,0.342,19.19,0.08,66.542
2025-09-24T23:15:00Z,116041,12.81,2025-09-24T23:13:35Z,16.66,0.341,19.1,0.341,19.1,0.08,66.38
2025-09-24T23:30:00Z,116042,12.82,2025-09-24T23:15:05Z,16.55,0.341,19.01,0.341,19.01,0.08,66.218
2025-09-24T23:45:00Z,116043,12.81,2025-09-24T23:42:35Z,16.51,0.341,18.93,0.341,18.93,0.08,66.074
2025-09-25T00:15:00Z,116045,12.78,2025-09-25T00:00:25Z,16.41,0.34,18.79,0.34,18.79,0.08,65.822
2025-09-25T00:30:00Z,116046,12.79,2025-09-25T00:24:55Z,16.27,0.34,18.73,0.34,18.73,0.08,65.714
2025-09-25T00:45:00Z,116047,12.81,2025-09-25T00:31:45Z,16.16,0.339,18.7,0.339,18.7,0.079,65.66
2025-09-25T01:00:00Z,116048,12.79,2025-09-25T00:51:00Z,16.17,0.34,18.66,0.34,18.66,0.08,65.588
2025-09-25T01:15:00Z,116049,12.79,2025-09-25T01:03:35Z,16.31,0.339,18.62,0.339,18.62,0.079,65.516
2025-09-25T01:30:00Z,116050,12.79,2025-09-25T01:16:50Z,16.52,0.339,18.6,0.339,18.6,0.079,65.48
2025-09-25T01:45:00Z,116051,12.78,2025-09-25T01:35:35Z,16.71,0.339,18.58,0.339,18.58,0.079,65.44399999999999
2025-09-25T02:00:00Z,116052,12.79,2025-09-25T01:50:40Z,16.82,0.339,18.57,0.339,18.57,0.079,65.426
2025-09-25T02:15:00Z,116053,12.79,2025-09-25T02:10:15Z,16.9,0.339,18.55,0.339,18.55,0.079,65.39
2025-09-25T02:30:00Z,116054,12.77,2025-09-25T02:16:25Z,16.93,0.338,18.52,0.338,18.52,0.078,65.336
2025-09-25T02:45:00Z,116055,12.79,2025-09-25T02:35:45Z,16.94,0.338,18.5,0.338,18.5,0.078,65.3
2025-09-25T03:00:00Z,116056,12.74,2025-09-25T02:53:35Z,16.92,0.338,18.46,0.338,18.46,0.078,65.22800000000001
2025-09-25T03:15:00Z,116057,12.71,2025-09-25T03:13:00Z,16.94,0.338,18.43,0.338,18.43,0.078,65.174
2025-09-25T03:30:00Z,116058,12.77,2025-09-25T03:22:15Z,16.99,0.338,18.41,0.338,18.41,0.078,65.138
2025-09-25T03:45:00Z,116059,12.77,2025-09-25T03:32:55Z,17.06,0.338,18.4,0.338,18.4,0.078,65.12
2025-09-25T04:00:00Z,116060,12.76,2025-09-25T03:46:15Z,17.12,0.337,18.39,0.337,18.39,0.077,65.102
2025-09-25T04:15:00Z,116061,12.74,2025-09-25T04:05:25Z,17.19,0.337,18.38,0.337,18.38,0.077,65.084
2025-09-25T04:30:00Z,116062,12.74,2025-09-25T04:28:55Z,17.25,0.337,18.36,0.337,18.36,0.077,65.048
2025-09-25T04:45:00Z,116063,12.73,2025-09-25T04:43:45Z,17.3,0.337,18.35,0.337,18.35,0.077,65.03
2025-09-25T05:00:00Z,116064,12.73,2025-09-25T04:58:15Z,17.34,0.337,18.34,0.337,18.34,0.077,65.012
2025-09-25T05:15:00Z,116065,12.73,2025-09-25T05:03:05Z,17.38,0.337,18.33,0.337,18.33,0.077,64.994
2025-09-25T05:30:00Z,116066,12.73,2025-09-25T05:19:35Z,17.41,0.336,18.32,0.336,18.32,0.076,64.976
2025-09-25T05:45:00Z,116067,12.71,2025-09-25T05:30:45Z,17.44,0.336,18.3,0.336,18.3,0.076,64.94
2025-09-25T06:00:00Z,116068,12.72,2025-09-25T05:56:30Z,17.43,0.336,18.3,0.336,18.3,0.076,64.94
2025-09-25T06:15:00Z,116069,12.72,2025-09-25T06:11:45Z,17.37,0.336,18.28,0.336,18.28,0.076,64.904
2025-09-25T06:30:00Z,116070,12.71,2025-09-25T06:20:55Z,17.29,0.335,18.26,0.335,18.26,0.07500000000000001,64.868
2025-09-25T06:45:00Z,116071,12.72,2025-09-25T06:43:35Z,17.26,0.335,18.23,0.335,18.23,0.07500000000000001,64.814
2025-09-25T07:00:00Z,116072,12.7,2025-09-25T06:53:05Z,17.28,0.335,18.21,0.335,18.21,0.07500000000000001,64.778
2025-09-25T07:15:00Z,116073,12.69,2025-09-25T07:14:15Z,17.29,0.335,18.2,0.335,18.2,0.07500000000000001,64.75999999999999
2025-09-25T07:30:00Z,116074,12.7,2025-09-25T07:16:55Z,17.25,0.334,18.18,0.334,18.18,0.07400000000000001,64.724
2025-09-25T07:45:00Z,116075,12.69,2025-09-25T07:37:40Z,17.11,0.334,18.15,0.334,18.15,0.07400000000000001,64.67
2025-09-25T08:00:00Z,116076,12.68,2025-09-25T07:54:45Z,17.08,0.333,18.12,0.333,18.12,0.07300000000000001,64.616
2025-09-25T08:15:00Z,116077,12.7,2025-09-25T08:09:20Z,17.15,0.333,18.1,0.333,18.1,0.07300000000000001,64.58
2025-09-25T08:30:00Z,116078,12.61,2025-09-25T08:21:10Z,17.24,0.333,18.1,0.333,18.1,0.07300000000000001,64.58
2025-09-25T08:45:00Z,116079,12.7,2025-09-25T08:32:25Z,17.35,0.333,18.1,0.333,18.1,0.07300000000000001,64.58
2025-09-25T09:00:00Z,116080,12.76,2025-09-25T08:50:40Z,17.55,0.333,18.11,0.333,18.11,0.07300000000000001,64.598
2025-09-25T09:15:00Z,116081,12.79,2025-09-25T09:03:35Z,17.76,0.333,18.13,0.333,18.13,0.07300000000000001,64.634
2025-09-25T09:30:00Z,116082,12.83,2025-09-25T09:15:30Z,17.97,0.333,18.15,0.333,18.15,0.07300000000000001,64.67
2025-09-25T09:45:00Z,116083,12.84,2025-09-25T09:38:05Z,18.19,0.333,18.17,0.333,18.17,0.07300000000000001,64.706
2025-09-25T10:00:00Z,116084,12.9,2025-09-25T09:48:00Z,18.42,0.333,18.2,0.333,18.2,0.07300000000000001,64.75999999999999
2025-09-25T10:15:00Z,116085,12.99,2025-09-25T10:13:40Z,18.72,0.333,18.22,0.333,18.22,0.07300000000000001,64.79599999999999
2025-09-25T10:30:00Z,116086,12.99,2025-09-25T10:15:35Z,18.87,0.333,18.25,0.333,18.25,0.07300000000000001,64.85
2025-09-25T10:45:00Z,116087,12.91,2025-09-25T10:30:10Z,19,0.332,18.27,0.332,18.27,0.07200000000000001,64.886
2025-09-25T11:00:00Z,116088,13.14,2025-09-25T10:45:05Z,19.22,0.333,18.3,0.333,18.3,0.07300000000000001,64.94
2025-09-25T11:15:00Z,116089,13.26,2025-09-25T11:00:25Z,19.56,0.333,18.35,0.333,18.35,0.07300000000000001,65.03
2025-09-25T11:30:00Z,116090,13.34,2025-09-25T11:15:20Z,19.82,0.333,18.4,0.333,18.4,0.07300000000000001,65.12
2025-09-25T11:45:00Z,116091,13.34,2025-09-25T11:36:00Z,19.94,0.332,18.44,0.332,18.44,0.07200000000000001,65.19200000000001
2025-09-25T12:00:00Z,116092,13.54,2025-09-25T11:45:40Z,20.18,0.332,18.5,0.332,18.5,0.07200000000000001,65.3
2025-09-25T12:15:00Z,116093,13.76,2025-09-25T12:00:05Z,20.71,0.332,18.56,0.332,18.56,0.07200000000000001,65.408
2025-09-25T12:30:00Z,116094,13.89,2025-09-25T12:15:20Z,21.56,0.333,18.64,0.333,18.64,0.07300000000000001,65.55199999999999
2025-09-25T12:45:00Z,116095,13.94,2025-09-25T12:43:55Z,22.18,0.333,18.74,0.333,18.74,0.07300000000000001,65.732
2025-09-25T13:00:00Z,116096,14.03,2025-09-25T12:51:00Z,22.52,0.334,18.85,0.334,18.85,0.07400000000000001,65.93
2025-09-25T13:15:00Z,116097,13.88,2025-09-25T13:12:30Z,22.9,0.334,18.95,0.334,18.95,0.07400000000000001,66.11
2025-09-25T13:30:00Z,116098,13.81,2025-09-25T13:16:55Z,23.11,0.334,19.07,0.334,19.07,0.07400000000000001,66.326
2025-09-25T13:45:00Z,116099,14.02,2025-09-25T13:44:35Z,24.18,0.335,19.19,0.335,19.19,0.07500000000000001,66.542
2025-09-25T14:00:00Z,116100,14,2025-09-25T13:53:40Z,25.86,0.335,19.31,0.335,19.31,0.07500000000000001,66.758
2025-09-25T14:15:00Z,116101,13.98,2025-09-25T14:05:15Z,26.17,0.336,19.43,0.336,19.43,0.076,66.974
2025-09-25T14:30:00Z,116102,13.96,2025-09-25T14:16:05Z,25.24,0.335,19.6,0.335,19.6,0.07500000000000001,67.28
2025-09-25T14:45:00Z,116103,14.03,2025-09-25T14:30:15Z,24.39,0.336,19.75,0.336,19.75,0.076,67.55
2025-09-25T15:00:00Z,116104,14.03,2025-09-25T14:50:45Z,24.01,0.336,19.88,0.336,19.88,0.076,67.78399999999999
2025-09-25T15:15:00Z,116105,13.65,2025-09-25T15:11:40Z,24.8,0.336,19.98,0.336,19.98,0.076,67.964
2025-09-25T15:30:00Z,116106,13.61,2025-09-25T15:29:20Z,24.68,0.336,20.09,0.336,20.09,0.076,68.162
2025-09-25T15:45:00Z,116107,13.53,2025-09-25T15:35:40Z,24.12,0.335,20.18,0.335,20.18,0.07500000000000001,68.324
2025-09-25T16:00:00Z,116108,13.65,2025-09-25T15:54:55Z,23.58,0.334,20.26,0.334,20.26,0.07400000000000001,68.468
2025-09-25T16:15:00Z,116109,13.61,2025-09-25T16:13:40Z,24.23,0.335,20.28,0.335,20.28,0.07500000000000001,68.504
2025-09-25T16:30:00Z,116110,13.63,2025-09-25T16:26:00Z,24.77,0.334,20.31,0.334,20.31,0.07400000000000001,68.55799999999999
2025-09-25T16:45:00Z,116111,13.61,2025-09-25T16:42:45Z,24.84,0.334,20.35,0.334,20.35,0.07400000000000001,68.63
2025-09-25T17:00:00Z,116112,13.6,2025-09-25T16:56:05Z,24.73,0.334,20.4,0.334,20.4,0.07400000000000001,68.72
2025-09-25T17:15:00Z,116113,13.6,2025-09-25T17:12:20Z,24.68,0.333,20.4,0.333,20.4,0.07300000000000001,68.72
2025-09-25T17:30:00Z,116114,13.57,2025-09-25T17:23:20Z,24.9,0.333,20.4,0.333,20.4,0.07300000000000001,68.72
2025-09-25T17:45:00Z,116115,13.59,2025-09-25T17:41:40Z,25.2,0.332,20.38,0.332,20.38,0.07200000000000001,68.684
2025-09-25T18:00:00Z,116116,13.6,2025-09-25T17:47:05Z,25.53,0.332,20.36,0.332,20.36,0.07200000000000001,68.648
2025-09-25T18:15:00Z,116117,13.48,2025-09-25T18:14:15Z,25.28,0.332,20.33,0.332,20.33,0.07200000000000001,68.594
2025-09-25T18:30:00Z,116118,13.23,2025-09-25T18:22:55Z,24.42,0.331,20.32,0.331,20.32,0.07100000000000001,68.576
2025-09-25T18:45:00Z,116119,13.2,2025-09-25T18:44:10Z,23.32,0.331,20.27,0.331,20.27,0.07100000000000001,68.486
2025-09-25T19:00:00Z,116120,13.1,2025-09-25T18:49:15Z,22.26,0.33,20.19,0.33,20.19,0.07,68.342
2025-09-25T19:15:00Z,116121,13.11,2025-09-25T19:15:00Z,21.3,0.33,20.09,0.33,20.09,0.07,68.162
2025-09-25T19:30:00Z,116122,13.05,2025-09-25T19:28:30Z,20.39,0.329,19.98,0.329,19.98,0.07,67.964
2025-09-25T19:45:00Z,116123,12.97,2025-09-25T19:41:50Z,19.49,0.328,19.86,0.328,19.86,0.07,67.748
2025-09-25T20:00:00Z,116124,12.95,2025-09-25T19:46:45Z,18.68,0.328,19.74,0.328,19.74,0.07,67.532
2025-09-25T20:15:00Z,116125,12.92,2025-09-25T20:10:45Z,17.97,0.327,19.61,0.327,19.61,0.07,67.298
2025-09-25T20:30:00Z,116126,12.89,2025-09-25T20:26:15Z,17.35,0.327,19.48,0.327,19.48,0.07,67.064
2025-09-25T20:45:00Z,116127,12.88,2025-09-25T20:32:30Z,16.82,0.326,19.36,0.326,19.36,0.07,66.848
2025-09-25T21:00:00Z,116128,12.88,2025-09-25T20:47:35Z,16.37,0.325,19.24,0.325,19.24,0.07,66.632
2025-09-25T21:15:00Z,116129,12.83,2025-09-25T21:13:25Z,16.02,0.325,19.12,0.325,19.12,0.07,66.416
2025-09-25T21:30:00Z,116130,12.82,2025-09-25T21:25:30Z,15.73,0.324,19.01,0.324,19.01,0.07,66.218
2025-09-25T21:45:00Z,116131,12.83,2025-09-25T21:39:40Z,15.55,0.324,18.91,0.324,18.91,0.07,66.038
2025-09-25T22:00:00Z,116132,12.83,2025-09-25T21:48:55Z,15.36,0.323,18.81,0.323,18.81,0.07,65.858
2025-09-25T22:15:00Z,116133,12.83,2025-09-25T22:00:45Z,15.17,0.322,18.72,0.322,18.72,0.07,65.696
2025-09-25T22:30:00Z,116134,12.82,2025-09-25T22:17:20Z,15.03,0.323,18.64,0.323,18.64,0.07,65.55199999999999
2025-09-25T22:45:00Z,116135,12.8,2025-09-25T22:39:30Z,14.91,0.322,18.55,0.322,18.55,0.07,65.39
2025-09-25T23:00:00Z,116136,12.84,2025-09-25T22:53:15Z,14.76,0.321,18.46,0.321,18.46,0.07,65.22800000000001
2025-09-25T23:15:00Z,116137,12.81,2025-09-25T23:03:40Z,14.61,0.321,18.38,0.321,18.38,0.07,65.084
2025-09-25T23:30:00Z,116138,12.82,2025-09-25T23:24:55Z,14.44,0.32,18.32,0.32,18.32,0.07,64.976
2025-09-25T23:45:00Z,116139,12.78,2025-09-25T23:37:00Z,14.27,0.32,18.21,0.32,18.21,0.07,64.778
2025-09-26T00:15:00Z,116141,12.79,2025-09-26T00:14:20Z,13.95,0.318,18.03,0.318,18.03,0.07,64.45400000000001
2025-09-26T00:30:00Z,116142,12.78,2025-09-26T00:19:40Z,13.78,0.318,17.95,0.318,17.95,0.07,64.31
2025-09-26T00:45:00Z,116143,12.77,2025-09-26T00:38:55Z,13.66,0.317,17.87,0.317,17.87,0.07,64.166
2025-09-26T01:00:00Z,116144,12.78,2025-09-26T00:45:25Z,13.7,0.317,17.79,0.317,17.79,0.07,64.02199999999999
2025-09-26T01:15:00Z,116145,12.81,2025-09-26T01:09:55Z,13.71,0.317,17.73,0.317,17.73,0.07,63.914
2025-09-26T01:30:00Z,116146,12.79,2025-09-26T01:23:20Z,13.64,0.317,17.67,0.317,17.67,0.07,63.806000000000004
2025-09-26T01:45:00Z,116147,12.77,2025-09-26T01:32:50Z,13.54,0.316,17.6,0.316,17.6,0.07,63.68
2025-09-26T02:00:00Z,116148,12.77,2025-09-26T01:48:55Z,13.41,0.316,17.53,0.316,17.53,0.07,63.554
2025-09-26T02:15:00Z,116149,12.79,2025-09-26T02:09:35Z,13.29,0.316,17.46,0.316,17.46,0.07,63.428000000000004
2025-09-26T02:30:00Z,116150,12.78,2025-09-26T02:19:00Z,13.21,0.315,17.39,0.315,17.39,0.07,63.302
2025-09-26T02:45:00Z,116151,12.77,2025-09-26T02:43:50Z,13.25,0.315,17.34,0.315,17.34,0.07,63.212
2025-09-26T03:00:00Z,116152,12.77,2025-09-26T02:45:45Z,13.33,0.314,17.28,0.314,17.28,0.07,63.104
2025-09-26T03:15:00Z,116153,12.77,2025-09-26T03:09:50Z,13.37,0.314,17.24,0.314,17.24,0.07,63.032
2025-09-26T03:30:00Z,116154,12.74,2025-09-26T03:20:20Z,13.45,0.314,17.21,0.314,17.21,0.07,62.978
2025-09-26T03:45:00Z,116155,12.73,2025-09-26T03:43:10Z,13.63,0.314,17.17,0.314,17.17,0.07,62.906000000000006
2025-09-26T04:00:00Z,116156,12.74,2025-09-26T03:54:15Z,13.91,0.314,17.16,0.314,17.16,0.07,62.888
2025-09-26T04:15:00Z,116157,12.74,2025-09-26T04:08:20Z,14.1,0.314,17.15,0.314,17.15,0.07,62.87
2025-09-26T04:30:00Z,116158,12.75,2025-09-26T04:17:25Z,14.24,0.313,17.13,0.313,17.13,0.07,62.833999999999996
2025-09-26T04:45:00Z,116159,12.73,2025-09-26T04:33:50Z,14.35,0.313,17.12,0.313,17.12,0.07,62.816
2025-09-26T05:00:00Z,116160,12.73,2025-09-26T04:59:55Z,14.46,0.313,17.12,0.313,17.12,0.07,62.816
2025-09-26T05:15:00Z,116161,12.72,2025-09-26T05:03:20Z,14.51,0.313,17.12,0.313,17.12,0.07,62.816
2025-09-26T05:30:00Z,116162,12.72,2025-09-26T05:16:05Z,14.55,0.313,17.11,0.313,17.11,0.07,62.798
2025-09-26T05:45:00Z,116163,12.71,2025-09-26T05:40:05Z,14.52,0.313,17.08,0.313,17.08,0.07,62.74399999999999
2025-09-26T06:00:00Z,116164,12.71,2025-09-26T05:48:05Z,14.45,0.313,17.09,0.313,17.09,0.07,62.762
2025-09-26T06:15:00Z,116165,12.7,2025-09-26T06:09:25Z,14.32,0.313,17.09,0.313,17.09,0.07,62.762
2025-09-26T06:30:00Z,116166,12.69,2025-09-26T06:20:05Z,14.17,0.312,17.06,0.312,17.06,0.07,62.708
2025-09-26T06:45:00Z,116167,12.69,2025-09-26T06:44:05Z,14.13,0.312,17.02,0.312,17.02,0.07,62.636
2025-09-26T07:00:00Z,116168,12.68,2025-09-26T06:49:25Z,14.13,0.311,16.99,0.311,16.99,0.07,62.582
2025-09-26T07:15:00Z,116169,12.68,2025-09-26T07:02:45Z,14.06,0.311,16.96,0.311,16.96,0.07,62.528000000000006
2025-09-26T07:30:00Z,116170,12.66,2025-09-26T07:20:45Z,13.9,0.311,16.93,0.311,16.93,0.07,62.474000000000004
2025-09-26T07:45:00Z,116171,12.68,2025-09-26T07:32:05Z,13.69,0.31,16.88,0.31,16.88,0.07,62.384
2025-09-26T08:00:00Z,116172,12.68,2025-09-26T07:45:25Z,13.5,0.31,16.85,0.31,16.85,0.07,62.33
2025-09-26T08:15:00Z,116173,12.7,2025-09-26T08:01:25Z,13.43,0.309,16.83,0.309,16.83,0.069,62.294
2025-09-26T08:30:00Z,116174,12.62,2025-09-26T08:15:45Z,13.45,0.309,16.81,0.309,16.81,0.069,62.257999999999996
2025-09-26T08:45:00Z,116175,12.76,2025-09-26T08:30:25Z,13.52,0.309,16.8,0.309,16.8,0.069,62.24
2025-09-26T09:00:00Z,116176,12.79,2025-09-26T08:45:20Z,13.63,0.308,16.8,0.308,16.8,0.068,62.24
2025-09-26T09:15:00Z,116177,12.84,2025-09-26T09:00:10Z,13.84,0.308,16.8,0.308,16.8,0.068,62.24
2025-09-26T09:30:00Z,116178,12.85,2025-09-26T09:16:05Z,14.03,0.308,16.8,0.308,16.8,0.068,62.24
2025-09-26T09:45:00Z,116179,12.84,2025-09-26T09:38:20Z,14.12,0.308,16.8,0.308,16.8,0.068,62.24
2025-09-26T10:00:00Z,116180,12.85,2025-09-26T09:51:30Z,14.24,0.308,16.77,0.308,16.77,0.068,62.186
2025-09-26T10:15:00Z,116181,12.87,2025-09-26T10:01:35Z,14.42,0.308,16.75,0.308,16.75,0.068,62.15
2025-09-26T10:30:00Z,116182,12.85,2025-09-26T10:29:20Z,14.67,0.307,16.72,0.307,16.72,0.067,62.096
2025-09-26T10:45:00Z,116183,12.87,2025-09-26T10:43:05Z,14.97,0.307,16.69,0.307,16.69,0.067,62.042
2025-09-26T11:00:00Z,116184,12.88,2025-09-26T10:52:45Z,15.33,0.307,16.68,0.307,16.68,0.067,62.024
2025-09-26T11:15:00Z,116185,12.85,2025-09-26T11:03:15Z,15.75,0.307,16.68,0.307,16.68,0.067,62.024
2025-09-26T11:30:00Z,116186,12.89,2025-09-26T11:17:50Z,16.22,0.307,16.69,0.307,16.69,0.067,62.042
2025-09-26T11:45:00Z,116187,12.89,2025-09-26T11:35:10Z,16.73,0.307,16.71,0.307,16.71,0.067,62.078
2025-09-26T12:00:00Z,116188,12.95,2025-09-26T11:51:25Z,17.27,0.307,16.73,0.307,16.73,0.067,62.114
2025-09-26T12:15:00Z,116189,12.9,2025-09-26T12:10:40Z,17.94,0.306,16.74,0.306,16.74,0.066,62.132
2025-09-26T12:30:00Z,116190,13.02,2025-09-26T12:15:05Z,18.73,0.306,16.76,0.306,16.76,0.066,62.168
2025-09-26T12:45:00Z,116191,13.03,2025-09-26T12:32:30Z,19.35,0.306,16.78,0.306,16.78,0.066,62.204
2025-09-26T13:00:00Z,116192,13.03,2025-09-26T12:53:40Z,19.9,0.306,16.8,0.306,16.8,0.066,62.24
2025-09-26T13:15:00Z,116193,13.16,2025-09-26T13:07:05Z,20.65,0.306,16.83,0.306,16.83,0.066,62.294
2025-09-26T13:30:00Z,116194,13.35,2025-09-26T13:16:25Z,21.74,0.306,16.86,0.306,16.86,0.066,62.348
2025-09-26T13:45:00Z,116195,13.97,2025-09-26T13:32:55Z,24.28,0.306,16.9,0.306,16.9,0.066,62.42
2025-09-26T14:00:00Z,116196,13.73,2025-09-26T13:57:00Z,27.28,0.306,16.96,0.306,16.96,0.066,62.528000000000006
2025-09-26T14:15:00Z,116197,13.88,2025-09-26T14:13:20Z,28.94,0.306,17.1,0.306,17.1,0.066,62.78
2025-09-26T14:30:00Z,116198,13.87,2025-09-26T14:29:05Z,30.23,0.307,17.41,0.307,17.41,0.067,63.338
2025-09-26T14:45:00Z,116199,13.71,2025-09-26T14:40:50Z,30.8,0.308,17.78,0.308,17.78,0.068,64.004
2025-09-26T15:00:00Z,116200,13.86,2025-09-26T14:54:15Z,30.46,0.309,18.16,0.309,18.16,0.069,64.688
2025-09-26T15:15:00Z,116201,13.58,2025-09-26T15:14:55Z,30.87,0.31,18.54,0.31,18.54,0.07,65.372
2025-09-26T15:30:00Z,116202,13.46,2025-09-26T15:24:35Z,31.07,0.311,18.89,0.311,18.89,0.07,66.002
2025-09-26T15:45:00Z,116203,13.42,2025-09-26T15:45:00Z,30.99,0.313,19.21,0.313,19.21,0.07,66.578
2025-09-26T16:00:00Z,116204,13.45,2025-09-26T15:49:45Z,30.84,0.313,19.47,0.313,19.47,0.07,67.04599999999999
2025-09-26T16:15:00Z,116205,13.43,2025-09-26T16:01:55Z,31.08,0.314,19.64,0.314,19.64,0.07,67.352
2025-09-26T16:30:00Z,116206,13.46,2025-09-26T16:24:45Z,31.04,0.314,19.79,0.314,19.79,0.07,67.622
2025-09-26T16:45:00Z,116207,13.45,2025-09-26T16:39:15Z,31.12,0.315,19.92,0.315,19.92,0.07,67.85600000000001
2025-09-26T17:00:00Z,116208,13.47,2025-09-26T16:46:00Z,31.2,0.315,20.01,0.315,20.01,0.07,68.018
2025-09-26T17:15:00Z,116209,13.45,2025-09-26T17:00:05Z,31.08,0.315,20.05,0.315,20.05,0.07,68.09
2025-09-26T17:30:00Z,116210,13.46,2025-09-26T17:26:25Z,30.77,0.315,20.06,0.315,20.06,0.07,68.108
2025-09-26T17:45:00Z,116211,13.47,2025-09-26T17:32:00Z,30.3,0.314,20.07,0.314,20.07,0.07,68.126
2025-09-26T18:00:00Z,116212,13.51,2025-09-26T17:45:15Z,29.76,0.314,20.08,0.314,20.08,0.07,68.14399999999999
2025-09-26T18:15:00Z,116213,13.39,2025-09-26T18:14:35Z,28.88,0.313,20.07,0.313,20.07,0.07,68.126
2025-09-26T18:30:00Z,116214,13.33,2025-09-26T18:29:05Z,27.43,0.313,20.06,0.313,20.06,0.07,68.108
2025-09-26T18:45:00Z,116215,13.25,2025-09-26T18:41:20Z,25.83,0.312,20.04,0.312,20.04,0.07,68.072
2025-09-26T19:00:00Z,116216,13.2,2025-09-26T18:58:20Z,24.34,0.311,19.99,0.311,19.99,0.07,67.982
2025-09-26T19:15:00Z,116217,13.11,2025-09-26T19:13:50Z,23.03,0.311,19.91,0.311,19.91,0.07,67.838
2025-09-26T19:30:00Z,116218,13.07,2025-09-26T19:28:20Z,21.83,0.31,19.8,0.31,19.8,0.07,67.64
2025-09-26T19:45:00Z,116219,12.95,2025-09-26T19:44:00Z,20.76,0.309,19.69,0.309,19.69,0.069,67.44200000000001
2025-09-26T20:00:00Z,116220,12.95,2025-09-26T19:59:40Z,19.81,0.308,19.57,0.308,19.57,0.068,67.226
2025-09-26T20:15:00Z,116221,12.92,2025-09-26T20:10:55Z,18.96,0.307,19.45,0.307,19.45,0.067,67.00999999999999
2025-09-26T20:30:00Z,116222,12.91,2025-09-26T20:26:20Z,18.24,0.306,19.31,0.306,19.31,0.066,66.758
2025-09-26T20:45:00Z,116223,12.84,2025-09-26T20:38:25Z,17.6,0.305,19.18,0.305,19.18,0.065,66.524
2025-09-26T21:00:00Z,116224,12.86,2025-09-26T20:57:20Z,17.07,0.304,19.05,0.304,19.05,0.064,66.29
2025-09-26T21:15:00Z,116225,12.87,2025-09-26T21:06:20Z,16.62,0.304,18.92,0.304,18.92,0.064,66.05600000000001
2025-09-26T21:30:00Z,116226,12.85,2025-09-26T21:29:25Z,16.23,0.303,18.79,0.303,18.79,0.063,65.822
2025-09-26T21:45:00Z,116227,12.84,2025-09-26T21:30:20Z,15.92,0.302,18.67,0.302,18.67,0.062,65.60600000000001
2025-09-26T22:00:00Z,116228,12.85,2025-09-26T21:46:20Z,15.64,0.301,18.57,0.301,18.57,0.061,65.426
2025-09-26T22:15:00Z,116229,12.82,2025-09-26T22:01:00Z,15.4,0.3,18.46,0.3,18.46,0.06,65.22800000000001
2025-09-26T22:30:00Z,116230,12.84,2025-09-26T22:28:30Z,15.17,0.3,18.35,0.3,18.35,0.06,65.03
2025-09-26T22:45:00Z,116231,12.82,2025-09-26T22:33:55Z,14.99,0.299,18.25,0.299,18.25,0.06,64.85
2025-09-26T23:00:00Z,116232,12.82,2025-09-26T22:53:50Z,14.83,0.299,18.15,0.299,18.15,0.06,64.67
2025-09-26T23:15:00Z,116233,12.82,2025-09-26T23:09:45Z,14.68,0.298,18.05,0.298,18.05,0.06,64.49000000000001
2025-09-26T23:30:00Z,116234,12.81,2025-09-26T23:23:35Z,14.53,0.298,17.96,0.298,17.96,0.06,64.328
2025-09-26T23:45:00Z,116235,12.81,2025-09-26T23:32:35Z,14.41,0.298,17.87,0.298,17.87,0.06,64.166
2025-09-27T00:15:00Z,116237,12.81,2025-09-27T00:00:25Z,14.15,0.297,17.71,0.297,17.71,0.06,63.878
2025-09-27T00:30:00Z,116238,12.81,2025-09-27T00:28:10Z,13.99,0.296,17.63,0.296,17.63,0.06,63.733999999999995
2025-09-27T00:45:00Z,116239,12.64,2025-09-27T00:35:35Z,13.84,0.296,17.55,0.296,17.55,0.06,63.59
2025-09-27T01:00:00Z,116240,12.8,2025-09-27T00:55:40Z,13.71,0.295,17.48,0.295,17.48,0.06,63.464
2025-09-27T01:15:00Z,116241,12.8,2025-09-27T01:01:00Z,13.6,0.295,17.41,0.295,17.41,0.06,63.338
2025-09-27T01:30:00Z,116242,12.77,2025-09-27T01:16:40Z,13.51,0.294,17.33,0.294,17.33,0.06,63.193999999999996
2025-09-27T01:45:00Z,116243,12.77,2025-09-27T01:30:50Z,13.44,0.294,17.27,0.294,17.27,0.06,63.086
2025-09-27T02:00:00Z,116244,12.78,2025-09-27T01:50:35Z,13.37,0.294,17.21,0.294,17.21,0.06,62.978
2025-09-27T02:15:00Z,116245,12.78,2025-09-27T02:02:35Z,13.29,0.293,17.15,0.293,17.15,0.06,62.87
2025-09-27T02:30:00Z,116246,12.77,2025-09-27T02:18:00Z,13.2,0.293,17.1,0.293,17.1,0.06,62.78
2025-09-27T02:45:00Z,116247,12.77,2025-09-27T02:38:30Z,13.12,0.292,17.03,0.292,17.03,0.06,62.654
2025-09-27T03:00:00Z,116248,12.76,2025-09-27T02:45:30Z,13.04,0.292,16.97,0.292,16.97,0.06,62.546
2025-09-27T03:15:00Z,116249,12.74,2025-09-27T03:13:00Z,12.94,0.292,16.9,0.292,16.9,0.06,62.42
2025-09-27T03:30:00Z,116250,12.74,2025-09-27T03:19:35Z,12.84,0.291,16.83,0.291,16.83,0.06,62.294
2025-09-27T03:45:00Z,116251,12.73,2025-09-27T03:40:40Z,12.76,0.291,16.77,0.291,16.77,0.06,62.186
2025-09-27T04:00:00Z,116252,12.72,2025-09-27T03:53:20Z,12.69,0.29,16.72,0.29,16.72,0.06,62.096
2025-09-27T04:15:00Z,116253,12.72,2025-09-27T04:08:05Z,12.64,0.29,16.67,0.29,16.67,0.06,62.00600000000001
2025-09-27T04:30:00Z,116254,12.73,2025-09-27T04:23:50Z,12.63,0.289,16.61,0.289,16.61,0.06,61.898
2025-09-27T04:45:00Z,116255,12.71,2025-09-27T04:35:10Z,12.6,0.289,16.56,0.289,16.56,0.06,61.808
2025-09-27T05:00:00Z,116256,12.72,2025-09-27T04:55:30Z,12.56,0.289,16.51,0.289,16.51,0.06,61.718
2025-09-27T05:15:00Z,116257,12.7,2025-09-27T05:03:10Z,12.5,0.288,16.46,0.288,16.46,0.06,61.628
2025-09-27T05:30:00Z,116258,12.66,2025-09-27T05:24:10Z,12.44,0.288,16.41,0.288,16.41,0.06,61.538
2025-09-27T05:45:00Z,116259,12.69,2025-09-27T05:41:55Z,12.38,0.289,16.39,0.289,16.39,0.06,61.501999999999995
2025-09-27T06:00:00Z,116260,12.68,2025-09-27T05:54:35Z,12.35,0.289,16.39,0.289,16.39,0.06,61.501999999999995
2025-09-27T06:15:00Z,116261,12.67,2025-09-27T06:13:55Z,12.31,0.288,16.37,0.288,16.37,0.06,61.466
2025-09-27T06:30:00Z,116262,12.67,2025-09-27T06:25:40Z,12.28,0.288,16.33,0.288,16.33,0.06,61.39399999999999
2025-09-27T06:45:00Z,116263,12.64,2025-09-27T06:36:55Z,12.25,0.287,16.27,0.287,16.27,0.06,61.286
2025-09-27T07:00:00Z,116264,12.65,2025-09-27T06:47:55Z,12.23,0.287,16.22,0.287,16.22,0.06,61.196
2025-09-27T07:15:00Z,116265,12.66,2025-09-27T07:01:55Z,12.21,0.287,16.17,0.287,16.17,0.06,61.10600000000001
2025-09-27T07:30:00Z,116266,12.64,2025-09-27T07:20:35Z,12.21,0.286,16.14,0.286,16.14,0.06,61.052
2025-09-27T07:45:00Z,116267,12.63,2025-09-27T07:42:40Z,12.21,0.286,16.1,0.286,16.1,0.06,60.980000000000004
2025-09-27T08:00:00Z,116268,12.61,2025-09-27T07:50:30Z,12.23,0.286,16.07,0.286,16.07,0.06,60.926
2025-09-27T08:15:00Z,116269,12.63,2025-09-27T08:14:20Z,12.3,0.285,16.05,0.285,16.05,0.06,60.89
2025-09-27T08:30:00Z,116270,12.67,2025-09-27T08:15:35Z,12.43,0.285,16.03,0.285,16.03,0.06,60.854
2025-09-27T08:45:00Z,116271,12.68,2025-09-27T08:34:30Z,12.62,0.285,16.02,0.285,16.02,0.06,60.836
2025-09-27T09:00:00Z,116272,12.68,2025-09-27T08:49:55Z,12.93,0.284,16.02,0.284,16.02,0.06,60.836
2025-09-27T09:15:00Z,116273,12.59,2025-09-27T09:10:45Z,13.35,0.284,16.01,0.284,16.01,0.06,60.818
2025-09-27T09:30:00Z,116274,12.72,2025-09-27T09:21:00Z,13.87,0.284,16.02,0.284,16.02,0.06,60.836
2025-09-27T09:45:00Z,116275,12.74,2025-09-27T09:32:35Z,14.34,0.284,16.03,0.284,16.03,0.06,60.854
2025-09-27T10:00:00Z,116276,12.64,2025-09-27T09:53:50Z,14.79,0.284,16.05,0.284,16.05,0.06,60.89
2025-09-27T10:15:00Z,116277,12.77,2025-09-27T10:08:30Z,15.23,0.285,16.08,0.285,16.08,0.06,60.943999999999996
2025-09-27T10:30:00Z,116278,12.78,2025-09-27T10:23:20Z,15.94,0.285,16.1,0.285,16.1,0.06,60.980000000000004
2025-09-27T10:45:00Z,116279,12.79,2025-09-27T10:36:20Z,17.04,0.285,16.14,0.285,16.14,0.06,61.052
2025-09-27T11:00:00Z,116280,12.83,2025-09-27T10:45:20Z,18.07,0.285,16.17,0.285,16.17,0.06,61.10600000000001
2025-09-27T11:15:00Z,116281,12.74,2025-09-27T11:09:15Z,19,0.285,16.21,0.285,16.21,0.06,61.178000000000004
2025-09-27T11:30:00Z,116282,12.87,2025-09-27T11:27:20Z,20.06,0.285,16.25,0.285,16.25,0.06,61.25
2025-09-27T11:45:00Z,116283,12.8,2025-09-27T11:32:00Z,21.05,0.286,16.3,0.286,16.3,0.06,61.34
2025-09-27T12:00:00Z,116284,12.95,2025-09-27T11:46:50Z,21.89,0.285,16.35,0.285,16.35,0.06,61.43
2025-09-27T12:15:00Z,116285,12.92,2025-09-27T12:07:30Z,22.61,0.286,16.4,0.286,16.4,0.06,61.519999999999996
2025-09-27T12:30:00Z,116286,13.04,2025-09-27T12:16:35Z,23.33,0.285,16.45,0.285,16.45,0.06,61.61
2025-09-27T12:45:00Z,116287,13.1,2025-09-27T12:32:30Z,23.86,0.285,16.51,0.285,16.51,0.06,61.718
2025-09-27T13:00:00Z,116288,13.09,2025-09-27T12:52:40Z,24.27,0.286,16.57,0.286,16.57,0.06,61.826
2025-09-27T13:15:00Z,116289,13.2,2025-09-27T13:01:25Z,24.79,0.286,16.63,0.286,16.63,0.06,61.934
2025-09-27T13:30:00Z,116290,13.34,2025-09-27T13:15:05Z,25.76,0.287,16.69,0.287,16.69,0.06,62.042
2025-09-27T13:45:00Z,116291,13.84,2025-09-27T13:41:15Z,27.99,0.286,16.76,0.286,16.76,0.06,62.168
2025-09-27T14:00:00Z,116292,13.85,2025-09-27T13:50:50Z,30.28,0.286,16.83,0.286,16.83,0.06,62.294
2025-09-27T14:15:00Z,116293,13.79,2025-09-27T14:10:15Z,31.87,0.286,16.95,0.286,16.95,0.06,62.51
2025-09-27T14:30:00Z,116294,13.79,2025-09-27T14:15:40Z,32.84,0.286,17.19,0.286,17.19,0.06,62.942
2025-09-27T14:45:00Z,116295,13.78,2025-09-27T14:40:15Z,33.51,0.287,17.56,0.287,17.56,0.06,63.608
2025-09-27T15:00:00Z,116296,13.72,2025-09-27T14:57:20Z,34.06,0.288,18,0.288,18,0.06,64.4
2025-09-27T15:15:00Z,116297,13.41,2025-09-27T15:13:05Z,34.23,0.29,18.43,0.29,18.43,0.06,65.174
2025-09-27T15:30:00Z,116298,13.34,2025-09-27T15:22:05Z,34.01,0.292,18.82,0.292,18.82,0.06,65.876
2025-09-27T15:45:00Z,116299,13.21,2025-09-27T15:33:35Z,33.84,0.293,19.12,0.293,19.12,0.06,66.416
2025-09-27T16:00:00Z,116300,13.34,2025-09-27T15:51:40Z,33.68,0.294,19.37,0.294,19.37,0.06,66.866
2025-09-27T16:15:00Z,116301,13.35,2025-09-27T16:07:40Z,33.54,0.295,19.58,0.295,19.58,0.06,67.244
2025-09-27T16:30:00Z,116302,13.34,2025-09-27T16:19:30Z,33.06,0.296,19.75,0.296,19.75,0.06,67.55
2025-09-27T16:45:00Z,116303,13.38,2025-09-27T16:34:15Z,32.34,0.296,19.86,0.296,19.86,0.06,67.748
2025-09-27T17:00:00Z,116304,13.39,2025-09-27T16:52:05Z,32.09,0.295,19.91,0.295,19.91,0.06,67.838
2025-09-27T17:15:00Z,116305,13.39,2025-09-27T17:07:10Z,32.13,0.294,19.92,0.294,19.92,0.06,67.85600000000001
2025-09-27T17:30:00Z,116306,13.42,2025-09-27T17:26:55Z,32.1,0.293,19.91,0.293,19.91,0.06,67.838
2025-09-27T17:45:00Z,116307,13.41,2025-09-27T17:37:25Z,31.87,0.292,19.89,0.292,19.89,0.06,67.80199999999999
2025-09-27T18:00:00Z,116308,13.36,2025-09-27T17:47:30Z,31.41,0.292,19.89,0.292,19.89,0.06,67.80199999999999
2025-09-27T18:15:00Z,116309,13.4,2025-09-27T18:13:55Z,30.59,0.291,19.9,0.291,19.9,0.06,67.82
2025-09-27T18:30:00Z,116310,13.26,2025-09-27T18:29:25Z,29.27,0.29,19.89,0.29,19.89,0.06,67.80199999999999
2025-09-27T18:45:00Z,116311,13.26,2025-09-27T18:44:30Z,27.95,0.29,19.85,0.29,19.85,0.06,67.73
2025-09-27T19:00:00Z,116312,13.17,2025-09-27T18:59:15Z,26.63,0.289,19.79,0.289,19.79,0.06,67.622
2025-09-27T19:15:00Z,116313,13.1,2025-09-27T19:15:00Z,25.28,0.288,19.71,0.288,19.71,0.06,67.47800000000001
2025-09-27T19:30:00Z,116314,13.05,2025-09-27T19:25:55Z,24,0.287,19.62,0.287,19.62,0.06,67.316
2025-09-27T19:45:00Z,116315,12.98,2025-09-27T19:42:35Z,22.81,0.286,19.52,0.286,19.52,0.06,67.136
2025-09-27T20:00:00Z,116316,12.95,2025-09-27T19:52:05Z,21.73,0.285,19.41,0.285,19.41,0.06,66.938
2025-09-27T20:15:00Z,116317,12.91,2025-09-27T20:10:00Z,20.79,0.284,19.29,0.284,19.29,0.06,66.722
2025-09-27T20:30:00Z,116318,12.9,2025-09-27T20:22:55Z,19.98,0.284,19.16,0.284,19.16,0.06,66.488
2025-09-27T20:45:00Z,116319,12.87,2025-09-27T20:37:30Z,19.28,0.283,19.04,0.283,19.04,0.06,66.27199999999999
2025-09-27T21:00:00Z,116320,12.77,2025-09-27T20:58:15Z,18.69,0.282,18.92,0.282,18.92,0.06,66.05600000000001
2025-09-27T21:15:00Z,116321,12.84,2025-09-27T21:02:30Z,18.18,0.281,18.79,0.281,18.79,0.06,65.822
2025-09-27T21:30:00Z,116322,12.83,2025-09-27T21:18:40Z,17.71,0.281,18.68,0.281,18.68,0.06,65.624
2025-09-27T21:45:00Z,116323,12.85,2025-09-27T21:32:45Z,17.31,0.28,18.58,0.28,18.58,0.06,65.44399999999999
2025-09-27T22:00:00Z,116324,12.84,2025-09-27T21:58:40Z,16.96,0.279,18.48,0.279,18.48,0.059,65.264
2025-09-27T22:15:00Z,116325,12.74,2025-09-27T22:08:35Z,16.61,0.279,18.37,0.279,18.37,0.059,65.066
2025-09-27T22:30:00Z,116326,12.82,2025-09-27T22:21:45Z,16.26,0.278,18.28,0.278,18.28,0.057999999999999996,64.904
2025-09-27T22:45:00Z,116327,12.83,2025-09-27T22:34:15Z,15.95,0.278,18.18,0.278,18.18,0.057999999999999996,64.724
2025-09-27T23:00:00Z,116328,12.79,2025-09-27T22:51:10Z,15.66,0.277,18.06,0.277,18.06,0.056999999999999995,64.508
2025-09-27T23:15:00Z,116329,12.81,2025-09-27T23:10:50Z,15.44,0.278,17.97,0.278,17.97,0.057999999999999996,64.346
2025-09-27T23:30:00Z,116330,12.82,2025-09-27T23:22:35Z,15.21,0.278,17.87,0.278,17.87,0.057999999999999996,64.166
2025-09-27T23:45:00Z,116331,12.78,2025-09-27T23:36:20Z,15.04,0.277,17.8,0.277,17.8,0.056999999999999995,64.04
2025-09-28T00:15:00Z,116333,12.8,2025-09-28T00:00:25Z,14.73,0.276,17.64,0.276,17.64,0.056,63.751999999999995
2025-09-28T00:30:00Z,116334,12.79,2025-09-28T00:15:10Z,14.57,0.275,17.56,0.275,17.56,0.055,63.608
2025-09-28T00:45:00Z,116335,12.79,2025-09-28T00:39:20Z,14.42,0.274,17.48,0.274,17.48,0.054,63.464
2025-09-28T01:00:00Z,116336,12.8,2025-09-28T00:57:30Z,14.3,0.274,17.41,0.274,17.41,0.054,63.338
2025-09-28T01:15:00Z,116337,12.79,2025-09-28T01:08:45Z,14.2,0.273,17.34,0.273,17.34,0.053,63.212
2025-09-28T01:30:00Z,116338,12.78,2025-09-28T01:29:15Z,14.11,0.273,17.28,0.273,17.28,0.053,63.104
2025-09-28T01:45:00Z,116339,12.79,2025-09-28T01:33:10Z,14.04,0.272,17.21,0.272,17.21,0.052000000000000005,62.978
2025-09-28T02:00:00Z,116340,12.77,2025-09-28T01:50:30Z,13.97,0.272,17.14,0.272,17.14,0.052000000000000005,62.852
2025-09-28T02:15:00Z,116341,12.77,2025-09-28T02:08:40Z,13.9,0.271,17.07,0.271,17.07,0.051000000000000004,62.726
2025-09-28T02:30:00Z,116342,12.76,2025-09-28T02:18:05Z,13.87,0.271,17.01,0.271,17.01,0.051000000000000004,62.618
2025-09-28T02:45:00Z,116343,12.75,2025-09-28T02:41:25Z,13.83,0.271,16.95,0.271,16.95,0.051000000000000004,62.51
2025-09-28T03:00:00Z,116344,12.73,2025-09-28T02:53:55Z,13.8,0.271,16.89,0.271,16.89,0.051000000000000004,62.402
2025-09-28T03:15:00Z,116345,12.74,2025-09-28T03:13:00Z,13.72,0.27,16.83,0.27,16.83,0.05,62.294
2025-09-28T03:30:00Z,116346,12.75,2025-09-28T03:26:50Z,13.67,0.27,16.76,0.27,16.76,0.05,62.168
2025-09-28T03:45:00Z,116347,12.71,2025-09-28T03:32:20Z,13.61,0.27,16.72,0.27,16.72,0.05,62.096
2025-09-28T04:00:00Z,116348,12.72,2025-09-28T03:59:40Z,13.6,0.269,16.69,0.269,16.69,0.05,62.042
2025-09-28T04:15:00Z,116349,12.71,2025-09-28T04:10:45Z,13.65,0.268,16.64,0.268,16.64,0.05,61.952
2025-09-28T04:30:00Z,116350,12.67,2025-09-28T04:19:45Z,13.73,0.268,16.58,0.268,16.58,0.05,61.843999999999994
2025-09-28T04:45:00Z,116351,12.71,2025-09-28T04:35:35Z,13.82,0.268,16.52,0.268,16.52,0.05,61.736000000000004
2025-09-28T05:00:00Z,116352,12.68,2025-09-28T04:52:05Z,13.87,0.267,16.47,0.267,16.47,0.05,61.646
2025-09-28T05:15:00Z,116353,12.69,2025-09-28T05:05:25Z,13.9,0.267,16.45,0.267,16.45,0.05,61.61
2025-09-28T05:30:00Z,116354,12.68,2025-09-28T05:23:10Z,13.87,0.267,16.42,0.267,16.42,0.05,61.556000000000004
2025-09-28T05:45:00Z,116355,12.69,2025-09-28T05:32:50Z,13.83,0.267,16.39,0.267,16.39,0.05,61.501999999999995
2025-09-28T06:00:00Z,116356,12.69,2025-09-28T05:56:35Z,13.76,0.267,16.35,0.267,16.35,0.05,61.43
2025-09-28T06:15:00Z,116357,12.68,2025-09-28T06:04:40Z,13.64,0.266,16.3,0.266,16.3,0.05,61.34
2025-09-28T06:30:00Z,116358,12.67,2025-09-28T06:25:40Z,13.52,0.265,16.25,0.265,16.25,0.05,61.25
2025-09-28T06:45:00Z,116359,12.65,2025-09-28T06:44:40Z,13.42,0.264,16.2,0.264,16.2,0.05,61.16
2025-09-28T07:00:00Z,116360,12.64,2025-09-28T06:53:10Z,13.36,0.264,16.15,0.264,16.15,0.05,61.07
2025-09-28T07:15:00Z,116361,12.64,2025-09-28T07:14:40Z,13.35,0.264,16.09,0.264,16.09,0.05,60.962
2025-09-28T07:30:00Z,116362,12.65,2025-09-28T07:20:45Z,13.29,0.263,16.05,0.263,16.05,0.05,60.89
2025-09-28T07:45:00Z,116363,12.67,2025-09-28T07:31:30Z,13.21,0.262,16.01,0.262,16.01,0.05,60.818
2025-09-28T08:00:00Z,116364,12.64,2025-09-28T07:46:00Z,13.18,0.262,15.98,0.262,15.98,0.05,60.763999999999996
2025-09-28T08:15:00Z,116365,12.67,2025-09-28T08:13:00Z,13.19,0.261,15.96,0.261,15.96,0.05,60.728
2025-09-28T08:30:00Z,116366,12.67,2025-09-28T08:15:40Z,13.26,0.261,15.94,0.261,15.94,0.05,60.692
2025-09-28T08:45:00Z,116367,12.7,2025-09-28T08:34:25Z,13.42,0.261,15.92,0.261,15.92,0.05,60.656
2025-09-28T09:00:00Z,116368,12.62,2025-09-28T08:45:30Z,13.67,0.26,15.92,0.26,15.92,0.05,60.656
2025-09-28T09:15:00Z,116369,12.72,2025-09-28T09:01:45Z,14.09,0.26,15.92,0.26,15.92,0.05,60.656
2025-09-28T09:30:00Z,116370,12.75,2025-09-28T09:28:05Z,14.64,0.26,15.93,0.26,15.93,0.05,60.674
2025-09-28T09:45:00Z,116371,12.75,2025-09-28T09:37:00Z,15.18,0.26,15.95,0.26,15.95,0.05,60.709999999999994
2025-09-28T10:00:00Z,116372,12.66,2025-09-28T09:48:35Z,15.68,0.26,15.98,0.26,15.98,0.05,60.763999999999996
2025-09-28T10:15:00Z,116373,12.79,2025-09-28T10:01:00Z,16.1,0.26,16.02,0.26,16.02,0.05,60.836
2025-09-28T10:30:00Z,116374,12.8,2025-09-28T10:15:05Z,16.52,0.26,16.07,0.26,16.07,0.05,60.926
2025-09-28T10:45:00Z,116375,12.82,2025-09-28T10:33:20Z,17.13,0.26,16.12,0.26,16.12,0.05,61.016000000000005
2025-09-28T11:00:00Z,116376,12.84,2025-09-28T10:45:50Z,17.82,0.26,16.17,0.26,16.17,0.05,61.10600000000001
2025-09-28T11:15:00Z,116377,12.86,2025-09-28T11:00:40Z,18.56,0.26,16.23,0.26,16.23,0.05,61.214
2025-09-28T11:30:00Z,116378,12.9,2025-09-28T11:17:05Z,19.37,0.26,16.3,0.26,16.3,0.05,61.34
2025-09-28T11:45:00Z,116379,12.95,2025-09-28T11:30:25Z,20.22,0.261,16.37,0.261,16.37,0.05,61.466
2025-09-28T12:00:00Z,116380,12.95,2025-09-28T11:46:35Z,21.09,0.261,16.44,0.261,16.44,0.05,61.592
2025-09-28T12:15:00Z,116381,12.93,2025-09-28T12:10:15Z,21.79,0.261,16.51,0.261,16.51,0.05,61.718
2025-09-28T12:30:00Z,116382,13.04,2025-09-28T12:16:25Z,22.6,0.261,16.58,0.261,16.58,0.05,61.843999999999994
2025-09-28T12:45:00Z,116383,12.98,2025-09-28T12:38:45Z,23.25,0.262,16.66,0.262,16.66,0.05,61.988
2025-09-28T13:00:00Z,116384,13.09,2025-09-28T12:53:10Z,23.82,0.262,16.74,0.262,16.74,0.05,62.132
2025-09-28T13:15:00Z,116385,13.19,2025-09-28T13:07:35Z,24.5,0.262,16.83,0.262,16.83,0.05,62.294
2025-09-28T13:30:00Z,116386,13.34,2025-09-28T13:15:05Z,25.67,0.262,16.92,0.262,16.92,0.05,62.456
2025-09-28T13:45:00Z,116387,13.86,2025-09-28T13:39:40Z,28.28,0.262,17.01,0.262,17.01,0.05,62.618
2025-09-28T14:00:00Z,116388,13.82,2025-09-28T13:49:40Z,30.9,0.263,17.11,0.263,17.11,0.05,62.798
2025-09-28T14:15:00Z,116389,13.77,2025-09-28T14:06:15Z,32.83,0.263,17.23,0.263,17.23,0.05,63.013999999999996
2025-09-28T14:30:00Z,116390,13.76,2025-09-28T14:26:55Z,34.03,0.264,17.42,0.264,17.42,0.05,63.35600000000001
2025-09-28T14:45:00Z,116391,13.72,2025-09-28T14:35:10Z,34.62,0.265,17.73,0.265,17.73,0.05,63.914
2025-09-28T15:00:00Z,116392,13.74,2025-09-28T14:49:10Z,34.89,0.266,18.1,0.266,18.1,0.05,64.58
2025-09-28T15:15:00Z,116393,13.72,2025-09-28T15:00:10Z,34.93,0.267,18.49,0.267,18.49,0.05,65.282
2025-09-28T15:30:00Z,116394,13.38,2025-09-28T15:24:55Z,34.82,0.269,18.85,0.269,18.85,0.05,65.93
2025-09-28T15:45:00Z,116395,13.29,2025-09-28T15:37:10Z,34.75,0.271,19.14,0.271,19.14,0.051000000000000004,66.452
2025-09-28T16:00:00Z,116396,13.36,2025-09-28T15:49:35Z,34.38,0.272,19.35,0.272,19.35,0.052000000000000005,66.83
2025-09-28T16:15:00Z,116397,13.34,2025-09-28T16:06:30Z,34.13,0.273,19.51,0.273,19.51,0.053,67.118
2025-09-28T16:30:00Z,116398,13.36,2025-09-28T16:18:40Z,33.94,0.274,19.65,0.274,19.65,0.054,67.37
2025-09-28T16:45:00Z,116399,13.35,2025-09-28T16:36:05Z,33.9,0.274,19.75,0.274,19.75,0.054,67.55
2025-09-28T17:00:00Z,116400,13.31,2025-09-28T16:53:00Z,33.77,0.275,19.81,0.275,19.81,0.055,67.658
2025-09-28T17:15:00Z,116401,13.36,2025-09-28T17:02:55Z,33.03,0.276,19.86,0.276,19.86,0.056,67.748
2025-09-28T17:30:00Z,116402,13.41,2025-09-28T17:19:00Z,32.05,0.275,19.88,0.275,19.88,0.055,67.78399999999999
2025-09-28T17:45:00Z,116403,13.41,2025-09-28T17:36:50Z,31.48,0.275,19.89,0.275,19.89,0.055,67.80199999999999
2025-09-28T18:00:00Z,116404,13.45,2025-09-28T17:51:45Z,30.91,0.275,19.88,0.275,19.88,0.055,67.78399999999999
2025-09-28T18:15:00Z,116405,13.34,2025-09-28T18:08:40Z,29.9,0.274,19.84,0.274,19.84,0.054,67.712
2025-09-28T18:30:00Z,116406,13.32,2025-09-28T18:29:00Z,28.48,0.274,19.8,0.274,19.8,0.054,67.64
2025-09-28T18:45:00Z,116407,13.24,2025-09-28T18:44:50Z,27.16,0.273,19.75,0.273,19.75,0.053,67.55
2025-09-28T19:00:00Z,116408,13.1,2025-09-28T18:56:55Z,25.96,0.273,19.68,0.273,19.68,0.053,67.424
2025-09-28T19:15:00Z,116409,13.1,2025-09-28T19:14:45Z,24.83,0.272,19.61,0.272,19.61,0.052000000000000005,67.298
2025-09-28T19:30:00Z,116410,13.02,2025-09-28T19:27:10Z,23.81,0.271,19.52,0.271,19.52,0.051000000000000004,67.136
2025-09-28T19:45:00Z,116411,12.82,2025-09-28T19:38:10Z,22.88,0.27,19.43,0.27,19.43,0.05,66.974
2025-09-28T20:00:00Z,116412,12.93,2025-09-28T19:57:10Z,22,0.269,19.33,0.269,19.33,0.05,66.794
2025-09-28T20:15:00Z,116413,12.89,2025-09-28T20:11:20Z,21.24,0.268,19.22,0.268,19.22,0.05,66.596
2025-09-28T20:30:00Z,116414,12.78,2025-09-28T20:20:05Z,20.56,0.266,19.11,0.266,19.11,0.05,66.398
2025-09-28T20:45:00Z,116415,12.86,2025-09-28T20:32:15Z,19.99,0.265,19.01,0.265,19.01,0.05,66.218
2025-09-28T21:00:00Z,116416,12.85,2025-09-28T20:53:30Z,19.47,0.265,18.9,0.265,18.9,0.05,66.02
2025-09-28T21:15:00Z,116417,12.74,2025-09-28T21:13:25Z,19,0.264,18.81,0.264,18.81,0.05,65.858
2025-09-28T21:30:00Z,116418,12.83,2025-09-28T21:29:45Z,18.6,0.263,18.71,0.263,18.71,0.05,65.678
2025-09-28T21:45:00Z,116419,12.77,2025-09-28T21:31:20Z,18.25,0.262,18.62,0.262,18.62,0.05,65.516
2025-09-28T22:00:00Z,116420,12.83,2025-09-28T21:59:50Z,17.92,0.261,18.53,0.261,18.53,0.05,65.354
2025-09-28T22:15:00Z,116421,12.82,2025-09-28T22:04:55Z,17.63,0.26,18.44,0.26,18.44,0.05,65.19200000000001
2025-09-28T22:30:00Z,116422,12.81,2025-09-28T22:27:20Z,17.35,0.259,18.36,0.259,18.36,0.05,65.048
2025-09-28T22:45:00Z,116423,12.81,2025-09-28T22:34:25Z,17.11,0.259,18.28,0.259,18.28,0.05,64.904
2025-09-28T23:00:00Z,116424,12.8,2025-09-28T22:56:40Z,16.91,0.258,18.2,0.258,18.2,0.05,64.75999999999999
2025-09-28T23:15:00Z,116425,12.8,2025-09-28T23:08:40Z,16.74,0.257,18.12,0.257,18.12,0.05,64.616
2025-09-28T23:30:00Z,116426,12.7,2025-09-28T23:28:30Z,16.55,0.257,18.04,0.257,18.04,0.05,64.472
2025-09-28T23:45:00Z,116427,12.79,2025-09-28T23:43:25Z,16.38,0.256,17.96,0.256,17.96,0.05,64.328
2025-09-29T00:15:00Z,116429,12.79,2025-09-29T00:02:25Z,16.09,0.255,17.82,0.255,17.82,0.05,64.076
2025-09-29T00:30:00Z,116430,12.67,2025-09-29T00:21:45Z,15.97,0.255,17.75,0.255,17.75,0.05,63.95
2025-09-29T00:45:00Z,116431,12.77,2025-09-29T00:34:25Z,15.84,0.255,17.68,0.255,17.68,0.05,63.824
2025-09-29T01:00:00Z,116432,12.77,2025-09-29T00:52:15Z,15.71,0.255,17.61,0.255,17.61,0.05,63.698
2025-09-29T01:15:00Z,116433,12.78,2025-09-29T01:12:40Z,15.56,0.254,17.55,0.254,17.55,0.05,63.59
2025-09-29T01:30:00Z,116434,12.78,2025-09-29T01:23:10Z,15.41,0.254,17.48,0.254,17.48,0.05,63.464
2025-09-29T01:45:00Z,116435,12.74,2025-09-29T01:42:30Z,15.26,0.253,17.42,0.253,17.42,0.05,63.35600000000001
2025-09-29T02:00:00Z,116436,12.74,2025-09-29T01:50:00Z,15.11,0.253,17.35,0.253,17.35,0.05,63.230000000000004
2025-09-29T02:15:00Z,116437,12.67,2025-09-29T02:02:20Z,14.98,0.252,17.29,0.252,17.29,0.05,63.122
2025-09-29T02:30:00Z,116438,12.76,2025-09-29T02:17:10Z,14.85,0.252,17.23,0.252,17.23,0.05,63.013999999999996
2025-09-29T02:45:00Z,116439,12.76,2025-09-29T02:40:05Z,14.74,0.252,17.17,0.252,17.17,0.05,62.906000000000006
2025-09-29T03:00:00Z,116440,12.74,2025-09-29T02:52:35Z,14.62,0.251,17.12,0.251,17.12,0.05,62.816
2025-09-29T03:15:00Z,116441,12.74,2025-09-29T03:13:15Z,14.49,0.251,17.06,0.251,17.06,0.05,62.708
2025-09-29T03:30:00Z,116442,12.73,2025-09-29T03:17:55Z,14.36,0.25,16.99,0.25,16.99,0.05,62.582
2025-09-29T03:45:00Z,116443,12.73,2025-09-29T03:44:30Z,14.23,0.251,16.87,0.251,16.87,0.05,62.366
2025-09-29T04:00:00Z,116444,12.61,2025-09-29T03:50:50Z,14.1,0.251,16.79,0.251,16.79,0.05,62.221999999999994
2025-09-29T04:15:00Z,116445,12.72,2025-09-29T04:03:45Z,13.99,0.25,16.76,0.25,16.76,0.05,62.168
2025-09-29T04:30:00Z,116446,12.6,2025-09-29T04:19:20Z,13.88,0.25,16.69,0.25,16.69,0.05,62.042
2025-09-29T04:45:00Z,116447,12.69,2025-09-29T04:35:45Z,13.76,0.249,16.62,0.249,16.62,0.05,61.916000000000004
2025-09-29T05:00:00Z,116448,12.67,2025-09-29T04:48:10Z,13.66,0.249,16.55,0.249,16.55,0.05,61.790000000000006
2025-09-29T05:15:00Z,116449,12.61,2025-09-29T05:09:25Z,13.58,0.248,16.49,0.248,16.49,0.05,61.682
2025-09-29T05:30:00Z,116450,12.68,2025-09-29T05:19:40Z,13.51,0.248,16.43,0.248,16.43,0.05,61.574
2025-09-29T05:45:00Z,116451,12.66,2025-09-29T05:35:25Z,13.44,0.247,16.38,0.247,16.38,0.05,61.483999999999995
2025-09-29T06:00:00Z,116452,12.46,2025-09-29T05:58:20Z,13.38,0.247,16.33,0.247,16.33,0.05,61.39399999999999
2025-09-29T06:15:00Z,116453,12.65,2025-09-29T06:13:55Z,13.34,0.247,16.28,0.247,16.28,0.05,61.304
2025-09-29T06:30:00Z,116454,12.66,2025-09-29T06:19:20Z,13.33,0.246,16.22,0.246,16.22,0.05,61.196
2025-09-29T06:45:00Z,116455,12.64,2025-09-29T06:34:55Z,13.33,0.246,16.17,0.246,16.17,0.05,61.10600000000001
2025-09-29T07:00:00Z,116456,12.63,2025-09-29T06:52:20Z,13.32,0.245,16.11,0.245,16.11,0.05,60.998000000000005
2025-09-29T07:15:00Z,116457,12.56,2025-09-29T07:09:35Z,13.28,0.245,16.05,0.245,16.05,0.05,60.89
2025-09-29T07:30:00Z,116458,12.61,2025-09-29T07:26:45Z,13.25,0.244,16,0.244,16,0.05,60.8
2025-09-29T07:45:00Z,116459,12.64,2025-09-29T07:30:35Z,13.22,0.244,15.94,0.244,15.94,0.05,60.692
2025-09-29T08:00:00Z,116460,12.65,2025-09-29T07:53:20Z,13.18,0.243,15.9,0.243,15.9,0.05,60.62
2025-09-29T08:15:00Z,116461,12.67,2025-09-29T08:00:20Z,13.15,0.243,15.87,0.243,15.87,0.05,60.565999999999995
2025-09-29T08:30:00Z,116462,12.66,2025-09-29T08:18:15Z,13.11,0.243,15.84,0.243,15.84,0.05,60.512
2025-09-29T08:45:00Z,116463,12.68,2025-09-29T08:31:00Z,13.12,0.242,15.82,0.242,15.82,0.05,60.476
2025-09-29T09:00:00Z,116464,12.59,2025-09-29T08:57:30Z,13.22,0.242,15.8,0.242,15.8,0.05,60.440000000000005
2025-09-29T09:15:00Z,116465,12.62,2025-09-29T09:09:25Z,13.42,0.242,15.8,0.242,15.8,0.05,60.440000000000005
2025-09-29T09:30:00Z,116466,12.74,2025-09-29T09:22:20Z,13.79,0.242,15.8,0.242,15.8,0.05,60.440000000000005
2025-09-29T09:45:00Z,116467,12.73,2025-09-29T09:34:20Z,14.23,0.242,15.81,0.242,15.81,0.05,60.458
2025-09-29T10:00:00Z,116468,12.75,2025-09-29T09:45:30Z,14.72,0.242,15.84,0.242,15.84,0.05,60.512
2025-09-29T10:15:00Z,116469,12.77,2025-09-29T10:05:50Z,15.29,0.242,15.87,0.242,15.87,0.05,60.565999999999995
2025-09-29T10:30:00Z,116470,12.79,2025-09-29T10:19:15Z,15.88,0.243,15.91,0.243,15.91,0.05,60.638
2025-09-29T10:45:00Z,116471,12.83,2025-09-29T10:33:20Z,16.42,0.243,15.96,0.243,15.96,0.05,60.728
2025-09-29T11:00:00Z,116472,12.82,2025-09-29T10:55:50Z,16.89,0.243,16.02,0.243,16.02,0.05,60.836
2025-09-29T11:15:00Z,116473,12.83,2025-09-29T11:07:15Z,17.28,0.243,16.07,0.243,16.07,0.05,60.926
2025-09-29T11:30:00Z,116474,12.86,2025-09-29T11:16:55Z,17.76,0.243,16.13,0.243,16.13,0.05,61.034
2025-09-29T11:45:00Z,116475,12.86,2025-09-29T11:38:10Z,18.26,0.243,16.2,0.243,16.2,0.05,61.16
2025-09-29T12:00:00Z,116476,12.92,2025-09-29T11:46:05Z,18.89,0.244,16.28,0.244,16.28,0.05,61.304
2025-09-29T12:15:00Z,116477,12.94,2025-09-29T12:01:35Z,19.75,0.244,16.35,0.244,16.35,0.05,61.43
2025-09-29T12:30:00Z,116478,12.88,2025-09-29T12:27:30Z,20.85,0.244,16.43,0.244,16.43,0.05,61.574
2025-09-29T12:45:00Z,116479,12.93,2025-09-29T12:37:55Z,21.72,0.245,16.52,0.245,16.52,0.05,61.736000000000004
2025-09-29T13:00:00Z,116480,12.94,2025-09-29T12:57:45Z,22.42,0.245,16.6,0.245,16.6,0.05,61.88
2025-09-29T13:15:00Z,116481,13.1,2025-09-29T13:00:15Z,23.14,0.245,16.68,0.245,16.68,0.05,62.024
2025-09-29T13:30:00Z,116482,13.25,2025-09-29T13:18:10Z,24.35,0.245,16.75,0.245,16.75,0.05,62.15
2025-09-29T13:45:00Z,116483,13.87,2025-09-29T13:31:55Z,27.27,0.246,16.84,0.246,16.84,0.05,62.312
2025-09-29T14:00:00Z,116484,13.82,2025-09-29T13:54:20Z,30.11,0.246,16.92,0.246,16.92,0.05,62.456
2025-09-29T14:15:00Z,116485,13.81,2025-09-29T14:12:15Z,32.04,0.246,17.01,0.246,17.01,0.05,62.618
2025-09-29T14:30:00Z,116486,13.75,2025-09-29T14:28:40Z,33.25,0.247,17.12,0.247,17.12,0.05,62.816
2025-09-29T14:45:00Z,116487,13.75,2025-09-29T14:38:45Z,34.05,0.247,17.26,0.247,17.26,0.05,63.068
2025-09-29T15:00:00Z,116488,13.73,2025-09-29T14:53:55Z,34.4,0.248,17.52,0.248,17.52,0.05,63.536
2025-09-29T15:15:00Z,116489,13.42,2025-09-29T15:13:10Z,34.55,0.249,17.86,0.249,17.86,0.05,64.148
2025-09-29T15:30:00Z,116490,13.35,2025-09-29T15:23:55Z,34.39,0.25,18.21,0.25,18.21,0.05,64.778
2025-09-29T15:45:00Z,116491,13.36,2025-09-29T15:44:05Z,34.33,0.252,18.49,0.252,18.49,0.05,65.282
2025-09-29T16:00:00Z,116492,13.28,2025-09-29T15:56:50Z,34.21,0.253,18.67,0.253,18.67,0.05,65.60600000000001
2025-09-29T16:15:00Z,116493,13.35,2025-09-29T16:00:35Z,34.11,0.255,18.76,0.255,18.76,0.05,65.768
2025-09-29T16:30:00Z,116494,13.35,2025-09-29T16:16:20Z,33.98,0.255,18.83,0.255,18.83,0.05,65.89399999999999
2025-09-29T16:45:00Z,116495,13.36,2025-09-29T16:38:55Z,33.83,0.255,18.87,0.255,18.87,0.05,65.96600000000001
2025-09-29T17:00:00Z,116496,13.33,2025-09-29T16:48:00Z,33.61,0.255,18.83,0.255,18.83,0.05,65.89399999999999
2025-09-29T17:15:00Z,116497,13.39,2025-09-29T17:08:00Z,33.24,0.254,18.76,0.254,18.76,0.05,65.768
2025-09-29T17:30:00Z,116498,13.39,2025-09-29T17:15:20Z,32.76,0.253,18.68,0.253,18.68,0.05,65.624
2025-09-29T17:45:00Z,116499,13.34,2025-09-29T17:44:20Z,32.22,0.252,18.61,0.252,18.61,0.05,65.498
2025-09-29T18:00:00Z,116500,13.42,2025-09-29T17:55:45Z,31.56,0.251,18.54,0.251,18.54,0.05,65.372
2025-09-29T18:15:00Z,116501,13.22,2025-09-29T18:14:35Z,30.33,0.251,18.49,0.251,18.49,0.05,65.282
2025-09-29T18:30:00Z,116502,13.16,2025-09-29T18:29:00Z,28.62,0.25,18.45,0.25,18.45,0.05,65.21
2025-09-29T18:45:00Z,116503,13.12,2025-09-29T18:37:50Z,26.94,0.249,18.42,0.249,18.42,0.05,65.156
2025-09-29T19:00:00Z,116504,13.12,2025-09-29T18:57:20Z,25.41,0.249,18.37,0.249,18.37,0.05,65.066
2025-09-29T19:15:00Z,116505,13.04,2025-09-29T19:12:05Z,23.99,0.248,18.31,0.248,18.31,0.05,64.958
2025-09-29T19:30:00Z,116506,12.85,2025-09-29T19:28:40Z,22.66,0.247,18.23,0.247,18.23,0.05,64.814
2025-09-29T19:45:00Z,116507,12.92,2025-09-29T19:37:25Z,21.44,0.246,18.13,0.246,18.13,0.05,64.634
2025-09-29T20:00:00Z,116508,12.9,2025-09-29T19:56:45Z,20.31,0.245,18.02,0.245,18.02,0.05,64.436
2025-09-29T20:15:00Z,116509,12.76,2025-09-29T20:01:10Z,19.32,0.244,17.9,0.244,17.9,0.05,64.22
2025-09-29T20:30:00Z,116510,12.88,2025-09-29T20:17:35Z,18.47,0.243,17.79,0.243,17.79,0.05,64.02199999999999
2025-09-29T20:45:00Z,116511,12.86,2025-09-29T20:39:15Z,17.7,0.242,17.67,0.242,17.67,0.05,63.806000000000004
2025-09-29T21:00:00Z,116512,12.84,2025-09-29T20:48:40Z,17.06,0.241,17.56,0.241,17.56,0.05,63.608
2025-09-29T21:15:00Z,116513,12.84,2025-09-29T21:11:05Z,16.49,0.24,17.45,0.24,17.45,0.05,63.41
2025-09-29T21:30:00Z,116514,12.83,2025-09-29T21:21:00Z,16.01,0.239,17.36,0.239,17.36,0.049,63.248000000000005
2025-09-29T21:45:00Z,116515,12.84,2025-09-29T21:43:25Z,15.61,0.238,17.27,0.238,17.27,0.048,63.086
2025-09-29T22:00:00Z,116516,12.83,2025-09-29T21:57:40Z,15.26,0.237,17.18,0.237,17.18,0.04699999999999999,62.924
2025-09-29T22:15:00Z,116517,12.81,2025-09-29T22:03:45Z,14.96,0.236,17.09,0.236,17.09,0.04599999999999999,62.762
2025-09-29T22:30:00Z,116518,12.8,2025-09-29T22:24:35Z,14.68,0.236,17,0.236,17,0.04599999999999999,62.6
2025-09-29T22:45:00Z,116519,12.71,2025-09-29T22:38:05Z,14.42,0.235,16.92,0.235,16.92,0.044999999999999984,62.456
2025-09-29T23:00:00Z,116520,12.79,2025-09-29T22:55:00Z,14.15,0.234,16.83,0.234,16.83,0.04400000000000001,62.294
2025-09-29T23:15:00Z,116521,12.79,2025-09-29T23:11:00Z,13.84,0.234,16.73,0.234,16.73,0.04400000000000001,62.114
2025-09-29T23:30:00Z,116522,12.78,2025-09-29T23:29:00Z,13.57,0.233,16.64,0.233,16.64,0.04300000000000001,61.952
2025-09-29T23:45:00Z,116523,12.69,2025-09-29T23:39:40Z,13.33,0.233,16.56,0.233,16.56,0.04300000000000001,61.808
2025-09-30T00:15:00Z,116525,12.78,2025-09-30T00:00:35Z,12.95,0.232,16.39,0.232,16.39,0.04200000000000001,61.501999999999995
2025-09-30T00:30:00Z,116526,12.77,2025-09-30T00:16:15Z,12.77,0.231,16.35,0.231,16.35,0.041,61.43
2025-09-30T00:45:00Z,116527,12.77,2025-09-30T00:36:15Z,12.59,0.231,16.33,0.231,16.33,0.041,61.39399999999999
2025-09-30T01:00:00Z,116528,12.77,2025-09-30T00:57:25Z,12.44,0.231,16.26,0.231,16.26,0.041,61.268
2025-09-30T01:15:00Z,116529,12.77,2025-09-30T01:07:45Z,12.32,0.23,16.17,0.23,16.17,0.04,61.10600000000001
2025-09-30T01:30:00Z,116530,12.73,2025-09-30T01:21:30Z,12.2,0.23,16.08,0.23,16.08,0.04,60.943999999999996
2025-09-30T01:45:00Z,116531,12.67,2025-09-30T01:41:10Z,12.11,0.229,16,0.229,16,0.04,60.8
2025-09-30T02:00:00Z,116532,12.76,2025-09-30T01:55:55Z,12.03,0.228,15.92,0.228,15.92,0.04,60.656
2025-09-30T02:15:00Z,116533,12.74,2025-09-30T02:10:55Z,11.97,0.228,15.84,0.228,15.84,0.04,60.512
2025-09-30T02:30:00Z,116534,12.73,2025-09-30T02:17:05Z,11.93,0.227,15.77,0.227,15.77,0.04,60.386
2025-09-30T02:45:00Z,116535,12.64,2025-09-30T02:43:15Z,11.91,0.227,15.7,0.227,15.7,0.04,60.26
2025-09-30T03:00:00Z,116536,12.62,2025-09-30T02:48:10Z,11.89,0.228,15.63,0.228,15.63,0.04,60.134
2025-09-30T03:15:00Z,116537,12.72,2025-09-30T03:13:15Z,11.85,0.228,15.6,0.228,15.6,0.04,60.08
2025-09-30T03:30:00Z,116538,12.7,2025-09-30T03:15:15Z,11.81,0.228,15.54,0.228,15.54,0.04,59.971999999999994
2025-09-30T03:45:00Z,116539,12.71,2025-09-30T03:35:50Z,11.77,0.228,15.49,0.228,15.49,0.04,59.882
2025-09-30T04:00:00Z,116540,12.71,2025-09-30T03:48:30Z,11.72,0.227,15.43,0.227,15.43,0.04,59.774
2025-09-30T04:15:00Z,116541,12.58,2025-09-30T04:14:10Z,11.66,0.227,15.38,0.227,15.38,0.04,59.684000000000005
2025-09-30T04:30:00Z,116542,12.71,2025-09-30T04:19:15Z,11.61,0.226,15.32,0.226,15.32,0.04,59.576
2025-09-30T04:45:00Z,116543,12.67,2025-09-30T04:31:15Z,11.55,0.226,15.26,0.226,15.26,0.04,59.468
2025-09-30T05:00:00Z,116544,12.68,2025-09-30T04:48:05Z,11.47,0.225,15.2,0.225,15.2,0.04,59.36
2025-09-30T05:15:00Z,116545,12.66,2025-09-30T05:09:40Z,11.45,0.225,15.15,0.225,15.15,0.04,59.269999999999996
2025-09-30T05:30:00Z,116546,12.64,2025-09-30T05:29:30Z,11.43,0.224,15.09,0.224,15.09,0.04,59.162
2025-09-30T05:45:00Z,116547,12.64,2025-09-30T05:41:05Z,11.37,0.224,15.04,0.224,15.04,0.04,59.071999999999996
2025-09-30T06:00:00Z,116548,12.5,2025-09-30T05:58:15Z,11.31,0.223,14.99,0.223,14.99,0.04,58.982
2025-09-30T06:15:00Z,116549,12.62,2025-09-30T06:13:40Z,11.25,0.223,14.95,0.223,14.95,0.04,58.91
2025-09-30T06:30:00Z,116550,12.62,2025-09-30T06:28:20Z,11.17,0.223,14.9,0.223,14.9,0.04,58.82
2025-09-30T06:45:00Z,116551,12.62,2025-09-30T06:35:00Z,11.09,0.222,14.84,0.222,14.84,0.04,58.712
2025-09-30T07:00:00Z,116552,12.62,2025-09-30T06:45:50Z,11.04,0.222,14.79,0.222,14.79,0.04,58.622
2025-09-30T07:15:00Z,116553,12.63,2025-09-30T07:10:50Z,10.97,0.221,14.75,0.221,14.75,0.04,58.55
2025-09-30T07:30:00Z,116554,12.62,2025-09-30T07:18:00Z,10.93,0.221,14.7,0.221,14.7,0.04,58.459999999999994
2025-09-30T07:45:00Z,116555,12.64,2025-09-30T07:33:05Z,10.88,0.22,14.65,0.22,14.65,0.04,58.37
2025-09-30T08:00:00Z,116556,12.62,2025-09-30T07:49:40Z,10.86,0.22,14.61,0.22,14.61,0.04,58.298
2025-09-30T08:15:00Z,116557,12.64,2025-09-30T08:01:35Z,10.86,0.22,14.58,0.22,14.58,0.04,58.244
2025-09-30T08:30:00Z,116558,12.66,2025-09-30T08:21:10Z,10.89,0.219,14.56,0.219,14.56,0.03981818181818182,58.208
2025-09-30T08:45:00Z,116559,12.66,2025-09-30T08:30:55Z,10.99,0.219,14.54,0.219,14.54,0.03981818181818182,58.172
2025-09-30T09:00:00Z,116560,12.67,2025-09-30T08:48:40Z,11.18,0.219,14.54,0.219,14.54,0.03981818181818182,58.172
2025-09-30T09:15:00Z,116561,12.59,2025-09-30T09:10:25Z,11.47,0.219,14.54,0.219,14.54,0.03981818181818182,58.172
2025-09-30T09:30:00Z,116562,12.71,2025-09-30T09:22:45Z,11.92,0.219,14.56,0.219,14.56,0.03981818181818182,58.208
2025-09-30T09:45:00Z,116563,12.72,2025-09-30T09:34:55Z,12.47,0.219,14.58,0.219,14.58,0.03981818181818182,58.244
2025-09-30T10:00:00Z,116564,12.62,2025-09-30T09:58:50Z,13.16,0.219,14.63,0.219,14.63,0.03981818181818182,58.334
2025-09-30T10:15:00Z,116565,12.74,2025-09-30T10:10:00Z,13.8,0.219,14.69,0.219,14.69,0.03981818181818182,58.442
2025-09-30T10:30:00Z,116566,12.74,2025-09-30T10:29:10Z,14.34,0.22,14.75,0.22,14.75,0.04,58.55
2025-09-30T10:45:00Z,116567,12.76,2025-09-30T10:37:40Z,14.79,0.22,14.83,0.22,14.83,0.04,58.694
2025-09-30T11:00:00Z,116568,12.77,2025-09-30T10:51:25Z,15.44,0.22,14.9,0.22,14.9,0.04,58.82
2025-09-30T11:15:00Z,116569,12.73,2025-09-30T11:00:10Z,16.55,0.221,14.98,0.221,14.98,0.04,58.964
2025-09-30T11:30:00Z,116570,12.77,2025-09-30T11:25:25Z,17.87,0.221,15.06,0.221,15.06,0.04,59.108
2025-09-30T11:45:00Z,116571,12.83,2025-09-30T11:33:10Z,19.08,0.222,15.13,0.222,15.13,0.04,59.234
2025-09-30T12:00:00Z,116572,12.84,2025-09-30T11:46:50Z,20.08,0.224,15.21,0.224,15.21,0.04,59.378
2025-09-30T12:15:00Z,116573,12.87,2025-09-30T12:14:30Z,20.96,0.225,15.28,0.225,15.28,0.04,59.504
2025-09-30T12:30:00Z,116574,12.79,2025-09-30T12:22:10Z,21.72,0.225,15.35,0.225,15.35,0.04,59.63
2025-09-30T12:45:00Z,116575,12.92,2025-09-30T12:32:20Z,22.25,0.225,15.41,0.225,15.41,0.04,59.738
2025-09-30T13:00:00Z,116576,12.94,2025-09-30T12:51:20Z,22.66,0.226,15.48,0.226,15.48,0.04,59.864
2025-09-30T13:15:00Z,116577,12.94,2025-09-30T13:07:05Z,23.02,0.226,15.54,0.226,15.54,0.04,59.971999999999994
2025-09-30T13:30:00Z,116578,13.13,2025-09-30T13:16:45Z,23.79,0.226,15.61,0.226,15.61,0.04,60.098
2025-09-30T13:45:00Z,116579,13.84,2025-09-30T13:32:20Z,26.42,0.226,15.68,0.226,15.68,0.04,60.224000000000004
2025-09-30T14:00:00Z,116580,13.84,2025-09-30T13:53:30Z,29.06,0.226,15.76,0.226,15.76,0.04,60.368
2025-09-30T14:15:00Z,116581,13.84,2025-09-30T14:04:20Z,30.77,0.227,15.85,0.227,15.85,0.04,60.53
2025-09-30T14:30:00Z,116582,13.82,2025-09-30T14:29:35Z,31.85,0.227,15.94,0.227,15.94,0.04,60.692
2025-09-30T14:45:00Z,116583,13.79,2025-09-30T14:34:50Z,32.64,0.227,16.04,0.227,16.04,0.04,60.872
2025-09-30T15:00:00Z,116584,13.76,2025-09-30T14:48:20Z,33.16,0.227,16.12,0.227,16.12,0.04,61.016000000000005
2025-09-30T15:15:00Z,116585,13.71,2025-09-30T15:08:00Z,33.26,0.227,16.21,0.227,16.21,0.04,61.178000000000004
2025-09-30T15:30:00Z,116586,13.42,2025-09-30T15:28:45Z,33.11,0.227,16.31,0.227,16.31,0.04,61.358
2025-09-30T15:45:00Z,116587,13.26,2025-09-30T15:33:55Z,33.13,0.227,16.43,0.227,16.43,0.04,61.574
2025-09-30T16:00:00Z,116588,13.39,2025-09-30T15:58:50Z,33.13,0.227,16.55,0.227,16.55,0.04,61.790000000000006
2025-09-30T16:15:00Z,116589,13.39,2025-09-30T16:00:45Z,33,0.228,16.66,0.228,16.66,0.04,61.988
2025-09-30T16:30:00Z,116590,13.39,2025-09-30T16:18:20Z,32.92,0.228,16.74,0.228,16.74,0.04,62.132
2025-09-30T16:45:00Z,116591,13.37,2025-09-30T16:30:55Z,32.82,0.229,16.8,0.229,16.8,0.04,62.24
2025-09-30T17:00:00Z,116592,13.41,2025-09-30T16:46:05Z,32.52,0.229,16.83,0.229,16.83,0.04,62.294
2025-09-30T17:15:00Z,116593,13.42,2025-09-30T17:07:00Z,32.19,0.229,16.84,0.229,16.84,0.04,62.312
2025-09-30T17:30:00Z,116594,13.42,2025-09-30T17:16:20Z,31.83,0.229,16.87,0.229,16.87,0.04,62.366
2025-09-30T17:45:00Z,116595,13.43,2025-09-30T17:31:05Z,31.34,0.229,16.88,0.229,16.88,0.04,62.384
2025-09-30T18:00:00Z,116596,13.45,2025-09-30T17:53:10Z,30.55,0.229,16.87,0.229,16.87,0.04,62.366
2025-09-30T18:15:00Z,116597,13.29,2025-09-30T18:13:00Z,29.15,0.228,16.84,0.228,16.84,0.04,62.312
2025-09-30T18:30:00Z,116598,13.23,2025-09-30T18:24:55Z,27.3,0.227,16.81,0.227,16.81,0.04,62.257999999999996
2025-09-30T18:45:00Z,116599,13.15,2025-09-30T18:43:05Z,25.62,0.227,16.78,0.227,16.78,0.04,62.204
2025-09-30T19:00:00Z,116600,13.09,2025-09-30T18:55:05Z,24.07,0.226,16.75,0.226,16.75,0.04,62.15
2025-09-30T19:15:00Z,116601,13.03,2025-09-30T19:09:40Z,22.61,0.226,16.7,0.226,16.7,0.04,62.059999999999995
2025-09-30T19:30:00Z,116602,12.94,2025-09-30T19:26:35Z,21.27,0.225,16.65,0.225,16.65,0.04,61.97
2025-09-30T19:45:00Z,116603,12.91,2025-09-30T19:37:30Z,20.05,0.224,16.58,0.224,16.58,0.04,61.843999999999994
2025-09-30T20:00:00Z,116604,12.77,2025-09-30T19:58:40Z,18.98,0.223,16.5,0.223,16.5,0.04,61.7
2025-09-30T20:15:00Z,116605,12.78,2025-09-30T20:10:15Z,18.07,0.222,16.42,0.222,16.42,0.04,61.556000000000004
2025-09-30T20:30:00Z,116606,12.85,2025-09-30T20:26:25Z,17.28,0.221,16.33,0.221,16.33,0.04,61.39399999999999
2025-09-30T20:45:00Z,116607,12.8,2025-09-30T20:34:20Z,16.59,0.221,16.26,0.221,16.26,0.04,61.268
2025-09-30T21:00:00Z,116608,12.82,2025-09-30T20:53:15Z,15.99,0.221,16.18,0.221,16.18,0.04,61.124
2025-09-30T21:15:00Z,116609,12.84,2025-09-30T21:10:15Z,15.46,0.219,16.11,0.219,16.11,0.03981818181818182,60.998000000000005
2025-09-30T21:30:00Z,116610,12.75,2025-09-30T21:23:20Z,15.01,0.218,16.04,0.218,16.04,0.039636363636363636,60.872
2025-09-30T21:45:00Z,116611,12.82,2025-09-30T21:44:25Z,14.64,0.218,15.97,0.218,15.97,0.039636363636363636,60.746
2025-09-30T22:00:00Z,116612,12.81,2025-09-30T21:49:40Z,14.3,0.217,15.9,0.217,15.9,0.03945454545454546,60.62
2025-09-30T22:15:00Z,116613,12.8,2025-09-30T22:08:20Z,13.98,0.217,15.83,0.217,15.83,0.03945454545454546,60.494
2025-09-30T22:30:00Z,116614,12.72,2025-09-30T22:29:55Z,13.69,0.216,15.76,0.216,15.76,0.03927272727272727,60.368
2025-09-30T22:45:00Z,116615,12.77,2025-09-30T22:33:25Z,13.42,0.216,15.7,0.216,15.7,0.03927272727272727,60.26
2025-09-30T23:00:00Z,116616,12.68,2025-09-30T22:59:05Z,13.18,0.216,15.63,0.216,15.63,0.03927272727272727,60.134
2025-09-30T23:15:00Z,116617,12.69,2025-09-30T23:05:40Z,12.97,0.215,15.56,0.215,15.56,0.03909090909090909,60.007999999999996
2025-09-30T23:30:00Z,116618,12.79,2025-09-30T23:25:05Z,12.78,0.214,15.48,0.214,15.48,0.03890909090909091,59.864
2025-09-30T23:45:00Z,116619,12.64,2025-09-30T23:41:55Z,12.58,0.214,15.42,0.214,15.42,0.03890909090909091,59.756
2025-10-01T00:15:00Z,116621,12.7,2025-10-01T00:03:50Z,12.32,0.212,15.28,0.212,15.28,0.03854545454545454,59.504
2025-10-01T00:30:00Z,116622,12.67,2025-10-01T00:20:40Z,12.23,0.212,15.22,0.212,15.22,0.03854545454545454,59.396
2025-10-01T00:45:00Z,116623,12.74,2025-10-01T00:35:05Z,12.13,0.212,15.15,0.212,15.15,0.03854545454545454,59.269999999999996
2025-10-01T01:00:00Z,116624,12.76,2025-10-01T00:57:50Z,12.05,0.211,15.08,0.211,15.08,0.038363636363636364,59.144
2025-10-01T01:15:00Z,116625,12.76,2025-10-01T01:11:50Z,11.97,0.211,15.02,0.211,15.02,0.038363636363636364,59.036
2025-10-01T01:30:00Z,116626,12.76,2025-10-01T01:22:00Z,11.91,0.21,14.97,0.21,14.97,0.03818181818181818,58.946000000000005
2025-10-01T01:45:00Z,116627,12.67,2025-10-01T01:44:45Z,11.86,0.21,14.91,0.21,14.91,0.03818181818181818,58.838
2025-10-01T02:00:00Z,116628,12.74,2025-10-01T01:51:05Z,11.78,0.209,14.86,0.209,14.86,0.038,58.748000000000005
2025-10-01T02:15:00Z,116629,12.72,2025-10-01T02:04:45Z,11.71,0.209,14.82,0.209,14.82,0.038,58.676
2025-10-01T02:30:00Z,116630,12.64,2025-10-01T02:27:10Z,11.63,0.208,14.77,0.208,14.77,0.03781818181818182,58.586
2025-10-01T02:45:00Z,116631,12.72,2025-10-01T02:42:25Z,11.53,0.207,14.71,0.207,14.71,0.037636363636363634,58.478
2025-10-01T03:00:00Z,116632,12.71,2025-10-01T02:56:20Z,11.4,0.207,14.66,0.207,14.66,0.037636363636363634,58.388
2025-10-01T03:15:00Z,116633,12.69,2025-10-01T03:10:55Z,11.29,0.207,14.6,0.207,14.6,0.037636363636363634,58.28
2025-10-01T03:30:00Z,116634,12.59,2025-10-01T03:22:25Z,11.2,0.207,14.55,0.207,14.55,0.037636363636363634,58.190000000000005
2025-10-01T03:45:00Z,116635,12.69,2025-10-01T03:41:20Z,11.08,0.206,14.5,0.206,14.5,0.037454545454545456,58.1
2025-10-01T04:00:00Z,116636,12.57,2025-10-01T03:54:25Z,10.94,0.206,14.45,0.206,14.45,0.037454545454545456,58.01
2025-10-01T04:15:00Z,116637,12.67,2025-10-01T04:05:15Z,10.81,0.205,14.39,0.205,14.39,0.03727272727272727,57.902
2025-10-01T04:30:00Z,116638,12.65,2025-10-01T04:27:55Z,10.68,0.205,14.33,0.205,14.33,0.03727272727272727,57.794
2025-10-01T04:45:00Z,116639,12.65,2025-10-01T04:36:40Z,10.58,0.204,14.27,0.204,14.27,0.03709090909090909,57.686
2025-10-01T05:00:00Z,116640,12.57,2025-10-01T04:55:35Z,10.51,0.204,14.21,0.204,14.21,0.03709090909090909,57.578
2025-10-01T05:15:00Z,116641,12.54,2025-10-01T05:05:00Z,10.47,0.204,14.16,0.204,14.16,0.03709090909090909,57.488
2025-10-01T05:30:00Z,116642,12.55,2025-10-01T05:27:45Z,10.47,0.203,14.12,0.203,14.12,0.03690909090909091,57.416
2025-10-01T05:45:00Z,116643,12.63,2025-10-01T05:33:05Z,10.46,0.203,14.07,0.203,14.07,0.03690909090909091,57.326
2025-10-01T06:00:00Z,116644,12.62,2025-10-01T05:46:10Z,10.44,0.203,14.03,0.203,14.03,0.03690909090909091,57.254
2025-10-01T06:15:00Z,116645,12.63,2025-10-01T06:00:15Z,10.43,0.202,13.99,0.202,13.99,0.036727272727272726,57.182
2025-10-01T06:30:00Z,116646,12.61,2025-10-01T06:26:50Z,10.42,0.202,13.95,0.202,13.95,0.036727272727272726,57.11
2025-10-01T06:45:00Z,116647,12.61,2025-10-01T06:38:55Z,10.4,0.202,13.91,0.202,13.91,0.036727272727272726,57.038
2025-10-01T07:00:00Z,116648,12.62,2025-10-01T06:54:00Z,10.41,0.202,13.88,0.202,13.88,0.036727272727272726,56.984
2025-10-01T07:15:00Z,116649,12.6,2025-10-01T07:07:55Z,10.43,0.201,13.85,0.201,13.85,0.03654545454545455,56.93
2025-10-01T07:30:00Z,116650,12.6,2025-10-01T07:21:20Z,10.47,0.201,13.82,0.201,13.82,0.03654545454545455,56.876
2025-10-01T07:45:00Z,116651,12.5,2025-10-01T07:39:20Z,10.53,0.201,13.8,0.201,13.8,0.03654545454545455,56.84
2025-10-01T08:00:00Z,116652,12.53,2025-10-01T07:54:25Z,10.61,0.2,13.78,0.2,13.78,0.03636363636363637,56.804
2025-10-01T08:15:00Z,116653,12.55,2025-10-01T08:04:10Z,10.72,0.2,13.78,0.2,13.78,0.03636363636363637,56.804
2025-10-01T08:30:00Z,116654,12.55,2025-10-01T08:22:50Z,10.89,0.2,13.79,0.2,13.79,0.03636363636363637,56.821999999999996
2025-10-01T08:45:00Z,116655,12.57,2025-10-01T08:36:00Z,11.11,0.2,13.81,0.2,13.81,0.03636363636363637,56.858000000000004
2025-10-01T09:00:00Z,116656,12.67,2025-10-01T08:50:00Z,11.44,0.2,13.85,0.2,13.85,0.03636363636363637,56.93
2025-10-01T09:15:00Z,116657,12.71,2025-10-01T09:11:50Z,11.9,0.201,13.91,0.201,13.91,0.03654545454545455,57.038
2025-10-01T09:30:00Z,116658,12.74,2025-10-01T09:16:50Z,12.49,0.201,13.98,0.201,13.98,0.03654545454545455,57.164
2025-10-01T09:45:00Z,116659,12.76,2025-10-01T09:38:05Z,13.04,0.201,14.06,0.201,14.06,0.03654545454545455,57.308
2025-10-01T10:00:00Z,116660,12.78,2025-10-01T09:49:20Z,13.5,0.202,14.14,0.202,14.14,0.036727272727272726,57.452
2025-10-01T10:15:00Z,116661,12.78,2025-10-01T10:01:15Z,13.92,0.202,14.23,0.202,14.23,0.036727272727272726,57.614
2025-10-01T10:30:00Z,116662,12.77,2025-10-01T10:28:05Z,14.36,0.202,14.31,0.202,14.31,0.036727272727272726,57.757999999999996
2025-10-01T10:45:00Z,116663,12.73,2025-10-01T10:44:55Z,14.93,0.202,14.4,0.202,14.4,0.036727272727272726,57.92
2025-10-01T11:00:00Z,116664,12.97,2025-10-01T10:45:15Z,15.7,0.203,14.51,0.203,14.51,0.03690909090909091,58.118
2025-10-01T11:15:00Z,116665,13.07,2025-10-01T11:03:00Z,16.63,0.203,14.64,0.203,14.64,0.03690909090909091,58.352
2025-10-01T11:30:00Z,116666,13.09,2025-10-01T11:25:15Z,17.48,0.204,14.73,0.204,14.73,0.03709090909090909,58.513999999999996
2025-10-01T11:45:00Z,116667,13.14,2025-10-01T11:34:45Z,18,0.204,14.81,0.204,14.81,0.03709090909090909,58.658
2025-10-01T12:00:00Z,116668,13.2,2025-10-01T11:46:00Z,18.55,0.204,14.92,0.204,14.92,0.03709090909090909,58.856
2025-10-01T12:15:00Z,116669,13.33,2025-10-01T12:00:05Z,19.35,0.205,15.04,0.205,15.04,0.03727272727272727,59.071999999999996
2025-10-01T12:30:00Z,116670,13.32,2025-10-01T12:15:45Z,20.08,0.206,15.15,0.206,15.15,0.037454545454545456,59.269999999999996
2025-10-01T12:45:00Z,116671,13.39,2025-10-01T12:30:15Z,20.61,0.206,15.21,0.206,15.21,0.037454545454545456,59.378
2025-10-01T13:00:00Z,116672,13.39,2025-10-01T12:48:50Z,20.9,0.206,15.24,0.206,15.24,0.037454545454545456,59.432
2025-10-01T13:15:00Z,116673,13.46,2025-10-01T13:01:15Z,21.14,0.206,15.29,0.206,15.29,0.037454545454545456,59.522
2025-10-01T13:30:00Z,116674,13.58,2025-10-01T13:15:10Z,21.63,0.206,15.35,0.206,15.35,0.037454545454545456,59.63
2025-10-01T13:45:00Z,116675,14,2025-10-01T13:43:40Z,23.59,0.206,15.45,0.206,15.45,0.037454545454545456,59.809999999999995
2025-10-01T14:00:00Z,116676,13.96,2025-10-01T13:52:15Z,25.46,0.207,15.57,0.207,15.57,0.037636363636363634,60.025999999999996
2025-10-01T14:15:00Z,116677,13.96,2025-10-01T14:11:35Z,26.68,0.207,15.72,0.207,15.72,0.037636363636363634,60.29600000000001
2025-10-01T14:30:00Z,116678,13.91,2025-10-01T14:23:55Z,27.8,0.208,15.87,0.208,15.87,0.03781818181818182,60.565999999999995
2025-10-01T14:45:00Z,116679,13.89,2025-10-01T14:41:55Z,27.94,0.209,16.01,0.209,16.01,0.038,60.818
2025-10-01T15:00:00Z,116680,13.94,2025-10-01T14:45:15Z,27.63,0.208,16.1,0.208,16.1,0.03781818181818182,60.980000000000004
2025-10-01T15:15:00Z,116681,13.92,2025-10-01T15:06:30Z,27.93,0.209,16.25,0.209,16.25,0.038,61.25
2025-10-01T15:30:00Z,116682,13.53,2025-10-01T15:29:00Z,27.81,0.209,16.38,0.209,16.38,0.038,61.483999999999995
2025-10-01T15:45:00Z,116683,13.53,2025-10-01T15:31:25Z,27.87,0.21,16.48,0.21,16.48,0.03818181818181818,61.664
2025-10-01T16:00:00Z,116684,13.54,2025-10-01T15:50:35Z,28.03,0.21,16.57,0.21,16.57,0.03818181818181818,61.826
2025-10-01T16:15:00Z,116685,13.56,2025-10-01T16:01:30Z,27.93,0.21,16.64,0.21,16.64,0.03818181818181818,61.952
2025-10-01T16:30:00Z,116686,13.4,2025-10-01T16:21:35Z,28.11,0.211,16.71,0.211,16.71,0.038363636363636364,62.078
2025-10-01T16:45:00Z,116687,13.53,2025-10-01T16:31:00Z,28.2,0.212,16.73,0.212,16.73,0.03854545454545454,62.114
2025-10-01T17:00:00Z,116688,13.53,2025-10-01T16:49:15Z,28.03,0.211,16.69,0.211,16.69,0.038363636363636364,62.042
2025-10-01T17:15:00Z,116689,13.56,2025-10-01T17:00:35Z,27.48,0.211,16.66,0.211,16.66,0.038363636363636364,61.988
2025-10-01T17:30:00Z,116690,13.58,2025-10-01T17:15:25Z,26.56,0.21,16.61,0.21,16.61,0.03818181818181818,61.898
2025-10-01T17:45:00Z,116691,13.61,2025-10-01T17:35:35Z,25.2,0.209,16.59,0.209,16.59,0.038,61.862
2025-10-01T18:00:00Z,116692,13.64,2025-10-01T17:46:50Z,23.86,0.209,16.58,0.209,16.58,0.038,61.843999999999994
2025-10-01T18:15:00Z,116693,13.67,2025-10-01T18:00:20Z,22.72,0.208,16.56,0.208,16.56,0.03781818181818182,61.808
2025-10-01T18:30:00Z,116694,13.57,2025-10-01T18:30:00Z,21.86,0.208,16.55,0.208,16.55,0.03781818181818182,61.790000000000006
2025-10-01T18:45:00Z,116695,13.39,2025-10-01T18:44:05Z,21.16,0.207,16.51,0.207,16.51,0.037636363636363634,61.718
2025-10-01T19:00:00Z,116696,13.29,2025-10-01T18:58:25Z,20.39,0.207,16.43,0.207,16.43,0.037636363636363634,61.574
2025-10-01T19:15:00Z,116697,13.2,2025-10-01T19:11:55Z,19.53,0.206,16.33,0.206,16.33,0.037454545454545456,61.39399999999999
2025-10-01T19:30:00Z,116698,13.11,2025-10-01T19:28:20Z,18.63,0.205,16.24,0.205,16.24,0.03727272727272727,61.232
2025-10-01T19:45:00Z,116699,13.06,2025-10-01T19:44:30Z,17.76,0.204,16.14,0.204,16.14,0.03709090909090909,61.052
2025-10-01T20:00:00Z,116700,13.01,2025-10-01T19:59:30Z,16.97,0.203,16.03,0.203,16.03,0.03690909090909091,60.854
2025-10-01T20:15:00Z,116701,12.95,2025-10-01T20:12:00Z,16.22,0.202,15.92,0.202,15.92,0.036727272727272726,60.656
2025-10-01T20:30:00Z,116702,12.93,2025-10-01T20:26:30Z,15.51,0.201,15.81,0.201,15.81,0.03654545454545455,60.458
2025-10-01T20:45:00Z,116703,12.89,2025-10-01T20:42:55Z,14.84,0.2,15.69,0.2,15.69,0.03636363636363637,60.242000000000004
2025-10-01T21:00:00Z,116704,12.89,2025-10-01T20:45:40Z,14.22,0.2,15.57,0.2,15.57,0.03636363636363637,60.025999999999996
2025-10-01T21:15:00Z,116705,12.88,2025-10-01T21:04:25Z,13.65,0.199,15.44,0.199,15.44,0.03618181818181818,59.792
2025-10-01T21:30:00Z,116706,12.88,2025-10-01T21:17:55Z,13.16,0.198,15.31,0.198,15.31,0.036000000000000004,59.558
2025-10-01T21:45:00Z,116707,12.83,2025-10-01T21:44:55Z,12.74,0.197,15.19,0.197,15.19,0.03581818181818182,59.342
2025-10-01T22:00:00Z,116708,12.86,2025-10-01T21:50:00Z,12.36,0.196,15.08,0.196,15.08,0.03563636363636364,59.144
2025-10-01T22:15:00Z,116709,12.86,2025-10-01T22:09:35Z,12.02,0.195,14.96,0.195,14.96,0.035454545454545454,58.928000000000004
2025-10-01T22:30:00Z,116710,12.84,2025-10-01T22:29:40Z,11.68,0.195,14.84,0.195,14.84,0.035454545454545454,58.712
2025-10-01T22:45:00Z,116711,12.85,2025-10-01T22:36:45Z,11.32,0.194,14.71,0.194,14.71,0.035272727272727275,58.478
2025-10-01T23:00:00Z,116712,12.85,2025-10-01T22:58:10Z,10.97,0.193,14.58,0.193,14.58,0.035090909090909096,58.244
2025-10-01T23:15:00Z,116713,12.84,2025-10-01T23:12:50Z,10.66,0.193,14.47,0.193,14.47,0.035090909090909096,58.04600000000001
2025-10-01T23:30:00Z,116714,12.83,2025-10-01T23:23:45Z,10.4,0.192,14.36,0.192,14.36,0.03490909090909091,57.848
2025-10-01T23:45:00Z,116715,12.81,2025-10-01T23:42:30Z,10.2,0.191,14.26,0.191,14.26,0.034727272727272725,57.668
2025-10-02T00:15:00Z,116717,12.81,2025-10-02T00:00:25Z,9.94,0.191,14.1,0.191,14.1,0.034727272727272725,57.379999999999995
2025-10-02T00:30:00Z,116718,12.8,2025-10-02T00:27:15Z,9.84,0.19,14.03,0.19,14.03,0.034545454545454546,57.254
2025-10-02T00:45:00Z,116719,12.68,2025-10-02T00:41:35Z,9.75,0.19,13.95,0.19,13.95,0.034545454545454546,57.11
2025-10-02T01:00:00Z,116720,12.8,2025-10-02T00:55:00Z,9.69,0.19,13.89,0.19,13.89,0.034545454545454546,57.002
2025-10-02T01:15:00Z,116721,12.8,2025-10-02T01:02:10Z,9.65,0.19,13.82,0.19,13.82,0.034545454545454546,56.876
2025-10-02T01:30:00Z,116722,12.79,2025-10-02T01:18:10Z,9.55,0.189,13.75,0.189,13.75,0.03436363636363637,56.75
2025-10-02T01:45:00Z,116723,12.78,2025-10-02T01:42:10Z,9.46,0.189,13.69,0.189,13.69,0.03436363636363637,56.641999999999996
2025-10-02T02:00:00Z,116724,12.78,2025-10-02T01:50:30Z,9.39,0.189,13.62,0.189,13.62,0.03436363636363637,56.516
2025-10-02T02:15:00Z,116725,12.78,2025-10-02T02:11:30Z,9.33,0.188,13.55,0.188,13.55,0.03418181818181818,56.39
2025-10-02T02:30:00Z,116726,12.78,2025-10-02T02:18:00Z,9.31,0.187,13.5,0.187,13.5,0.034,56.3
2025-10-02T02:45:00Z,116727,12.78,2025-10-02T02:40:40Z,9.27,0.187,13.45,0.187,13.45,0.034,56.21
2025-10-02T03:00:00Z,116728,12.78,2025-10-02T02:46:10Z,9.19,0.186,13.37,0.186,13.37,0.03381818181818182,56.066
2025-10-02T03:15:00Z,116729,12.76,2025-10-02T03:13:05Z,9.11,0.186,13.31,0.186,13.31,0.03381818181818182,55.958
2025-10-02T03:30:00Z,116730,12.77,2025-10-02T03:21:30Z,9.05,0.186,13.25,0.186,13.25,0.03381818181818182,55.85
2025-10-02T03:45:00Z,116731,12.75,2025-10-02T03:43:20Z,9.01,0.185,13.19,0.185,13.19,0.03363636363636364,55.742
2025-10-02T04:00:00Z,116732,12.76,2025-10-02T03:55:40Z,8.98,0.185,13.14,0.185,13.14,0.03363636363636364,55.652
2025-10-02T04:15:00Z,116733,12.76,2025-10-02T04:10:25Z,8.99,0.185,13.09,0.185,13.09,0.03363636363636364,55.562
2025-10-02T04:30:00Z,116734,12.76,2025-10-02T04:22:20Z,8.96,0.185,13.03,0.185,13.03,0.03363636363636364,55.454
2025-10-02T04:45:00Z,116735,12.74,2025-10-02T04:35:35Z,8.88,0.186,12.97,0.186,12.97,0.03381818181818182,55.346000000000004
2025-10-02T05:00:00Z,116736,12.72,2025-10-02T04:46:30Z,8.75,0.186,12.9,0.186,12.9,0.03381818181818182,55.22
2025-10-02T05:15:00Z,116737,12.63,2025-10-02T05:03:00Z,8.62,0.185,12.83,0.185,12.83,0.03363636363636364,55.094
2025-10-02T05:30:00Z,116738,12.7,2025-10-02T05:28:50Z,8.5,0.185,12.77,0.185,12.77,0.03363636363636364,54.986
2025-10-02T05:45:00Z,116739,12.61,2025-10-02T05:30:30Z,8.44,0.184,12.72,0.184,12.72,0.03345454545454545,54.896
2025-10-02T06:00:00Z,116740,12.7,2025-10-02T05:58:10Z,8.39,0.184,12.67,0.184,12.67,0.03345454545454545,54.806
2025-10-02T06:15:00Z,116741,12.72,2025-10-02T06:11:15Z,8.32,0.184,12.62,0.184,12.62,0.03345454545454545,54.716
2025-10-02T06:30:00Z,116742,12.69,2025-10-02T06:25:40Z,8.25,0.183,12.57,0.183,12.57,0.03327272727272727,54.626
2025-10-02T06:45:00Z,116743,12.67,2025-10-02T06:43:00Z,8.15,0.183,12.51,0.183,12.51,0.03327272727272727,54.518
2025-10-02T07:00:00Z,116744,12.68,2025-10-02T06:53:05Z,8.03,0.182,12.44,0.182,12.44,0.033090909090909094,54.391999999999996
2025-10-02T07:15:00Z,116745,12.67,2025-10-02T07:01:30Z,7.972,0.182,12.38,0.182,12.38,0.033090909090909094,54.284
2025-10-02T07:30:00Z,116746,12.68,2025-10-02T07:21:40Z,7.966,0.181,12.33,0.181,12.33,0.03290909090909091,54.194
2025-10-02T07:45:00Z,116747,12.66,2025-10-02T07:38:50Z,7.922,0.181,12.28,0.181,12.28,0.03290909090909091,54.104
2025-10-02T08:00:00Z,116748,12.68,2025-10-02T07:51:25Z,7.887,0.181,12.24,0.181,12.24,0.03290909090909091,54.032
2025-10-02T08:15:00Z,116749,12.68,2025-10-02T08:02:00Z,7.885,0.18,12.2,0.18,12.2,0.03272727272727272,53.96
2025-10-02T08:30:00Z,116750,12.68,2025-10-02T08:15:40Z,7.946,0.18,12.19,0.18,12.19,0.03272727272727272,53.942
2025-10-02T08:45:00Z,116751,12.7,2025-10-02T08:31:05Z,8.07,0.18,12.2,0.18,12.2,0.03272727272727272,53.96
2025-10-02T09:00:00Z,116752,12.72,2025-10-02T08:56:25Z,8.35,0.18,12.24,0.18,12.24,0.03272727272727272,54.032
2025-10-02T09:15:00Z,116753,12.77,2025-10-02T09:02:05Z,8.95,0.18,12.31,0.18,12.31,0.03272727272727272,54.158
2025-10-02T09:30:00Z,116754,12.8,2025-10-02T09:15:45Z,9.77,0.181,12.42,0.181,12.42,0.03290909090909091,54.356
2025-10-02T09:45:00Z,116755,12.84,2025-10-02T09:32:25Z,10.49,0.181,12.52,0.181,12.52,0.03290909090909091,54.536
2025-10-02T10:00:00Z,116756,12.84,2025-10-02T09:45:45Z,11.16,0.181,12.64,0.181,12.64,0.03290909090909091,54.752
2025-10-02T10:15:00Z,116757,12.87,2025-10-02T10:05:50Z,11.75,0.182,12.76,0.182,12.76,0.033090909090909094,54.968
2025-10-02T10:30:00Z,116758,12.88,2025-10-02T10:26:15Z,12.27,0.182,12.87,0.182,12.87,0.033090909090909094,55.166
2025-10-02T10:45:00Z,116759,12.88,2025-10-02T10:33:05Z,12.68,0.182,12.95,0.182,12.95,0.033090909090909094,55.31
2025-10-02T11:00:00Z,116760,12.87,2025-10-02T10:48:00Z,12.99,0.183,13.02,0.183,13.02,0.03327272727272727,55.436
2025-10-02T11:15:00Z,116761,12.92,2025-10-02T11:00:35Z,13.21,0.183,13.1,0.183,13.1,0.03327272727272727,55.58
2025-10-02T11:30:00Z,116762,12.96,2025-10-02T11:26:05Z,13.56,0.183,13.18,0.183,13.18,0.03327272727272727,55.724000000000004
2025-10-02T11:45:00Z,116763,12.98,2025-10-02T11:30:10Z,14.19,0.184,13.27,0.184,13.27,0.03345454545454545,55.885999999999996
2025-10-02T12:00:00Z,116764,13.02,2025-10-02T11:46:40Z,15.05,0.184,13.37,0.184,13.37,0.03345454545454545,56.066
2025-10-02T12:15:00Z,116765,13.04,2025-10-02T12:00:55Z,16.18,0.184,13.45,0.184,13.45,0.03345454545454545,56.21
2025-10-02T12:30:00Z,116766,13.06,2025-10-02T12:24:05Z,17.08,0.185,13.51,0.185,13.51,0.03363636363636364,56.318
2025-10-02T12:45:00Z,116767,13.1,2025-10-02T12:39:05Z,17.83,0.185,13.56,0.185,13.56,0.03363636363636364,56.408
2025-10-02T13:00:00Z,116768,13.14,2025-10-02T12:45:05Z,18.39,0.185,13.62,0.185,13.62,0.03363636363636364,56.516
2025-10-02T13:15:00Z,116769,13.18,2025-10-02T13:02:10Z,18.9,0.185,13.69,0.185,13.69,0.03363636363636364,56.641999999999996
2025-10-02T13:30:00Z,116770,13.26,2025-10-02T13:15:05Z,19.71,0.185,13.76,0.185,13.76,0.03363636363636364,56.768
2025-10-02T13:45:00Z,116771,14.02,2025-10-02T13:43:35Z,22.58,0.186,13.84,0.186,13.84,0.03381818181818182,56.912
2025-10-02T14:00:00Z,116772,13.98,2025-10-02T13:59:55Z,25.82,0.186,13.94,0.186,13.94,0.03381818181818182,57.092
2025-10-02T14:15:00Z,116773,13.94,2025-10-02T14:13:35Z,27.96,0.186,14.06,0.186,14.06,0.03381818181818182,57.308
2025-10-02T14:30:00Z,116774,13.91,2025-10-02T14:29:05Z,29.25,0.186,14.17,0.186,14.17,0.03381818181818182,57.506
2025-10-02T14:45:00Z,116775,13.91,2025-10-02T14:31:15Z,30.23,0.186,14.33,0.186,14.33,0.03381818181818182,57.794
2025-10-02T15:00:00Z,116776,13.89,2025-10-02T14:57:00Z,30.52,0.187,14.56,0.187,14.56,0.034,58.208
2025-10-02T15:15:00Z,116777,13.74,2025-10-02T15:15:00Z,30.66,0.188,14.79,0.188,14.79,0.03418181818181818,58.622
2025-10-02T15:30:00Z,116778,13.5,2025-10-02T15:23:30Z,30.6,0.188,14.93,0.188,14.93,0.03418181818181818,58.874
2025-10-02T15:45:00Z,116779,13.5,2025-10-02T15:32:50Z,30.45,0.188,15.01,0.188,15.01,0.03418181818181818,59.018
2025-10-02T16:00:00Z,116780,13.47,2025-10-02T15:51:00Z,30.25,0.188,15.14,0.188,15.14,0.03418181818181818,59.251999999999995
2025-10-02T16:15:00Z,116781,13.5,2025-10-02T16:02:55Z,29.84,0.189,15.32,0.189,15.32,0.03436363636363637,59.576
2025-10-02T16:30:00Z,116782,13.51,2025-10-02T16:19:15Z,29.09,0.189,15.47,0.189,15.47,0.03436363636363637,59.846000000000004
2025-10-02T16:45:00Z,116783,13.48,2025-10-02T16:32:00Z,28.87,0.19,15.59,0.19,15.59,0.034545454545454546,60.062
2025-10-02T17:00:00Z,116784,13.52,2025-10-02T16:58:20Z,28.72,0.19,15.66,0.19,15.66,0.034545454545454546,60.188
2025-10-02T17:15:00Z,116785,13.52,2025-10-02T17:07:05Z,28.6,0.19,15.71,0.19,15.71,0.034545454545454546,60.278000000000006
2025-10-02T17:30:00Z,116786,13.55,2025-10-02T17:25:40Z,28.29,0.19,15.72,0.19,15.72,0.034545454545454546,60.29600000000001
2025-10-02T17:45:00Z,116787,13.54,2025-10-02T17:34:55Z,27.83,0.19,15.73,0.19,15.73,0.034545454545454546,60.314
2025-10-02T18:00:00Z,116788,13.58,2025-10-02T17:48:55Z,27.37,0.19,15.75,0.19,15.75,0.034545454545454546,60.35
2025-10-02T18:15:00Z,116789,13.55,2025-10-02T18:14:35Z,26.38,0.19,15.75,0.19,15.75,0.034545454545454546,60.35
2025-10-02T18:30:00Z,116790,13.42,2025-10-02T18:28:15Z,24.79,0.19,15.73,0.19,15.73,0.034545454545454546,60.314
2025-10-02T18:45:00Z,116791,13.31,2025-10-02T18:44:55Z,23.16,0.19,15.67,0.19,15.67,0.034545454545454546,60.206
2025-10-02T19:00:00Z,116792,13.23,2025-10-02T18:58:45Z,21.63,0.189,15.58,0.189,15.58,0.03436363636363637,60.044
2025-10-02T19:15:00Z,116793,13.15,2025-10-02T19:14:05Z,20.2,0.188,15.47,0.188,15.47,0.03418181818181818,59.846000000000004
2025-10-02T19:30:00Z,116794,13.07,2025-10-02T19:27:30Z,18.92,0.188,15.35,0.188,15.35,0.03418181818181818,59.63
2025-10-02T19:45:00Z,116795,13.01,2025-10-02T19:43:15Z,17.74,0.187,15.23,0.187,15.23,0.034,59.414
2025-10-02T20:00:00Z,116796,12.99,2025-10-02T19:51:35Z,16.7,0.186,15.11,0.186,15.11,0.03381818181818182,59.198
2025-10-02T20:15:00Z,116797,12.94,2025-10-02T20:10:50Z,15.81,0.185,15,0.185,15,0.03363636363636364,59
2025-10-02T20:30:00Z,116798,12.93,2025-10-02T20:26:50Z,15.03,0.184,14.9,0.184,14.9,0.03345454545454545,58.82
2025-10-02T20:45:00Z,116799,12.91,2025-10-02T20:38:15Z,14.39,0.184,14.8,0.184,14.8,0.03345454545454545,58.64
2025-10-02T21:00:00Z,116800,12.9,2025-10-02T20:46:15Z,13.86,0.183,14.71,0.183,14.71,0.03327272727272727,58.478
2025-10-02T21:15:00Z,116801,12.88,2025-10-02T21:05:50Z,13.42,0.182,14.62,0.182,14.62,0.033090909090909094,58.315999999999995
2025-10-02T21:30:00Z,116802,12.88,2025-10-02T21:26:25Z,13.02,0.181,14.54,0.181,14.54,0.03290909090909091,58.172
2025-10-02T21:45:00Z,116803,12.77,2025-10-02T21:41:35Z,12.68,0.181,14.45,0.181,14.45,0.03290909090909091,58.01
2025-10-02T22:00:00Z,116804,12.86,2025-10-02T22:00:00Z,12.42,0.18,14.38,0.18,14.38,0.03272727272727272,57.884
2025-10-02T22:15:00Z,116805,12.86,2025-10-02T22:13:20Z,12.21,0.18,14.31,0.18,14.31,0.03272727272727272,57.757999999999996
2025-10-02T22:30:00Z,116806,12.84,2025-10-02T22:21:20Z,12.05,0.179,14.23,0.179,14.23,0.032545454545454544,57.614
2025-10-02T22:45:00Z,116807,12.83,2025-10-02T22:41:10Z,11.88,0.179,14.16,0.179,14.16,0.032545454545454544,57.488
2025-10-02T23:00:00Z,116808,12.74,2025-10-02T22:50:40Z,11.69,0.178,14.07,0.178,14.07,0.032363636363636365,57.326
2025-10-02T23:15:00Z,116809,12.83,2025-10-02T23:12:00Z,11.47,0.178,13.99,0.178,13.99,0.032363636363636365,57.182
2025-10-02T23:30:00Z,116810,12.81,2025-10-02T23:23:25Z,11.21,0.177,13.9,0.177,13.9,0.03218181818181818,57.02
2025-10-02T23:45:00Z,116811,12.81,2025-10-02T23:43:20Z,10.98,0.177,13.81,0.177,13.81,0.03218181818181818,56.858000000000004
2025-10-03T00:15:00Z,116813,12.81,2025-10-03T00:05:20Z,10.59,0.176,13.66,0.176,13.66,0.032,56.588
2025-10-03T00:30:00Z,116814,12.8,2025-10-03T00:15:05Z,10.42,0.176,13.59,0.176,13.59,0.032,56.462
2025-10-03T00:45:00Z,116815,12.8,2025-10-03T00:32:00Z,10.26,0.176,13.51,0.176,13.51,0.032,56.318
2025-10-03T01:00:00Z,116816,12.81,2025-10-03T00:57:15Z,10.1,0.175,13.44,0.175,13.44,0.031818181818181815,56.192
2025-10-03T01:15:00Z,116817,12.8,2025-10-03T01:08:50Z,9.98,0.175,13.38,0.175,13.38,0.031818181818181815,56.084
2025-10-03T01:30:00Z,116818,12.78,2025-10-03T01:21:45Z,9.88,0.175,13.31,0.175,13.31,0.031818181818181815,55.958
2025-10-03T01:45:00Z,116819,12.76,2025-10-03T01:38:20Z,9.79,0.174,13.25,0.174,13.25,0.031636363636363636,55.85
2025-10-03T02:00:00Z,116820,12.77,2025-10-03T01:50:45Z,9.71,0.174,13.19,0.174,13.19,0.031636363636363636,55.742
2025-10-03T02:15:00Z,116821,12.78,2025-10-03T02:03:35Z,9.63,0.174,13.13,0.174,13.13,0.031636363636363636,55.634
2025-10-03T02:30:00Z,116822,12.76,2025-10-03T02:21:35Z,9.56,0.174,13.08,0.174,13.08,0.031636363636363636,55.544
2025-10-03T02:45:00Z,116823,12.76,2025-10-03T02:31:05Z,9.48,0.174,13.03,0.174,13.03,0.031636363636363636,55.454
2025-10-03T03:00:00Z,116824,12.76,2025-10-03T02:45:45Z,9.41,0.174,12.97,0.174,12.97,0.031636363636363636,55.346000000000004
2025-10-03T03:15:00Z,116825,12.74,2025-10-03T03:13:15Z,9.35,0.174,12.91,0.174,12.91,0.031636363636363636,55.238
2025-10-03T03:30:00Z,116826,12.76,2025-10-03T03:20:00Z,9.3,0.173,12.86,0.173,12.86,0.03145454545454545,55.147999999999996
2025-10-03T03:45:00Z,116827,12.73,2025-10-03T03:40:55Z,9.24,0.173,12.81,0.173,12.81,0.03145454545454545,55.058
2025-10-03T04:00:00Z,116828,12.72,2025-10-03T03:51:55Z,9.2,0.173,12.77,0.173,12.77,0.03145454545454545,54.986
2025-10-03T04:15:00Z,116829,12.73,2025-10-03T04:08:00Z,9.15,0.173,12.72,0.173,12.72,0.03145454545454545,54.896
2025-10-03T04:30:00Z,116830,12.73,2025-10-03T04:20:25Z,9.12,0.173,12.68,0.173,12.68,0.03145454545454545,54.824
2025-10-03T04:45:00Z,116831,12.61,2025-10-03T04:35:55Z,9.09,0.173,12.64,0.173,12.64,0.03145454545454545,54.752
2025-10-03T05:00:00Z,116832,12.72,2025-10-03T04:48:55Z,9.08,0.173,12.61,0.173,12.61,0.03145454545454545,54.698
2025-10-03T05:15:00Z,116833,12.71,2025-10-03T05:01:40Z,9.06,0.173,12.58,0.173,12.58,0.03145454545454545,54.644
2025-10-03T05:30:00Z,116834,12.69,2025-10-03T05:21:00Z,9.05,0.172,12.54,0.172,12.54,0.03127272727272727,54.571999999999996
2025-10-03T05:45:00Z,116835,12.7,2025-10-03T05:31:15Z,9.03,0.172,12.51,0.172,12.51,0.03127272727272727,54.518
2025-10-03T06:00:00Z,116836,12.67,2025-10-03T05:58:20Z,9.03,0.173,12.49,0.173,12.49,0.03145454545454545,54.482
2025-10-03T06:15:00Z,116837,12.68,2025-10-03T06:14:15Z,9.02,0.173,12.46,0.173,12.46,0.03145454545454545,54.428000000000004
2025-10-03T06:30:00Z,116838,12.64,2025-10-03T06:25:55Z,9.05,0.173,12.44,0.173,12.44,0.03145454545454545,54.391999999999996
2025-10-03T06:45:00Z,116839,12.67,2025-10-03T06:43:15Z,9.08,0.173,12.42,0.173,12.42,0.03145454545454545,54.356
2025-10-03T07:00:00Z,116840,12.62,2025-10-03T06:56:30Z,9.11,0.173,12.41,0.173,12.41,0.03145454545454545,54.338
2025-10-03T07:15:00Z,116841,12.64,2025-10-03T07:00:20Z,9.13,0.173,12.39,0.173,12.39,0.03145454545454545,54.302
2025-10-03T07:30:00Z,116842,12.64,2025-10-03T07:26:15Z,9.17,0.173,12.38,0.173,12.38,0.03145454545454545,54.284
2025-10-03T07:45:00Z,116843,12.62,2025-10-03T07:30:40Z,9.21,0.173,12.37,0.173,12.37,0.03145454545454545,54.266
2025-10-03T08:00:00Z,116844,12.63,2025-10-03T07:47:35Z,9.26,0.173,12.37,0.173,12.37,0.03145454545454545,54.266
2025-10-03T08:15:00Z,116845,12.66,2025-10-03T08:00:30Z,9.36,0.173,12.38,0.173,12.38,0.03145454545454545,54.284
2025-10-03T08:30:00Z,116846,12.66,2025-10-03T08:19:35Z,9.51,0.173,12.41,0.173,12.41,0.03145454545454545,54.338
2025-10-03T08:45:00Z,116847,12.67,2025-10-03T08:38:15Z,9.74,0.174,12.45,0.174,12.45,0.031636363636363636,54.41
2025-10-03T09:00:00Z,116848,12.69,2025-10-03T08:48:55Z,10.04,0.174,12.51,0.174,12.51,0.031636363636363636,54.518
2025-10-03T09:15:00Z,116849,12.69,2025-10-03T09:01:15Z,10.43,0.174,12.58,0.174,12.58,0.031636363636363636,54.644
2025-10-03T09:30:00Z,116850,12.71,2025-10-03T09:15:35Z,10.99,0.175,12.67,0.175,12.67,0.031818181818181815,54.806
2025-10-03T09:45:00Z,116851,12.76,2025-10-03T09:34:15Z,11.64,0.175,12.77,0.175,12.77,0.031818181818181815,54.986
2025-10-03T10:00:00Z,116852,12.77,2025-10-03T09:46:45Z,12.4,0.175,12.89,0.175,12.89,0.031818181818181815,55.202
2025-10-03T10:15:00Z,116853,12.75,2025-10-03T10:05:45Z,13.21,0.176,13.02,0.176,13.02,0.032,55.436
2025-10-03T10:30:00Z,116854,12.81,2025-10-03T10:23:25Z,14.02,0.176,13.14,0.176,13.14,0.032,55.652
2025-10-03T10:45:00Z,116855,12.81,2025-10-03T10:33:20Z,14.74,0.177,13.29,0.177,13.29,0.03218181818181818,55.922
2025-10-03T11:00:00Z,116856,12.86,2025-10-03T10:45:40Z,15.44,0.178,13.46,0.178,13.46,0.032363636363636365,56.228
2025-10-03T11:15:00Z,116857,12.88,2025-10-03T11:10:10Z,16.41,0.179,13.62,0.179,13.62,0.032545454545454544,56.516
2025-10-03T11:30:00Z,116858,12.93,2025-10-03T11:15:05Z,17.8,0.18,13.78,0.18,13.78,0.03272727272727272,56.804
2025-10-03T11:45:00Z,116859,12.94,2025-10-03T11:36:00Z,19.28,0.181,13.93,0.181,13.93,0.03290909090909091,57.074
2025-10-03T12:00:00Z,116860,13,2025-10-03T11:45:05Z,20.54,0.182,14.09,0.182,14.09,0.033090909090909094,57.362
2025-10-03T12:15:00Z,116861,13.02,2025-10-03T12:03:35Z,21.7,0.183,14.24,0.183,14.24,0.03327272727272727,57.632
2025-10-03T12:30:00Z,116862,13.1,2025-10-03T12:15:55Z,22.63,0.184,14.37,0.184,14.37,0.03345454545454545,57.866
2025-10-03T12:45:00Z,116863,13.15,2025-10-03T12:32:55Z,23.5,0.185,14.51,0.185,14.51,0.03363636363636364,58.118
2025-10-03T13:00:00Z,116864,13.14,2025-10-03T12:46:45Z,24.19,0.185,14.63,0.185,14.63,0.03363636363636364,58.334
2025-10-03T13:15:00Z,116865,13.25,2025-10-03T13:00:45Z,24.74,0.186,14.75,0.186,14.75,0.03381818181818182,58.55
2025-10-03T13:30:00Z,116866,13.32,2025-10-03T13:21:05Z,25.48,0.186,14.88,0.186,14.88,0.03381818181818182,58.784000000000006
2025-10-03T13:45:00Z,116867,13.84,2025-10-03T13:31:30Z,27.88,0.187,15.06,0.187,15.06,0.034,59.108
2025-10-03T14:00:00Z,116868,13.7,2025-10-03T13:59:45Z,30.8,0.187,15.25,0.187,15.25,0.034,59.45
2025-10-03T14:15:00Z,116869,13.66,2025-10-03T14:09:40Z,31.97,0.188,15.42,0.188,15.42,0.03418181818181818,59.756
2025-10-03T14:30:00Z,116870,13.7,2025-10-03T14:15:15Z,31.63,0.188,15.52,0.188,15.52,0.03418181818181818,59.936
2025-10-03T14:45:00Z,116871,13.79,2025-10-03T14:43:45Z,32.7,0.188,15.69,0.188,15.69,0.03418181818181818,60.242000000000004
2025-10-03T15:00:00Z,116872,13.76,2025-10-03T14:54:15Z,34.01,0.19,15.91,0.19,15.91,0.034545454545454546,60.638
2025-10-03T15:15:00Z,116873,13.75,2025-10-03T15:08:25Z,34.71,0.191,16.1,0.191,16.1,0.034727272727272725,60.980000000000004
2025-10-03T15:30:00Z,116874,13.43,2025-10-03T15:29:45Z,35.09,0.192,16.31,0.192,16.31,0.03490909090909091,61.358
2025-10-03T15:45:00Z,116875,13.36,2025-10-03T15:41:20Z,34.82,0.195,16.51,0.195,16.51,0.035454545454545454,61.718
2025-10-03T16:00:00Z,116876,13.38,2025-10-03T15:47:55Z,33.53,0.194,16.59,0.194,16.59,0.035272727272727275,61.862
2025-10-03T16:15:00Z,116877,13.29,2025-10-03T16:01:45Z,33.05,0.196,16.7,0.196,16.7,0.03563636363636364,62.059999999999995
2025-10-03T16:30:00Z,116878,13.39,2025-10-03T16:27:35Z,32.89,0.197,16.83,0.197,16.83,0.03581818181818182,62.294
2025-10-03T16:45:00Z,116879,13.35,2025-10-03T16:40:50Z,33.3,0.199,16.98,0.199,16.98,0.03618181818181818,62.564
2025-10-03T17:00:00Z,116880,13.36,2025-10-03T16:58:25Z,33.5,0.201,17.04,0.201,17.04,0.03654545454545455,62.672
2025-10-03T17:15:00Z,116881,13.38,2025-10-03T17:03:50Z,33.41,0.201,17.12,0.201,17.12,0.03654545454545455,62.816
2025-10-03T17:30:00Z,116882,13.39,2025-10-03T17:15:15Z,33.14,0.201,17.13,0.201,17.13,0.03654545454545455,62.833999999999996
2025-10-03T17:45:00Z,116883,13.41,2025-10-03T17:30:20Z,32.62,0.202,17.12,0.202,17.12,0.036727272727272726,62.816
2025-10-03T18:00:00Z,116884,13.44,2025-10-03T17:47:50Z,31.89,0.202,17.09,0.202,17.09,0.036727272727272726,62.762
2025-10-03T18:15:00Z,116885,13.4,2025-10-03T18:14:25Z,30.61,0.202,17.08,0.202,17.08,0.036727272727272726,62.74399999999999
2025-10-03T18:30:00Z,116886,13.3,2025-10-03T18:29:05Z,28.97,0.201,17.06,0.201,17.06,0.03654545454545455,62.708
2025-10-03T18:45:00Z,116887,13.23,2025-10-03T18:40:00Z,27.37,0.2,17.02,0.2,17.02,0.03636363636363637,62.636
2025-10-03T19:00:00Z,116888,13.15,2025-10-03T18:56:55Z,25.91,0.2,16.96,0.2,16.96,0.03636363636363637,62.528000000000006
2025-10-03T19:15:00Z,116889,13.08,2025-10-03T19:09:50Z,24.58,0.199,16.88,0.199,16.88,0.03618181818181818,62.384
2025-10-03T19:30:00Z,116890,12.84,2025-10-03T19:28:45Z,23.35,0.198,16.77,0.198,16.77,0.036000000000000004,62.186
2025-10-03T19:45:00Z,116891,12.96,2025-10-03T19:44:55Z,22.26,0.197,16.67,0.197,16.67,0.03581818181818182,62.00600000000001
2025-10-03T20:00:00Z,116892,12.93,2025-10-03T19:55:30Z,21.32,0.195,16.57,0.195,16.57,0.035454545454545454,61.826
2025-10-03T20:15:00Z,116893,12.92,2025-10-03T20:01:50Z,20.48,0.194,16.48,0.194,16.48,0.035272727272727275,61.664
2025-10-03T20:30:00Z,116894,12.92,2025-10-03T20:25:35Z,19.77,0.193,16.39,0.193,16.39,0.035090909090909096,61.501999999999995
2025-10-03T20:45:00Z,116895,12.9,2025-10-03T20:40:55Z,19.15,0.192,16.32,0.192,16.32,0.03490909090909091,61.376
2025-10-03T21:00:00Z,116896,12.87,2025-10-03T20:55:10Z,18.64,0.191,16.26,0.191,16.26,0.034727272727272725,61.268
2025-10-03T21:15:00Z,116897,12.87,2025-10-03T21:07:30Z,18.22,0.19,16.19,0.19,16.19,0.034545454545454546,61.142
2025-10-03T21:30:00Z,116898,12.85,2025-10-03T21:29:50Z,17.85,0.19,16.14,0.19,16.14,0.034545454545454546,61.052
2025-10-03T21:45:00Z,116899,12.84,2025-10-03T21:33:10Z,17.56,0.189,16.09,0.189,16.09,0.03436363636363637,60.962
2025-10-03T22:00:00Z,116900,12.84,2025-10-03T21:58:15Z,17.31,0.189,16.06,0.189,16.06,0.03436363636363637,60.908
2025-10-03T22:15:00Z,116901,12.83,2025-10-03T22:01:00Z,17.1,0.189,16.03,0.189,16.03,0.03436363636363637,60.854
2025-10-03T22:30:00Z,116902,12.83,2025-10-03T22:23:10Z,16.96,0.189,16,0.189,16,0.03436363636363637,60.8
2025-10-03T22:45:00Z,116903,12.83,2025-10-03T22:38:10Z,16.81,0.189,15.96,0.189,15.96,0.03436363636363637,60.728
2025-10-03T23:00:00Z,116904,12.77,2025-10-03T22:56:00Z,16.61,0.188,15.91,0.188,15.91,0.03418181818181818,60.638
2025-10-03T23:15:00Z,116905,12.8,2025-10-03T23:08:30Z,16.41,0.188,15.85,0.188,15.85,0.03418181818181818,60.53
2025-10-03T23:30:00Z,116906,12.81,2025-10-03T23:21:20Z,16.21,0.187,15.8,0.187,15.8,0.034,60.440000000000005
2025-10-03T23:45:00Z,116907,12.81,2025-10-03T23:43:10Z,16.02,0.187,15.74,0.187,15.74,0.034,60.332
2025-10-04T00:15:00Z,116909,12.79,2025-10-04T00:09:50Z,15.72,0.187,15.64,0.187,15.64,0.034,60.152
2025-10-04T00:30:00Z,116910,12.79,2025-10-04T00:24:55Z,15.56,0.187,15.59,0.187,15.59,0.034,60.062
2025-10-04T00:45:00Z,116911,12.74,2025-10-04T00:38:05Z,15.41,0.187,15.53,0.187,15.53,0.034,59.95399999999999
2025-10-04T01:00:00Z,116912,12.78,2025-10-04T00:59:30Z,15.24,0.187,15.49,0.187,15.49,0.034,59.882
2025-10-04T01:15:00Z,116913,12.68,2025-10-04T01:11:45Z,15.08,0.186,15.45,0.186,15.45,0.03381818181818182,59.809999999999995
2025-10-04T01:30:00Z,116914,12.77,2025-10-04T01:19:05Z,15.02,0.186,15.44,0.186,15.44,0.03381818181818182,59.792
2025-10-04T01:45:00Z,116915,12.77,2025-10-04T01:34:15Z,15.02,0.186,15.43,0.186,15.43,0.03381818181818182,59.774
2025-10-04T02:00:00Z,116916,12.77,2025-10-04T01:50:40Z,14.95,0.186,15.39,0.186,15.39,0.03381818181818182,59.702
2025-10-04T02:15:00Z,116917,12.79,2025-10-04T02:00:15Z,14.82,0.186,15.33,0.186,15.33,0.03381818181818182,59.594
2025-10-04T02:30:00Z,116918,12.77,2025-10-04T02:23:10Z,14.68,0.185,15.29,0.185,15.29,0.03363636363636364,59.522
2025-10-04T02:45:00Z,116919,12.77,2025-10-04T02:31:10Z,14.52,0.185,15.25,0.185,15.25,0.03363636363636364,59.45
2025-10-04T03:00:00Z,116920,12.75,2025-10-04T02:52:00Z,14.41,0.185,15.23,0.185,15.23,0.03363636363636364,59.414
2025-10-04T03:15:00Z,116921,12.76,2025-10-04T03:05:50Z,14.36,0.185,15.22,0.185,15.22,0.03363636363636364,59.396
2025-10-04T03:30:00Z,116922,12.76,2025-10-04T03:29:00Z,14.32,0.185,15.2,0.185,15.2,0.03363636363636364,59.36
2025-10-04T03:45:00Z,116923,12.74,2025-10-04T03:40:45Z,14.25,0.185,15.15,0.185,15.15,0.03363636363636364,59.269999999999996
2025-10-04T04:00:00Z,116924,12.73,2025-10-04T03:55:35Z,14.17,0.185,15.11,0.185,15.11,0.03363636363636364,59.198
2025-10-04T04:15:00Z,116925,12.73,2025-10-04T04:04:15Z,14.13,0.185,15.09,0.185,15.09,0.03363636363636364,59.162
2025-10-04T04:30:00Z,116926,12.73,2025-10-04T04:26:55Z,14.13,0.185,15.06,0.185,15.06,0.03363636363636364,59.108
2025-10-04T04:45:00Z,116927,12.71,2025-10-04T04:38:10Z,14.12,0.185,15.04,0.185,15.04,0.03363636363636364,59.071999999999996
2025-10-04T05:00:00Z,116928,12.71,2025-10-04T04:51:50Z,14.03,0.185,14.98,0.185,14.98,0.03363636363636364,58.964
2025-10-04T05:15:00Z,116929,12.71,2025-10-04T05:03:20Z,13.88,0.185,14.93,0.185,14.93,0.03363636363636364,58.874
2025-10-04T05:30:00Z,116930,12.71,2025-10-04T05:24:50Z,13.73,0.184,14.87,0.184,14.87,0.03345454545454545,58.766
2025-10-04T05:45:00Z,116931,12.69,2025-10-04T05:37:30Z,13.56,0.184,14.82,0.184,14.82,0.03345454545454545,58.676
2025-10-04T06:00:00Z,116932,12.7,2025-10-04T05:52:35Z,13.42,0.184,14.76,0.184,14.76,0.03345454545454545,58.568
2025-10-04T06:15:00Z,116933,12.69,2025-10-04T06:08:00Z,13.29,0.183,14.7,0.183,14.7,0.03327272727272727,58.459999999999994
2025-10-04T06:30:00Z,116934,12.68,2025-10-04T06:18:20Z,13.19,0.182,14.64,0.182,14.64,0.033090909090909094,58.352
2025-10-04T06:45:00Z,116935,12.68,2025-10-04T06:39:00Z,13.14,0.182,14.59,0.182,14.59,0.033090909090909094,58.262
2025-10-04T07:00:00Z,116936,12.51,2025-10-04T06:56:20Z,13.14,0.182,14.55,0.182,14.55,0.033090909090909094,58.190000000000005
2025-10-04T07:15:00Z,116937,12.64,2025-10-04T07:08:50Z,13.14,0.182,14.52,0.182,14.52,0.033090909090909094,58.136
2025-10-04T07:30:00Z,116938,12.64,2025-10-04T07:22:05Z,13.12,0.181,14.49,0.181,14.49,0.03290909090909091,58.082
2025-10-04T07:45:00Z,116939,12.64,2025-10-04T07:39:25Z,13.07,0.181,14.47,0.181,14.47,0.03290909090909091,58.04600000000001
2025-10-04T08:00:00Z,116940,12.49,2025-10-04T07:50:15Z,13.02,0.181,14.44,0.181,14.44,0.03290909090909091,57.992000000000004
2025-10-04T08:15:00Z,116941,12.66,2025-10-04T08:08:20Z,12.99,0.181,14.43,0.181,14.43,0.03290909090909091,57.974000000000004
2025-10-04T08:30:00Z,116942,12.66,2025-10-04T08:21:40Z,13.03,0.181,14.44,0.181,14.44,0.03290909090909091,57.992000000000004
2025-10-04T08:45:00Z,116943,12.68,2025-10-04T08:32:25Z,13.12,0.181,14.47,0.181,14.47,0.03290909090909091,58.04600000000001
2025-10-04T09:00:00Z,116944,12.69,2025-10-04T08:47:40Z,13.29,0.181,14.5,0.181,14.5,0.03290909090909091,58.1
2025-10-04T09:15:00Z,116945,12.71,2025-10-04T09:00:05Z,13.56,0.182,14.55,0.182,14.55,0.033090909090909094,58.190000000000005
2025-10-04T09:30:00Z,116946,12.72,2025-10-04T09:23:35Z,14.03,0.182,14.61,0.182,14.61,0.033090909090909094,58.298
2025-10-04T09:45:00Z,116947,12.74,2025-10-04T09:30:05Z,14.6,0.183,14.68,0.183,14.68,0.03327272727272727,58.424
2025-10-04T10:00:00Z,116948,12.74,2025-10-04T09:49:00Z,15.32,0.183,14.78,0.183,14.78,0.03327272727272727,58.604
2025-10-04T10:15:00Z,116949,12.77,2025-10-04T10:01:45Z,16.07,0.184,14.88,0.184,14.88,0.03345454545454545,58.784000000000006
2025-10-04T10:30:00Z,116950,12.79,2025-10-04T10:15:10Z,16.8,0.185,14.99,0.185,14.99,0.03363636363636364,58.982
2025-10-04T10:45:00Z,116951,12.79,2025-10-04T10:30:15Z,17.52,0.186,15.09,0.186,15.09,0.03381818181818182,59.162
2025-10-04T11:00:00Z,116952,12.76,2025-10-04T10:52:55Z,18.36,0.187,15.2,0.187,15.2,0.034,59.36
2025-10-04T11:15:00Z,116953,12.85,2025-10-04T11:11:20Z,19.36,0.188,15.3,0.188,15.3,0.03418181818181818,59.540000000000006
2025-10-04T11:30:00Z,116954,12.87,2025-10-04T11:20:25Z,20.56,0.189,15.47,0.189,15.47,0.03436363636363637,59.846000000000004
2025-10-04T11:45:00Z,116955,12.91,2025-10-04T11:30:20Z,21.64,0.191,15.6,0.191,15.6,0.034727272727272725,60.08
2025-10-04T12:00:00Z,116956,12.94,2025-10-04T11:47:45Z,22.49,0.192,15.73,0.192,15.73,0.03490909090909091,60.314
2025-10-04T12:15:00Z,116957,12.89,2025-10-04T12:02:05Z,23.27,0.193,15.87,0.193,15.87,0.035090909090909096,60.565999999999995
2025-10-04T12:30:00Z,116958,13.03,2025-10-04T12:16:05Z,23.99,0.195,16.01,0.195,16.01,0.035454545454545454,60.818
2025-10-04T12:45:00Z,116959,12.93,2025-10-04T12:39:35Z,24.75,0.196,16.15,0.196,16.15,0.03563636363636364,61.07
2025-10-04T13:00:00Z,116960,13.12,2025-10-04T12:51:20Z,25.29,0.197,16.28,0.197,16.28,0.03581818181818182,61.304
2025-10-04T13:15:00Z,116961,13.14,2025-10-04T13:01:20Z,25.75,0.199,16.4,0.199,16.4,0.03618181818181818,61.519999999999996
2025-10-04T13:30:00Z,116962,13.23,2025-10-04T13:15:05Z,26.65,0.2,16.5,0.2,16.5,0.03636363636363637,61.7
2025-10-04T13:45:00Z,116963,13.78,2025-10-04T13:32:20Z,29.22,0.201,16.59,0.201,16.59,0.03654545454545455,61.862
2025-10-04T14:00:00Z,116964,13.77,2025-10-04T13:57:20Z,31.61,0.203,16.75,0.203,16.75,0.03690909090909091,62.15
2025-10-04T14:15:00Z,116965,13.75,2025-10-04T14:00:50Z,32.99,0.205,17.03,0.205,17.03,0.03727272727272727,62.654
2025-10-04T14:30:00Z,116966,13.73,2025-10-04T14:18:35Z,33.59,0.209,17.32,0.209,17.32,0.038,63.176
2025-10-04T14:45:00Z,116967,13.48,2025-10-04T14:42:05Z,33.52,0.213,17.57,0.213,17.57,0.03872727272727273,63.626
2025-10-04T15:00:00Z,116968,13.46,2025-10-04T14:59:05Z,32.51,0.216,17.74,0.216,17.74,0.03927272727272727,63.932
2025-10-04T15:15:00Z,116969,13.64,2025-10-04T15:00:05Z,32.09,0.218,17.83,0.218,17.83,0.039636363636363636,64.094
2025-10-04T15:30:00Z,116970,13.77,2025-10-04T15:29:20Z,32.54,0.219,17.9,0.219,17.9,0.03981818181818182,64.22
2025-10-04T15:45:00Z,116971,13.73,2025-10-04T15:43:55Z,33.29,0.219,17.92,0.219,17.92,0.03981818181818182,64.256
2025-10-04T16:00:00Z,116972,13.37,2025-10-04T15:59:35Z,33.88,0.219,17.93,0.219,17.93,0.03981818181818182,64.274
2025-10-04T16:15:00Z,116973,13.31,2025-10-04T16:03:30Z,34.28,0.221,18.03,0.221,18.03,0.04,64.45400000000001
2025-10-04T16:30:00Z,116974,13.31,2025-10-04T16:15:05Z,33.95,0.224,18.06,0.224,18.06,0.04,64.508
2025-10-04T16:45:00Z,116975,13.3,2025-10-04T16:44:20Z,32.33,0.222,17.99,0.222,17.99,0.04,64.382
2025-10-04T17:00:00Z,116976,13.4,2025-10-04T16:46:40Z,31.37,0.221,18.03,0.221,18.03,0.04,64.45400000000001
2025-10-04T17:15:00Z,116977,13.28,2025-10-04T17:04:25Z,31.5,0.224,18.13,0.224,18.13,0.04,64.634
2025-10-04T17:30:00Z,116978,13.41,2025-10-04T17:18:55Z,31.56,0.223,18.11,0.223,18.11,0.04,64.598
2025-10-04T17:45:00Z,116979,13.44,2025-10-04T17:32:20Z,31.13,0.223,18.08,0.223,18.08,0.04,64.544
2025-10-04T18:00:00Z,116980,13.45,2025-10-04T17:47:15Z,30.38,0.223,18.06,0.223,18.06,0.04,64.508
2025-10-04T18:15:00Z,116981,13.3,2025-10-04T18:10:40Z,29.42,0.222,18.04,0.222,18.04,0.04,64.472
2025-10-04T18:30:00Z,116982,13.18,2025-10-04T18:29:40Z,28.13,0.221,17.99,0.221,17.99,0.04,64.382
2025-10-04T18:45:00Z,116983,13.01,2025-10-04T18:43:10Z,26.78,0.22,17.92,0.22,17.92,0.04,64.256
2025-10-04T19:00:00Z,116984,13.04,2025-10-04T18:58:40Z,25.49,0.216,17.83,0.216,17.83,0.03927272727272727,64.094
2025-10-04T19:15:00Z,116985,12.99,2025-10-04T19:13:45Z,24.32,0.214,17.73,0.214,17.73,0.03890909090909091,63.914
2025-10-04T19:30:00Z,116986,12.87,2025-10-04T19:26:10Z,23.25,0.213,17.62,0.213,17.62,0.03872727272727273,63.716
2025-10-04T19:45:00Z,116987,12.8,2025-10-04T19:43:55Z,22.27,0.211,17.51,0.211,17.51,0.038363636363636364,63.518
2025-10-04T20:00:00Z,116988,12.88,2025-10-04T19:59:15Z,21.38,0.209,17.39,0.209,17.39,0.038,63.302
2025-10-04T20:15:00Z,116989,12.79,2025-10-04T20:06:00Z,20.59,0.207,17.29,0.207,17.29,0.037636363636363634,63.122
2025-10-04T20:30:00Z,116990,12.73,2025-10-04T20:19:30Z,19.95,0.206,17.19,0.206,17.19,0.037454545454545456,62.942
2025-10-04T20:45:00Z,116991,12.74,2025-10-04T20:33:10Z,19.4,0.204,17.11,0.204,17.11,0.03709090909090909,62.798
2025-10-04T21:00:00Z,116992,12.87,2025-10-04T20:45:25Z,18.92,0.203,17.02,0.203,17.02,0.03690909090909091,62.636
2025-10-04T21:15:00Z,116993,12.84,2025-10-04T21:13:45Z,18.5,0.202,16.96,0.202,16.96,0.036727272727272726,62.528000000000006
2025-10-04T21:30:00Z,116994,12.84,2025-10-04T21:26:50Z,18.11,0.201,16.88,0.201,16.88,0.03654545454545455,62.384
2025-10-04T21:45:00Z,116995,12.73,2025-10-04T21:44:15Z,17.76,0.199,16.81,0.199,16.81,0.03618181818181818,62.257999999999996
2025-10-04T22:00:00Z,116996,12.67,2025-10-04T21:58:10Z,17.47,0.199,16.74,0.199,16.74,0.03618181818181818,62.132
2025-10-04T22:15:00Z,116997,12.73,2025-10-04T22:11:25Z,17.24,0.198,16.67,0.198,16.67,0.036000000000000004,62.00600000000001
2025-10-04T22:30:00Z,116998,12.77,2025-10-04T22:28:05Z,17.06,0.197,16.62,0.197,16.62,0.03581818181818182,61.916000000000004
2025-10-04T22:45:00Z,116999,12.79,2025-10-04T22:37:50Z,16.91,0.196,16.57,0.196,16.57,0.03563636363636364,61.826
2025-10-04T23:00:00Z,117000,12.77,2025-10-04T22:57:25Z,16.75,0.196,16.52,0.196,16.52,0.03563636363636364,61.736000000000004
2025-10-04T23:15:00Z,117001,12.81,2025-10-04T23:01:20Z,16.57,0.195,16.47,0.195,16.47,0.035454545454545454,61.646
2025-10-04T23:30:00Z,117002,12.7,2025-10-04T23:26:15Z,16.42,0.195,16.43,0.195,16.43,0.035454545454545454,61.574
2025-10-04T23:45:00Z,117003,12.78,2025-10-04T23:43:15Z,16.29,0.194,16.38,0.194,16.38,0.035272727272727275,61.483999999999995
2025-10-05T00:15:00Z,117005,12.68,2025-10-05T00:08:45Z,16.01,0.194,16.27,0.194,16.27,0.035272727272727275,61.286
2025-10-05T00:30:00Z,117006,12.61,2025-10-05T00:15:55Z,15.86,0.194,16.22,0.194,16.22,0.035272727272727275,61.196
2025-10-05T00:45:00Z,117007,12.79,2025-10-05T00:30:20Z,15.71,0.193,16.17,0.193,16.17,0.035090909090909096,61.10600000000001
2025-10-05T01:00:00Z,117008,12.69,2025-10-05T00:58:55Z,15.55,0.193,16.12,0.193,16.12,0.035090909090909096,61.016000000000005
2025-10-05T01:15:00Z,117009,12.73,2025-10-05T01:10:50Z,15.4,0.192,16.06,0.192,16.06,0.03490909090909091,60.908
2025-10-05T01:30:00Z,117010,12.57,2025-10-05T01:19:45Z,15.25,0.191,16.01,0.191,16.01,0.034727272727272725,60.818
2025-10-05T01:45:00Z,117011,12.64,2025-10-05T01:33:55Z,15.13,0.191,15.96,0.191,15.96,0.034727272727272725,60.728
2025-10-05T02:00:00Z,117012,12.64,2025-10-05T01:53:45Z,15.04,0.19,15.9,0.19,15.9,0.034545454545454546,60.62
2025-10-05T02:15:00Z,117013,12.52,2025-10-05T02:08:25Z,14.95,0.189,15.85,0.189,15.85,0.03436363636363637,60.53
2025-10-05T02:30:00Z,117014,12.7,2025-10-05T02:18:40Z,14.88,0.189,15.79,0.189,15.79,0.03436363636363637,60.422
2025-10-05T02:45:00Z,117015,12.57,2025-10-05T02:43:10Z,14.83,0.188,15.75,0.188,15.75,0.03418181818181818,60.35
2025-10-05T03:00:00Z,117016,12.68,2025-10-05T02:54:40Z,14.83,0.188,15.73,0.188,15.73,0.03418181818181818,60.314
2025-10-05T03:15:00Z,117017,12.59,2025-10-05T03:01:15Z,14.78,0.187,15.69,0.187,15.69,0.034,60.242000000000004
2025-10-05T03:30:00Z,117018,12.61,2025-10-05T03:19:55Z,14.71,0.187,15.64,0.187,15.64,0.034,60.152
2025-10-05T03:45:00Z,117019,12.51,2025-10-05T03:35:40Z,14.6,0.187,15.59,0.187,15.59,0.034,60.062
2025-10-05T04:00:00Z,117020,12.57,2025-10-05T03:52:30Z,14.49,0.186,15.55,0.186,15.55,0.03381818181818182,59.99
2025-10-05T04:15:00Z,117021,12.67,2025-10-05T04:03:20Z,14.41,0.186,15.52,0.186,15.52,0.03381818181818182,59.936
2025-10-05T04:30:00Z,117022,12.71,2025-10-05T04:24:00Z,14.29,0.186,15.47,0.186,15.47,0.03381818181818182,59.846000000000004
2025-10-05T04:45:00Z,117023,12.69,2025-10-05T04:35:35Z,14.13,0.185,15.41,0.185,15.41,0.03363636363636364,59.738
2025-10-05T05:00:00Z,117024,12.68,2025-10-05T04:56:05Z,13.94,0.185,15.35,0.185,15.35,0.03363636363636364,59.63
2025-10-05T05:15:00Z,117025,12.68,2025-10-05T05:03:10Z,13.76,0.184,15.29,0.184,15.29,0.03345454545454545,59.522
2025-10-05T05:30:00Z,117026,12.69,2025-10-05T05:26:45Z,13.6,0.184,15.24,0.184,15.24,0.03345454545454545,59.432
2025-10-05T05:45:00Z,117027,12.69,2025-10-05T05:39:05Z,13.46,0.183,15.19,0.183,15.19,0.03327272727272727,59.342
2025-10-05T06:00:00Z,117028,12.67,2025-10-05T05:58:10Z,13.33,0.182,15.14,0.182,15.14,0.033090909090909094,59.251999999999995
2025-10-05T06:15:00Z,117029,12.68,2025-10-05T06:08:40Z,13.22,0.182,15.09,0.182,15.09,0.033090909090909094,59.162
2025-10-05T06:30:00Z,117030,12.66,2025-10-05T06:25:35Z,13.1,0.182,15.03,0.182,15.03,0.033090909090909094,59.053999999999995
2025-10-05T06:45:00Z,117031,12.64,2025-10-05T06:33:50Z,12.98,0.181,14.98,0.181,14.98,0.03290909090909091,58.964
2025-10-05T07:00:00Z,117032,12.65,2025-10-05T06:53:05Z,12.86,0.18,14.92,0.18,14.92,0.03272727272727272,58.856
2025-10-05T07:15:00Z,117033,12.64,2025-10-05T07:06:40Z,12.74,0.18,14.87,0.18,14.87,0.03272727272727272,58.766
2025-10-05T07:30:00Z,117034,12.66,2025-10-05T07:20:35Z,12.61,0.18,14.81,0.18,14.81,0.03272727272727272,58.658
2025-10-05T07:45:00Z,117035,12.64,2025-10-05T07:30:35Z,12.51,0.179,14.75,0.179,14.75,0.032545454545454544,58.55
2025-10-05T08:00:00Z,117036,12.66,2025-10-05T07:46:00Z,12.43,0.179,14.71,0.179,14.71,0.032545454545454544,58.478
2025-10-05T08:15:00Z,117037,12.67,2025-10-05T08:00:05Z,12.39,0.178,14.68,0.178,14.68,0.032363636363636365,58.424
2025-10-05T08:30:00Z,117038,12.67,2025-10-05T08:15:40Z,12.41,0.178,14.67,0.178,14.67,0.032363636363636365,58.406
2025-10-05T08:45:00Z,117039,12.68,2025-10-05T08:43:05Z,12.5,0.178,14.68,0.178,14.68,0.032363636363636365,58.424
2025-10-05T09:00:00Z,117040,12.69,2025-10-05T08:45:40Z,12.71,0.178,14.7,0.178,14.7,0.032363636363636365,58.459999999999994
2025-10-05T09:15:00Z,117041,12.58,2025-10-05T09:08:20Z,13.08,0.178,14.74,0.178,14.74,0.032363636363636365,58.532
2025-10-05T09:30:00Z,117042,12.73,2025-10-05T09:16:35Z,13.67,0.179,14.79,0.179,14.79,0.032545454545454544,58.622
2025-10-05T09:45:00Z,117043,12.58,2025-10-05T09:33:55Z,14.3,0.18,14.86,0.18,14.86,0.03272727272727272,58.748000000000005
2025-10-05T10:00:00Z,117044,12.76,2025-10-05T09:45:15Z,14.85,0.18,14.93,0.18,14.93,0.03272727272727272,58.874
2025-10-05T10:15:00Z,117045,12.76,2025-10-05T10:01:30Z,15.41,0.181,15,0.181,15,0.03290909090909091,59
2025-10-05T10:30:00Z,117046,12.76,2025-10-05T10:16:40Z,15.9,0.181,15.09,0.181,15.09,0.03290909090909091,59.162
2025-10-05T10:45:00Z,117047,12.8,2025-10-05T10:33:30Z,16.33,0.182,15.17,0.182,15.17,0.033090909090909094,59.306
2025-10-05T11:00:00Z,117048,12.7,2025-10-05T10:54:10Z,16.95,0.183,15.25,0.183,15.25,0.03327272727272727,59.45
2025-10-05T11:15:00Z,117049,12.84,2025-10-05T11:02:20Z,17.84,0.184,15.34,0.184,15.34,0.03345454545454545,59.612
2025-10-05T11:30:00Z,117050,12.78,2025-10-05T11:24:25Z,19.1,0.185,15.44,0.185,15.44,0.03363636363636364,59.792
2025-10-05T11:45:00Z,117051,12.77,2025-10-05T11:35:30Z,20.14,0.186,15.54,0.186,15.54,0.03381818181818182,59.971999999999994
2025-10-05T12:00:00Z,117052,12.89,2025-10-05T11:46:10Z,21.05,0.187,15.63,0.187,15.63,0.034,60.134
2025-10-05T12:15:00Z,117053,12.93,2025-10-05T12:02:00Z,21.83,0.188,15.73,0.188,15.73,0.03418181818181818,60.314
2025-10-05T12:30:00Z,117054,12.94,2025-10-05T12:17:55Z,22.54,0.19,15.82,0.19,15.82,0.034545454545454546,60.476
2025-10-05T12:45:00Z,117055,12.99,2025-10-05T12:32:35Z,23.24,0.191,15.89,0.191,15.89,0.034727272727272725,60.602
2025-10-05T13:00:00Z,117056,13.02,2025-10-05T12:52:55Z,23.74,0.191,15.95,0.191,15.95,0.034727272727272725,60.709999999999994
2025-10-05T13:15:00Z,117057,13.02,2025-10-05T13:13:15Z,24.15,0.192,16.02,0.192,16.02,0.03490909090909091,60.836
2025-10-05T13:30:00Z,117058,13.13,2025-10-05T13:16:10Z,25.27,0.192,16.08,0.192,16.08,0.03490909090909091,60.943999999999996
2025-10-05T13:45:00Z,117059,13.84,2025-10-05T13:43:15Z,27.94,0.193,16.11,0.193,16.11,0.035090909090909096,60.998000000000005
2025-10-05T14:00:00Z,117060,13.8,2025-10-05T13:56:45Z,30.14,0.194,16.18,0.194,16.18,0.035272727272727275,61.124
2025-10-05T14:15:00Z,117061,13.82,2025-10-05T14:10:10Z,30.85,0.195,16.27,0.195,16.27,0.035454545454545454,61.286
2025-10-05T14:30:00Z,117062,13.7,2025-10-05T14:29:20Z,31.37,0.196,16.33,0.196,16.33,0.03563636363636364,61.39399999999999
2025-10-05T14:45:00Z,117063,13.78,2025-10-05T14:41:55Z,32.17,0.197,16.39,0.197,16.39,0.03581818181818182,61.501999999999995
2025-10-05T15:00:00Z,117064,13.81,2025-10-05T14:47:15Z,32.98,0.198,16.47,0.198,16.47,0.036000000000000004,61.646
2025-10-05T15:15:00Z,117065,13.76,2025-10-05T15:01:20Z,33.46,0.199,16.56,0.199,16.56,0.03618181818181818,61.808
2025-10-05T15:30:00Z,117066,13.51,2025-10-05T15:29:55Z,33.62,0.2,16.66,0.2,16.66,0.03636363636363637,61.988
2025-10-05T15:45:00Z,117067,13.37,2025-10-05T15:41:05Z,33.7,0.201,16.77,0.201,16.77,0.03654545454545455,62.186
2025-10-05T16:00:00Z,117068,13.35,2025-10-05T15:55:15Z,33.66,0.202,16.84,0.202,16.84,0.036727272727272726,62.312
2025-10-05T16:15:00Z,117069,13.37,2025-10-05T16:15:00Z,33.5,0.204,16.91,0.204,16.91,0.03709090909090909,62.438
2025-10-05T16:30:00Z,117070,13.37,2025-10-05T16:20:10Z,33.32,0.205,16.96,0.205,16.96,0.03727272727272727,62.528000000000006
2025-10-05T16:45:00Z,117071,13.4,2025-10-05T16:43:40Z,33.04,0.207,17,0.207,17,0.037636363636363634,62.6
2025-10-05T17:00:00Z,117072,13.41,2025-10-05T16:45:05Z,32.55,0.208,17.03,0.208,17.03,0.03781818181818182,62.654
2025-10-05T17:15:00Z,117073,13.41,2025-10-05T17:10:40Z,32.37,0.208,17.04,0.208,17.04,0.03781818181818182,62.672
2025-10-05T17:30:00Z,117074,13.41,2025-10-05T17:21:15Z,32.11,0.208,17.07,0.208,17.07,0.03781818181818182,62.726
2025-10-05T17:45:00Z,117075,13.43,2025-10-05T17:39:20Z,31.35,0.208,17.08,0.208,17.08,0.03781818181818182,62.74399999999999
2025-10-05T18:00:00Z,117076,13.49,2025-10-05T17:52:25Z,30.24,0.208,17.06,0.208,17.06,0.03781818181818182,62.708
2025-10-05T18:15:00Z,117077,13.42,2025-10-05T18:14:35Z,29.01,0.208,17.05,0.208,17.05,0.03781818181818182,62.690000000000005
2025-10-05T18:30:00Z,117078,13.17,2025-10-05T18:29:35Z,27.64,0.208,17.03,0.208,17.03,0.03781818181818182,62.654
2025-10-05T18:45:00Z,117079,13.21,2025-10-05T18:35:55Z,26.21,0.206,16.99,0.206,16.99,0.037454545454545456,62.582
2025-10-05T19:00:00Z,117080,13.13,2025-10-05T18:59:30Z,24.93,0.206,16.94,0.206,16.94,0.037454545454545456,62.492000000000004
2025-10-05T19:15:00Z,117081,13.05,2025-10-05T19:13:55Z,23.74,0.204,16.86,0.204,16.86,0.03709090909090909,62.348
2025-10-05T19:30:00Z,117082,12.99,2025-10-05T19:27:15Z,22.57,0.203,16.76,0.203,16.76,0.03690909090909091,62.168
2025-10-05T19:45:00Z,117083,12.85,2025-10-05T19:33:15Z,21.47,0.201,16.66,0.201,16.66,0.03654545454545455,61.988
2025-10-05T20:00:00Z,117084,12.93,2025-10-05T19:57:15Z,20.44,0.2,16.55,0.2,16.55,0.03636363636363637,61.790000000000006
2025-10-05T20:15:00Z,117085,12.91,2025-10-05T20:02:25Z,19.53,0.198,16.45,0.198,16.45,0.036000000000000004,61.61
2025-10-05T20:30:00Z,117086,12.89,2025-10-05T20:28:40Z,18.77,0.196,16.37,0.196,16.37,0.03563636363636364,61.466
2025-10-05T20:45:00Z,117087,12.88,2025-10-05T20:39:45Z,18.14,0.194,16.29,0.194,16.29,0.035272727272727275,61.321999999999996
2025-10-05T21:00:00Z,117088,12.77,2025-10-05T20:49:50Z,17.63,0.193,16.22,0.193,16.22,0.035090909090909096,61.196
2025-10-05T21:15:00Z,117089,12.77,2025-10-05T21:13:45Z,17.24,0.192,16.15,0.192,16.15,0.03490909090909091,61.07
2025-10-05T21:30:00Z,117090,12.86,2025-10-05T21:19:00Z,16.93,0.191,16.09,0.191,16.09,0.034727272727272725,60.962
2025-10-05T21:45:00Z,117091,12.86,2025-10-05T21:33:20Z,16.64,0.19,16.04,0.19,16.04,0.034545454545454546,60.872
2025-10-05T22:00:00Z,117092,12.85,2025-10-05T21:50:55Z,16.36,0.189,15.98,0.189,15.98,0.03436363636363637,60.763999999999996
2025-10-05T22:15:00Z,117093,12.83,2025-10-05T22:11:35Z,16.12,0.189,15.93,0.189,15.93,0.03436363636363637,60.674
2025-10-05T22:30:00Z,117094,12.75,2025-10-05T22:17:40Z,15.88,0.188,15.87,0.188,15.87,0.03418181818181818,60.565999999999995
2025-10-05T22:45:00Z,117095,12.82,2025-10-05T22:30:10Z,15.69,0.188,15.82,0.188,15.82,0.03418181818181818,60.476
2025-10-05T23:00:00Z,117096,12.64,2025-10-05T22:57:45Z,15.59,0.188,15.77,0.188,15.77,0.03418181818181818,60.386
2025-10-05T23:15:00Z,117097,12.82,2025-10-05T23:10:00Z,15.55,0.187,15.73,0.187,15.73,0.034,60.314
2025-10-05T23:30:00Z,117098,12.78,2025-10-05T23:28:55Z,15.47,0.187,15.68,0.187,15.68,0.034,60.224000000000004
2025-10-05T23:45:00Z,117099,12.8,2025-10-05T23:35:55Z,15.35,0.187,15.64,0.187,15.64,0.034,60.152
2025-10-06T00:15:00Z,117101,12.78,2025-10-06T00:08:00Z,15.21,0.186,15.55,0.186,15.55,0.03381818181818182,59.99
2025-10-06T00:30:00Z,117102,12.78,2025-10-06T00:17:35Z,15.14,0.186,15.51,0.186,15.51,0.03381818181818182,59.918
2025-10-06T00:45:00Z,117103,12.81,2025-10-06T00:40:10Z,15.04,0.185,15.48,0.185,15.48,0.03363636363636364,59.864
2025-10-06T01:00:00Z,117104,12.79,2025-10-06T00:53:30Z,14.92,0.185,15.45,0.185,15.45,0.03363636363636364,59.809999999999995
2025-10-06T01:15:00Z,117105,12.69,2025-10-06T01:05:25Z,14.76,0.185,15.4,0.185,15.4,0.03363636363636364,59.72
2025-10-06T01:30:00Z,117106,12.77,2025-10-06T01:20:05Z,14.64,0.185,15.36,0.185,15.36,0.03363636363636364,59.648
2025-10-06T01:45:00Z,117107,12.76,2025-10-06T01:31:15Z,14.59,0.185,15.32,0.185,15.32,0.03363636363636364,59.576
2025-10-06T02:00:00Z,117108,12.74,2025-10-06T01:50:45Z,14.58,0.184,15.28,0.184,15.28,0.03345454545454545,59.504
2025-10-06T02:15:00Z,117109,12.76,2025-10-06T02:05:45Z,14.55,0.183,15.25,0.183,15.25,0.03327272727272727,59.45
2025-10-06T02:30:00Z,117110,12.77,2025-10-06T02:19:55Z,14.5,0.183,15.22,0.183,15.22,0.03327272727272727,59.396
2025-10-06T02:45:00Z,117111,12.77,2025-10-06T02:32:10Z,14.42,0.182,15.18,0.182,15.18,0.033090909090909094,59.324
2025-10-06T03:00:00Z,117112,12.77,2025-10-06T02:45:30Z,14.33,0.182,15.15,0.182,15.15,0.033090909090909094,59.269999999999996
2025-10-06T03:15:00Z,117113,12.76,2025-10-06T03:12:40Z,14.22,0.182,15.11,0.182,15.11,0.033090909090909094,59.198
2025-10-06T03:30:00Z,117114,12.73,2025-10-06T03:20:10Z,14.09,0.181,15.08,0.181,15.08,0.03290909090909091,59.144
2025-10-06T03:45:00Z,117115,12.73,2025-10-06T03:40:35Z,13.96,0.181,15.04,0.181,15.04,0.03290909090909091,59.071999999999996
2025-10-06T04:00:00Z,117116,12.74,2025-10-06T03:50:00Z,13.86,0.181,15,0.181,15,0.03290909090909091,59
2025-10-06T04:15:00Z,117117,12.72,2025-10-06T04:08:05Z,13.82,0.181,14.98,0.181,14.98,0.03290909090909091,58.964
2025-10-06T04:30:00Z,117118,12.72,2025-10-06T04:29:20Z,13.82,0.18,14.95,0.18,14.95,0.03272727272727272,58.91
2025-10-06T04:45:00Z,117119,12.71,2025-10-06T04:38:15Z,13.82,0.18,14.93,0.18,14.93,0.03272727272727272,58.874
2025-10-06T05:00:00Z,117120,12.68,2025-10-06T04:56:35Z,13.81,0.18,14.91,0.18,14.91,0.03272727272727272,58.838
2025-10-06T05:15:00Z,117121,12.72,2025-10-06T05:03:15Z,13.8,0.18,14.88,0.18,14.88,0.03272727272727272,58.784000000000006
2025-10-06T05:30:00Z,117122,12.7,2025-10-06T05:15:20Z,13.78,0.179,14.86,0.179,14.86,0.032545454545454544,58.748000000000005
2025-10-06T05:45:00Z,117123,12.67,2025-10-06T05:41:10Z,13.73,0.179,14.83,0.179,14.83,0.032545454545454544,58.694
2025-10-06T06:00:00Z,117124,12.67,2025-10-06T05:59:45Z,13.69,0.179,14.79,0.179,14.79,0.032545454545454544,58.622
2025-10-06T06:15:00Z,117125,12.7,2025-10-06T06:02:50Z,13.62,0.178,14.76,0.178,14.76,0.032363636363636365,58.568
2025-10-06T06:30:00Z,117126,12.65,2025-10-06T06:23:50Z,13.52,0.178,14.73,0.178,14.73,0.032363636363636365,58.513999999999996
2025-10-06T06:45:00Z,117127,12.67,2025-10-06T06:40:05Z,13.39,0.178,14.69,0.178,14.69,0.032363636363636365,58.442
2025-10-06T07:00:00Z,117128,12.66,2025-10-06T06:56:05Z,13.27,0.177,14.67,0.177,14.67,0.03218181818181818,58.406
2025-10-06T07:15:00Z,117129,12.59,2025-10-06T07:03:50Z,13.25,0.177,14.67,0.177,14.67,0.03218181818181818,58.406
2025-10-06T07:30:00Z,117130,12.63,2025-10-06T07:15:50Z,13.24,0.177,14.66,0.177,14.66,0.03218181818181818,58.388
2025-10-06T07:45:00Z,117131,12.63,2025-10-06T07:35:20Z,13.19,0.177,14.62,0.177,14.62,0.03218181818181818,58.315999999999995
2025-10-06T08:00:00Z,117132,12.66,2025-10-06T07:48:10Z,13.12,0.177,14.6,0.177,14.6,0.03218181818181818,58.28
2025-10-06T08:15:00Z,117133,12.67,2025-10-06T08:00:40Z,13.06,0.177,14.59,0.177,14.59,0.03218181818181818,58.262
2025-10-06T08:30:00Z,117134,12.59,2025-10-06T08:21:20Z,13.09,0.177,14.61,0.177,14.61,0.03218181818181818,58.298
2025-10-06T08:45:00Z,117135,12.62,2025-10-06T08:38:05Z,13.25,0.177,14.66,0.177,14.66,0.03218181818181818,58.388
2025-10-06T09:00:00Z,117136,12.72,2025-10-06T08:45:20Z,13.49,0.177,14.71,0.177,14.71,0.03218181818181818,58.478
2025-10-06T09:15:00Z,117137,12.6,2025-10-06T09:03:40Z,13.92,0.178,14.83,0.178,14.83,0.032363636363636365,58.694
2025-10-06T09:30:00Z,117138,12.71,2025-10-06T09:19:50Z,14.41,0.179,14.89,0.179,14.89,0.032545454545454544,58.802
2025-10-06T09:45:00Z,117139,12.7,2025-10-06T09:41:00Z,14.82,0.179,14.96,0.179,14.96,0.032545454545454544,58.928000000000004
2025-10-06T10:00:00Z,117140,12.82,2025-10-06T09:50:50Z,15.48,0.181,15.11,0.181,15.11,0.03290909090909091,59.198
2025-10-06T10:15:00Z,117141,12.76,2025-10-06T10:13:30Z,16.21,0.182,15.2,0.182,15.2,0.033090909090909094,59.36
2025-10-06T10:30:00Z,117142,12.88,2025-10-06T10:20:15Z,17.05,0.183,15.31,0.183,15.31,0.03327272727272727,59.558
2025-10-06T10:45:00Z,117143,12.99,2025-10-06T10:30:25Z,18,0.184,15.49,0.184,15.49,0.03345454545454545,59.882
2025-10-06T11:00:00Z,117144,13.11,2025-10-06T10:51:20Z,19.19,0.187,15.8,0.187,15.8,0.034,60.440000000000005
2025-10-06T11:15:00Z,117145,13.11,2025-10-06T11:10:30Z,20.24,0.19,16.05,0.19,16.05,0.034545454545454546,60.89
2025-10-06T11:30:00Z,117146,13.24,2025-10-06T11:15:40Z,21.33,0.192,16.23,0.192,16.23,0.03490909090909091,61.214
2025-10-06T11:45:00Z,117147,13.25,2025-10-06T11:33:10Z,22.37,0.196,16.42,0.196,16.42,0.03563636363636364,61.556000000000004
2025-10-06T12:00:00Z,117148,13.21,2025-10-06T11:48:05Z,23.04,0.197,16.5,0.197,16.5,0.03581818181818182,61.7
2025-10-06T12:15:00Z,117149,13.13,2025-10-06T12:14:15Z,23.54,0.198,16.55,0.198,16.55,0.036000000000000004,61.790000000000006
2025-10-06T12:30:00Z,117150,13.24,2025-10-06T12:21:35Z,23.93,0.2,16.61,0.2,16.61,0.03636363636363637,61.898
2025-10-06T12:45:00Z,117151,13.28,2025-10-06T12:33:25Z,24.38,0.201,16.68,0.201,16.68,0.03654545454545455,62.024
2025-10-06T13:00:00Z,117152,13.28,2025-10-06T12:47:45Z,24.85,0.203,16.79,0.203,16.79,0.03690909090909091,62.221999999999994
2025-10-06T13:15:00Z,117153,13.4,2025-10-06T13:00:50Z,25.12,0.205,17.01,0.205,17.01,0.03727272727272727,62.618
2025-10-06T13:30:00Z,117154,13.54,2025-10-06T13:19:05Z,25.93,0.209,17.22,0.209,17.22,0.038,62.995999999999995
2025-10-06T13:45:00Z,117155,13.57,2025-10-06T13:34:50Z,27.15,0.213,17.41,0.213,17.41,0.03872727272727273,63.338
2025-10-06T14:00:00Z,117156,13.56,2025-10-06T13:55:20Z,27.71,0.218,17.57,0.218,17.57,0.039636363636363636,63.626
2025-10-06T14:15:00Z,117157,13.56,2025-10-06T14:01:05Z,27.85,0.218,17.65,0.218,17.65,0.039636363636363636,63.769999999999996
2025-10-06T14:30:00Z,117158,13.58,2025-10-06T14:18:00Z,28.32,0.22,17.69,0.22,17.69,0.04,63.842
2025-10-06T14:45:00Z,117159,13.6,2025-10-06T14:36:40Z,29.48,0.221,17.72,0.221,17.72,0.04,63.896
2025-10-06T15:00:00Z,117160,13.61,2025-10-06T14:45:15Z,29.18,0.222,17.82,0.222,17.82,0.04,64.076
2025-10-06T15:15:00Z,117161,13.86,2025-10-06T15:13:05Z,29.34,0.225,18,0.225,18,0.04,64.4
2025-10-06T15:30:00Z,117162,13.62,2025-10-06T15:25:05Z,30.52,0.229,18.1,0.229,18.1,0.04,64.58
2025-10-06T15:45:00Z,117163,13.72,2025-10-06T15:42:25Z,30.7,0.229,18.15,0.229,18.15,0.04,64.67
2025-10-06T16:00:00Z,117164,13.68,2025-10-06T15:53:25Z,30.73,0.232,18.25,0.232,18.25,0.04200000000000001,64.85
2025-10-06T16:15:00Z,117165,13.62,2025-10-06T16:14:00Z,30.56,0.233,18.33,0.233,18.33,0.04300000000000001,64.994
2025-10-06T16:30:00Z,117166,13.47,2025-10-06T16:30:00Z,30.77,0.234,18.36,0.234,18.36,0.04400000000000001,65.048
2025-10-06T16:45:00Z,117167,13.44,2025-10-06T16:30:45Z,30.73,0.235,18.36,0.235,18.36,0.044999999999999984,65.048
2025-10-06T17:00:00Z,117168,13.44,2025-10-06T16:54:45Z,30.08,0.234,18.35,0.234,18.35,0.04400000000000001,65.03
2025-10-06T17:15:00Z,117169,13.46,2025-10-06T17:06:15Z,29.26,0.232,18.37,0.232,18.37,0.04200000000000001,65.066
2025-10-06T17:30:00Z,117170,13.46,2025-10-06T17:20:50Z,29.22,0.211,18.4,0.211,18.4,0.038363636363636364,65.12
2025-10-06T17:45:00Z,117171,13.32,2025-10-06T17:41:10Z,29.32,0.209,18.46,0.209,18.46,0.038,65.22800000000001
2025-10-06T18:00:00Z,117172,13.47,2025-10-06T18:00:00Z,29.11,0.209,18.43,0.209,18.43,0.038,65.174
2025-10-06T18:15:00Z,117173,13.35,2025-10-06T18:13:55Z,28.35,0.208,18.34,0.208,18.34,0.03781818181818182,65.012
2025-10-06T18:30:00Z,117174,13.26,2025-10-06T18:29:30Z,27.28,0.207,18.24,0.207,18.24,0.037636363636363634,64.832
2025-10-06T18:45:00Z,117175,13.2,2025-10-06T18:41:35Z,26.14,0.206,18.16,0.206,18.16,0.037454545454545456,64.688
2025-10-06T19:00:00Z,117176,13.12,2025-10-06T18:58:45Z,25.14,0.205,18.09,0.205,18.09,0.03727272727272727,64.562
2025-10-06T19:15:00Z,117177,13.04,2025-10-06T19:12:15Z,24.24,0.204,18,0.204,18,0.03709090909090909,64.4
2025-10-06T19:30:00Z,117178,12.99,2025-10-06T19:25:40Z,23.4,0.202,17.9,0.202,17.9,0.036727272727272726,64.22
2025-10-06T19:45:00Z,117179,12.94,2025-10-06T19:43:25Z,22.66,0.201,17.79,0.201,17.79,0.03654545454545455,64.02199999999999
2025-10-06T20:00:00Z,117180,12.9,2025-10-06T19:48:55Z,21.98,0.2,17.71,0.2,17.71,0.03636363636363637,63.878
2025-10-06T20:15:00Z,117181,12.9,2025-10-06T20:14:20Z,21.43,0.199,17.64,0.199,17.64,0.03618181818181818,63.751999999999995
2025-10-06T20:30:00Z,117182,12.87,2025-10-06T20:18:35Z,21.02,0.198,17.57,0.198,17.57,0.036000000000000004,63.626
2025-10-06T20:45:00Z,117183,12.87,2025-10-06T20:38:00Z,20.72,0.197,17.52,0.197,17.52,0.03581818181818182,63.536
2025-10-06T21:00:00Z,117184,12.85,2025-10-06T20:53:15Z,20.55,0.197,17.49,0.197,17.49,0.03581818181818182,63.482
2025-10-06T21:15:00Z,117185,12.85,2025-10-06T21:13:45Z,20.44,0.196,17.45,0.196,17.45,0.03563636363636364,63.41
2025-10-06T21:30:00Z,117186,12.73,2025-10-06T21:20:00Z,20.35,0.196,17.42,0.196,17.42,0.03563636363636364,63.35600000000001
2025-10-06T21:45:00Z,117187,12.83,2025-10-06T21:34:50Z,20.25,0.195,17.39,0.195,17.39,0.035454545454545454,63.302
2025-10-06T22:00:00Z,117188,12.7,2025-10-06T21:49:55Z,20.21,0.195,17.38,0.195,17.38,0.035454545454545454,63.284
2025-10-06T22:15:00Z,117189,12.63,2025-10-06T22:10:20Z,20.09,0.195,17.34,0.195,17.34,0.035454545454545454,63.212
2025-10-06T22:30:00Z,117190,12.82,2025-10-06T22:26:15Z,19.95,0.196,17.3,0.196,17.3,0.03563636363636364,63.14
2025-10-06T22:45:00Z,117191,12.82,2025-10-06T22:33:45Z,19.75,0.195,17.26,0.195,17.26,0.035454545454545454,63.068
2025-10-06T23:00:00Z,117192,12.8,2025-10-06T22:47:55Z,19.54,0.194,17.2,0.194,17.2,0.035272727272727275,62.959999999999994
2025-10-06T23:15:00Z,117193,12.81,2025-10-06T23:02:40Z,19.32,0.194,17.17,0.194,17.17,0.035272727272727275,62.906000000000006
2025-10-06T23:30:00Z,117194,12.8,2025-10-06T23:19:40Z,19.15,0.193,17.13,0.193,17.13,0.035090909090909096,62.833999999999996
2025-10-06T23:45:00Z,117195,12.81,2025-10-06T23:32:45Z,18.95,0.193,17.08,0.193,17.08,0.035090909090909096,62.74399999999999
2025-10-07T00:15:00Z,117197,12.8,2025-10-07T00:00:40Z,18.68,0.193,17.04,0.193,17.04,0.035090909090909096,62.672
2025-10-07T00:30:00Z,117198,12.69,2025-10-07T00:28:20Z,18.73,0.193,17.09,0.193,17.09,0.035090909090909096,62.762
2025-10-07T00:45:00Z,117199,12.81,2025-10-07T00:42:10Z,18.94,0.195,17.18,0.195,17.18,0.035454545454545454,62.924
2025-10-07T01:00:00Z,117200,12.77,2025-10-07T00:51:45Z,19.15,0.197,17.24,0.197,17.24,0.03581818181818182,63.032
2025-10-07T01:15:00Z,117201,12.8,2025-10-07T01:06:00Z,19.33,0.198,17.3,0.198,17.3,0.036000000000000004,63.14
2025-10-07T01:30:00Z,117202,12.77,2025-10-07T01:16:45Z,19.52,0.199,17.37,0.199,17.37,0.03618181818181818,63.266000000000005
2025-10-07T01:45:00Z,117203,12.81,2025-10-07T01:32:40Z,19.68,0.2,17.44,0.2,17.44,0.03636363636363637,63.392
2025-10-07T02:00:00Z,117204,12.77,2025-10-07T01:50:50Z,19.81,0.201,17.49,0.201,17.49,0.03654545454545455,63.482
2025-10-07T02:15:00Z,117205,12.77,2025-10-07T02:04:25Z,19.91,0.203,17.52,0.203,17.52,0.03690909090909091,63.536
2025-10-07T02:30:00Z,117206,12.77,2025-10-07T02:18:15Z,19.97,0.204,17.56,0.204,17.56,0.03709090909090909,63.608
2025-10-07T02:45:00Z,117207,12.63,2025-10-07T02:32:15Z,20.02,0.204,17.59,0.204,17.59,0.03709090909090909,63.662
2025-10-07T03:00:00Z,117208,12.77,2025-10-07T02:45:50Z,20.04,0.205,17.62,0.205,17.62,0.03727272727272727,63.716
2025-10-07T03:15:00Z,117209,12.62,2025-10-07T03:13:20Z,20.07,0.206,17.65,0.206,17.65,0.037454545454545456,63.769999999999996
2025-10-07T03:30:00Z,117210,12.75,2025-10-07T03:20:35Z,20.1,0.207,17.67,0.207,17.67,0.037636363636363634,63.806000000000004
2025-10-07T03:45:00Z,117211,12.75,2025-10-07T03:40:50Z,20.1,0.207,17.69,0.207,17.69,0.037636363636363634,63.842
2025-10-07T04:00:00Z,117212,12.75,2025-10-07T03:47:35Z,20.1,0.208,17.71,0.208,17.71,0.03781818181818182,63.878
2025-10-07T04:15:00Z,117213,12.76,2025-10-07T04:12:40Z,20.06,0.209,17.73,0.209,17.73,0.038,63.914
2025-10-07T04:30:00Z,117214,12.73,2025-10-07T04:18:55Z,19.97,0.209,17.75,0.209,17.75,0.038,63.95
2025-10-07T04:45:00Z,117215,12.73,2025-10-07T04:38:25Z,19.82,0.21,17.75,0.21,17.75,0.03818181818181818,63.95
2025-10-07T05:00:00Z,117216,12.74,2025-10-07T04:50:00Z,19.67,0.21,17.74,0.21,17.74,0.03818181818181818,63.932
2025-10-07T05:15:00Z,117217,12.73,2025-10-07T05:14:00Z,19.51,0.21,17.69,0.21,17.69,0.03818181818181818,63.842
2025-10-07T05:30:00Z,117218,12.73,2025-10-07T05:16:40Z,19.38,0.21,17.68,0.21,17.68,0.03818181818181818,63.824
2025-10-07T05:45:00Z,117219,12.74,2025-10-07T05:41:45Z,19.32,0.21,17.68,0.21,17.68,0.03818181818181818,63.824
2025-10-07T06:00:00Z,117220,12.71,2025-10-07T05:59:40Z,19.31,0.211,17.69,0.211,17.69,0.038363636363636364,63.842
2025-10-07T06:15:00Z,117221,12.72,2025-10-07T06:04:40Z,19.31,0.212,17.69,0.212,17.69,0.03854545454545454,63.842
2025-10-07T06:30:00Z,117222,12.72,2025-10-07T06:26:00Z,19.31,0.212,17.69,0.212,17.69,0.03854545454545454,63.842
2025-10-07T06:45:00Z,117223,12.66,2025-10-07T06:31:30Z,19.31,0.212,17.68,0.212,17.68,0.03854545454545454,63.824
2025-10-07T07:00:00Z,117224,12.69,2025-10-07T06:58:00Z,19.31,0.211,17.68,0.211,17.68,0.038363636363636364,63.824
2025-10-07T07:15:00Z,117225,12.7,2025-10-07T07:01:25Z,19.33,0.212,17.7,0.212,17.7,0.03854545454545454,63.86
2025-10-07T07:30:00Z,117226,12.68,2025-10-07T07:18:00Z,19.34,0.213,17.71,0.213,17.71,0.03872727272727273,63.878
2025-10-07T07:45:00Z,117227,12.67,2025-10-07T07:36:05Z,19.23,0.213,17.66,0.213,17.66,0.03872727272727273,63.788
2025-10-07T08:00:00Z,117228,12.7,2025-10-07T07:51:20Z,19.03,0.212,17.59,0.212,17.59,0.03854545454545454,63.662
2025-10-07T08:15:00Z,117229,12.71,2025-10-07T08:00:30Z,18.95,0.212,17.6,0.212,17.6,0.03854545454545454,63.68
2025-10-07T08:30:00Z,117230,12.71,2025-10-07T08:16:15Z,18.99,0.213,17.66,0.213,17.66,0.03872727272727273,63.788
2025-10-07T08:45:00Z,117231,12.7,2025-10-07T08:42:45Z,19.09,0.224,17.74,0.224,17.74,0.04,63.932
2025-10-07T09:00:00Z,117232,12.68,2025-10-07T08:55:00Z,18.81,0.253,17.67,0.253,17.67,0.05,63.806000000000004
2025-10-07T09:15:00Z,117233,12.74,2025-10-07T09:00:05Z,18.36,0.255,17.62,0.255,17.62,0.05,63.716
2025-10-07T09:30:00Z,117234,12.74,2025-10-07T09:15:10Z,17.98,0.248,17.58,0.248,17.58,0.05,63.64399999999999
2025-10-07T09:45:00Z,117235,12.76,2025-10-07T09:32:40Z,17.73,0.242,17.57,0.242,17.57,0.05,63.626
2025-10-07T10:00:00Z,117236,12.81,2025-10-07T09:45:35Z,17.66,0.237,17.6,0.237,17.6,0.04699999999999999,63.68
2025-10-07T10:15:00Z,117237,12.86,2025-10-07T10:13:30Z,17.71,0.233,17.65,0.233,17.65,0.04300000000000001,63.769999999999996
2025-10-07T10:30:00Z,117238,12.88,2025-10-07T10:22:25Z,17.69,0.23,17.62,0.23,17.62,0.04,63.716
2025-10-07T10:45:00Z,117239,12.95,2025-10-07T10:30:15Z,17.77,0.229,17.66,0.229,17.66,0.04,63.788
2025-10-07T11:00:00Z,117240,13.04,2025-10-07T10:45:05Z,17.93,0.226,17.76,0.226,17.76,0.04,63.968
2025-10-07T11:15:00Z,117241,13.18,2025-10-07T11:00:05Z,18.14,0.223,17.86,0.223,17.86,0.04,64.148
2025-10-07T11:30:00Z,117242,13.34,2025-10-07T11:15:25Z,18.35,0.22,17.99,0.22,17.99,0.04,64.382
2025-10-07T11:45:00Z,117243,13.5,2025-10-07T11:30:05Z,18.7,0.218,18.14,0.218,18.14,0.039636363636363636,64.652
2025-10-07T12:00:00Z,117244,13.48,2025-10-07T11:58:00Z,18.97,0.217,18.23,0.217,18.23,0.03945454545454546,64.814
2025-10-07T12:15:00Z,117245,13.42,2025-10-07T12:02:15Z,19.09,0.215,18.23,0.215,18.23,0.03909090909090909,64.814
2025-10-07T12:30:00Z,117246,13.46,2025-10-07T12:15:05Z,19.1,0.213,18.24,0.213,18.24,0.03872727272727273,64.832
2025-10-07T12:45:00Z,117247,13.44,2025-10-07T12:44:00Z,19.15,0.212,18.33,0.212,18.33,0.03854545454545454,64.994
2025-10-07T13:00:00Z,117248,13.32,2025-10-07T12:59:00Z,19.12,0.211,18.32,0.211,18.32,0.038363636363636364,64.976
2025-10-07T13:15:00Z,117249,13.32,2025-10-07T13:01:40Z,19.04,0.21,18.26,0.21,18.26,0.03818181818181818,64.868
2025-10-07T13:30:00Z,117250,13.47,2025-10-07T13:15:05Z,19.13,0.21,18.38,0.21,18.38,0.03818181818181818,65.084
2025-10-07T13:45:00Z,117251,13.46,2025-10-07T13:40:00Z,19.36,0.211,18.56,0.211,18.56,0.038363636363636364,65.408
2025-10-07T14:00:00Z,117252,13.42,2025-10-07T14:00:00Z,19.44,0.211,18.58,0.211,18.58,0.038363636363636364,65.44399999999999
2025-10-07T14:15:00Z,117253,13.3,2025-10-07T14:13:55Z,19.36,0.212,18.5,0.212,18.5,0.03854545454545454,65.3
2025-10-07T14:30:00Z,117254,13.3,2025-10-07T14:26:40Z,18.58,0.208,18.2,0.208,18.2,0.03781818181818182,64.75999999999999
2025-10-07T14:45:00Z,117255,13.23,2025-10-07T14:42:10Z,17.6,0.206,17.96,0.206,17.96,0.037454545454545456,64.328
2025-10-07T15:00:00Z,117256,13.21,2025-10-07T14:59:45Z,16.76,0.205,17.76,0.205,17.76,0.03727272727272727,63.968
2025-10-07T15:15:00Z,117257,13.18,2025-10-07T15:14:55Z,15.94,0.203,17.53,0.203,17.53,0.03690909090909091,63.554
2025-10-07T15:30:00Z,117258,13.18,2025-10-07T15:15:10Z,15.34,0.201,17.4,0.201,17.4,0.03654545454545455,63.32
2025-10-07T15:45:00Z,117259,13.19,2025-10-07T15:44:00Z,14.95,0.2,17.33,0.2,17.33,0.03636363636363637,63.193999999999996
2025-10-07T16:00:00Z,117260,13.2,2025-10-07T15:46:45Z,14.67,0.199,17.22,0.199,17.22,0.03618181818181818,62.995999999999995
2025-10-07T16:15:00Z,117261,13.2,2025-10-07T16:12:10Z,14.29,0.198,17.11,0.198,17.11,0.036000000000000004,62.798
2025-10-07T16:30:00Z,117262,13.25,2025-10-07T16:15:20Z,13.83,0.197,16.97,0.197,16.97,0.03581818181818182,62.546
2025-10-07T16:45:00Z,117263,13.23,2025-10-07T16:39:00Z,13.33,0.195,16.75,0.195,16.75,0.035454545454545454,62.15
2025-10-07T17:00:00Z,117264,13.21,2025-10-07T16:53:35Z,12.88,0.193,16.55,0.193,16.55,0.035090909090909096,61.790000000000006
2025-10-07T17:15:00Z,117265,13.19,2025-10-07T17:09:30Z,12.59,0.191,16.36,0.191,16.36,0.034727272727272725,61.448
2025-10-07T17:30:00Z,117266,13.23,2025-10-07T17:22:25Z,12.53,0.19,16.3,0.19,16.3,0.034545454545454546,61.34
2025-10-07T17:45:00Z,117267,13.18,2025-10-07T17:37:00Z,12.55,0.189,16.22,0.189,16.22,0.03436363636363637,61.196
2025-10-07T18:00:00Z,117268,13.19,2025-10-07T17:59:25Z,12.52,0.188,16.09,0.188,16.09,0.03418181818181818,60.962
2025-10-07T18:15:00Z,117269,13.16,2025-10-07T18:07:00Z,12.48,0.187,15.97,0.187,15.97,0.034,60.746
2025-10-07T18:30:00Z,117270,13.17,2025-10-07T18:17:00Z,12.46,0.186,15.88,0.186,15.88,0.03381818181818182,60.584
2025-10-07T18:45:00Z,117271,13.11,2025-10-07T18:44:25Z,12.43,0.185,15.76,0.185,15.76,0.03363636363636364,60.368
2025-10-07T19:00:00Z,117272,13.04,2025-10-07T18:54:15Z,12.3,0.184,15.62,0.184,15.62,0.03345454545454545,60.116
2025-10-07T19:15:00Z,117273,13.01,2025-10-07T19:15:00Z,12.2,0.183,15.54,0.183,15.54,0.03327272727272727,59.971999999999994
2025-10-07T19:30:00Z,117274,12.83,2025-10-07T19:24:00Z,12.19,0.183,15.47,0.183,15.47,0.03327272727272727,59.846000000000004
2025-10-07T19:45:00Z,117275,12.92,2025-10-07T19:40:35Z,12.06,0.182,15.31,0.182,15.31,0.033090909090909094,59.558
2025-10-07T20:00:00Z,117276,12.89,2025-10-07T19:58:50Z,11.73,0.181,15.16,0.181,15.16,0.03290909090909091,59.288
2025-10-07T20:15:00Z,117277,12.87,2025-10-07T20:10:45Z,11.37,0.18,15.06,0.18,15.06,0.03272727272727272,59.108
2025-10-07T20:30:00Z,117278,12.84,2025-10-07T20:18:50Z,11.16,0.179,15.02,0.179,15.02,0.032545454545454544,59.036
2025-10-07T20:45:00Z,117279,12.82,2025-10-07T20:37:50Z,11.11,0.179,15.01,0.179,15.01,0.032545454545454544,59.018
2025-10-07T21:00:00Z,117280,12.77,2025-10-07T20:58:50Z,11.11,0.179,14.97,0.179,14.97,0.032545454545454544,58.946000000000005
2025-10-07T21:15:00Z,117281,12.77,2025-10-07T21:13:45Z,11.1,0.178,14.93,0.178,14.93,0.032363636363636365,58.874
2025-10-07T21:30:00Z,117282,12.79,2025-10-07T21:23:25Z,11.08,0.178,14.89,0.178,14.89,0.032363636363636365,58.802
2025-10-07T21:45:00Z,117283,12.78,2025-10-07T21:44:10Z,11.06,0.177,14.85,0.177,14.85,0.03218181818181818,58.730000000000004
2025-10-07T22:00:00Z,117284,12.76,2025-10-07T21:47:45Z,11.02,0.177,14.79,0.177,14.79,0.03218181818181818,58.622
2025-10-07T22:15:00Z,117285,12.79,2025-10-07T22:10:30Z,10.84,0.177,14.67,0.177,14.67,0.03218181818181818,58.406
2025-10-07T22:30:00Z,117286,12.77,2025-10-07T22:20:35Z,10.5,0.175,14.53,0.175,14.53,0.031818181818181815,58.153999999999996
2025-10-07T22:45:00Z,117287,12.77,2025-10-07T22:36:40Z,10.19,0.174,14.44,0.174,14.44,0.031636363636363636,57.992000000000004
2025-10-07T23:00:00Z,117288,12.77,2025-10-07T22:48:15Z,9.9,0.173,14.32,0.173,14.32,0.03145454545454545,57.775999999999996
2025-10-07T23:15:00Z,117289,12.76,2025-10-07T23:03:50Z,9.61,0.172,14.21,0.172,14.21,0.03127272727272727,57.578
2025-10-07T23:30:00Z,117290,12.76,2025-10-07T23:16:50Z,9.32,0.172,14.11,0.172,14.11,0.03127272727272727,57.397999999999996
2025-10-07T23:45:00Z,117291,12.74,2025-10-07T23:37:05Z,9.03,0.171,13.99,0.171,13.99,0.031090909090909093,57.182
2025-10-08T00:15:00Z,117293,12.73,2025-10-08T00:09:50Z,8.51,0.17,13.75,0.17,13.75,0.030909090909090914,56.75
2025-10-08T00:30:00Z,117294,12.71,2025-10-08T00:28:10Z,8.31,0.169,13.63,0.169,13.63,0.030727272727272728,56.534
2025-10-08T00:45:00Z,117295,12.67,2025-10-08T00:38:05Z,8.13,0.168,13.52,0.168,13.52,0.030545454545454546,56.336
2025-10-08T01:00:00Z,117296,12.67,2025-10-08T00:51:40Z,8.01,0.167,13.43,0.167,13.43,0.030363636363636367,56.174
2025-10-08T01:15:00Z,117297,12.67,2025-10-08T01:07:45Z,8,0.167,13.36,0.167,13.36,0.030363636363636367,56.048
2025-10-08T01:30:00Z,117298,12.64,2025-10-08T01:26:40Z,8.09,0.166,13.32,0.166,13.32,0.030181818181818185,55.976
2025-10-08T01:45:00Z,117299,12.68,2025-10-08T01:34:30Z,8.2,0.166,13.27,0.166,13.27,0.030181818181818185,55.885999999999996
2025-10-08T02:00:00Z,117300,12.62,2025-10-08T01:54:50Z,8.23,0.166,13.22,0.166,13.22,0.030181818181818185,55.796
2025-10-08T02:15:00Z,117301,12.63,2025-10-08T02:10:50Z,8.2,0.165,13.14,0.165,13.14,0.03,55.652
2025-10-08T02:30:00Z,117302,12.63,2025-10-08T02:18:15Z,8.1,0.165,13.06,0.165,13.06,0.03,55.508
2025-10-08T02:45:00Z,117303,12.61,2025-10-08T02:43:25Z,7.953,0.165,12.99,0.165,12.99,0.03,55.382
2025-10-08T03:00:00Z,117304,12.62,2025-10-08T02:54:25Z,7.763,0.164,12.9,0.164,12.9,0.02981818181818182,55.22
2025-10-08T03:15:00Z,117305,12.6,2025-10-08T03:05:10Z,7.51,0.164,12.81,0.164,12.81,0.02981818181818182,55.058
2025-10-08T03:30:00Z,117306,12.62,2025-10-08T03:25:30Z,7.236,0.163,12.71,0.163,12.71,0.029636363636363638,54.878
2025-10-08T03:45:00Z,117307,12.62,2025-10-08T03:35:10Z,7.025,0.163,12.62,0.163,12.62,0.029636363636363638,54.716
2025-10-08T04:00:00Z,117308,12.61,2025-10-08T03:47:50Z,6.843,0.163,12.53,0.163,12.53,0.029636363636363638,54.554
2025-10-08T04:15:00Z,117309,12.6,2025-10-08T04:08:20Z,6.689,0.162,12.45,0.162,12.45,0.029454545454545455,54.41
2025-10-08T04:30:00Z,117310,12.61,2025-10-08T04:17:45Z,6.595,0.162,12.37,0.162,12.37,0.029454545454545455,54.266
2025-10-08T04:45:00Z,117311,12.6,2025-10-08T04:35:45Z,6.534,0.162,12.31,0.162,12.31,0.029454545454545455,54.158
2025-10-08T05:00:00Z,117312,12.61,2025-10-08T04:49:35Z,6.494,0.161,12.25,0.161,12.25,0.029272727272727273,54.05
2025-10-08T05:15:00Z,117313,12.59,2025-10-08T05:03:15Z,6.49,0.161,12.22,0.161,12.22,0.029272727272727273,53.996
2025-10-08T05:30:00Z,117314,12.6,2025-10-08T05:15:05Z,6.658,0.162,12.28,0.162,12.28,0.029454545454545455,54.104
2025-10-08T05:45:00Z,117315,12.58,2025-10-08T05:30:50Z,6.983,0.162,12.38,0.162,12.38,0.029454545454545455,54.284
2025-10-08T06:00:00Z,117316,12.58,2025-10-08T05:58:15Z,7.358,0.162,12.47,0.162,12.47,0.029454545454545455,54.446
2025-10-08T06:15:00Z,117317,12.57,2025-10-08T06:12:10Z,7.738,0.162,12.55,0.162,12.55,0.029454545454545455,54.59
2025-10-08T06:30:00Z,117318,12.58,2025-10-08T06:23:45Z,8.11,0.162,12.6,0.162,12.6,0.029454545454545455,54.68
2025-10-08T06:45:00Z,117319,12.57,2025-10-08T06:39:45Z,8.19,0.161,12.52,0.161,12.52,0.029272727272727273,54.536
2025-10-08T07:00:00Z,117320,12.56,2025-10-08T06:45:35Z,7.996,0.16,12.39,0.16,12.39,0.02909090909090909,54.302
2025-10-08T07:15:00Z,117321,12.58,2025-10-08T07:12:30Z,7.722,0.16,12.28,0.16,12.28,0.02909090909090909,54.104
2025-10-08T07:30:00Z,117322,12.57,2025-10-08T07:20:45Z,7.49,0.159,12.18,0.159,12.18,0.028909090909090912,53.924
2025-10-08T07:45:00Z,117323,12.58,2025-10-08T07:39:55Z,7.287,0.158,12.09,0.158,12.09,0.028727272727272726,53.762
2025-10-08T08:00:00Z,117324,12.57,2025-10-08T07:48:15Z,7.105,0.158,12.01,0.158,12.01,0.028727272727272726,53.618
2025-10-08T08:15:00Z,117325,12.59,2025-10-08T08:02:30Z,6.965,0.158,11.96,0.158,11.96,0.028727272727272726,53.528000000000006
2025-10-08T08:30:00Z,117326,12.6,2025-10-08T08:15:55Z,6.885,0.158,11.91,0.158,11.91,0.028727272727272726,53.438
2025-10-08T08:45:00Z,117327,12.63,2025-10-08T08:31:00Z,6.881,0.158,11.85,0.158,11.85,0.028727272727272726,53.33
2025-10-08T09:00:00Z,117328,12.64,2025-10-08T08:45:55Z,6.937,0.157,11.81,0.157,11.81,0.028545454545454544,53.258
2025-10-08T09:15:00Z,117329,12.65,2025-10-08T09:11:00Z,7.078,0.156,11.79,0.156,11.79,0.028363636363636365,53.221999999999994
2025-10-08T09:30:00Z,117330,12.7,2025-10-08T09:15:15Z,7.256,0.156,11.77,0.156,11.77,0.028363636363636365,53.186
2025-10-08T09:45:00Z,117331,12.7,2025-10-08T09:38:20Z,7.399,0.156,11.73,0.156,11.73,0.028363636363636365,53.114000000000004
2025-10-08T10:00:00Z,117332,12.69,2025-10-08T09:46:05Z,7.551,0.155,11.71,0.155,11.71,0.028181818181818183,53.078
2025-10-08T10:15:00Z,117333,12.74,2025-10-08T10:02:05Z,7.758,0.155,11.72,0.155,11.72,0.028181818181818183,53.096000000000004
2025-10-08T10:30:00Z,117334,12.74,2025-10-08T10:15:55Z,8.01,0.155,11.73,0.155,11.73,0.028181818181818183,53.114000000000004
2025-10-08T10:45:00Z,117335,12.76,2025-10-08T10:32:55Z,8.36,0.155,11.72,0.155,11.72,0.028181818181818183,53.096000000000004
2025-10-08T11:00:00Z,117336,12.77,2025-10-08T10:47:25Z,8.81,0.155,11.7,0.155,11.7,0.028181818181818183,53.06
2025-10-08T11:15:00Z,117337,12.79,2025-10-08T11:00:50Z,9.39,0.155,11.71,0.155,11.71,0.028181818181818183,53.078
2025-10-08T11:30:00Z,117338,12.81,2025-10-08T11:22:35Z,10.17,0.155,11.73,0.155,11.73,0.028181818181818183,53.114000000000004
2025-10-08T11:45:00Z,117339,12.84,2025-10-08T11:30:05Z,10.8,0.155,11.72,0.155,11.72,0.028181818181818183,53.096000000000004
2025-10-08T12:00:00Z,117340,12.87,2025-10-08T11:55:50Z,11.37,0.154,11.72,0.154,11.72,0.027999999999999997,53.096000000000004
2025-10-08T12:15:00Z,117341,12.88,2025-10-08T12:04:35Z,11.9,0.155,11.77,0.155,11.77,0.028181818181818183,53.186
2025-10-08T12:30:00Z,117342,12.93,2025-10-08T12:15:40Z,12.33,0.155,11.82,0.155,11.82,0.028181818181818183,53.275999999999996
2025-10-08T12:45:00Z,117343,12.98,2025-10-08T12:35:50Z,12.73,0.155,11.85,0.155,11.85,0.028181818181818183,53.33
2025-10-08T13:00:00Z,117344,13.01,2025-10-08T12:45:10Z,13.07,0.155,11.86,0.155,11.86,0.028181818181818183,53.348
2025-10-08T13:15:00Z,117345,13.05,2025-10-08T13:00:20Z,13.37,0.155,11.89,0.155,11.89,0.028181818181818183,53.402
2025-10-08T13:30:00Z,117346,13.16,2025-10-08T13:15:25Z,14.28,0.155,11.91,0.155,11.91,0.028181818181818183,53.438
2025-10-08T13:45:00Z,117347,14.08,2025-10-08T13:45:00Z,16.94,0.155,11.94,0.155,11.94,0.028181818181818183,53.492
2025-10-08T14:00:00Z,117348,13.85,2025-10-08T13:55:00Z,18.91,0.156,12.01,0.156,12.01,0.028363636363636365,53.618
2025-10-08T14:15:00Z,117349,13.89,2025-10-08T14:10:35Z,18.76,0.155,12.05,0.155,12.05,0.028181818181818183,53.69
2025-10-08T14:30:00Z,117350,14.13,2025-10-08T14:15:35Z,18.69,0.155,12.09,0.155,12.09,0.028181818181818183,53.762
2025-10-08T14:45:00Z,117351,14.18,2025-10-08T14:43:10Z,20.07,0.155,12.16,0.155,12.16,0.028181818181818183,53.888
2025-10-08T15:00:00Z,117352,14.15,2025-10-08T14:51:50Z,21.59,0.156,12.25,0.156,12.25,0.028363636363636365,54.05
2025-10-08T15:15:00Z,117353,14.12,2025-10-08T15:06:55Z,22.52,0.156,12.31,0.156,12.31,0.028363636363636365,54.158
2025-10-08T15:30:00Z,117354,13.71,2025-10-08T15:29:40Z,22.92,0.156,12.38,0.156,12.38,0.028363636363636365,54.284
2025-10-08T15:45:00Z,117355,13.7,2025-10-08T15:45:00Z,23.25,0.156,12.43,0.156,12.43,0.028363636363636365,54.374
2025-10-08T16:00:00Z,117356,13.71,2025-10-08T15:48:40Z,23.24,0.156,12.45,0.156,12.45,0.028363636363636365,54.41
2025-10-08T16:15:00Z,117357,13.71,2025-10-08T16:00:40Z,23.01,0.156,12.43,0.156,12.43,0.028363636363636365,54.374
2025-10-08T16:30:00Z,117358,13.7,2025-10-08T16:18:20Z,22.63,0.155,12.4,0.155,12.4,0.028181818181818183,54.32
2025-10-08T16:45:00Z,117359,13.72,2025-10-08T16:40:40Z,22.3,0.155,12.36,0.155,12.36,0.028181818181818183,54.248
2025-10-08T17:00:00Z,117360,13.74,2025-10-08T16:46:20Z,21.94,0.154,12.3,0.154,12.3,0.027999999999999997,54.14
2025-10-08T17:15:00Z,117361,13.76,2025-10-08T17:02:00Z,21.55,0.153,12.26,0.153,12.26,0.02781818181818182,54.068
2025-10-08T17:30:00Z,117362,13.75,2025-10-08T17:15:35Z,20.91,0.153,12.2,0.153,12.2,0.02781818181818182,53.96
2025-10-08T17:45:00Z,117363,13.78,2025-10-08T17:35:05Z,19.99,0.153,12.18,0.153,12.18,0.02781818181818182,53.924
2025-10-08T18:00:00Z,117364,13.72,2025-10-08T17:50:45Z,18.74,0.152,12.14,0.152,12.14,0.027636363636363636,53.852000000000004
2025-10-08T18:15:00Z,117365,13.55,2025-10-08T18:14:20Z,17.45,0.152,12.1,0.152,12.1,0.027636363636363636,53.78
2025-10-08T18:30:00Z,117366,13.41,2025-10-08T18:29:30Z,16.25,0.152,12.03,0.152,12.03,0.027636363636363636,53.653999999999996
2025-10-08T18:45:00Z,117367,13.3,2025-10-08T18:42:30Z,15.12,0.151,11.99,0.151,11.99,0.027454545454545454,53.582
2025-10-08T19:00:00Z,117368,13.21,2025-10-08T18:57:40Z,14.12,0.152,11.96,0.152,11.96,0.027636363636363636,53.528000000000006
2025-10-08T19:15:00Z,117369,13.15,2025-10-08T19:13:50Z,13.17,0.152,11.92,0.152,11.92,0.027636363636363636,53.456
2025-10-08T19:30:00Z,117370,13.08,2025-10-08T19:16:45Z,12.17,0.151,11.86,0.151,11.86,0.027454545454545454,53.348
2025-10-08T19:45:00Z,117371,13.03,2025-10-08T19:41:15Z,11.17,0.151,11.77,0.151,11.77,0.027454545454545454,53.186
2025-10-08T20:00:00Z,117372,12.99,2025-10-08T19:50:25Z,10.23,0.151,11.68,0.151,11.68,0.027454545454545454,53.024
2025-10-08T20:15:00Z,117373,12.95,2025-10-08T20:08:10Z,9.41,0.15,11.58,0.15,11.58,0.02727272727272727,52.844
2025-10-08T20:30:00Z,117374,12.91,2025-10-08T20:15:25Z,8.69,0.15,11.48,0.15,11.48,0.02727272727272727,52.664
2025-10-08T20:45:00Z,117375,12.91,2025-10-08T20:31:55Z,8.09,0.149,11.38,0.149,11.38,0.02709090909090909,52.484
2025-10-08T21:00:00Z,117376,12.89,2025-10-08T20:59:00Z,7.556,0.148,11.28,0.148,11.28,0.02690909090909091,52.304
2025-10-08T21:15:00Z,117377,12.89,2025-10-08T21:14:40Z,7.113,0.148,11.18,0.148,11.18,0.02690909090909091,52.124
2025-10-08T21:30:00Z,117378,12.85,2025-10-08T21:27:25Z,6.759,0.147,11.09,0.147,11.09,0.026727272727272725,51.962
2025-10-08T21:45:00Z,117379,12.85,2025-10-08T21:44:20Z,6.452,0.147,11.01,0.147,11.01,0.026727272727272725,51.818
2025-10-08T22:00:00Z,117380,12.84,2025-10-08T21:52:20Z,6.163,0.147,10.93,0.147,10.93,0.026727272727272725,51.674
2025-10-08T22:15:00Z,117381,12.77,2025-10-08T22:00:40Z,5.884,0.147,10.84,0.147,10.84,0.026727272727272725,51.512
2025-10-08T22:30:00Z,117382,12.85,2025-10-08T22:19:30Z,5.612,0.146,10.74,0.146,10.74,0.026545454545454542,51.332
2025-10-08T22:45:00Z,117383,12.83,2025-10-08T22:31:15Z,5.323,0.146,10.64,0.146,10.64,0.026545454545454542,51.152
2025-10-08T23:00:00Z,117384,12.8,2025-10-08T22:46:35Z,5.043,0.146,10.55,0.146,10.55,0.026545454545454542,50.99
2025-10-08T23:15:00Z,117385,12.81,2025-10-08T23:04:40Z,4.814,0.147,10.46,0.147,10.46,0.026727272727272725,50.828
2025-10-08T23:30:00Z,117386,12.82,2025-10-08T23:22:05Z,4.604,0.146,10.37,0.146,10.37,0.026545454545454542,50.666
2025-10-08T23:45:00Z,117387,12.81,2025-10-08T23:30:35Z,4.404,0.146,10.28,0.146,10.28,0.026545454545454542,50.504
2025-10-09T00:15:00Z,117389,12.81,2025-10-09T00:00:10Z,4.004,0.145,10.1,0.145,10.1,0.026363636363636363,50.18
2025-10-09T00:30:00Z,117390,12.8,2025-10-09T00:20:15Z,3.841,0.145,10.03,0.145,10.03,0.026363636363636363,50.054
2025-10-09T00:45:00Z,117391,12.81,2025-10-09T00:33:40Z,3.669,0.144,9.94,0.144,9.94,0.02618181818181818,49.891999999999996
2025-10-09T01:00:00Z,117392,12.78,2025-10-09T00:55:25Z,3.486,0.144,9.85,0.144,9.85,0.02618181818181818,49.73
2025-10-09T01:15:00Z,117393,12.78,2025-10-09T01:06:45Z,3.331,0.144,9.77,0.144,9.77,0.02618181818181818,49.586
2025-10-09T01:30:00Z,117394,12.77,2025-10-09T01:22:55Z,3.182,0.144,9.7,0.144,9.7,0.02618181818181818,49.46
2025-10-09T01:45:00Z,117395,12.77,2025-10-09T01:39:30Z,3.051,0.143,9.63,0.143,9.63,0.025999999999999995,49.334
2025-10-09T02:00:00Z,117396,12.76,2025-10-09T01:58:30Z,2.932,0.143,9.57,0.143,9.57,0.025999999999999995,49.226
2025-10-09T02:15:00Z,117397,12.77,2025-10-09T02:10:55Z,2.821,0.142,9.5,0.142,9.5,0.025818181818181817,49.1
2025-10-09T02:30:00Z,117398,12.77,2025-10-09T02:17:10Z,2.715,0.142,9.43,0.142,9.43,0.025818181818181817,48.974000000000004
2025-10-09T02:45:00Z,117399,12.76,2025-10-09T02:32:20Z,2.618,0.141,9.37,0.141,9.37,0.025636363636363634,48.866
2025-10-09T03:00:00Z,117400,12.75,2025-10-09T02:49:35Z,2.53,0.141,9.36,0.141,9.36,0.025636363636363634,48.848
2025-10-09T03:15:00Z,117401,12.76,2025-10-09T03:08:50Z,2.443,0.141,9.29,0.141,9.29,0.025636363636363634,48.721999999999994
2025-10-09T03:30:00Z,117402,12.74,2025-10-09T03:21:15Z,2.354,0.141,9.23,0.141,9.23,0.025636363636363634,48.614000000000004
2025-10-09T03:45:00Z,117403,12.74,2025-10-09T03:44:45Z,2.269,0.141,9.16,0.141,9.16,0.025636363636363634,48.488
2025-10-09T04:00:00Z,117404,12.71,2025-10-09T03:58:10Z,2.198,0.141,9.1,0.141,9.1,0.025636363636363634,48.379999999999995
2025-10-09T04:15:00Z,117405,12.73,2025-10-09T04:08:05Z,2.132,0.141,9.04,0.141,9.04,0.025636363636363634,48.272
2025-10-09T04:30:00Z,117406,12.72,2025-10-09T04:22:35Z,2.074,0.141,8.98,0.141,8.98,0.025636363636363634,48.164
2025-10-09T04:45:00Z,117407,12.71,2025-10-09T04:34:45Z,2.02,0.14,8.93,0.14,8.93,0.02545454545454546,48.074
2025-10-09T05:00:00Z,117408,12.69,2025-10-09T04:46:30Z,1.966,0.14,8.87,0.14,8.87,0.02545454545454546,47.966
2025-10-09T05:15:00Z,117409,12.71,2025-10-09T05:03:00Z,1.919,0.14,8.82,0.14,8.82,0.02545454545454546,47.876
2025-10-09T05:30:00Z,117410,12.7,2025-10-09T05:26:35Z,1.863,0.14,8.76,0.14,8.76,0.02545454545454546,47.768
2025-10-09T05:45:00Z,117411,12.69,2025-10-09T05:42:10Z,1.799,0.14,8.71,0.14,8.71,0.02545454545454546,47.678000000000004
2025-10-09T06:00:00Z,117412,12.68,2025-10-09T05:51:10Z,1.75,0.14,8.66,0.14,8.66,0.02545454545454546,47.588
2025-10-09T06:15:00Z,117413,12.68,2025-10-09T06:13:20Z,1.728,0.14,8.61,0.14,8.61,0.02545454545454546,47.498
2025-10-09T06:30:00Z,117414,12.58,2025-10-09T06:17:45Z,1.707,0.14,8.56,0.14,8.56,0.02545454545454546,47.408
2025-10-09T06:45:00Z,117415,12.64,2025-10-09T06:36:30Z,1.674,0.14,8.51,0.14,8.51,0.02545454545454546,47.318
2025-10-09T07:00:00Z,117416,12.63,2025-10-09T06:56:45Z,1.65,0.14,8.47,0.14,8.47,0.02545454545454546,47.246
2025-10-09T07:15:00Z,117417,12.63,2025-10-09T07:09:05Z,1.67,0.14,8.43,0.14,8.43,0.02545454545454546,47.174
2025-10-09T07:30:00Z,117418,12.63,2025-10-09T07:20:30Z,1.659,0.14,8.39,0.14,8.39,0.02545454545454546,47.102000000000004
2025-10-09T07:45:00Z,117419,12.63,2025-10-09T07:34:05Z,1.658,0.14,8.35,0.14,8.35,0.02545454545454546,47.03
2025-10-09T08:00:00Z,117420,12.62,2025-10-09T07:48:00Z,1.685,0.139,8.32,0.139,8.32,0.025272727272727273,46.976
2025-10-09T08:15:00Z,117421,12.62,2025-10-09T08:07:25Z,1.7,0.139,8.31,0.139,8.31,0.025272727272727273,46.958
2025-10-09T08:30:00Z,117422,12.5,2025-10-09T08:15:30Z,1.768,0.139,8.3,0.139,8.3,0.025272727272727273,46.94
2025-10-09T08:45:00Z,117423,12.58,2025-10-09T08:43:10Z,1.901,0.14,8.32,0.14,8.32,0.02545454545454546,46.976
2025-10-09T09:00:00Z,117424,12.66,2025-10-09T08:50:35Z,2.089,0.14,8.34,0.14,8.34,0.02545454545454546,47.012
2025-10-09T09:15:00Z,117425,12.68,2025-10-09T09:01:05Z,2.429,0.141,8.39,0.141,8.39,0.025636363636363634,47.102000000000004
2025-10-09T09:30:00Z,117426,12.7,2025-10-09T09:20:00Z,3.036,0.141,8.47,0.141,8.47,0.025636363636363634,47.246
2025-10-09T09:45:00Z,117427,12.71,2025-10-09T09:37:35Z,3.787,0.142,8.57,0.142,8.57,0.025818181818181817,47.426
2025-10-09T10:00:00Z,117428,12.7,2025-10-09T09:46:50Z,4.552,0.143,8.68,0.143,8.68,0.025999999999999995,47.624
2025-10-09T10:15:00Z,117429,12.71,2025-10-09T10:08:45Z,5.244,0.143,8.8,0.143,8.8,0.025999999999999995,47.84
2025-10-09T10:30:00Z,117430,12.74,2025-10-09T10:15:30Z,5.895,0.143,8.92,0.143,8.92,0.025999999999999995,48.056
2025-10-09T10:45:00Z,117431,12.74,2025-10-09T10:33:05Z,6.452,0.144,9.01,0.144,9.01,0.02618181818181818,48.218
2025-10-09T11:00:00Z,117432,12.74,2025-10-09T10:47:00Z,7.032,0.144,9.09,0.144,9.09,0.02618181818181818,48.362
2025-10-09T11:15:00Z,117433,12.72,2025-10-09T11:01:45Z,7.786,0.144,9.19,0.144,9.19,0.02618181818181818,48.542
2025-10-09T11:30:00Z,117434,12.78,2025-10-09T11:17:25Z,8.71,0.144,9.29,0.144,9.29,0.02618181818181818,48.721999999999994
2025-10-09T11:45:00Z,117435,12.79,2025-10-09T11:30:10Z,9.41,0.145,9.36,0.145,9.36,0.026363636363636363,48.848
2025-10-09T12:00:00Z,117436,12.82,2025-10-09T11:51:05Z,9.99,0.145,9.43,0.145,9.43,0.026363636363636363,48.974000000000004
2025-10-09T12:15:00Z,117437,12.76,2025-10-09T12:10:55Z,10.46,0.145,9.48,0.145,9.48,0.026363636363636363,49.064
2025-10-09T12:30:00Z,117438,12.88,2025-10-09T12:18:10Z,10.86,0.145,9.54,0.145,9.54,0.026363636363636363,49.172
2025-10-09T12:45:00Z,117439,12.94,2025-10-09T12:33:25Z,11.3,0.145,9.62,0.145,9.62,0.026363636363636363,49.316
2025-10-09T13:00:00Z,117440,12.97,2025-10-09T12:50:45Z,11.67,0.145,9.7,0.145,9.7,0.026363636363636363,49.46
2025-10-09T13:15:00Z,117441,12.9,2025-10-09T13:01:25Z,11.98,0.145,9.79,0.145,9.79,0.026363636363636363,49.622
2025-10-09T13:30:00Z,117442,13.23,2025-10-09T13:15:05Z,13.09,0.145,9.86,0.145,9.86,0.026363636363636363,49.748
2025-10-09T13:45:00Z,117443,14.19,2025-10-09T13:44:40Z,16.13,0.145,9.95,0.145,9.95,0.026363636363636363,49.91
2025-10-09T14:00:00Z,117444,13.87,2025-10-09T13:55:25Z,18.2,0.146,10.05,0.146,10.05,0.026545454545454542,50.09
2025-10-09T14:15:00Z,117445,13.88,2025-10-09T14:11:40Z,17.95,0.145,10.13,0.145,10.13,0.026363636363636363,50.234
2025-10-09T14:30:00Z,117446,14.04,2025-10-09T14:15:05Z,17.59,0.145,10.21,0.145,10.21,0.026363636363636363,50.378
2025-10-09T14:45:00Z,117447,14.2,2025-10-09T14:43:55Z,18.73,0.145,10.3,0.145,10.3,0.026363636363636363,50.54
2025-10-09T15:00:00Z,117448,14.17,2025-10-09T14:58:55Z,20.39,0.145,10.4,0.145,10.4,0.026363636363636363,50.72
2025-10-09T15:15:00Z,117449,14.15,2025-10-09T15:06:10Z,21.52,0.145,10.51,0.145,10.51,0.026363636363636363,50.918
2025-10-09T15:30:00Z,117450,13.77,2025-10-09T15:28:40Z,21.99,0.145,10.61,0.145,10.61,0.026363636363636363,51.098
2025-10-09T15:45:00Z,117451,13.74,2025-10-09T15:32:50Z,22.31,0.145,10.67,0.145,10.67,0.026363636363636363,51.206
2025-10-09T16:00:00Z,117452,13.74,2025-10-09T15:48:45Z,22.54,0.145,10.75,0.145,10.75,0.026363636363636363,51.35
2025-10-09T16:15:00Z,117453,13.71,2025-10-09T16:14:30Z,22.6,0.146,10.78,0.146,10.78,0.026545454545454542,51.403999999999996
2025-10-09T16:30:00Z,117454,13.71,2025-10-09T16:17:10Z,22.36,0.145,10.79,0.145,10.79,0.026363636363636363,51.422
2025-10-09T16:45:00Z,117455,13.72,2025-10-09T16:41:10Z,22.19,0.145,10.83,0.145,10.83,0.026363636363636363,51.494
2025-10-09T17:00:00Z,117456,13.71,2025-10-09T16:53:20Z,22.02,0.145,10.86,0.145,10.86,0.026363636363636363,51.548
2025-10-09T17:15:00Z,117457,13.76,2025-10-09T17:08:10Z,21.8,0.145,10.89,0.145,10.89,0.026363636363636363,51.602000000000004
2025-10-09T17:30:00Z,117458,13.75,2025-10-09T17:24:45Z,21.27,0.145,10.91,0.145,10.91,0.026363636363636363,51.638
2025-10-09T17:45:00Z,117459,13.78,2025-10-09T17:31:05Z,20.3,0.145,10.91,0.145,10.91,0.026363636363636363,51.638
2025-10-09T18:00:00Z,117460,13.7,2025-10-09T17:51:05Z,18.84,0.145,10.91,0.145,10.91,0.026363636363636363,51.638
2025-10-09T18:15:00Z,117461,13.57,2025-10-09T18:13:40Z,17.47,0.145,10.94,0.145,10.94,0.026363636363636363,51.692
2025-10-09T18:30:00Z,117462,13.34,2025-10-09T18:20:45Z,16.24,0.145,10.94,0.145,10.94,0.026363636363636363,51.692
2025-10-09T18:45:00Z,117463,13.33,2025-10-09T18:44:15Z,15.02,0.145,10.92,0.145,10.92,0.026363636363636363,51.656
2025-10-09T19:00:00Z,117464,13.23,2025-10-09T18:56:20Z,13.85,0.144,10.89,0.144,10.89,0.02618181818181818,51.602000000000004
2025-10-09T19:15:00Z,117465,13.16,2025-10-09T19:14:55Z,12.73,0.144,10.84,0.144,10.84,0.02618181818181818,51.512
2025-10-09T19:30:00Z,117466,13.07,2025-10-09T19:29:45Z,11.69,0.143,10.76,0.143,10.76,0.025999999999999995,51.368
2025-10-09T19:45:00Z,117467,13.02,2025-10-09T19:43:20Z,10.73,0.143,10.65,0.143,10.65,0.025999999999999995,51.17
2025-10-09T20:00:00Z,117468,13,2025-10-09T19:57:20Z,9.86,0.143,10.55,0.143,10.55,0.025999999999999995,50.99
2025-10-09T20:15:00Z,117469,12.94,2025-10-09T20:10:55Z,9.09,0.142,10.45,0.142,10.45,0.025818181818181817,50.81
2025-10-09T20:30:00Z,117470,12.93,2025-10-09T20:29:45Z,8.41,0.142,10.34,0.142,10.34,0.025818181818181817,50.612
2025-10-09T20:45:00Z,117471,12.92,2025-10-09T20:33:50Z,7.81,0.142,10.24,0.142,10.24,0.025818181818181817,50.432
2025-10-09T21:00:00Z,117472,12.89,2025-10-09T20:50:50Z,7.29,0.142,10.16,0.142,10.16,0.025818181818181817,50.288
2025-10-09T21:15:00Z,117473,12.88,2025-10-09T21:12:25Z,6.856,0.141,10.07,0.141,10.07,0.025636363636363634,50.126
2025-10-09T21:30:00Z,117474,12.88,2025-10-09T21:15:05Z,6.478,0.141,9.98,0.141,9.98,0.025636363636363634,49.964
2025-10-09T21:45:00Z,117475,12.88,2025-10-09T21:31:05Z,6.159,0.141,9.9,0.141,9.9,0.025636363636363634,49.82
2025-10-09T22:00:00Z,117476,12.85,2025-10-09T21:55:05Z,5.9,0.141,9.82,0.141,9.82,0.025636363636363634,49.676
2025-10-09T22:15:00Z,117477,12.76,2025-10-09T22:00:55Z,5.654,0.14,9.75,0.14,9.75,0.02545454545454546,49.55
2025-10-09T22:30:00Z,117478,12.84,2025-10-09T22:28:25Z,5.419,0.14,9.67,0.14,9.67,0.02545454545454546,49.406
2025-10-09T22:45:00Z,117479,12.84,2025-10-09T22:32:25Z,5.201,0.14,9.59,0.14,9.59,0.02545454545454546,49.262
2025-10-09T23:00:00Z,117480,12.83,2025-10-09T22:46:25Z,5.034,0.14,9.53,0.14,9.53,0.02545454545454546,49.153999999999996
2025-10-09T23:15:00Z,117481,12.82,2025-10-09T23:07:05Z,4.897,0.14,9.47,0.14,9.47,0.02545454545454546,49.046
2025-10-09T23:30:00Z,117482,12.82,2025-10-09T23:15:05Z,4.766,0.139,9.41,0.139,9.41,0.025272727272727273,48.938
2025-10-09T23:45:00Z,117483,12.81,2025-10-09T23:31:00Z,4.662,0.139,9.35,0.139,9.35,0.025272727272727273,48.83
2025-10-10T00:15:00Z,117485,12.79,2025-10-10T00:00:25Z,4.474,0.139,9.22,0.139,9.22,0.025272727272727273,48.596000000000004
2025-10-10T00:30:00Z,117486,12.78,2025-10-10T00:28:10Z,4.378,0.138,9.16,0.138,9.16,0.025090909090909094,48.488
2025-10-10T00:45:00Z,117487,12.77,2025-10-10T00:44:55Z,4.288,0.138,9.11,0.138,9.11,0.025090909090909094,48.397999999999996
2025-10-10T01:00:00Z,117488,12.78,2025-10-10T00:55:50Z,4.169,0.138,9.05,0.138,9.05,0.025090909090909094,48.29
2025-10-10T01:15:00Z,117489,12.76,2025-10-10T01:00:50Z,4.032,0.138,9,0.138,9,0.025090909090909094,48.2
2025-10-10T01:30:00Z,117490,12.76,2025-10-10T01:21:25Z,3.924,0.138,8.95,0.138,8.95,0.025090909090909094,48.11
2025-10-10T01:45:00Z,117491,12.79,2025-10-10T01:32:55Z,3.836,0.138,8.89,0.138,8.89,0.025090909090909094,48.002
2025-10-10T02:00:00Z,117492,12.76,2025-10-10T01:50:40Z,3.73,0.138,8.83,0.138,8.83,0.025090909090909094,47.894
2025-10-10T02:15:00Z,117493,12.77,2025-10-10T02:14:25Z,3.62,0.138,8.77,0.138,8.77,0.025090909090909094,47.786
2025-10-10T02:30:00Z,117494,12.62,2025-10-10T02:26:15Z,3.525,0.137,8.72,0.137,8.72,0.024909090909090912,47.696
2025-10-10T02:45:00Z,117495,12.76,2025-10-10T02:30:50Z,3.449,0.137,8.66,0.137,8.66,0.024909090909090912,47.588
2025-10-10T03:00:00Z,117496,12.76,2025-10-10T02:45:50Z,3.391,0.137,8.62,0.137,8.62,0.024909090909090912,47.516
2025-10-10T03:15:00Z,117497,12.73,2025-10-10T03:01:25Z,3.362,0.136,8.58,0.136,8.58,0.024727272727272733,47.444
2025-10-10T03:30:00Z,117498,12.73,2025-10-10T03:25:40Z,3.313,0.136,8.53,0.136,8.53,0.024727272727272733,47.354
2025-10-10T03:45:00Z,117499,12.71,2025-10-10T03:32:30Z,3.258,0.136,8.49,0.136,8.49,0.024727272727272733,47.282
2025-10-10T04:00:00Z,117500,12.73,2025-10-10T03:58:40Z,3.205,0.135,8.44,0.135,8.44,0.024545454545454547,47.192
2025-10-10T04:15:00Z,117501,12.72,2025-10-10T04:09:20Z,3.157,0.135,8.39,0.135,8.39,0.024545454545454547,47.102000000000004
2025-10-10T04:30:00Z,117502,12.64,2025-10-10T04:24:50Z,3.106,0.135,8.36,0.135,8.36,0.024545454545454547,47.048
2025-10-10T04:45:00Z,117503,12.71,2025-10-10T04:38:40Z,3.039,0.134,8.32,0.134,8.32,0.024363636363636365,46.976
2025-10-10T05:00:00Z,117504,12.71,2025-10-10T04:54:40Z,2.985,0.134,8.28,0.134,8.28,0.024363636363636365,46.903999999999996
2025-10-10T05:15:00Z,117505,12.7,2025-10-10T05:09:45Z,2.927,0.134,8.24,0.134,8.24,0.024363636363636365,46.832
2025-10-10T05:30:00Z,117506,12.69,2025-10-10T05:18:40Z,2.871,0.134,8.19,0.134,8.19,0.024363636363636365,46.742
2025-10-10T05:45:00Z,117507,12.68,2025-10-10T05:40:00Z,2.832,0.134,8.15,0.134,8.15,0.024363636363636365,46.67
2025-10-10T06:00:00Z,117508,12.57,2025-10-10T05:45:10Z,2.793,0.134,8.12,0.134,8.12,0.024363636363636365,46.616
2025-10-10T06:15:00Z,117509,12.65,2025-10-10T06:12:55Z,2.751,0.134,8.08,0.134,8.08,0.024363636363636365,46.544
2025-10-10T06:30:00Z,117510,12.64,2025-10-10T06:18:40Z,2.69,0.134,8.04,0.134,8.04,0.024363636363636365,46.471999999999994
2025-10-10T06:45:00Z,117511,12.63,2025-10-10T06:38:15Z,2.604,0.134,7.993,0.134,7.993,0.024363636363636365,46.3874
2025-10-10T07:00:00Z,117512,12.62,2025-10-10T06:54:40Z,2.541,0.134,7.949,0.134,7.949,0.024363636363636365,46.3082
2025-10-10T07:15:00Z,117513,12.63,2025-10-10T07:04:20Z,2.479,0.134,7.904,0.134,7.904,0.024363636363636365,46.227199999999996
2025-10-10T07:30:00Z,117514,12.61,2025-10-10T07:17:10Z,2.414,0.134,7.859,0.134,7.859,0.024363636363636365,46.1462
2025-10-10T07:45:00Z,117515,12.61,2025-10-10T07:42:15Z,2.341,0.134,7.817,0.134,7.817,0.024363636363636365,46.0706
2025-10-10T08:00:00Z,117516,12.56,2025-10-10T07:53:00Z,2.258,0.134,7.773,0.134,7.773,0.024363636363636365,45.9914
2025-10-10T08:15:00Z,117517,12.52,2025-10-10T08:02:00Z,2.208,0.134,7.75,0.134,7.75,0.024363636363636365,45.95
2025-10-10T08:30:00Z,117518,12.5,2025-10-10T08:27:35Z,2.241,0.134,7.749,0.134,7.749,0.024363636363636365,45.9482
2025-10-10T08:45:00Z,117519,12.59,2025-10-10T08:31:10Z,2.388,0.134,7.768,0.134,7.768,0.024363636363636365,45.9824
2025-10-10T09:00:00Z,117520,12.62,2025-10-10T08:51:55Z,2.643,0.135,7.807,0.135,7.807,0.024545454545454547,46.0526
2025-10-10T09:15:00Z,117521,12.63,2025-10-10T09:11:05Z,3.06,0.136,7.868,0.136,7.868,0.024727272727272733,46.1624
2025-10-10T09:30:00Z,117522,12.55,2025-10-10T09:18:55Z,3.674,0.136,7.95,0.136,7.95,0.024727272727272733,46.31
2025-10-10T09:45:00Z,117523,12.56,2025-10-10T09:33:30Z,4.424,0.137,8.06,0.137,8.06,0.024909090909090912,46.508
2025-10-10T10:00:00Z,117524,12.57,2025-10-10T09:54:05Z,5.088,0.138,8.17,0.138,8.17,0.025090909090909094,46.706
2025-10-10T10:15:00Z,117525,12.58,2025-10-10T10:02:05Z,5.648,0.138,8.27,0.138,8.27,0.025090909090909094,46.885999999999996
2025-10-10T10:30:00Z,117526,12.59,2025-10-10T10:16:15Z,6.179,0.138,8.37,0.138,8.37,0.025090909090909094,47.066
2025-10-10T10:45:00Z,117527,12.63,2025-10-10T10:37:30Z,6.726,0.139,8.49,0.139,8.49,0.025272727272727273,47.282
2025-10-10T11:00:00Z,117528,12.72,2025-10-10T10:47:35Z,7.292,0.139,8.62,0.139,8.62,0.025272727272727273,47.516
2025-10-10T11:15:00Z,117529,12.69,2025-10-10T11:07:40Z,7.904,0.139,8.74,0.139,8.74,0.025272727272727273,47.732
2025-10-10T11:30:00Z,117530,12.72,2025-10-10T11:16:20Z,8.83,0.14,8.87,0.14,8.87,0.02545454545454546,47.966
2025-10-10T11:45:00Z,117531,12.68,2025-10-10T11:39:55Z,9.96,0.14,9,0.14,9,0.02545454545454546,48.2
2025-10-10T12:00:00Z,117532,12.73,2025-10-10T11:53:45Z,11.03,0.14,9.14,0.14,9.14,0.02545454545454546,48.452
2025-10-10T12:15:00Z,117533,12.91,2025-10-10T12:00:35Z,11.99,0.14,9.32,0.14,9.32,0.02545454545454546,48.775999999999996
2025-10-10T12:30:00Z,117534,12.99,2025-10-10T12:21:05Z,12.91,0.141,9.5,0.141,9.5,0.025636363636363634,49.1
2025-10-10T12:45:00Z,117535,13.05,2025-10-10T12:33:55Z,13.78,0.141,9.65,0.141,9.65,0.025636363636363634,49.370000000000005
2025-10-10T13:00:00Z,117536,13.07,2025-10-10T12:50:55Z,14.49,0.142,9.81,0.142,9.81,0.025818181818181817,49.658
2025-10-10T13:15:00Z,117537,13.18,2025-10-10T13:00:55Z,15.06,0.142,9.92,0.142,9.92,0.025818181818181817,49.856
2025-10-10T13:30:00Z,117538,13.34,2025-10-10T13:15:05Z,16.5,0.142,10.01,0.142,10.01,0.025818181818181817,50.018
2025-10-10T13:45:00Z,117539,14.12,2025-10-10T13:44:35Z,19.29,0.142,10.17,0.142,10.17,0.025818181818181817,50.306
2025-10-10T14:00:00Z,117540,14.09,2025-10-10T13:45:55Z,21.08,0.143,10.46,0.143,10.46,0.025999999999999995,50.828
2025-10-10T14:15:00Z,117541,14.1,2025-10-10T14:10:15Z,20.78,0.144,10.71,0.144,10.71,0.02618181818181818,51.278000000000006
2025-10-10T14:30:00Z,117542,14.13,2025-10-10T14:18:15Z,20.24,0.145,10.85,0.145,10.85,0.026363636363636363,51.53
2025-10-10T14:45:00Z,117543,14.14,2025-10-10T14:36:30Z,21.05,0.145,10.89,0.145,10.89,0.026363636363636363,51.602000000000004
2025-10-10T15:00:00Z,117544,14.1,2025-10-10T14:51:55Z,22.58,0.145,10.95,0.145,10.95,0.026363636363636363,51.71
2025-10-10T15:15:00Z,117545,14.06,2025-10-10T15:10:30Z,23.68,0.145,11.03,0.145,11.03,0.026363636363636363,51.854
2025-10-10T15:30:00Z,117546,13.65,2025-10-10T15:27:10Z,24.28,0.145,11.12,0.145,11.12,0.026363636363636363,52.016
2025-10-10T15:45:00Z,117547,13.63,2025-10-10T15:40:55Z,24.72,0.145,11.19,0.145,11.19,0.026363636363636363,52.141999999999996
2025-10-10T16:00:00Z,117548,13.64,2025-10-10T15:49:25Z,24.97,0.146,11.25,0.146,11.25,0.026545454545454542,52.25
2025-10-10T16:15:00Z,117549,13.63,2025-10-10T16:04:55Z,25.12,0.146,11.32,0.146,11.32,0.026545454545454542,52.376
2025-10-10T16:30:00Z,117550,13.62,2025-10-10T16:22:30Z,24.96,0.146,11.41,0.146,11.41,0.026545454545454542,52.538
2025-10-10T16:45:00Z,117551,13.62,2025-10-10T16:38:55Z,24.73,0.147,11.54,0.147,11.54,0.026727272727272725,52.772
2025-10-10T17:00:00Z,117552,13.55,2025-10-10T16:53:55Z,23.9,0.147,11.8,0.147,11.8,0.026727272727272725,53.24
2025-10-10T17:15:00Z,117553,13.67,2025-10-10T17:00:55Z,23.33,0.148,11.9,0.148,11.9,0.02690909090909091,53.42
2025-10-10T17:30:00Z,117554,13.68,2025-10-10T17:21:45Z,22.92,0.148,11.96,0.148,11.96,0.02690909090909091,53.528000000000006
2025-10-10T17:45:00Z,117555,13.58,2025-10-10T17:40:50Z,22.65,0.149,11.92,0.149,11.92,0.02709090909090909,53.456
2025-10-10T18:00:00Z,117556,13.42,2025-10-10T17:56:20Z,21.48,0.149,11.91,0.149,11.91,0.02709090909090909,53.438
2025-10-10T18:15:00Z,117557,13.44,2025-10-10T18:12:00Z,20.18,0.148,11.91,0.148,11.91,0.02690909090909091,53.438
2025-10-10T18:30:00Z,117558,13.35,2025-10-10T18:26:45Z,19.17,0.149,11.98,0.149,11.98,0.02709090909090909,53.564
2025-10-10T18:45:00Z,117559,13.24,2025-10-10T18:42:45Z,18.31,0.149,12.02,0.149,12.02,0.02709090909090909,53.635999999999996
2025-10-10T19:00:00Z,117560,13.16,2025-10-10T18:59:40Z,17.54,0.149,12.06,0.149,12.06,0.02709090909090909,53.708
2025-10-10T19:15:00Z,117561,13.08,2025-10-10T19:14:10Z,16.93,0.149,12.05,0.149,12.05,0.02709090909090909,53.69
2025-10-10T19:30:00Z,117562,13,2025-10-10T19:22:45Z,16.32,0.149,12.04,0.149,12.04,0.02709090909090909,53.672
2025-10-10T19:45:00Z,117563,12.94,2025-10-10T19:43:40Z,15.83,0.149,12.02,0.149,12.02,0.02709090909090909,53.635999999999996
2025-10-10T20:00:00Z,117564,12.97,2025-10-10T19:54:00Z,15.43,0.149,12.03,0.149,12.03,0.02709090909090909,53.653999999999996
2025-10-10T20:15:00Z,117565,12.93,2025-10-10T20:14:40Z,15.15,0.149,12.06,0.149,12.06,0.02709090909090909,53.708
2025-10-10T20:30:00Z,117566,12.89,2025-10-10T20:27:55Z,15.02,0.149,12.11,0.149,12.11,0.02709090909090909,53.798
2025-10-10T20:45:00Z,117567,12.79,2025-10-10T20:37:40Z,15,0.149,12.16,0.149,12.16,0.02709090909090909,53.888
2025-10-10T21:00:00Z,117568,12.88,2025-10-10T20:54:55Z,15.06,0.149,12.19,0.149,12.19,0.02709090909090909,53.942
2025-10-10T21:15:00Z,117569,12.88,2025-10-10T21:06:10Z,15.24,0.149,12.19,0.149,12.19,0.02709090909090909,53.942
2025-10-10T21:30:00Z,117570,12.86,2025-10-10T21:16:40Z,15.45,0.149,12.23,0.149,12.23,0.02709090909090909,54.014
2025-10-10T21:45:00Z,117571,12.77,2025-10-10T21:41:30Z,15.47,0.149,12.27,0.149,12.27,0.02709090909090909,54.086
2025-10-10T22:00:00Z,117572,12.88,2025-10-10T21:53:45Z,15.36,0.149,12.3,0.149,12.3,0.02709090909090909,54.14
2025-10-10T22:15:00Z,117573,12.85,2025-10-10T22:09:30Z,15.17,0.149,12.33,0.149,12.33,0.02709090909090909,54.194
2025-10-10T22:30:00Z,117574,12.83,2025-10-10T22:27:10Z,15.03,0.149,12.35,0.149,12.35,0.02709090909090909,54.23
2025-10-10T22:45:00Z,117575,12.84,2025-10-10T22:44:55Z,14.97,0.149,12.37,0.149,12.37,0.02709090909090909,54.266
2025-10-10T23:00:00Z,117576,12.82,2025-10-10T22:54:15Z,14.88,0.149,12.39,0.149,12.39,0.02709090909090909,54.302
2025-10-10T23:15:00Z,117577,12.76,2025-10-10T23:11:50Z,14.75,0.149,12.41,0.149,12.41,0.02709090909090909,54.338
2025-10-10T23:30:00Z,117578,12.83,2025-10-10T23:17:40Z,14.66,0.149,12.42,0.149,12.42,0.02709090909090909,54.356
2025-10-10T23:45:00Z,117579,12.8,2025-10-10T23:38:20Z,14.6,0.149,12.43,0.149,12.43,0.02709090909090909,54.374
2025-10-11T00:15:00Z,117581,12.81,2025-10-11T00:00:30Z,14.49,0.149,12.42,0.149,12.42,0.02709090909090909,54.356
2025-10-11T00:30:00Z,117582,12.81,2025-10-11T00:16:25Z,14.42,0.149,12.43,0.149,12.43,0.02709090909090909,54.374
2025-10-11T00:45:00Z,117583,12.79,2025-10-11T00:43:40Z,14.36,0.149,12.44,0.149,12.44,0.02709090909090909,54.391999999999996
2025-10-11T01:00:00Z,117584,12.8,2025-10-11T00:50:15Z,14.32,0.149,12.47,0.149,12.47,0.02709090909090909,54.446
2025-10-11T01:15:00Z,117585,12.79,2025-10-11T01:08:15Z,14.32,0.15,12.49,0.15,12.49,0.02727272727272727,54.482
2025-10-11T01:30:00Z,117586,12.69,2025-10-11T01:23:20Z,14.14,0.149,12.41,0.149,12.41,0.02709090909090909,54.338
2025-10-11T01:45:00Z,117587,12.79,2025-10-11T01:39:10Z,13.71,0.149,12.3,0.149,12.3,0.02709090909090909,54.14
2025-10-11T02:00:00Z,117588,12.77,2025-10-11T01:59:35Z,13.18,0.148,12.18,0.148,12.18,0.02690909090909091,53.924
2025-10-11T02:15:00Z,117589,12.79,2025-10-11T02:04:30Z,12.57,0.148,12.04,0.148,12.04,0.02690909090909091,53.672
2025-10-11T02:30:00Z,117590,12.78,2025-10-11T02:18:20Z,11.94,0.147,11.9,0.147,11.9,0.026727272727272725,53.42
2025-10-11T02:45:00Z,117591,12.79,2025-10-11T02:30:35Z,11.33,0.146,11.76,0.146,11.76,0.026545454545454542,53.168
2025-10-11T03:00:00Z,117592,12.75,2025-10-11T02:48:05Z,10.82,0.145,11.65,0.145,11.65,0.026363636363636363,52.97
2025-10-11T03:15:00Z,117593,12.77,2025-10-11T03:02:55Z,10.44,0.144,11.55,0.144,11.55,0.02618181818181818,52.79
2025-10-11T03:30:00Z,117594,12.74,2025-10-11T03:26:00Z,10.25,0.143,11.46,0.143,11.46,0.025999999999999995,52.628
2025-10-11T03:45:00Z,117595,12.73,2025-10-11T03:36:40Z,10.35,0.143,11.41,0.143,11.41,0.025999999999999995,52.538
2025-10-11T04:00:00Z,117596,12.65,2025-10-11T03:45:05Z,10.49,0.143,11.36,0.143,11.36,0.025999999999999995,52.448
2025-10-11T04:15:00Z,117597,12.73,2025-10-11T04:11:40Z,10.54,0.143,11.3,0.143,11.3,0.025999999999999995,52.34
2025-10-11T04:30:00Z,117598,12.73,2025-10-11T04:22:20Z,10.45,0.143,11.23,0.143,11.23,0.025999999999999995,52.214
2025-10-11T04:45:00Z,117599,12.72,2025-10-11T04:33:00Z,10.24,0.142,11.14,0.142,11.14,0.025818181818181817,52.052
2025-10-11T05:00:00Z,117600,12.73,2025-10-11T04:50:15Z,9.98,0.142,11.05,0.142,11.05,0.025818181818181817,51.89
2025-10-11T05:15:00Z,117601,12.71,2025-10-11T05:08:55Z,9.77,0.141,10.99,0.141,10.99,0.025636363636363634,51.782
2025-10-11T05:30:00Z,117602,12.69,2025-10-11T05:22:45Z,9.53,0.141,10.9,0.141,10.9,0.025636363636363634,51.620000000000005
2025-10-11T05:45:00Z,117603,12.69,2025-10-11T05:44:00Z,9.29,0.141,10.82,0.141,10.82,0.025636363636363634,51.476
2025-10-11T06:00:00Z,117604,12.68,2025-10-11T05:57:50Z,9.11,0.14,10.76,0.14,10.76,0.02545454545454546,51.368
2025-10-11T06:15:00Z,117605,12.68,2025-10-11T06:03:40Z,9.03,0.141,10.72,0.141,10.72,0.025636363636363634,51.296
2025-10-11T06:30:00Z,117606,12.67,2025-10-11T06:23:35Z,8.88,0.141,10.65,0.141,10.65,0.025636363636363634,51.17
2025-10-11T06:45:00Z,117607,12.65,2025-10-11T06:36:55Z,8.68,0.14,10.56,0.14,10.56,0.02545454545454546,51.008
2025-10-11T07:00:00Z,117608,12.63,2025-10-11T06:51:05Z,8.56,0.14,10.52,0.14,10.52,0.02545454545454546,50.936
2025-10-11T07:15:00Z,117609,12.63,2025-10-11T07:06:55Z,8.47,0.141,10.48,0.141,10.48,0.025636363636363634,50.864000000000004
2025-10-11T07:30:00Z,117610,12.64,2025-10-11T07:17:50Z,8.36,0.14,10.42,0.14,10.42,0.02545454545454546,50.756
2025-10-11T07:45:00Z,117611,12.52,2025-10-11T07:40:05Z,8.2,0.14,10.35,0.14,10.35,0.02545454545454546,50.629999999999995
2025-10-11T08:00:00Z,117612,12.61,2025-10-11T07:56:05Z,8.02,0.14,10.27,0.14,10.27,0.02545454545454546,50.486
2025-10-11T08:15:00Z,117613,12.63,2025-10-11T08:02:30Z,7.8,0.139,10.2,0.139,10.2,0.025272727272727273,50.36
2025-10-11T08:30:00Z,117614,12.62,2025-10-11T08:18:50Z,7.629,0.139,10.16,0.139,10.16,0.025272727272727273,50.288
2025-10-11T08:45:00Z,117615,12.62,2025-10-11T08:42:20Z,7.531,0.139,10.13,0.139,10.13,0.025272727272727273,50.234
2025-10-11T09:00:00Z,117616,12.64,2025-10-11T08:45:55Z,7.51,0.138,10.11,0.138,10.11,0.025090909090909094,50.198
2025-10-11T09:15:00Z,117617,12.64,2025-10-11T09:01:20Z,7.621,0.138,10.12,0.138,10.12,0.025090909090909094,50.216
2025-10-11T09:30:00Z,117618,12.66,2025-10-11T09:21:00Z,7.861,0.139,10.14,0.139,10.14,0.025272727272727273,50.252
2025-10-11T09:45:00Z,117619,12.5,2025-10-11T09:30:10Z,8.14,0.139,10.17,0.139,10.17,0.025272727272727273,50.306
2025-10-11T10:00:00Z,117620,12.68,2025-10-11T09:53:00Z,8.48,0.14,10.22,0.14,10.22,0.02545454545454546,50.396
2025-10-11T10:15:00Z,117621,12.7,2025-10-11T10:07:10Z,8.86,0.14,10.27,0.14,10.27,0.02545454545454546,50.486
2025-10-11T10:30:00Z,117622,12.72,2025-10-11T10:18:40Z,9.33,0.14,10.32,0.14,10.32,0.02545454545454546,50.576
2025-10-11T10:45:00Z,117623,12.68,2025-10-11T10:40:35Z,9.81,0.141,10.37,0.141,10.37,0.025636363636363634,50.666
2025-10-11T11:00:00Z,117624,12.73,2025-10-11T10:48:45Z,10.39,0.141,10.42,0.141,10.42,0.025636363636363634,50.756
2025-10-11T11:15:00Z,117625,12.72,2025-10-11T11:10:30Z,11.02,0.141,10.49,0.141,10.49,0.025636363636363634,50.882
2025-10-11T11:30:00Z,117626,12.74,2025-10-11T11:21:45Z,11.81,0.141,10.57,0.141,10.57,0.025636363636363634,51.025999999999996
2025-10-11T11:45:00Z,117627,12.78,2025-10-11T11:38:15Z,12.44,0.142,10.67,0.142,10.67,0.025818181818181817,51.206
2025-10-11T12:00:00Z,117628,12.82,2025-10-11T11:55:50Z,13,0.142,10.76,0.142,10.76,0.025818181818181817,51.368
2025-10-11T12:15:00Z,117629,12.93,2025-10-11T12:00:05Z,13.53,0.142,10.88,0.142,10.88,0.025818181818181817,51.584
2025-10-11T12:30:00Z,117630,13.03,2025-10-11T12:20:00Z,14.23,0.142,11.13,0.142,11.13,0.025818181818181817,52.034
2025-10-11T12:45:00Z,117631,13.29,2025-10-11T12:30:10Z,15.07,0.143,11.48,0.143,11.48,0.025999999999999995,52.664
2025-10-11T13:00:00Z,117632,13.46,2025-10-11T12:47:55Z,15.84,0.144,11.81,0.144,11.81,0.02618181818181818,53.258
2025-10-11T13:15:00Z,117633,13.52,2025-10-11T13:11:10Z,16.43,0.145,12,0.145,12,0.026363636363636363,53.6
2025-10-11T13:30:00Z,117634,13.68,2025-10-11T13:15:05Z,17.72,0.145,12.03,0.145,12.03,0.026363636363636363,53.653999999999996
2025-10-11T13:45:00Z,117635,13.96,2025-10-11T13:38:55Z,19.68,0.146,12.06,0.146,12.06,0.026545454545454542,53.708
2025-10-11T14:00:00Z,117636,13.65,2025-10-11T13:53:05Z,20.72,0.146,12.09,0.146,12.09,0.026545454545454542,53.762
2025-10-11T14:15:00Z,117637,13.73,2025-10-11T14:09:40Z,20.38,0.146,12.17,0.146,12.17,0.026545454545454542,53.906
2025-10-11T14:30:00Z,117638,13.76,2025-10-11T14:15:50Z,19.88,0.146,12.22,0.146,12.22,0.026545454545454542,53.996
2025-10-11T14:45:00Z,117639,14.06,2025-10-11T14:30:10Z,20.48,0.146,12.21,0.146,12.21,0.026545454545454542,53.978
2025-10-11T15:00:00Z,117640,14.08,2025-10-11T14:56:45Z,22.18,0.147,12.29,0.147,12.29,0.026727272727272725,54.122
2025-10-11T15:15:00Z,117641,14.08,2025-10-11T15:10:40Z,22.97,0.146,12.36,0.146,12.36,0.026545454545454542,54.248
2025-10-11T15:30:00Z,117642,14.01,2025-10-11T15:27:55Z,23.32,0.147,12.51,0.147,12.51,0.026727272727272725,54.518
2025-10-11T15:45:00Z,117643,13.71,2025-10-11T15:43:15Z,23.17,0.146,12.52,0.146,12.52,0.026545454545454542,54.536
2025-10-11T16:00:00Z,117644,13.59,2025-10-11T15:47:55Z,23.52,0.147,12.62,0.147,12.62,0.026727272727272725,54.716
2025-10-11T16:15:00Z,117645,13.69,2025-10-11T16:03:00Z,23.19,0.147,12.66,0.147,12.66,0.026727272727272725,54.788
2025-10-11T16:30:00Z,117646,13.69,2025-10-11T16:16:35Z,22.56,0.147,12.7,0.147,12.7,0.026727272727272725,54.86
2025-10-11T16:45:00Z,117647,13.67,2025-10-11T16:44:10Z,21.3,0.146,12.68,0.146,12.68,0.026545454545454542,54.824
2025-10-11T17:00:00Z,117648,13.73,2025-10-11T16:48:00Z,20.97,0.147,12.68,0.147,12.68,0.026727272727272725,54.824
2025-10-11T17:15:00Z,117649,13.76,2025-10-11T17:01:50Z,21.13,0.146,12.61,0.146,12.61,0.026545454545454542,54.698
2025-10-11T17:30:00Z,117650,13.66,2025-10-11T17:25:45Z,21.09,0.146,12.53,0.146,12.53,0.026545454545454542,54.554
2025-10-11T17:45:00Z,117651,13.77,2025-10-11T17:31:30Z,20.43,0.145,12.42,0.145,12.42,0.026363636363636363,54.356
2025-10-11T18:00:00Z,117652,13.58,2025-10-11T17:48:00Z,19.01,0.144,12.3,0.144,12.3,0.02618181818181818,54.14
2025-10-11T18:15:00Z,117653,13.6,2025-10-11T18:07:15Z,17.77,0.144,12.21,0.144,12.21,0.02618181818181818,53.978
2025-10-11T18:30:00Z,117654,13.23,2025-10-11T18:26:10Z,16.76,0.143,12.12,0.143,12.12,0.025999999999999995,53.816
2025-10-11T18:45:00Z,117655,13.25,2025-10-11T18:38:45Z,15.79,0.142,12.04,0.142,12.04,0.025818181818181817,53.672
2025-10-11T19:00:00Z,117656,13.17,2025-10-11T18:55:05Z,14.86,0.142,11.96,0.142,11.96,0.025818181818181817,53.528000000000006
2025-10-11T19:15:00Z,117657,13.11,2025-10-11T19:12:45Z,13.94,0.141,11.85,0.141,11.85,0.025636363636363634,53.33
2025-10-11T19:30:00Z,117658,13.04,2025-10-11T19:22:15Z,13.04,0.141,11.75,0.141,11.75,0.025636363636363634,53.15
2025-10-11T19:45:00Z,117659,12.99,2025-10-11T19:37:55Z,12.19,0.14,11.63,0.14,11.63,0.02545454545454546,52.934
2025-10-11T20:00:00Z,117660,12.89,2025-10-11T19:53:00Z,11.43,0.139,11.52,0.139,11.52,0.025272727272727273,52.736
2025-10-11T20:15:00Z,117661,12.92,2025-10-11T20:10:45Z,10.77,0.139,11.42,0.139,11.42,0.025272727272727273,52.556
2025-10-11T20:30:00Z,117662,12.88,2025-10-11T20:25:55Z,10.2,0.138,11.32,0.138,11.32,0.025090909090909094,52.376
2025-10-11T20:45:00Z,117663,12.88,2025-10-11T20:33:20Z,9.72,0.137,11.23,0.137,11.23,0.024909090909090912,52.214
2025-10-11T21:00:00Z,117664,12.88,2025-10-11T20:57:25Z,9.31,0.137,11.15,0.137,11.15,0.024909090909090912,52.07
2025-10-11T21:15:00Z,117665,12.82,2025-10-11T21:12:25Z,8.95,0.136,11.07,0.136,11.07,0.024727272727272733,51.926
2025-10-11T21:30:00Z,117666,12.87,2025-10-11T21:22:30Z,8.62,0.136,10.98,0.136,10.98,0.024727272727272733,51.764
2025-10-11T21:45:00Z,117667,12.75,2025-10-11T21:34:15Z,8.34,0.136,10.89,0.136,10.89,0.024727272727272733,51.602000000000004
2025-10-11T22:00:00Z,117668,12.83,2025-10-11T21:54:00Z,8.12,0.135,10.81,0.135,10.81,0.024545454545454547,51.458
2025-10-11T22:15:00Z,117669,12.84,2025-10-11T22:02:20Z,7.911,0.135,10.73,0.135,10.73,0.024545454545454547,51.314
2025-10-11T22:30:00Z,117670,12.82,2025-10-11T22:21:35Z,7.729,0.135,10.66,0.135,10.66,0.024545454545454547,51.188
2025-10-11T22:45:00Z,117671,12.82,2025-10-11T22:42:40Z,7.558,0.135,10.59,0.135,10.59,0.024545454545454547,51.062
2025-10-11T23:00:00Z,117672,12.82,2025-10-11T22:48:35Z,7.397,0.134,10.52,0.134,10.52,0.024363636363636365,50.936
2025-10-11T23:15:00Z,117673,12.8,2025-10-11T23:10:30Z,7.255,0.134,10.45,0.134,10.45,0.024363636363636365,50.81
2025-10-11T23:30:00Z,117674,12.77,2025-10-11T23:30:00Z,7.144,0.134,10.39,0.134,10.39,0.024363636363636365,50.702
2025-10-11T23:45:00Z,117675,12.79,2025-10-11T23:37:10Z,7.039,0.134,10.32,0.134,10.32,0.024363636363636365,50.576
2025-10-12T00:15:00Z,117677,12.77,2025-10-12T00:14:40Z,6.777,0.133,10.18,0.133,10.18,0.024181818181818186,50.324
2025-10-12T00:30:00Z,117678,12.77,2025-10-12T00:26:45Z,6.676,0.133,10.12,0.133,10.12,0.024181818181818186,50.216
2025-10-12T00:45:00Z,117679,12.68,2025-10-12T00:39:05Z,6.604,0.133,10.06,0.133,10.06,0.024181818181818186,50.108000000000004
2025-10-12T01:00:00Z,117680,12.73,2025-10-12T00:46:45Z,6.53,0.133,10,0.133,10,0.024181818181818186,50
2025-10-12T01:15:00Z,117681,12.76,2025-10-12T01:04:05Z,6.434,0.133,9.95,0.133,9.95,0.024181818181818186,49.91
2025-10-12T01:30:00Z,117682,12.77,2025-10-12T01:24:50Z,6.353,0.132,9.89,0.132,9.89,0.024,49.802
2025-10-12T01:45:00Z,117683,12.74,2025-10-12T01:38:15Z,6.259,0.132,9.83,0.132,9.83,0.024,49.694
2025-10-12T02:00:00Z,117684,12.74,2025-10-12T01:56:55Z,6.169,0.132,9.77,0.132,9.77,0.024,49.586
2025-10-12T02:15:00Z,117685,12.68,2025-10-12T02:12:30Z,6.091,0.132,9.72,0.132,9.72,0.024,49.496
2025-10-12T02:30:00Z,117686,12.73,2025-10-12T02:28:05Z,6.022,0.132,9.67,0.132,9.67,0.024,49.406
2025-10-12T02:45:00Z,117687,12.68,2025-10-12T02:41:30Z,5.964,0.132,9.62,0.132,9.62,0.024,49.316
2025-10-12T03:00:00Z,117688,12.61,2025-10-12T02:52:20Z,5.87,0.132,9.56,0.132,9.56,0.024,49.208
2025-10-12T03:15:00Z,117689,12.72,2025-10-12T03:02:05Z,5.795,0.132,9.51,0.132,9.51,0.024,49.118
2025-10-12T03:30:00Z,117690,12.72,2025-10-12T03:15:50Z,5.717,0.132,9.46,0.132,9.46,0.024,49.028000000000006
2025-10-12T03:45:00Z,117691,12.67,2025-10-12T03:36:20Z,5.647,0.132,9.4,0.132,9.4,0.024,48.92
2025-10-12T04:00:00Z,117692,12.61,2025-10-12T03:58:40Z,5.589,0.132,9.35,0.132,9.35,0.024,48.83
2025-10-12T04:15:00Z,117693,12.66,2025-10-12T04:03:55Z,5.539,0.132,9.3,0.132,9.3,0.024,48.74
2025-10-12T04:30:00Z,117694,12.59,2025-10-12T04:21:40Z,5.495,0.131,9.26,0.131,9.26,0.023818181818181818,48.668
2025-10-12T04:45:00Z,117695,12.6,2025-10-12T04:43:55Z,5.485,0.131,9.21,0.131,9.21,0.023818181818181818,48.578
2025-10-12T05:00:00Z,117696,12.51,2025-10-12T04:48:25Z,5.46,0.131,9.17,0.131,9.17,0.023818181818181818,48.506
2025-10-12T05:15:00Z,117697,12.68,2025-10-12T05:06:15Z,5.434,0.131,9.13,0.131,9.13,0.023818181818181818,48.434
2025-10-12T05:30:00Z,117698,12.69,2025-10-12T05:25:55Z,5.399,0.131,9.09,0.131,9.09,0.023818181818181818,48.362
2025-10-12T05:45:00Z,117699,12.68,2025-10-12T05:44:35Z,5.367,0.131,9.05,0.131,9.05,0.023818181818181818,48.29
2025-10-12T06:00:00Z,117700,12.66,2025-10-12T05:58:25Z,5.277,0.131,8.99,0.131,8.99,0.023818181818181818,48.182
2025-10-12T06:15:00Z,117701,12.66,2025-10-12T06:03:15Z,5.209,0.131,8.95,0.131,8.95,0.023818181818181818,48.11
2025-10-12T06:30:00Z,117702,12.59,2025-10-12T06:28:25Z,5.156,0.131,8.91,0.131,8.91,0.023818181818181818,48.038
2025-10-12T06:45:00Z,117703,12.62,2025-10-12T06:36:25Z,5.081,0.131,8.87,0.131,8.87,0.023818181818181818,47.966
2025-10-12T07:00:00Z,117704,12.52,2025-10-12T06:50:45Z,4.999,0.131,8.83,0.131,8.83,0.023818181818181818,47.894
2025-10-12T07:15:00Z,117705,12.63,2025-10-12T07:06:40Z,4.909,0.13,8.79,0.13,8.79,0.02363636363636364,47.821999999999996
2025-10-12T07:30:00Z,117706,12.61,2025-10-12T07:20:50Z,4.82,0.13,8.74,0.13,8.74,0.02363636363636364,47.732
2025-10-12T07:45:00Z,117707,12.54,2025-10-12T07:43:05Z,4.745,0.13,8.7,0.13,8.7,0.02363636363636364,47.66
2025-10-12T08:00:00Z,117708,12.61,2025-10-12T07:58:20Z,4.686,0.13,8.67,0.13,8.67,0.02363636363636364,47.606
2025-10-12T08:15:00Z,117709,12.61,2025-10-12T08:08:30Z,4.663,0.13,8.65,0.13,8.65,0.02363636363636364,47.57
2025-10-12T08:30:00Z,117710,12.62,2025-10-12T08:18:30Z,4.693,0.13,8.66,0.13,8.66,0.02363636363636364,47.588
2025-10-12T08:45:00Z,117711,12.62,2025-10-12T08:35:40Z,4.795,0.13,8.68,0.13,8.68,0.02363636363636364,47.624
2025-10-12T09:00:00Z,117712,12.64,2025-10-12T08:57:30Z,4.981,0.131,8.72,0.131,8.72,0.023818181818181818,47.696
2025-10-12T09:15:00Z,117713,12.63,2025-10-12T09:03:15Z,5.352,0.131,8.78,0.131,8.78,0.023818181818181818,47.804
2025-10-12T09:30:00Z,117714,12.66,2025-10-12T09:21:25Z,5.857,0.131,8.86,0.131,8.86,0.023818181818181818,47.948
2025-10-12T09:45:00Z,117715,12.63,2025-10-12T09:40:35Z,6.603,0.131,8.97,0.131,8.97,0.023818181818181818,48.146
2025-10-12T10:00:00Z,117716,12.69,2025-10-12T09:50:05Z,7.474,0.132,9.1,0.132,9.1,0.024,48.379999999999995
2025-10-12T10:15:00Z,117717,12.62,2025-10-12T10:03:40Z,8.38,0.132,9.27,0.132,9.27,0.024,48.686
2025-10-12T10:30:00Z,117718,12.71,2025-10-12T10:17:10Z,9.26,0.133,9.43,0.133,9.43,0.024181818181818186,48.974000000000004
2025-10-12T10:45:00Z,117719,12.76,2025-10-12T10:35:15Z,10,0.133,9.56,0.133,9.56,0.024181818181818186,49.208
2025-10-12T11:00:00Z,117720,12.66,2025-10-12T10:47:15Z,10.66,0.134,9.7,0.134,9.7,0.024363636363636365,49.46
2025-10-12T11:15:00Z,117721,12.61,2025-10-12T11:03:15Z,11.29,0.134,9.84,0.134,9.84,0.024363636363636365,49.712
2025-10-12T11:30:00Z,117722,12.81,2025-10-12T11:23:50Z,11.86,0.134,10.02,0.134,10.02,0.024363636363636365,50.036
2025-10-12T11:45:00Z,117723,12.85,2025-10-12T11:37:15Z,12.35,0.135,10.23,0.135,10.23,0.024545454545454547,50.414
2025-10-12T12:00:00Z,117724,12.9,2025-10-12T11:48:05Z,12.8,0.135,10.42,0.135,10.42,0.024545454545454547,50.756
2025-10-12T12:15:00Z,117725,13.12,2025-10-12T12:00:50Z,13.52,0.136,10.79,0.136,10.79,0.024727272727272733,51.422
2025-10-12T12:30:00Z,117726,13.28,2025-10-12T12:15:05Z,14.42,0.137,11.07,0.137,11.07,0.024909090909090912,51.926
2025-10-12T12:45:00Z,117727,13.37,2025-10-12T12:30:35Z,15.22,0.138,11.28,0.138,11.28,0.025090909090909094,52.304
2025-10-12T13:00:00Z,117728,13.54,2025-10-12T12:45:30Z,16.09,0.139,11.51,0.139,11.51,0.025272727272727273,52.718
2025-10-12T13:15:00Z,117729,13.55,2025-10-12T13:05:25Z,16.79,0.14,11.62,0.14,11.62,0.02545454545454546,52.916
2025-10-12T13:30:00Z,117730,13.82,2025-10-12T13:26:25Z,17.92,0.14,11.7,0.14,11.7,0.02545454545454546,53.06
2025-10-12T13:45:00Z,117731,13.73,2025-10-12T13:31:45Z,19.39,0.14,11.76,0.14,11.76,0.02545454545454546,53.168
2025-10-12T14:00:00Z,117732,13.85,2025-10-12T13:59:55Z,20.54,0.141,12.02,0.141,12.02,0.025636363636363634,53.635999999999996
2025-10-12T14:15:00Z,117733,13.72,2025-10-12T14:10:15Z,20.6,0.142,12.2,0.142,12.2,0.025818181818181817,53.96
2025-10-12T14:30:00Z,117734,13.74,2025-10-12T14:24:25Z,20.2,0.143,12.25,0.143,12.25,0.025999999999999995,54.05
2025-10-12T14:45:00Z,117735,13.81,2025-10-12T14:43:45Z,20.06,0.142,12.31,0.142,12.31,0.025818181818181817,54.158
2025-10-12T15:00:00Z,117736,13.94,2025-10-12T14:47:55Z,20.64,0.142,12.56,0.142,12.56,0.025818181818181817,54.608000000000004
2025-10-12T15:15:00Z,117737,14.08,2025-10-12T15:06:15Z,22.62,0.144,12.75,0.144,12.75,0.02618181818181818,54.95
2025-10-12T15:30:00Z,117738,14.04,2025-10-12T15:26:50Z,23.53,0.145,12.98,0.145,12.98,0.026363636363636363,55.364000000000004
2025-10-12T15:45:00Z,117739,13.71,2025-10-12T15:37:30Z,22.94,0.147,13.09,0.147,13.09,0.026727272727272725,55.562
2025-10-12T16:00:00Z,117740,13.78,2025-10-12T15:48:30Z,22.02,0.144,13.02,0.144,13.02,0.02618181818181818,55.436
2025-10-12T16:15:00Z,117741,13.7,2025-10-12T16:14:20Z,22.75,0.146,13.24,0.146,13.24,0.026545454545454542,55.832
2025-10-12T16:30:00Z,117742,13.66,2025-10-12T16:20:40Z,23.81,0.148,13.45,0.148,13.45,0.02690909090909091,56.21
2025-10-12T16:45:00Z,117743,13.66,2025-10-12T16:37:40Z,23.86,0.148,13.44,0.148,13.44,0.02690909090909091,56.192
2025-10-12T17:00:00Z,117744,13.58,2025-10-12T16:57:00Z,22.71,0.148,13.41,0.148,13.41,0.02690909090909091,56.138
2025-10-12T17:15:00Z,117745,13.5,2025-10-12T17:03:15Z,21.5,0.146,13.33,0.146,13.33,0.026545454545454542,55.994
2025-10-12T17:30:00Z,117746,13.74,2025-10-12T17:24:10Z,21.39,0.146,13.27,0.146,13.27,0.026545454545454542,55.885999999999996
2025-10-12T17:45:00Z,117747,13.72,2025-10-12T17:33:55Z,21.94,0.148,13.28,0.148,13.28,0.02690909090909091,55.903999999999996
2025-10-12T18:00:00Z,117748,13.45,2025-10-12T17:58:50Z,21.36,0.147,13.16,0.147,13.16,0.026727272727272725,55.688
2025-10-12T18:15:00Z,117749,13.45,2025-10-12T18:01:30Z,20.34,0.145,13.07,0.145,13.07,0.026363636363636363,55.525999999999996
2025-10-12T18:30:00Z,117750,13.33,2025-10-12T18:29:50Z,19.37,0.145,13.05,0.145,13.05,0.026363636363636363,55.49
2025-10-12T18:45:00Z,117751,13.24,2025-10-12T18:44:30Z,18.46,0.145,12.94,0.145,12.94,0.026363636363636363,55.292
2025-10-12T19:00:00Z,117752,13.18,2025-10-12T18:59:35Z,17.53,0.144,12.79,0.144,12.79,0.02618181818181818,55.022
2025-10-12T19:15:00Z,117753,12.98,2025-10-12T19:13:15Z,16.54,0.143,12.63,0.143,12.63,0.025999999999999995,54.734
2025-10-12T19:30:00Z,117754,13.05,2025-10-12T19:30:00Z,15.57,0.142,12.47,0.142,12.47,0.025818181818181817,54.446
2025-10-12T19:45:00Z,117755,13,2025-10-12T19:43:30Z,14.68,0.141,12.33,0.141,12.33,0.025636363636363634,54.194
2025-10-12T20:00:00Z,117756,12.94,2025-10-12T19:57:05Z,13.92,0.14,12.21,0.14,12.21,0.02545454545454546,53.978
2025-10-12T20:15:00Z,117757,12.93,2025-10-12T20:10:00Z,13.38,0.14,12.11,0.14,12.11,0.02545454545454546,53.798
2025-10-12T20:30:00Z,117758,12.83,2025-10-12T20:25:15Z,12.92,0.139,12.02,0.139,12.02,0.025272727272727273,53.635999999999996
2025-10-12T20:45:00Z,117759,12.88,2025-10-12T20:36:40Z,12.45,0.139,11.91,0.139,11.91,0.025272727272727273,53.438
2025-10-12T21:00:00Z,117760,12.89,2025-10-12T20:54:45Z,12.02,0.138,11.82,0.138,11.82,0.025090909090909094,53.275999999999996
2025-10-12T21:15:00Z,117761,12.85,2025-10-12T21:10:55Z,11.66,0.138,11.75,0.138,11.75,0.025090909090909094,53.15
2025-10-12T21:30:00Z,117762,12.85,2025-10-12T21:29:50Z,11.35,0.137,11.68,0.137,11.68,0.024909090909090912,53.024
2025-10-12T21:45:00Z,117763,12.87,2025-10-12T21:34:50Z,11.11,0.137,11.61,0.137,11.61,0.024909090909090912,52.897999999999996
2025-10-12T22:00:00Z,117764,12.85,2025-10-12T21:48:10Z,10.88,0.136,11.54,0.136,11.54,0.024727272727272733,52.772
2025-10-12T22:15:00Z,117765,12.84,2025-10-12T22:02:40Z,10.64,0.136,11.47,0.136,11.47,0.024727272727272733,52.646
2025-10-12T22:30:00Z,117766,12.76,2025-10-12T22:20:55Z,10.42,0.135,11.39,0.135,11.39,0.024545454545454547,52.502
2025-10-12T22:45:00Z,117767,12.82,2025-10-12T22:41:00Z,10.21,0.135,11.32,0.135,11.32,0.024545454545454547,52.376
2025-10-12T23:00:00Z,117768,12.75,2025-10-12T22:57:50Z,10.02,0.135,11.26,0.135,11.26,0.024545454545454547,52.268
2025-10-12T23:15:00Z,117769,12.8,2025-10-12T23:10:35Z,9.86,0.135,11.2,0.135,11.2,0.024545454545454547,52.16
2025-10-12T23:30:00Z,117770,12.81,2025-10-12T23:26:45Z,9.71,0.134,11.15,0.134,11.15,0.024363636363636365,52.07
2025-10-12T23:45:00Z,117771,12.68,2025-10-12T23:40:55Z,9.59,0.134,11.09,0.134,11.09,0.024363636363636365,51.962
2025-10-13T00:15:00Z,117773,12.79,2025-10-13T00:06:10Z,9.46,0.134,11.05,0.134,11.05,0.024363636363636365,51.89
2025-10-13T00:30:00Z,117774,12.79,2025-10-13T00:17:05Z,9.52,0.134,11.06,0.134,11.06,0.024363636363636365,51.908
2025-10-13T00:45:00Z,117775,12.68,2025-10-13T00:34:25Z,9.6,0.135,11.04,0.135,11.04,0.024545454545454547,51.872
2025-10-13T01:00:00Z,117776,12.75,2025-10-13T01:00:00Z,9.67,0.135,11,0.135,11,0.024545454545454547,51.8
2025-10-13T01:15:00Z,117777,12.69,2025-10-13T01:13:20Z,9.69,0.135,10.96,0.135,10.96,0.024545454545454547,51.728
2025-10-13T01:30:00Z,117778,12.76,2025-10-13T01:20:20Z,9.7,0.135,10.91,0.135,10.91,0.024545454545454547,51.638
2025-10-13T01:45:00Z,117779,12.68,2025-10-13T01:35:15Z,9.68,0.134,10.86,0.134,10.86,0.024363636363636365,51.548
2025-10-13T02:00:00Z,117780,12.76,2025-10-13T01:57:10Z,9.75,0.134,10.91,0.134,10.91,0.024363636363636365,51.638
2025-10-13T02:15:00Z,117781,12.67,2025-10-13T02:05:20Z,10.04,0.135,11.04,0.135,11.04,0.024545454545454547,51.872
2025-10-13T02:30:00Z,117782,12.78,2025-10-13T02:18:50Z,10.47,0.136,11.17,0.136,11.17,0.024727272727272733,52.106
2025-10-13T02:45:00Z,117783,12.78,2025-10-13T02:43:55Z,10.94,0.136,11.27,0.136,11.27,0.024727272727272733,52.286
2025-10-13T03:00:00Z,117784,12.73,2025-10-13T02:48:10Z,11.35,0.137,11.35,0.137,11.35,0.024909090909090912,52.43
2025-10-13T03:15:00Z,117785,12.75,2025-10-13T03:05:05Z,11.58,0.137,11.38,0.137,11.38,0.024909090909090912,52.484
2025-10-13T03:30:00Z,117786,12.74,2025-10-13T03:29:00Z,11.67,0.137,11.39,0.137,11.39,0.024909090909090912,52.502
2025-10-13T03:45:00Z,117787,12.73,2025-10-13T03:31:20Z,11.71,0.137,11.4,0.137,11.4,0.024909090909090912,52.52
2025-10-13T04:00:00Z,117788,12.74,2025-10-13T03:46:45Z,11.75,0.137,11.42,0.137,11.42,0.024909090909090912,52.556
2025-10-13T04:15:00Z,117789,12.74,2025-10-13T04:02:15Z,11.75,0.137,11.41,0.137,11.41,0.024909090909090912,52.538
2025-10-13T04:30:00Z,117790,12.76,2025-10-13T04:29:05Z,11.66,0.137,11.38,0.137,11.38,0.024909090909090912,52.484
2025-10-13T04:45:00Z,117791,12.73,2025-10-13T04:44:50Z,11.48,0.137,11.3,0.137,11.3,0.024909090909090912,52.34
2025-10-13T05:00:00Z,117792,12.73,2025-10-13T04:46:00Z,11.14,0.136,11.19,0.136,11.19,0.024727272727272733,52.141999999999996
2025-10-13T05:15:00Z,117793,12.72,2025-10-13T05:06:35Z,10.74,0.135,11.07,0.135,11.07,0.024545454545454547,51.926
2025-10-13T05:30:00Z,117794,12.73,2025-10-13T05:22:55Z,10.37,0.135,10.97,0.135,10.97,0.024545454545454547,51.746
2025-10-13T05:45:00Z,117795,12.73,2025-10-13T05:38:25Z,10.05,0.134,10.9,0.134,10.9,0.024363636363636365,51.620000000000005
2025-10-13T06:00:00Z,117796,12.7,2025-10-13T05:58:55Z,9.82,0.134,10.82,0.134,10.82,0.024363636363636365,51.476
2025-10-13T06:15:00Z,117797,12.72,2025-10-13T06:05:25Z,9.62,0.133,10.74,0.133,10.74,0.024181818181818186,51.332
2025-10-13T06:30:00Z,117798,12.72,2025-10-13T06:19:20Z,9.41,0.133,10.69,0.133,10.69,0.024181818181818186,51.242
2025-10-13T06:45:00Z,117799,12.68,2025-10-13T06:42:25Z,9.2,0.132,10.64,0.132,10.64,0.024,51.152
2025-10-13T07:00:00Z,117800,12.68,2025-10-13T06:53:50Z,9.06,0.132,10.6,0.132,10.6,0.024,51.08
2025-10-13T07:15:00Z,117801,12.68,2025-10-13T07:01:00Z,8.97,0.131,10.56,0.131,10.56,0.023818181818181818,51.008
2025-10-13T07:30:00Z,117802,12.66,2025-10-13T07:21:20Z,8.88,0.131,10.53,0.131,10.53,0.023818181818181818,50.954
2025-10-13T07:45:00Z,117803,12.65,2025-10-13T07:36:05Z,8.82,0.131,10.49,0.131,10.49,0.023818181818181818,50.882
2025-10-13T08:00:00Z,117804,12.65,2025-10-13T07:50:15Z,8.79,0.13,10.45,0.13,10.45,0.02363636363636364,50.81
2025-10-13T08:15:00Z,117805,12.68,2025-10-13T08:02:25Z,8.77,0.13,10.41,0.13,10.41,0.02363636363636364,50.738
2025-10-13T08:30:00Z,117806,12.66,2025-10-13T08:20:05Z,8.79,0.129,10.4,0.129,10.4,0.023454545454545457,50.72
2025-10-13T08:45:00Z,117807,12.65,2025-10-13T08:31:25Z,8.85,0.129,10.42,0.129,10.42,0.023454545454545457,50.756
2025-10-13T09:00:00Z,117808,12.71,2025-10-13T08:45:05Z,9,0.129,10.47,0.129,10.47,0.023454545454545457,50.846000000000004
2025-10-13T09:15:00Z,117809,12.71,2025-10-13T09:00:30Z,9.31,0.129,10.6,0.129,10.6,0.023454545454545457,51.08
2025-10-13T09:30:00Z,117810,12.76,2025-10-13T09:18:15Z,9.97,0.129,10.85,0.129,10.85,0.023454545454545457,51.53
2025-10-13T09:45:00Z,117811,12.81,2025-10-13T09:30:55Z,10.94,0.13,11.17,0.13,11.17,0.02363636363636364,52.106
2025-10-13T10:00:00Z,117812,12.9,2025-10-13T09:46:10Z,11.91,0.131,11.5,0.131,11.5,0.023818181818181818,52.7
2025-10-13T10:15:00Z,117813,12.99,2025-10-13T10:01:45Z,12.73,0.132,11.82,0.132,11.82,0.024,53.275999999999996
2025-10-13T10:30:00Z,117814,13.1,2025-10-13T10:18:40Z,13.51,0.133,12.14,0.133,12.14,0.024181818181818186,53.852000000000004
2025-10-13T10:45:00Z,117815,13.16,2025-10-13T10:33:55Z,14.15,0.133,12.43,0.133,12.43,0.024181818181818186,54.374
2025-10-13T11:00:00Z,117816,13.32,2025-10-13T10:48:40Z,14.76,0.134,12.71,0.134,12.71,0.024363636363636365,54.878
2025-10-13T11:15:00Z,117817,13.36,2025-10-13T11:01:30Z,15.2,0.135,12.94,0.135,12.94,0.024545454545454547,55.292
2025-10-13T11:30:00Z,117818,13.41,2025-10-13T11:22:50Z,15.57,0.136,13.1,0.136,13.1,0.024727272727272733,55.58
2025-10-13T11:45:00Z,117819,13.39,2025-10-13T11:40:40Z,15.69,0.136,13.11,0.136,13.11,0.024727272727272733,55.598
2025-10-13T12:00:00Z,117820,13.35,2025-10-13T11:55:30Z,15.66,0.136,13.01,0.136,13.01,0.024727272727272733,55.418
2025-10-13T12:15:00Z,117821,13.25,2025-10-13T12:00:30Z,15.72,0.135,12.93,0.135,12.93,0.024545454545454547,55.274
2025-10-13T12:30:00Z,117822,13.37,2025-10-13T12:15:45Z,16.04,0.135,12.91,0.135,12.91,0.024545454545454547,55.238
2025-10-13T12:45:00Z,117823,13.66,2025-10-13T12:30:05Z,16.89,0.135,13.08,0.135,13.08,0.024545454545454547,55.544
2025-10-13T13:00:00Z,117824,14,2025-10-13T12:46:00Z,17.92,0.136,13.47,0.136,13.47,0.024727272727272733,56.246
2025-10-13T13:15:00Z,117825,13.94,2025-10-13T13:06:25Z,18.94,0.138,13.63,0.138,13.63,0.025090909090909094,56.534
2025-10-13T13:30:00Z,117826,14.12,2025-10-13T13:24:50Z,20.17,0.137,13.67,0.137,13.67,0.024909090909090912,56.606
2025-10-13T13:45:00Z,117827,14.09,2025-10-13T13:38:30Z,21.57,0.138,13.8,0.138,13.8,0.025090909090909094,56.84
2025-10-13T14:00:00Z,117828,14.09,2025-10-13T13:49:10Z,21.88,0.138,13.93,0.138,13.93,0.025090909090909094,57.074
2025-10-13T14:15:00Z,117829,14.07,2025-10-13T14:13:35Z,21.9,0.138,14.1,0.138,14.1,0.025090909090909094,57.379999999999995
2025-10-13T14:30:00Z,117830,14.08,2025-10-13T14:15:25Z,22.14,0.14,14.46,0.14,14.46,0.02545454545454546,58.028000000000006
2025-10-13T14:45:00Z,117831,14.09,2025-10-13T14:33:15Z,22.78,0.141,14.6,0.141,14.6,0.025636363636363634,58.28
2025-10-13T15:00:00Z,117832,14.07,2025-10-13T14:55:20Z,23.4,0.14,14.48,0.14,14.48,0.02545454545454546,58.064
2025-10-13T15:15:00Z,117833,14.02,2025-10-13T15:07:55Z,24.88,0.139,14.43,0.139,14.43,0.025272727272727273,57.974000000000004
2025-10-13T15:30:00Z,117834,13.99,2025-10-13T15:26:55Z,25.83,0.139,14.51,0.139,14.51,0.025272727272727273,58.118
2025-10-13T15:45:00Z,117835,13.62,2025-10-13T15:36:40Z,25.72,0.14,14.67,0.14,14.67,0.02545454545454546,58.406
2025-10-13T16:00:00Z,117836,13.61,2025-10-13T15:50:35Z,25.62,0.139,14.61,0.139,14.61,0.025272727272727273,58.298
2025-10-13T16:15:00Z,117837,13.6,2025-10-13T16:09:00Z,26.47,0.139,14.54,0.139,14.54,0.025272727272727273,58.172
2025-10-13T16:30:00Z,117838,13.56,2025-10-13T16:27:20Z,27.21,0.138,14.54,0.138,14.54,0.025090909090909094,58.172
2025-10-13T16:45:00Z,117839,13.55,2025-10-13T16:31:35Z,27.76,0.137,14.55,0.137,14.55,0.024909090909090912,58.190000000000005
2025-10-13T17:00:00Z,117840,13.55,2025-10-13T16:59:15Z,27.99,0.138,14.59,0.138,14.59,0.025090909090909094,58.262
2025-10-13T17:15:00Z,117841,13.55,2025-10-13T17:00:50Z,27.22,0.137,14.57,0.137,14.57,0.024909090909090912,58.226
2025-10-13T17:30:00Z,117842,13.43,2025-10-13T17:30:00Z,26.11,0.136,14.42,0.136,14.42,0.024727272727272733,57.956
2025-10-13T17:45:00Z,117843,13.37,2025-10-13T17:42:40Z,24.69,0.135,14.27,0.135,14.27,0.024545454545454547,57.686
2025-10-13T18:00:00Z,117844,13.29,2025-10-13T17:56:20Z,23.07,0.134,14.17,0.134,14.17,0.024363636363636365,57.506
2025-10-13T18:15:00Z,117845,13.24,2025-10-13T18:01:55Z,21.56,0.133,14.05,0.133,14.05,0.024181818181818186,57.29
2025-10-13T18:30:00Z,117846,13.16,2025-10-13T18:28:05Z,20.25,0.132,13.94,0.132,13.94,0.024,57.092
2025-10-13T18:45:00Z,117847,13.13,2025-10-13T18:41:10Z,19.12,0.132,13.85,0.132,13.85,0.024,56.93
2025-10-13T19:00:00Z,117848,13.04,2025-10-13T18:59:25Z,18.12,0.131,13.73,0.131,13.73,0.023818181818181818,56.714
2025-10-13T19:15:00Z,117849,13,2025-10-13T19:12:35Z,17.2,0.13,13.59,0.13,13.59,0.02363636363636364,56.462
2025-10-13T19:30:00Z,117850,12.93,2025-10-13T19:21:55Z,16.34,0.129,13.45,0.129,13.45,0.023454545454545457,56.21
2025-10-13T19:45:00Z,117851,12.81,2025-10-13T19:42:00Z,15.57,0.128,13.33,0.128,13.33,0.02327272727272727,55.994
2025-10-13T20:00:00Z,117852,12.81,2025-10-13T19:50:40Z,14.88,0.127,13.21,0.127,13.21,0.023090909090909092,55.778000000000006
2025-10-13T20:15:00Z,117853,12.89,2025-10-13T20:11:50Z,14.33,0.126,13.12,0.126,13.12,0.02290909090909091,55.616
2025-10-13T20:30:00Z,117854,12.89,2025-10-13T20:25:20Z,13.82,0.125,13.03,0.125,13.03,0.02272727272727273,55.454
2025-10-13T20:45:00Z,117855,12.87,2025-10-13T20:36:45Z,13.38,0.125,12.94,0.125,12.94,0.02272727272727273,55.292
2025-10-13T21:00:00Z,117856,12.86,2025-10-13T20:54:55Z,13.02,0.125,12.86,0.125,12.86,0.02272727272727273,55.147999999999996
2025-10-13T21:15:00Z,117857,12.85,2025-10-13T21:12:40Z,12.7,0.124,12.78,0.124,12.78,0.022545454545454546,55.004
2025-10-13T21:30:00Z,117858,12.84,2025-10-13T21:23:00Z,12.41,0.124,12.71,0.124,12.71,0.022545454545454546,54.878
2025-10-13T21:45:00Z,117859,12.77,2025-10-13T21:30:20Z,12.17,0.123,12.65,0.123,12.65,0.022363636363636363,54.77
2025-10-13T22:00:00Z,117860,12.77,2025-10-13T21:46:15Z,11.98,0.123,12.59,0.123,12.59,0.022363636363636363,54.662
2025-10-13T22:15:00Z,117861,12.74,2025-10-13T22:12:40Z,11.8,0.123,12.52,0.123,12.52,0.022363636363636363,54.536
2025-10-13T22:30:00Z,117862,12.81,2025-10-13T22:19:35Z,11.61,0.123,12.46,0.123,12.46,0.022363636363636363,54.428000000000004
2025-10-13T22:45:00Z,117863,12.81,2025-10-13T22:34:30Z,11.39,0.123,12.39,0.123,12.39,0.022363636363636363,54.302
2025-10-13T23:00:00Z,117864,12.79,2025-10-13T22:56:45Z,11.19,0.122,12.31,0.122,12.31,0.022181818181818184,54.158
2025-10-13T23:15:00Z,117865,12.8,2025-10-13T23:00:05Z,11.02,0.122,12.25,0.122,12.25,0.022181818181818184,54.05
2025-10-13T23:30:00Z,117866,12.77,2025-10-13T23:28:20Z,10.86,0.122,12.17,0.122,12.17,0.022181818181818184,53.906
2025-10-13T23:45:00Z,117867,12.73,2025-10-13T23:35:40Z,10.71,0.121,12.08,0.121,12.08,0.022,53.744
2025-10-14T00:15:00Z,117869,12.79,2025-10-14T00:09:35Z,10.47,0.121,11.98,0.121,11.98,0.022,53.564
2025-10-14T00:30:00Z,117870,12.69,2025-10-14T00:26:20Z,10.35,0.121,11.92,0.121,11.92,0.022,53.456
2025-10-14T00:45:00Z,117871,12.78,2025-10-14T00:42:30Z,10.22,0.121,11.85,0.121,11.85,0.022,53.33
2025-10-14T01:00:00Z,117872,12.78,2025-10-14T00:46:30Z,10.09,0.121,11.82,0.121,11.82,0.022,53.275999999999996
2025-10-14T01:15:00Z,117873,12.77,2025-10-14T01:08:45Z,9.98,0.12,11.76,0.12,11.76,0.021818181818181816,53.168
2025-10-14T01:30:00Z,117874,12.74,2025-10-14T01:23:10Z,9.87,0.12,11.71,0.12,11.71,0.021818181818181816,53.078
2025-10-14T01:45:00Z,117875,12.74,2025-10-14T01:39:55Z,9.77,0.12,11.65,0.12,11.65,0.021818181818181816,52.97
2025-10-14T02:00:00Z,117876,12.68,2025-10-14T01:50:50Z,9.77,0.12,11.68,0.12,11.68,0.021818181818181816,53.024
2025-10-14T02:15:00Z,117877,12.77,2025-10-14T02:07:15Z,9.85,0.12,11.69,0.12,11.69,0.021818181818181816,53.042
2025-10-14T02:30:00Z,117878,12.76,2025-10-14T02:15:10Z,9.84,0.12,11.64,0.12,11.64,0.021818181818181816,52.952
2025-10-14T02:45:00Z,117879,12.74,2025-10-14T02:35:15Z,9.8,0.119,11.59,0.119,11.59,0.021636363636363638,52.862
2025-10-14T03:00:00Z,117880,12.74,2025-10-14T02:53:10Z,9.73,0.119,11.56,0.119,11.56,0.021636363636363638,52.808
2025-10-14T03:15:00Z,117881,12.76,2025-10-14T03:10:40Z,9.65,0.119,11.52,0.119,11.52,0.021636363636363638,52.736
2025-10-14T03:30:00Z,117882,12.74,2025-10-14T03:23:55Z,9.56,0.118,11.48,0.118,11.48,0.021454545454545455,52.664
2025-10-14T03:45:00Z,117883,12.76,2025-10-14T03:33:20Z,9.55,0.118,11.48,0.118,11.48,0.021454545454545455,52.664
2025-10-14T04:00:00Z,117884,12.73,2025-10-14T03:45:20Z,9.55,0.119,11.48,0.119,11.48,0.021636363636363638,52.664
2025-10-14T04:15:00Z,117885,12.74,2025-10-14T04:08:20Z,9.53,0.118,11.44,0.118,11.44,0.021454545454545455,52.592
2025-10-14T04:30:00Z,117886,12.72,2025-10-14T04:24:05Z,9.58,0.118,11.48,0.118,11.48,0.021454545454545455,52.664
2025-10-14T04:45:00Z,117887,12.71,2025-10-14T04:41:20Z,9.72,0.119,11.51,0.119,11.51,0.021636363636363638,52.718
2025-10-14T05:00:00Z,117888,12.7,2025-10-14T04:46:25Z,9.73,0.118,11.46,0.118,11.46,0.021454545454545455,52.628
2025-10-14T05:15:00Z,117889,12.59,2025-10-14T05:06:20Z,9.62,0.117,11.37,0.117,11.37,0.021272727272727273,52.466
2025-10-14T05:30:00Z,117890,12.61,2025-10-14T05:16:30Z,9.46,0.117,11.29,0.117,11.29,0.021272727272727273,52.321999999999996
2025-10-14T05:45:00Z,117891,12.7,2025-10-14T05:44:05Z,9.29,0.117,11.21,0.117,11.21,0.021272727272727273,52.178000000000004
2025-10-14T06:00:00Z,117892,12.69,2025-10-14T05:48:10Z,9.12,0.116,11.14,0.116,11.14,0.021090909090909094,52.052
2025-10-14T06:15:00Z,117893,12.57,2025-10-14T06:01:15Z,8.95,0.116,11.07,0.116,11.07,0.021090909090909094,51.926
2025-10-14T06:30:00Z,117894,12.68,2025-10-14T06:23:55Z,8.82,0.115,11.04,0.115,11.04,0.02090909090909091,51.872
2025-10-14T06:45:00Z,117895,12.57,2025-10-14T06:41:35Z,8.73,0.115,11,0.115,11,0.02090909090909091,51.8
2025-10-14T07:00:00Z,117896,12.66,2025-10-14T06:47:00Z,8.63,0.115,10.95,0.115,10.95,0.02090909090909091,51.71
2025-10-14T07:15:00Z,117897,12.66,2025-10-14T07:03:10Z,8.48,0.115,10.87,0.115,10.87,0.02090909090909091,51.566
2025-10-14T07:30:00Z,117898,12.63,2025-10-14T07:25:55Z,8.35,0.115,10.81,0.115,10.81,0.02090909090909091,51.458
2025-10-14T07:45:00Z,117899,12.55,2025-10-14T07:44:20Z,8.27,0.114,10.77,0.114,10.77,0.02072727272727273,51.385999999999996
2025-10-14T08:00:00Z,117900,12.62,2025-10-14T07:49:35Z,8.2,0.114,10.71,0.114,10.71,0.02072727272727273,51.278000000000006
2025-10-14T08:15:00Z,117901,12.62,2025-10-14T08:07:50Z,8.18,0.114,10.68,0.114,10.68,0.02072727272727273,51.224000000000004
2025-10-14T08:30:00Z,117902,12.58,2025-10-14T08:21:35Z,8.26,0.113,10.7,0.113,10.7,0.020545454545454547,51.26
2025-10-14T08:45:00Z,117903,12.57,2025-10-14T08:30:50Z,8.39,0.114,10.72,0.114,10.72,0.02072727272727273,51.296
2025-10-14T09:00:00Z,117904,12.67,2025-10-14T08:46:30Z,8.57,0.114,10.76,0.114,10.76,0.02072727272727273,51.368
2025-10-14T09:15:00Z,117905,12.68,2025-10-14T09:01:10Z,8.88,0.114,10.82,0.114,10.82,0.02072727272727273,51.476
2025-10-14T09:30:00Z,117906,12.69,2025-10-14T09:19:15Z,9.28,0.114,10.89,0.114,10.89,0.02072727272727273,51.602000000000004
2025-10-14T09:45:00Z,117907,12.67,2025-10-14T09:38:00Z,9.76,0.114,10.97,0.114,10.97,0.02072727272727273,51.746
2025-10-14T10:00:00Z,117908,12.71,2025-10-14T09:49:35Z,10.5,0.115,11.07,0.115,11.07,0.02090909090909091,51.926
2025-10-14T10:15:00Z,117909,12.73,2025-10-14T10:01:35Z,11.26,0.115,11.19,0.115,11.19,0.02090909090909091,52.141999999999996
2025-10-14T10:30:00Z,117910,12.64,2025-10-14T10:30:00Z,12.03,0.115,11.31,0.115,11.31,0.02090909090909091,52.358000000000004
2025-10-14T10:45:00Z,117911,12.78,2025-10-14T10:33:25Z,12.74,0.115,11.45,0.115,11.45,0.02090909090909091,52.61
2025-10-14T11:00:00Z,117912,12.79,2025-10-14T10:45:35Z,13.38,0.115,11.6,0.115,11.6,0.02090909090909091,52.879999999999995
2025-10-14T11:15:00Z,117913,12.82,2025-10-14T11:11:50Z,13.98,0.116,11.73,0.116,11.73,0.021090909090909094,53.114000000000004
2025-10-14T11:30:00Z,117914,12.85,2025-10-14T11:21:20Z,14.54,0.116,11.9,0.116,11.9,0.021090909090909094,53.42
2025-10-14T11:45:00Z,117915,12.89,2025-10-14T11:30:30Z,15.25,0.116,12.09,0.116,12.09,0.021090909090909094,53.762
2025-10-14T12:00:00Z,117916,12.9,2025-10-14T11:50:55Z,16.09,0.117,12.27,0.117,12.27,0.021272727272727273,54.086
2025-10-14T12:15:00Z,117917,12.95,2025-10-14T12:04:10Z,16.96,0.117,12.43,0.117,12.43,0.021272727272727273,54.374
2025-10-14T12:30:00Z,117918,12.99,2025-10-14T12:23:20Z,17.82,0.118,12.55,0.118,12.55,0.021454545454545455,54.59
2025-10-14T12:45:00Z,117919,13.01,2025-10-14T12:43:55Z,18.76,0.118,12.66,0.118,12.66,0.021454545454545455,54.788
2025-10-14T13:00:00Z,117920,13.08,2025-10-14T12:50:50Z,19.32,0.118,12.77,0.118,12.77,0.021454545454545455,54.986
2025-10-14T13:15:00Z,117921,13.17,2025-10-14T13:00:05Z,20,0.118,12.93,0.118,12.93,0.021454545454545455,55.274
2025-10-14T13:30:00Z,117922,13.46,2025-10-14T13:15:10Z,21.04,0.118,13.31,0.118,13.31,0.021454545454545455,55.958
2025-10-14T13:45:00Z,117923,13.66,2025-10-14T13:40:45Z,21.92,0.121,13.92,0.121,13.92,0.022,57.056
2025-10-14T14:00:00Z,117924,13.68,2025-10-14T13:45:50Z,22.18,0.122,14.3,0.122,14.3,0.022181818181818184,57.74
2025-10-14T14:15:00Z,117925,13.69,2025-10-14T14:11:20Z,22.39,0.124,14.65,0.124,14.65,0.022545454545454546,58.37
2025-10-14T14:30:00Z,117926,13.66,2025-10-14T14:21:50Z,22.56,0.125,14.89,0.125,14.89,0.02272727272727273,58.802
2025-10-14T14:45:00Z,117927,13.78,2025-10-14T14:30:05Z,22.81,0.126,15.05,0.126,15.05,0.02290909090909091,59.09
2025-10-14T15:00:00Z,117928,13.82,2025-10-14T14:50:30Z,24.12,0.127,15.05,0.127,15.05,0.023090909090909092,59.09
2025-10-14T15:15:00Z,117929,13.99,2025-10-14T15:13:10Z,24.8,0.127,15.11,0.127,15.11,0.023090909090909092,59.198
2025-10-14T15:30:00Z,117930,13.97,2025-10-14T15:21:30Z,25.86,0.126,15.09,0.126,15.09,0.02290909090909091,59.162
2025-10-14T15:45:00Z,117931,13.96,2025-10-14T15:44:15Z,27.1,0.127,15.07,0.127,15.07,0.023090909090909092,59.126
2025-10-14T16:00:00Z,117932,13.92,2025-10-14T15:48:45Z,27.7,0.127,15.01,0.127,15.01,0.023090909090909092,59.018
2025-10-14T16:15:00Z,117933,13.57,2025-10-14T16:11:20Z,27.84,0.126,14.94,0.126,14.94,0.02290909090909091,58.892
2025-10-14T16:30:00Z,117934,13.55,2025-10-14T16:21:45Z,27.77,0.125,14.88,0.125,14.88,0.02272727272727273,58.784000000000006
2025-10-14T16:45:00Z,117935,13.51,2025-10-14T16:35:25Z,27.82,0.125,14.84,0.125,14.84,0.02272727272727273,58.712
2025-10-14T17:00:00Z,117936,13.54,2025-10-14T16:58:25Z,27.89,0.125,14.78,0.125,14.78,0.02272727272727273,58.604
2025-10-14T17:15:00Z,117937,13.52,2025-10-14T17:09:10Z,27.83,0.124,14.71,0.124,14.71,0.022545454545454546,58.478
2025-10-14T17:30:00Z,117938,13.42,2025-10-14T17:15:05Z,27.62,0.124,14.61,0.124,14.61,0.022545454545454546,58.298
2025-10-14T17:45:00Z,117939,13.51,2025-10-14T17:40:10Z,26.88,0.124,14.49,0.124,14.49,0.022545454545454546,58.082
2025-10-14T18:00:00Z,117940,13.52,2025-10-14T17:52:00Z,25.37,0.122,14.41,0.122,14.41,0.022181818181818184,57.938
2025-10-14T18:15:00Z,117941,13.31,2025-10-14T18:13:45Z,23.94,0.122,14.3,0.122,14.3,0.022181818181818184,57.74
2025-10-14T18:30:00Z,117942,13.22,2025-10-14T18:28:35Z,22.58,0.121,14.22,0.121,14.22,0.022,57.596000000000004
2025-10-14T18:45:00Z,117943,13.05,2025-10-14T18:32:35Z,21.24,0.121,14.11,0.121,14.11,0.022,57.397999999999996
2025-10-14T19:00:00Z,117944,13.08,2025-10-14T18:59:25Z,19.95,0.12,13.97,0.12,13.97,0.021818181818181816,57.146
2025-10-14T19:15:00Z,117945,13.01,2025-10-14T19:11:45Z,18.75,0.119,13.83,0.119,13.83,0.021636363636363638,56.894
2025-10-14T19:30:00Z,117946,12.9,2025-10-14T19:15:55Z,17.69,0.118,13.7,0.118,13.7,0.021454545454545455,56.66
2025-10-14T19:45:00Z,117947,12.93,2025-10-14T19:31:00Z,16.75,0.118,13.56,0.118,13.56,0.021454545454545455,56.408
2025-10-14T20:00:00Z,117948,12.88,2025-10-14T19:59:45Z,15.92,0.117,13.44,0.117,13.44,0.021272727272727273,56.192
2025-10-14T20:15:00Z,117949,12.89,2025-10-14T20:11:50Z,15.21,0.116,13.33,0.116,13.33,0.021090909090909094,55.994
2025-10-14T20:30:00Z,117950,12.89,2025-10-14T20:21:10Z,14.62,0.116,13.23,0.116,13.23,0.021090909090909094,55.814
2025-10-14T20:45:00Z,117951,12.82,2025-10-14T20:40:20Z,14.14,0.115,13.14,0.115,13.14,0.02090909090909091,55.652
2025-10-14T21:00:00Z,117952,12.85,2025-10-14T20:59:25Z,13.72,0.115,13.07,0.115,13.07,0.02090909090909091,55.525999999999996
2025-10-14T21:15:00Z,117953,12.85,2025-10-14T21:04:45Z,13.39,0.117,12.99,0.117,12.99,0.021272727272727273,55.382
2025-10-14T21:30:00Z,117954,12.85,2025-10-14T21:16:40Z,13.06,0.117,12.89,0.117,12.89,0.021272727272727273,55.202
2025-10-14T21:45:00Z,117955,12.85,2025-10-14T21:30:25Z,12.72,0.116,12.79,0.116,12.79,0.021090909090909094,55.022
2025-10-14T22:00:00Z,117956,12.83,2025-10-14T21:48:10Z,12.41,0.116,12.7,0.116,12.7,0.021090909090909094,54.86
2025-10-14T22:15:00Z,117957,12.76,2025-10-14T22:09:15Z,12.13,0.115,12.61,0.115,12.61,0.02090909090909091,54.698
2025-10-14T22:30:00Z,117958,12.8,2025-10-14T22:28:00Z,11.86,0.115,12.53,0.115,12.53,0.02090909090909091,54.554
2025-10-14T22:45:00Z,117959,12.81,2025-10-14T22:30:30Z,11.61,0.114,12.48,0.114,12.48,0.02072727272727273,54.464
2025-10-14T23:00:00Z,117960,12.81,2025-10-14T22:46:40Z,11.4,0.114,12.43,0.114,12.43,0.02072727272727273,54.374
2025-10-14T23:15:00Z,117961,12.78,2025-10-14T23:02:40Z,11.2,0.114,12.39,0.114,12.39,0.02072727272727273,54.302
2025-10-14T23:30:00Z,117962,12.79,2025-10-14T23:25:30Z,11.11,0.114,12.43,0.114,12.43,0.02072727272727273,54.374
2025-10-14T23:45:00Z,117963,12.78,2025-10-14T23:38:05Z,11.15,0.115,12.48,0.115,12.48,0.02090909090909091,54.464
2025-10-15T00:15:00Z,117965,12.76,2025-10-15T00:00:40Z,11.35,0.115,12.54,0.115,12.54,0.02090909090909091,54.571999999999996
2025-10-15T00:30:00Z,117966,12.78,2025-10-15T00:20:00Z,11.48,0.116,12.56,0.116,12.56,0.021090909090909094,54.608000000000004
2025-10-15T00:45:00Z,117967,12.79,2025-10-15T00:31:10Z,11.55,0.115,12.54,0.115,12.54,0.02090909090909091,54.571999999999996
2025-10-15T01:00:00Z,117968,12.74,2025-10-15T00:50:50Z,11.56,0.115,12.52,0.115,12.52,0.02090909090909091,54.536
2025-10-15T01:15:00Z,117969,12.76,2025-10-15T01:03:50Z,11.56,0.115,12.5,0.115,12.5,0.02090909090909091,54.5
2025-10-15T01:30:00Z,117970,12.78,2025-10-15T01:18:10Z,11.53,0.115,12.46,0.115,12.46,0.02090909090909091,54.428000000000004
2025-10-15T01:45:00Z,117971,12.77,2025-10-15T01:32:25Z,11.44,0.114,12.41,0.114,12.41,0.02072727272727273,54.338
2025-10-15T02:00:00Z,117972,12.68,2025-10-15T01:59:15Z,11.36,0.114,12.42,0.114,12.42,0.02072727272727273,54.356
2025-10-15T02:15:00Z,117973,12.66,2025-10-15T02:12:10Z,11.29,0.114,12.37,0.114,12.37,0.02072727272727273,54.266
2025-10-15T02:30:00Z,117974,12.75,2025-10-15T02:20:10Z,11.24,0.114,12.39,0.114,12.39,0.02072727272727273,54.302
2025-10-15T02:45:00Z,117975,12.73,2025-10-15T02:37:05Z,11.23,0.114,12.39,0.114,12.39,0.02072727272727273,54.302
2025-10-15T03:00:00Z,117976,12.76,2025-10-15T02:45:50Z,11.21,0.114,12.38,0.114,12.38,0.02072727272727273,54.284
2025-10-15T03:15:00Z,117977,12.75,2025-10-15T03:00:25Z,11.2,0.114,12.39,0.114,12.39,0.02072727272727273,54.302
2025-10-15T03:30:00Z,117978,12.76,2025-10-15T03:22:35Z,11.26,0.114,12.42,0.114,12.42,0.02072727272727273,54.356
2025-10-15T03:45:00Z,117979,12.73,2025-10-15T03:43:30Z,11.38,0.115,12.46,0.115,12.46,0.02090909090909091,54.428000000000004
2025-10-15T04:00:00Z,117980,12.7,2025-10-15T03:57:40Z,11.55,0.115,12.49,0.115,12.49,0.02090909090909091,54.482
2025-10-15T04:15:00Z,117981,12.63,2025-10-15T04:12:05Z,11.76,0.115,12.53,0.115,12.53,0.02090909090909091,54.554
2025-10-15T04:30:00Z,117982,12.71,2025-10-15T04:25:10Z,11.97,0.115,12.57,0.115,12.57,0.02090909090909091,54.626
2025-10-15T04:45:00Z,117983,12.57,2025-10-15T04:35:50Z,12.13,0.116,12.59,0.116,12.59,0.021090909090909094,54.662
2025-10-15T05:00:00Z,117984,12.71,2025-10-15T04:47:40Z,12.25,0.115,12.59,0.115,12.59,0.02090909090909091,54.662
2025-10-15T05:15:00Z,117985,12.66,2025-10-15T05:14:00Z,12.34,0.116,12.59,0.116,12.59,0.021090909090909094,54.662
2025-10-15T05:30:00Z,117986,12.69,2025-10-15T05:28:40Z,12.33,0.115,12.57,0.115,12.57,0.02090909090909091,54.626
2025-10-15T05:45:00Z,117987,12.68,2025-10-15T05:33:10Z,12.32,0.115,12.58,0.115,12.58,0.02090909090909091,54.644
2025-10-15T06:00:00Z,117988,12.66,2025-10-15T05:47:55Z,12.28,0.115,12.57,0.115,12.57,0.02090909090909091,54.626
2025-10-15T06:15:00Z,117989,12.68,2025-10-15T06:08:45Z,12.23,0.114,12.56,0.114,12.56,0.02072727272727273,54.608000000000004
2025-10-15T06:30:00Z,117990,12.66,2025-10-15T06:23:25Z,12.17,0.115,12.57,0.115,12.57,0.02090909090909091,54.626
2025-10-15T06:45:00Z,117991,12.58,2025-10-15T06:44:50Z,12.09,0.115,12.55,0.115,12.55,0.02090909090909091,54.59
2025-10-15T07:00:00Z,117992,12.67,2025-10-15T06:52:10Z,11.98,0.115,12.53,0.115,12.53,0.02090909090909091,54.554
2025-10-15T07:15:00Z,117993,12.66,2025-10-15T07:01:50Z,11.86,0.115,12.5,0.115,12.5,0.02090909090909091,54.5
2025-10-15T07:30:00Z,117994,12.62,2025-10-15T07:24:20Z,11.69,0.114,12.45,0.114,12.45,0.02072727272727273,54.41
2025-10-15T07:45:00Z,117995,12.64,2025-10-15T07:33:30Z,11.53,0.114,12.41,0.114,12.41,0.02072727272727273,54.338
2025-10-15T08:00:00Z,117996,12.63,2025-10-15T07:55:05Z,11.35,0.114,12.37,0.114,12.37,0.02072727272727273,54.266
2025-10-15T08:15:00Z,117997,12.48,2025-10-15T08:12:15Z,11.21,0.114,12.35,0.114,12.35,0.02072727272727273,54.23
2025-10-15T08:30:00Z,117998,12.55,2025-10-15T08:21:05Z,11.11,0.114,12.34,0.114,12.34,0.02072727272727273,54.212
2025-10-15T08:45:00Z,117999,12.64,2025-10-15T08:32:45Z,11.09,0.114,12.39,0.114,12.39,0.02072727272727273,54.302
2025-10-15T09:00:00Z,118000,12.66,2025-10-15T08:47:25Z,11.12,0.115,12.43,0.115,12.43,0.02090909090909091,54.374
2025-10-15T09:15:00Z,118001,12.6,2025-10-15T09:01:05Z,11.14,0.115,12.49,0.115,12.49,0.02090909090909091,54.482
2025-10-15T09:30:00Z,118002,12.76,2025-10-15T09:16:35Z,11.22,0.115,12.63,0.115,12.63,0.02090909090909091,54.734
2025-10-15T09:45:00Z,118003,12.82,2025-10-15T09:38:00Z,11.41,0.115,12.76,0.115,12.76,0.02090909090909091,54.968
2025-10-15T10:00:00Z,118004,12.85,2025-10-15T09:45:10Z,11.58,0.116,12.88,0.116,12.88,0.021090909090909094,55.184
2025-10-15T10:15:00Z,118005,12.86,2025-10-15T10:04:15Z,11.7,0.116,12.97,0.116,12.97,0.021090909090909094,55.346000000000004
2025-10-15T10:30:00Z,118006,12.97,2025-10-15T10:19:25Z,11.84,0.116,13.1,0.116,13.1,0.021090909090909094,55.58
2025-10-15T10:45:00Z,118007,12.99,2025-10-15T10:39:30Z,11.95,0.116,13.12,0.116,13.12,0.021090909090909094,55.616
2025-10-15T11:00:00Z,118008,13.03,2025-10-15T10:46:00Z,12.02,0.116,13.18,0.116,13.18,0.021090909090909094,55.724000000000004
2025-10-15T11:15:00Z,118009,13.22,2025-10-15T11:00:50Z,12.28,0.117,13.41,0.117,13.41,0.021272727272727273,56.138
2025-10-15T11:30:00Z,118010,13.3,2025-10-15T11:15:05Z,12.54,0.118,13.53,0.118,13.53,0.021454545454545455,56.354
2025-10-15T11:45:00Z,118011,13.37,2025-10-15T11:34:55Z,12.8,0.118,13.63,0.118,13.63,0.021454545454545455,56.534
2025-10-15T12:00:00Z,118012,13.35,2025-10-15T11:47:35Z,12.98,0.118,13.63,0.118,13.63,0.021454545454545455,56.534
2025-10-15T12:15:00Z,118013,13.37,2025-10-15T12:13:15Z,13.2,0.119,13.7,0.119,13.7,0.021636363636363638,56.66
2025-10-15T12:30:00Z,118014,13.4,2025-10-15T12:23:30Z,13.4,0.119,13.72,0.119,13.72,0.021636363636363638,56.696
2025-10-15T12:45:00Z,118015,13.36,2025-10-15T12:43:35Z,13.6,0.119,13.8,0.119,13.8,0.021636363636363638,56.84
2025-10-15T13:00:00Z,118016,13.36,2025-10-15T12:58:05Z,13.78,0.119,13.78,0.119,13.78,0.021636363636363638,56.804
2025-10-15T13:15:00Z,118017,13.34,2025-10-15T13:01:00Z,13.85,0.119,13.7,0.119,13.7,0.021636363636363638,56.66
2025-10-15T13:30:00Z,118018,13.36,2025-10-15T13:16:05Z,13.86,0.118,13.66,0.118,13.66,0.021454545454545455,56.588
2025-10-15T13:45:00Z,118019,13.4,2025-10-15T13:43:50Z,13.89,0.118,13.68,0.118,13.68,0.021454545454545455,56.624
2025-10-15T14:00:00Z,118020,13.39,2025-10-15T13:58:25Z,13.97,0.119,13.74,0.119,13.74,0.021636363636363638,56.732
2025-10-15T14:15:00Z,118021,13.41,2025-10-15T14:07:55Z,14.07,0.119,13.76,0.119,13.76,0.021636363636363638,56.768
2025-10-15T14:30:00Z,118022,13.44,2025-10-15T14:15:55Z,14.14,0.12,13.77,0.12,13.77,0.021818181818181816,56.786
2025-10-15T14:45:00Z,118023,13.41,2025-10-15T14:31:50Z,14.22,0.12,13.81,0.12,13.81,0.021818181818181816,56.858000000000004
2025-10-15T15:00:00Z,118024,13.47,2025-10-15T14:53:15Z,14.33,0.12,13.85,0.12,13.85,0.021818181818181816,56.93
2025-10-15T15:15:00Z,118025,13.51,2025-10-15T15:00:20Z,14.49,0.121,13.95,0.121,13.95,0.022,57.11
2025-10-15T15:30:00Z,118026,13.61,2025-10-15T15:15:25Z,14.75,0.121,14.13,0.121,14.13,0.022,57.434
2025-10-15T15:45:00Z,118027,13.79,2025-10-15T15:30:05Z,15.07,0.123,14.29,0.123,14.29,0.022363636363636363,57.721999999999994
2025-10-15T16:00:00Z,118028,14.23,2025-10-15T15:55:55Z,15.45,0.124,14.44,0.124,14.44,0.022545454545454546,57.992000000000004
2025-10-15T16:15:00Z,118029,14.24,2025-10-15T16:01:55Z,15.85,0.125,14.54,0.125,14.54,0.02272727272727273,58.172
2025-10-15T16:30:00Z,118030,14.25,2025-10-15T16:25:40Z,16.23,0.125,14.58,0.125,14.58,0.02272727272727273,58.244
2025-10-15T16:45:00Z,118031,14.12,2025-10-15T16:39:50Z,16.69,0.125,14.59,0.125,14.59,0.02272727272727273,58.262
2025-10-15T17:00:00Z,118032,14.22,2025-10-15T16:47:40Z,16.82,0.125,14.6,0.125,14.6,0.02272727272727273,58.28
2025-10-15T17:15:00Z,118033,14.14,2025-10-15T17:15:00Z,17.79,0.126,14.66,0.126,14.66,0.02290909090909091,58.388
2025-10-15T17:30:00Z,118034,13.54,2025-10-15T17:29:40Z,18.1,0.126,14.6,0.126,14.6,0.02290909090909091,58.28
2025-10-15T17:45:00Z,118035,13.43,2025-10-15T17:43:55Z,17.58,0.125,14.44,0.125,14.44,0.02272727272727273,57.992000000000004
2025-10-15T18:00:00Z,118036,13.38,2025-10-15T17:54:05Z,17,0.123,14.32,0.123,14.32,0.022363636363636363,57.775999999999996
2025-10-15T18:15:00Z,118037,13.31,2025-10-15T18:10:35Z,16.49,0.123,14.24,0.123,14.24,0.022363636363636363,57.632
2025-10-15T18:30:00Z,118038,13.09,2025-10-15T18:28:15Z,16.06,0.122,14.15,0.122,14.15,0.022181818181818184,57.47
2025-10-15T18:45:00Z,118039,13.13,2025-10-15T18:39:00Z,15.69,0.121,14.04,0.121,14.04,0.022,57.272
2025-10-15T19:00:00Z,118040,13.05,2025-10-15T18:58:35Z,15.32,0.121,13.94,0.121,13.94,0.022,57.092
2025-10-15T19:15:00Z,118041,13.01,2025-10-15T19:10:25Z,14.97,0.12,13.84,0.12,13.84,0.021818181818181816,56.912
2025-10-15T19:30:00Z,118042,12.99,2025-10-15T19:28:55Z,14.5,0.119,13.65,0.119,13.65,0.021636363636363638,56.57
2025-10-15T19:45:00Z,118043,12.94,2025-10-15T19:43:40Z,13.75,0.118,13.39,0.118,13.39,0.021454545454545455,56.102000000000004
2025-10-15T20:00:00Z,118044,12.92,2025-10-15T19:58:50Z,12.94,0.116,13.15,0.116,13.15,0.021090909090909094,55.67
2025-10-15T20:15:00Z,118045,12.9,2025-10-15T20:05:40Z,12.16,0.115,12.94,0.115,12.94,0.02090909090909091,55.292
2025-10-15T20:30:00Z,118046,12.9,2025-10-15T20:21:30Z,11.47,0.114,12.74,0.114,12.74,0.02072727272727273,54.932
2025-10-15T20:45:00Z,118047,12.84,2025-10-15T20:30:40Z,10.89,0.113,12.57,0.113,12.57,0.020545454545454547,54.626
2025-10-15T21:00:00Z,118048,12.87,2025-10-15T20:52:15Z,10.4,0.112,12.41,0.112,12.41,0.020363636363636365,54.338
2025-10-15T21:15:00Z,118049,12.84,2025-10-15T21:04:30Z,9.98,0.111,12.28,0.111,12.28,0.020181818181818183,54.104
2025-10-15T21:30:00Z,118050,12.84,2025-10-15T21:29:45Z,9.64,0.11,12.15,0.11,12.15,0.02,53.870000000000005
2025-10-15T21:45:00Z,118051,12.82,2025-10-15T21:33:35Z,9.36,0.11,12.02,0.11,12.02,0.02,53.635999999999996
2025-10-15T22:00:00Z,118052,12.8,2025-10-15T21:57:30Z,9.09,0.109,11.9,0.109,11.9,0.019818181818181818,53.42
2025-10-15T22:15:00Z,118053,12.81,2025-10-15T22:11:30Z,8.8,0.109,11.77,0.109,11.77,0.019818181818181818,53.186
2025-10-15T22:30:00Z,118054,12.79,2025-10-15T22:20:00Z,8.55,0.108,11.65,0.108,11.65,0.019636363636363636,52.97
2025-10-15T22:45:00Z,118055,12.73,2025-10-15T22:36:25Z,8.3,0.107,11.53,0.107,11.53,0.019454545454545454,52.754
2025-10-15T23:00:00Z,118056,12.69,2025-10-15T22:46:35Z,8.07,0.107,11.42,0.107,11.42,0.019454545454545454,52.556
2025-10-15T23:15:00Z,118057,12.81,2025-10-15T23:07:30Z,7.87,0.106,11.31,0.106,11.31,0.01927272727272727,52.358000000000004
2025-10-15T23:30:00Z,118058,12.81,2025-10-15T23:17:20Z,7.654,0.106,11.2,0.106,11.2,0.01927272727272727,52.16
2025-10-15T23:45:00Z,118059,12.81,2025-10-15T23:42:20Z,7.466,0.102,11.1,0.102,11.1,0.018545454545454546,51.98
2025-10-16T00:15:00Z,118061,12.74,2025-10-16T00:14:30Z,7.152,0.102,10.91,0.102,10.91,0.018545454545454546,51.638
2025-10-16T00:30:00Z,118062,12.75,2025-10-16T00:15:25Z,7.009,0.101,10.81,0.101,10.81,0.018363636363636363,51.458
2025-10-16T00:45:00Z,118063,12.76,2025-10-16T00:38:45Z,6.872,0.101,10.72,0.101,10.72,0.018363636363636363,51.296
2025-10-16T01:00:00Z,118064,12.73,2025-10-16T00:51:55Z,6.738,0.101,10.63,0.101,10.63,0.018363636363636363,51.134
2025-10-16T01:15:00Z,118065,12.72,2025-10-16T01:05:35Z,6.613,0.1,10.54,0.1,10.54,0.018181818181818184,50.971999999999994
2025-10-16T01:30:00Z,118066,12.73,2025-10-16T01:20:35Z,6.46,0.1,10.46,0.1,10.46,0.018181818181818184,50.828
2025-10-16T01:45:00Z,118067,12.72,2025-10-16T01:41:45Z,6.317,0.1,10.38,0.1,10.38,0.018181818181818184,50.684
2025-10-16T02:00:00Z,118068,12.73,2025-10-16T01:49:15Z,6.186,0.099,10.29,0.099,10.29,0.018000000000000002,50.522
2025-10-16T02:15:00Z,118069,12.71,2025-10-16T02:01:00Z,6.048,0.099,10.21,0.099,10.21,0.018000000000000002,50.378
2025-10-16T02:30:00Z,118070,12.7,2025-10-16T02:29:50Z,5.902,0.099,10.13,0.099,10.13,0.018000000000000002,50.234
2025-10-16T02:45:00Z,118071,12.71,2025-10-16T02:39:55Z,5.752,0.099,10.05,0.099,10.05,0.018000000000000002,50.09
2025-10-16T03:00:00Z,118072,12.72,2025-10-16T02:45:15Z,5.612,0.099,9.97,0.099,9.97,0.018000000000000002,49.946
2025-10-16T03:15:00Z,118073,12.69,2025-10-16T03:12:20Z,5.475,0.099,9.89,0.099,9.89,0.018000000000000002,49.802
2025-10-16T03:30:00Z,118074,12.68,2025-10-16T03:23:25Z,5.334,0.098,9.81,0.098,9.81,0.01781818181818182,49.658
2025-10-16T03:45:00Z,118075,12.68,2025-10-16T03:43:00Z,5.195,0.098,9.72,0.098,9.72,0.01781818181818182,49.496
2025-10-16T04:00:00Z,118076,12.68,2025-10-16T03:51:15Z,5.08,0.098,9.65,0.098,9.65,0.01781818181818182,49.370000000000005
2025-10-16T04:15:00Z,118077,12.64,2025-10-16T04:13:15Z,4.958,0.098,9.58,0.098,9.58,0.01781818181818182,49.244
2025-10-16T04:30:00Z,118078,12.66,2025-10-16T04:22:40Z,4.845,0.098,9.51,0.098,9.51,0.01781818181818182,49.118
2025-10-16T04:45:00Z,118079,12.63,2025-10-16T04:39:10Z,4.737,0.098,9.44,0.098,9.44,0.01781818181818182,48.992
2025-10-16T05:00:00Z,118080,12.62,2025-10-16T04:57:15Z,4.641,0.098,9.37,0.098,9.37,0.01781818181818182,48.866
2025-10-16T05:15:00Z,118081,12.63,2025-10-16T05:03:05Z,4.582,0.097,9.31,0.097,9.31,0.017636363636363638,48.758
2025-10-16T05:30:00Z,118082,12.64,2025-10-16T05:20:20Z,4.522,0.097,9.25,0.097,9.25,0.017636363636363638,48.65
2025-10-16T05:45:00Z,118083,12.55,2025-10-16T05:32:45Z,4.453,0.097,9.18,0.097,9.18,0.017636363636363638,48.524
2025-10-16T06:00:00Z,118084,12.6,2025-10-16T05:57:50Z,4.366,0.097,9.11,0.097,9.11,0.017636363636363638,48.397999999999996
2025-10-16T06:15:00Z,118085,12.59,2025-10-16T06:00:45Z,4.258,0.097,9.04,0.097,9.04,0.017636363636363638,48.272
2025-10-16T06:30:00Z,118086,12.6,2025-10-16T06:25:30Z,4.131,0.097,8.97,0.097,8.97,0.017636363636363638,48.146
2025-10-16T06:45:00Z,118087,12.6,2025-10-16T06:32:15Z,4,0.097,8.89,0.097,8.89,0.017636363636363638,48.002
2025-10-16T07:00:00Z,118088,12.6,2025-10-16T06:53:15Z,3.886,0.097,8.82,0.097,8.82,0.017636363636363638,47.876
2025-10-16T07:15:00Z,118089,12.57,2025-10-16T07:07:15Z,3.793,0.097,8.75,0.097,8.75,0.017636363636363638,47.75
2025-10-16T07:30:00Z,118090,12.57,2025-10-16T07:18:40Z,3.734,0.097,8.7,0.097,8.7,0.017636363636363638,47.66
2025-10-16T07:45:00Z,118091,12.57,2025-10-16T07:42:25Z,3.682,0.097,8.65,0.097,8.65,0.017636363636363638,47.57
2025-10-16T08:00:00Z,118092,12.55,2025-10-16T07:53:20Z,3.612,0.097,8.59,0.097,8.59,0.017636363636363638,47.462
2025-10-16T08:15:00Z,118093,12.58,2025-10-16T08:09:45Z,3.558,0.097,8.55,0.097,8.55,0.017636363636363638,47.39
2025-10-16T08:30:00Z,118094,12.55,2025-10-16T08:21:20Z,3.549,0.097,8.53,0.097,8.53,0.017636363636363638,47.354
2025-10-16T08:45:00Z,118095,12.6,2025-10-16T08:30:05Z,3.562,0.096,8.52,0.096,8.52,0.017454545454545455,47.336
2025-10-16T09:00:00Z,118096,12.61,2025-10-16T08:45:40Z,3.668,0.097,8.54,0.097,8.54,0.017636363636363638,47.372
2025-10-16T09:15:00Z,118097,12.62,2025-10-16T09:03:55Z,3.954,0.097,8.58,0.097,8.58,0.017636363636363638,47.444
2025-10-16T09:30:00Z,118098,12.58,2025-10-16T09:20:30Z,4.397,0.098,8.65,0.098,8.65,0.01781818181818182,47.57
2025-10-16T09:45:00Z,118099,12.64,2025-10-16T09:41:00Z,4.907,0.098,8.74,0.098,8.74,0.01781818181818182,47.732
2025-10-16T10:00:00Z,118100,12.63,2025-10-16T09:48:10Z,5.533,0.098,8.85,0.098,8.85,0.01781818181818182,47.93
2025-10-16T10:15:00Z,118101,12.67,2025-10-16T10:05:35Z,6.146,0.098,8.97,0.098,8.97,0.01781818181818182,48.146
2025-10-16T10:30:00Z,118102,12.69,2025-10-16T10:19:30Z,6.702,0.098,9.08,0.098,9.08,0.01781818181818182,48.344
2025-10-16T10:45:00Z,118103,12.69,2025-10-16T10:41:45Z,7.183,0.099,9.18,0.099,9.18,0.018000000000000002,48.524
2025-10-16T11:00:00Z,118104,12.68,2025-10-16T10:45:05Z,7.572,0.099,9.26,0.099,9.26,0.018000000000000002,48.668
2025-10-16T11:15:00Z,118105,12.69,2025-10-16T11:05:20Z,7.977,0.099,9.35,0.099,9.35,0.018000000000000002,48.83
2025-10-16T11:30:00Z,118106,12.64,2025-10-16T11:18:35Z,8.48,0.099,9.43,0.099,9.43,0.018000000000000002,48.974000000000004
2025-10-16T11:45:00Z,118107,12.75,2025-10-16T11:43:40Z,9.08,0.1,9.51,0.1,9.51,0.018181818181818184,49.118
2025-10-16T12:00:00Z,118108,12.77,2025-10-16T11:45:45Z,9.78,0.1,9.6,0.1,9.6,0.018181818181818184,49.28
2025-10-16T12:15:00Z,118109,12.71,2025-10-16T12:14:55Z,10.41,0.1,9.66,0.1,9.66,0.018181818181818184,49.388
2025-10-16T12:30:00Z,118110,12.79,2025-10-16T12:15:55Z,11.08,0.101,9.71,0.101,9.71,0.018363636363636363,49.478
2025-10-16T12:45:00Z,118111,12.77,2025-10-16T12:42:30Z,12.01,0.101,9.77,0.101,9.77,0.018363636363636363,49.586
2025-10-16T13:00:00Z,118112,12.83,2025-10-16T12:50:35Z,12.55,0.101,9.85,0.101,9.85,0.018363636363636363,49.73
2025-10-16T13:15:00Z,118113,12.93,2025-10-16T13:01:15Z,13.09,0.101,9.94,0.101,9.94,0.018363636363636363,49.891999999999996
2025-10-16T13:30:00Z,118114,13.14,2025-10-16T13:15:05Z,14.41,0.101,10,0.101,10,0.018363636363636363,50
2025-10-16T13:45:00Z,118115,13.5,2025-10-16T13:30:30Z,16.49,0.101,10.07,0.101,10.07,0.018363636363636363,50.126
2025-10-16T14:00:00Z,118116,13.61,2025-10-16T13:56:00Z,17.19,0.101,10.15,0.101,10.15,0.018363636363636363,50.27
2025-10-16T14:15:00Z,118117,13.59,2025-10-16T14:14:55Z,17,0.102,10.24,0.102,10.24,0.018545454545454546,50.432
2025-10-16T14:30:00Z,118118,13.62,2025-10-16T14:15:05Z,16.9,0.101,10.29,0.101,10.29,0.018363636363636363,50.522
2025-10-16T14:45:00Z,118119,13.88,2025-10-16T14:30:05Z,17.28,0.101,10.34,0.101,10.34,0.018363636363636363,50.612
2025-10-16T15:00:00Z,118120,14.16,2025-10-16T14:58:40Z,19.03,0.102,10.4,0.102,10.4,0.018545454545454546,50.72
2025-10-16T15:15:00Z,118121,14.12,2025-10-16T15:08:55Z,21,0.101,10.5,0.101,10.5,0.018363636363636363,50.9
2025-10-16T15:30:00Z,118122,14.1,2025-10-16T15:28:40Z,22.46,0.102,10.59,0.102,10.59,0.018545454545454546,51.062
2025-10-16T15:45:00Z,118123,14.06,2025-10-16T15:35:40Z,23.45,0.102,10.67,0.102,10.67,0.018545454545454546,51.206
2025-10-16T16:00:00Z,118124,14.05,2025-10-16T15:51:05Z,23.9,0.102,10.75,0.102,10.75,0.018545454545454546,51.35
2025-10-16T16:15:00Z,118125,13.68,2025-10-16T16:10:40Z,24.08,0.102,10.8,0.102,10.8,0.018545454545454546,51.44
2025-10-16T16:30:00Z,118126,13.66,2025-10-16T16:20:55Z,23.81,0.102,10.85,0.102,10.85,0.018545454545454546,51.53
2025-10-16T16:45:00Z,118127,13.51,2025-10-16T16:31:50Z,23.69,0.103,10.87,0.103,10.87,0.018727272727272728,51.566
2025-10-16T17:00:00Z,118128,13.68,2025-10-16T16:58:40Z,23.61,0.102,10.86,0.102,10.86,0.018545454545454546,51.548
2025-10-16T17:15:00Z,118129,13.69,2025-10-16T17:04:00Z,23.74,0.102,10.86,0.102,10.86,0.018545454545454546,51.548
2025-10-16T17:30:00Z,118130,13.68,2025-10-16T17:23:30Z,23.66,0.103,10.89,0.103,10.89,0.018727272727272728,51.602000000000004
2025-10-16T17:45:00Z,118131,13.56,2025-10-16T17:40:50Z,22.62,0.103,10.89,0.103,10.89,0.018727272727272728,51.602000000000004
2025-10-16T18:00:00Z,118132,13.46,2025-10-16T17:54:55Z,20.85,0.102,10.87,0.102,10.87,0.018545454545454546,51.566
2025-10-16T18:15:00Z,118133,13.32,2025-10-16T18:13:20Z,19.07,0.102,10.84,0.102,10.84,0.018545454545454546,51.512
2025-10-16T18:30:00Z,118134,13.25,2025-10-16T18:29:20Z,17.43,0.102,10.79,0.102,10.79,0.018545454545454546,51.422
2025-10-16T18:45:00Z,118135,13.17,2025-10-16T18:42:40Z,15.95,0.102,10.71,0.102,10.71,0.018545454545454546,51.278000000000006
2025-10-16T19:00:00Z,118136,13.09,2025-10-16T18:58:40Z,14.61,0.101,10.62,0.101,10.62,0.018363636363636363,51.116
2025-10-16T19:15:00Z,118137,13.02,2025-10-16T19:13:45Z,13.36,0.101,10.51,0.101,10.51,0.018363636363636363,50.918
2025-10-16T19:30:00Z,118138,12.98,2025-10-16T19:29:45Z,12.24,0.1,10.4,0.1,10.4,0.018181818181818184,50.72
2025-10-16T19:45:00Z,118139,12.94,2025-10-16T19:44:00Z,11.26,0.1,10.31,0.1,10.31,0.018181818181818184,50.558
2025-10-16T20:00:00Z,118140,12.93,2025-10-16T19:52:00Z,10.41,0.099,10.22,0.099,10.22,0.018000000000000002,50.396
2025-10-16T20:15:00Z,118141,12.92,2025-10-16T20:13:50Z,9.68,0.099,10.12,0.099,10.12,0.018000000000000002,50.216
2025-10-16T20:30:00Z,118142,12.89,2025-10-16T20:26:40Z,9.07,0.099,10.03,0.099,10.03,0.018000000000000002,50.054
2025-10-16T20:45:00Z,118143,12.78,2025-10-16T20:38:50Z,8.53,0.099,9.93,0.099,9.93,0.018000000000000002,49.874
2025-10-16T21:00:00Z,118144,12.88,2025-10-16T20:56:30Z,8.09,0.099,9.85,0.099,9.85,0.018000000000000002,49.73
2025-10-16T21:15:00Z,118145,12.75,2025-10-16T21:12:45Z,7.694,0.098,9.76,0.098,9.76,0.01781818181818182,49.568
2025-10-16T21:30:00Z,118146,12.72,2025-10-16T21:17:20Z,7.356,0.098,9.69,0.098,9.69,0.01781818181818182,49.442
2025-10-16T21:45:00Z,118147,12.85,2025-10-16T21:37:55Z,7.078,0.098,9.62,0.098,9.62,0.01781818181818182,49.316
2025-10-16T22:00:00Z,118148,12.83,2025-10-16T21:52:55Z,6.825,0.098,9.54,0.098,9.54,0.01781818181818182,49.172
2025-10-16T22:15:00Z,118149,12.82,2025-10-16T22:05:00Z,6.615,0.098,9.47,0.098,9.47,0.01781818181818182,49.046
2025-10-16T22:30:00Z,118150,12.82,2025-10-16T22:30:00Z,6.466,0.098,9.42,0.098,9.42,0.01781818181818182,48.956
2025-10-16T22:45:00Z,118151,12.83,2025-10-16T22:40:00Z,6.395,0.098,9.39,0.098,9.39,0.01781818181818182,48.902
2025-10-16T23:00:00Z,118152,12.83,2025-10-16T22:47:05Z,6.315,0.098,9.34,0.098,9.34,0.01781818181818182,48.812
2025-10-16T23:15:00Z,118153,12.81,2025-10-16T23:10:20Z,6.193,0.098,9.28,0.098,9.28,0.01781818181818182,48.704
2025-10-16T23:30:00Z,118154,12.67,2025-10-16T23:21:40Z,6.061,0.098,9.22,0.098,9.22,0.01781818181818182,48.596000000000004
2025-10-16T23:45:00Z,118155,12.8,2025-10-16T23:30:15Z,5.942,0.098,9.18,0.098,9.18,0.01781818181818182,48.524
2025-10-17T00:15:00Z,118157,12.71,2025-10-17T00:10:55Z,5.71,0.098,9.08,0.098,9.08,0.01781818181818182,48.344
2025-10-17T00:30:00Z,118158,12.68,2025-10-17T00:16:00Z,5.603,0.098,9.02,0.098,9.02,0.01781818181818182,48.236
2025-10-17T00:45:00Z,118159,12.77,2025-10-17T00:33:35Z,5.472,0.098,8.96,0.098,8.96,0.01781818181818182,48.128
2025-10-17T01:00:00Z,118160,12.76,2025-10-17T00:55:50Z,5.337,0.098,8.91,0.098,8.91,0.01781818181818182,48.038
2025-10-17T01:15:00Z,118161,12.77,2025-10-17T01:04:50Z,5.222,0.098,8.85,0.098,8.85,0.01781818181818182,47.93
2025-10-17T01:30:00Z,118162,12.76,2025-10-17T01:18:05Z,5.123,0.098,8.81,0.098,8.81,0.01781818181818182,47.858000000000004
2025-10-17T01:45:00Z,118163,12.74,2025-10-17T01:32:20Z,5.051,0.098,8.78,0.098,8.78,0.01781818181818182,47.804
2025-10-17T02:00:00Z,118164,12.75,2025-10-17T01:57:40Z,5.031,0.098,8.76,0.098,8.76,0.01781818181818182,47.768
2025-10-17T02:15:00Z,118165,12.73,2025-10-17T02:04:30Z,5.01,0.098,8.75,0.098,8.75,0.01781818181818182,47.75
2025-10-17T02:30:00Z,118166,12.74,2025-10-17T02:27:10Z,5.028,0.098,8.73,0.098,8.73,0.01781818181818182,47.714
2025-10-17T02:45:00Z,118167,12.72,2025-10-17T02:31:30Z,5.048,0.098,8.7,0.098,8.7,0.01781818181818182,47.66
2025-10-17T03:00:00Z,118168,12.72,2025-10-17T02:59:05Z,5.048,0.098,8.68,0.098,8.68,0.01781818181818182,47.624
2025-10-17T03:15:00Z,118169,12.62,2025-10-17T03:01:55Z,5.016,0.098,8.64,0.098,8.64,0.01781818181818182,47.552
2025-10-17T03:30:00Z,118170,12.7,2025-10-17T03:27:35Z,4.985,0.098,8.62,0.098,8.62,0.01781818181818182,47.516
2025-10-17T03:45:00Z,118171,12.7,2025-10-17T03:41:50Z,4.958,0.098,8.59,0.098,8.59,0.01781818181818182,47.462
2025-10-17T04:00:00Z,118172,12.7,2025-10-17T03:51:05Z,4.919,0.098,8.57,0.098,8.57,0.01781818181818182,47.426
2025-10-17T04:15:00Z,118173,12.71,2025-10-17T04:11:35Z,4.865,0.098,8.53,0.098,8.53,0.01781818181818182,47.354
2025-10-17T04:30:00Z,118174,12.69,2025-10-17T04:27:10Z,4.821,0.098,8.51,0.098,8.51,0.01781818181818182,47.318
2025-10-17T04:45:00Z,118175,12.69,2025-10-17T04:43:35Z,4.799,0.098,8.5,0.098,8.5,0.01781818181818182,47.3
2025-10-17T05:00:00Z,118176,12.7,2025-10-17T04:49:40Z,4.861,0.099,8.53,0.099,8.53,0.018000000000000002,47.354
2025-10-17T05:15:00Z,118177,12.64,2025-10-17T05:02:50Z,4.923,0.099,8.55,0.099,8.55,0.018000000000000002,47.39
2025-10-17T05:30:00Z,118178,12.66,2025-10-17T05:23:00Z,5.006,0.099,8.55,0.099,8.55,0.018000000000000002,47.39
2025-10-17T05:45:00Z,118179,12.63,2025-10-17T05:38:45Z,5.097,0.099,8.54,0.099,8.54,0.018000000000000002,47.372
2025-10-17T06:00:00Z,118180,12.61,2025-10-17T05:58:50Z,5.16,0.099,8.52,0.099,8.52,0.018000000000000002,47.336
2025-10-17T06:15:00Z,118181,12.62,2025-10-17T06:02:10Z,5.198,0.098,8.5,0.098,8.5,0.01781818181818182,47.3
2025-10-17T06:30:00Z,118182,12.62,2025-10-17T06:27:30Z,5.2,0.098,8.49,0.098,8.49,0.01781818181818182,47.282
2025-10-17T06:45:00Z,118183,12.6,2025-10-17T06:38:45Z,5.179,0.098,8.47,0.098,8.47,0.01781818181818182,47.246
2025-10-17T07:00:00Z,118184,12.48,2025-10-17T06:53:10Z,5.186,0.099,8.49,0.099,8.49,0.018000000000000002,47.282
2025-10-17T07:15:00Z,118185,12.57,2025-10-17T07:12:00Z,5.349,0.1,8.57,0.1,8.57,0.018181818181818184,47.426
2025-10-17T07:30:00Z,118186,12.57,2025-10-17T07:15:55Z,5.543,0.101,8.6,0.101,8.6,0.018363636363636363,47.48
2025-10-17T07:45:00Z,118187,12.45,2025-10-17T07:36:00Z,5.685,0.101,8.6,0.101,8.6,0.018363636363636363,47.48
2025-10-17T08:00:00Z,118188,12.58,2025-10-17T07:58:40Z,5.81,0.101,8.61,0.101,8.61,0.018363636363636363,47.498
2025-10-17T08:15:00Z,118189,12.43,2025-10-17T08:09:45Z,5.896,0.102,8.61,0.102,8.61,0.018545454545454546,47.498
2025-10-17T08:30:00Z,118190,12.56,2025-10-17T08:20:05Z,5.952,0.102,8.62,0.102,8.62,0.018545454545454546,47.516
2025-10-17T08:45:00Z,118191,12.61,2025-10-17T08:33:15Z,6.083,0.101,8.75,0.101,8.75,0.018363636363636363,47.75
2025-10-17T09:00:00Z,118192,12.56,2025-10-17T08:59:25Z,6.52,0.102,8.97,0.102,8.97,0.018545454545454546,48.146
2025-10-17T09:15:00Z,118193,12.68,2025-10-17T09:00:20Z,7.211,0.102,9.2,0.102,9.2,0.018545454545454546,48.56
2025-10-17T09:30:00Z,118194,12.68,2025-10-17T09:24:20Z,7.957,0.103,9.38,0.103,9.38,0.018727272727272728,48.884
2025-10-17T09:45:00Z,118195,12.66,2025-10-17T09:31:00Z,8.46,0.103,9.42,0.103,9.42,0.018727272727272728,48.956
2025-10-17T10:00:00Z,118196,12.54,2025-10-17T09:54:55Z,8.81,0.103,9.46,0.103,9.46,0.018727272727272728,49.028000000000006
2025-10-17T10:15:00Z,118197,12.6,2025-10-17T10:06:05Z,9.23,0.103,9.51,0.103,9.51,0.018727272727272728,49.118
2025-10-17T10:30:00Z,118198,12.68,2025-10-17T10:20:55Z,9.73,0.104,9.6,0.104,9.6,0.01890909090909091,49.28
2025-10-17T10:45:00Z,118199,12.75,2025-10-17T10:30:35Z,10.29,0.104,9.67,0.104,9.67,0.01890909090909091,49.406
2025-10-17T11:00:00Z,118200,12.79,2025-10-17T10:49:40Z,10.95,0.104,9.82,0.104,9.82,0.01890909090909091,49.676
2025-10-17T11:15:00Z,118201,13,2025-10-17T11:01:00Z,11.93,0.104,10.21,0.104,10.21,0.01890909090909091,50.378
2025-10-17T11:30:00Z,118202,13.15,2025-10-17T11:21:25Z,13.19,0.106,10.66,0.106,10.66,0.01927272727272727,51.188
2025-10-17T11:45:00Z,118203,13.37,2025-10-17T11:35:30Z,14.42,0.107,11.06,0.107,11.06,0.019454545454545454,51.908
2025-10-17T12:00:00Z,118204,13.55,2025-10-17T11:46:05Z,15.28,0.09,11.4,0.09,11.4,0.01636363636363636,52.52
2025-10-17T12:15:00Z,118205,13.66,2025-10-17T12:00:45Z,15.95,-0.007,12.36,-0.007,12.36,0,54.248
2025-10-17T12:30:00Z,118206,13.72,2025-10-17T12:25:40Z,16.48,-0.008,12.94,-0.008,12.94,0,55.292
2025-10-17T12:45:00Z,118207,13.86,2025-10-17T12:30:25Z,17.03,-0.007,13.53,-0.007,13.53,0,56.354
2025-10-17T13:00:00Z,118208,14.02,2025-10-17T12:45:30Z,17.61,-0.007,13.87,-0.007,13.87,0,56.966
2025-10-17T13:15:00Z,118209,14.1,2025-10-17T13:00:05Z,18.12,-0.008,14.18,-0.008,14.18,0,57.524
2025-10-17T13:30:00Z,118210,14.13,2025-10-17T13:15:35Z,18.62,-0.009,14.28,-0.009,14.28,0,57.70399999999999
2025-10-17T13:45:00Z,118211,14.13,2025-10-17T13:40:00Z,19.1,-0.01,14.43,-0.01,14.43,0,57.974000000000004
2025-10-17T14:00:00Z,118212,14.14,2025-10-17T13:52:40Z,19.54,-0.01,14.59,-0.01,14.59,0,58.262
2025-10-17T14:15:00Z,118213,14.1,2025-10-17T14:08:35Z,20.01,-0.009,14.93,-0.009,14.93,0,58.874
2025-10-17T14:30:00Z,118214,14.14,2025-10-17T14:20:00Z,20.37,-0.009,15.09,-0.009,15.09,0,59.162
2025-10-17T14:45:00Z,118215,14.13,2025-10-17T14:30:15Z,20.67,-0.01,15.18,-0.01,15.18,0,59.324
2025-10-17T15:00:00Z,118216,14.12,2025-10-17T14:48:55Z,21.04,-0.01,15.42,-0.01,15.42,0,59.756
2025-10-17T15:15:00Z,118217,14.09,2025-10-17T15:06:40Z,21.46,-0.012,15.29,-0.012,15.29,0,59.522
2025-10-17T15:30:00Z,118218,13.69,2025-10-17T15:29:20Z,21.67,-0.013,15.23,-0.013,15.23,0,59.414
2025-10-17T15:45:00Z,118219,13.66,2025-10-17T15:31:30Z,21.78,-0.015,15.07,-0.015,15.07,0,59.126
2025-10-17T16:00:00Z,118220,13.59,2025-10-17T15:57:15Z,21.81,-0.014,15.15,-0.014,15.15,0,59.269999999999996
2025-10-17T16:15:00Z,118221,13.69,2025-10-17T16:03:30Z,22,-0.015,15.16,-0.015,15.16,0,59.288
2025-10-17T16:30:00Z,118222,13.65,2025-10-17T16:22:05Z,21.9,-0.015,15.15,-0.015,15.15,0,59.269999999999996
2025-10-17T16:45:00Z,118223,13.7,2025-10-17T16:32:30Z,21.88,-0.016,15.07,-0.016,15.07,0,59.126
2025-10-17T17:00:00Z,118224,13.7,2025-10-17T16:48:00Z,22.13,-0.018,14.53,-0.018,14.53,0,58.153999999999996
2025-10-17T17:15:00Z,118225,13.7,2025-10-17T17:01:20Z,21.71,-0.02,14.08,-0.02,14.08,0,57.344
2025-10-17T17:30:00Z,118226,13.68,2025-10-17T17:29:50Z,21.23,-0.021,13.86,-0.021,13.86,0,56.948
2025-10-17T17:45:00Z,118227,13.49,2025-10-17T17:43:40Z,20.57,-0.021,13.74,-0.021,13.74,0,56.732
2025-10-17T18:00:00Z,118228,13.29,2025-10-17T17:54:35Z,19.8,-0.022,13.57,-0.022,13.57,0,56.426
2025-10-17T18:15:00Z,118229,13.28,2025-10-17T18:14:35Z,18.99,-0.022,13.49,-0.022,13.49,0,56.282
2025-10-17T18:30:00Z,118230,13.22,2025-10-17T18:28:25Z,18.29,-0.022,13.41,-0.022,13.41,0,56.138
2025-10-17T18:45:00Z,118231,13.11,2025-10-17T18:41:25Z,17.68,-0.023,13.28,-0.023,13.28,0,55.903999999999996
2025-10-17T19:00:00Z,118232,12.88,2025-10-17T18:47:30Z,17.1,-0.023,13.08,-0.023,13.08,0,55.544
2025-10-17T19:15:00Z,118233,12.97,2025-10-17T19:12:25Z,16.59,-0.024,12.89,-0.024,12.89,0,55.202
2025-10-17T19:30:00Z,118234,12.96,2025-10-17T19:26:00Z,16.23,-0.025,12.74,-0.025,12.74,0,54.932
2025-10-17T19:45:00Z,118235,12.83,2025-10-17T19:41:30Z,16,-0.025,12.64,-0.025,12.64,0,54.752
2025-10-17T20:00:00Z,118236,12.9,2025-10-17T19:56:20Z,15.8,-0.025,12.58,-0.025,12.58,0,54.644
2025-10-17T20:15:00Z,118237,12.89,2025-10-17T20:07:30Z,15.6,-0.025,12.56,-0.025,12.56,0,54.608000000000004
2025-10-17T20:30:00Z,118238,12.89,2025-10-17T20:24:55Z,15.43,-0.025,12.53,-0.025,12.53,0,54.554
2025-10-17T20:45:00Z,118239,12.89,2025-10-17T20:33:50Z,15.22,-0.025,12.47,-0.025,12.47,0,54.446
2025-10-17T21:00:00Z,118240,12.85,2025-10-17T20:59:10Z,14.99,-0.025,12.4,-0.025,12.4,0,54.32
2025-10-17T21:15:00Z,118241,12.84,2025-10-17T21:10:10Z,14.75,-0.026,12.32,-0.026,12.32,0,54.176
2025-10-17T21:30:00Z,118242,12.83,2025-10-17T21:27:15Z,14.52,-0.026,12.2,-0.026,12.2,0,53.96
2025-10-17T21:45:00Z,118243,12.84,2025-10-17T21:42:55Z,14.31,-0.027,12.08,-0.027,12.08,0,53.744
2025-10-17T22:00:00Z,118244,12.84,2025-10-17T21:54:40Z,14.14,-0.027,11.99,-0.027,11.99,0,53.582
2025-10-17T22:15:00Z,118245,12.71,2025-10-17T22:15:00Z,13.92,-0.027,11.89,-0.027,11.89,0,53.402
2025-10-17T22:30:00Z,118246,12.84,2025-10-17T22:20:40Z,13.66,-0.027,11.71,-0.027,11.71,0,53.078
2025-10-17T22:45:00Z,118247,12.8,2025-10-17T22:36:25Z,13.39,-0.027,11.6,-0.027,11.6,0,52.879999999999995
2025-10-17T23:00:00Z,118248,12.82,2025-10-17T22:58:15Z,13.14,-0.028,11.56,-0.028,11.56,0,52.808
2025-10-17T23:15:00Z,118249,12.84,2025-10-17T23:04:05Z,13.04,-0.027,11.69,-0.027,11.69,0,53.042
2025-10-17T23:30:00Z,118250,12.73,2025-10-17T23:15:30Z,12.99,-0.026,11.77,-0.026,11.77,0,53.186
2025-10-17T23:45:00Z,118251,12.72,2025-10-17T23:39:30Z,12.98,-0.026,11.75,-0.026,11.75,0,53.15
2025-10-18T00:15:00Z,118253,12.71,2025-10-18T00:07:55Z,13.04,-0.027,11.53,-0.027,11.53,0,52.754
2025-10-18T00:30:00Z,118254,12.78,2025-10-18T00:23:05Z,13.02,-0.027,11.51,-0.027,11.51,0,52.718
2025-10-18T00:45:00Z,118255,12.7,2025-10-18T00:31:55Z,12.98,-0.027,11.39,-0.027,11.39,0,52.502
2025-10-18T01:00:00Z,118256,12.76,2025-10-18T00:51:10Z,12.92,-0.027,11.35,-0.027,11.35,0,52.43
2025-10-18T01:15:00Z,118257,12.76,2025-10-18T01:09:00Z,12.86,-0.027,11.39,-0.027,11.39,0,52.502
2025-10-18T01:30:00Z,118258,12.77,2025-10-18T01:20:25Z,12.85,-0.026,11.48,-0.026,11.48,0,52.664
2025-10-18T01:45:00Z,118259,12.69,2025-10-18T01:35:40Z,12.89,-0.026,11.5,-0.026,11.5,0,52.7
2025-10-18T02:00:00Z,118260,12.76,2025-10-18T01:56:05Z,12.95,-0.026,11.48,-0.026,11.48,0,52.664
2025-10-18T02:15:00Z,118261,12.77,2025-10-18T02:06:55Z,12.98,-0.026,11.49,-0.026,11.49,0,52.682
2025-10-18T02:30:00Z,118262,12.67,2025-10-18T02:28:05Z,12.97,-0.026,11.51,-0.026,11.51,0,52.718
2025-10-18T02:45:00Z,118263,12.78,2025-10-18T02:32:35Z,12.95,-0.026,11.48,-0.026,11.48,0,52.664
2025-10-18T03:00:00Z,118264,12.75,2025-10-18T02:45:45Z,12.86,-0.027,11.34,-0.027,11.34,0,52.412
2025-10-18T03:15:00Z,118265,12.73,2025-10-18T03:01:50Z,12.75,-0.027,11.3,-0.027,11.3,0,52.34
2025-10-18T03:30:00Z,118266,12.74,2025-10-18T03:15:25Z,12.62,-0.026,11.32,-0.026,11.32,0,52.376
2025-10-18T03:45:00Z,118267,12.72,2025-10-18T03:33:00Z,12.56,-0.026,11.38,-0.026,11.38,0,52.484
2025-10-18T04:00:00Z,118268,12.68,2025-10-18T03:50:35Z,12.6,-0.025,11.46,-0.025,11.46,0,52.628
2025-10-18T04:15:00Z,118269,12.73,2025-10-18T04:14:30Z,12.68,-0.025,11.5,-0.025,11.5,0,52.7
2025-10-18T04:30:00Z,118270,12.74,2025-10-18T04:17:45Z,12.69,-0.025,11.43,-0.025,11.43,0,52.574
2025-10-18T04:45:00Z,118271,12.59,2025-10-18T04:30:45Z,12.52,-0.026,11.15,-0.026,11.15,0,52.07
2025-10-18T05:00:00Z,118272,12.72,2025-10-18T04:49:45Z,12.21,-0.027,10.9,-0.027,10.9,0,51.620000000000005
2025-10-18T05:15:00Z,118273,12.72,2025-10-18T05:12:05Z,11.83,-0.027,10.71,-0.027,10.71,0,51.278000000000006
2025-10-18T05:30:00Z,118274,12.69,2025-10-18T05:27:35Z,11.45,-0.028,10.56,-0.028,10.56,0,51.008
2025-10-18T05:45:00Z,118275,12.71,2025-10-18T05:30:40Z,11.11,-0.028,10.5,-0.028,10.5,0,50.9
2025-10-18T06:00:00Z,118276,12.5,2025-10-18T05:56:10Z,10.87,-0.028,10.47,-0.028,10.47,0,50.846000000000004
2025-10-18T06:15:00Z,118277,12.66,2025-10-18T06:05:50Z,10.69,-0.028,10.46,-0.028,10.46,0,50.828
2025-10-18T06:30:00Z,118278,12.58,2025-10-18T06:25:40Z,10.57,-0.028,10.39,-0.028,10.39,0,50.702
2025-10-18T06:45:00Z,118279,12.66,2025-10-18T06:42:25Z,10.5,-0.028,10.36,-0.028,10.36,0,50.647999999999996
2025-10-18T07:00:00Z,118280,12.64,2025-10-18T06:50:25Z,10.45,-0.028,10.33,-0.028,10.33,0,50.594
2025-10-18T07:15:00Z,118281,12.66,2025-10-18T07:01:15Z,10.43,-0.028,10.33,-0.028,10.33,0,50.594
2025-10-18T07:30:00Z,118282,12.63,2025-10-18T07:18:40Z,10.43,-0.028,10.32,-0.028,10.32,0,50.576
2025-10-18T07:45:00Z,118283,12.63,2025-10-18T07:30:05Z,10.45,-0.028,10.3,-0.028,10.3,0,50.54
2025-10-18T08:00:00Z,118284,12.46,2025-10-18T07:57:00Z,10.47,-0.027,10.32,-0.027,10.32,0,50.576
2025-10-18T08:15:00Z,118285,12.61,2025-10-18T08:03:15Z,10.55,-0.027,10.39,-0.027,10.39,0,50.702
2025-10-18T08:30:00Z,118286,12.5,2025-10-18T08:24:50Z,10.66,-0.027,10.5,-0.027,10.5,0,50.9
2025-10-18T08:45:00Z,118287,12.55,2025-10-18T08:32:50Z,10.81,-0.026,10.64,-0.026,10.64,0,51.152
2025-10-18T09:00:00Z,118288,12.57,2025-10-18T08:56:30Z,11.01,-0.026,10.88,-0.026,10.88,0,51.584
2025-10-18T09:15:00Z,118289,12.7,2025-10-18T09:13:45Z,11.42,-0.024,11.33,-0.024,11.33,0,52.394
2025-10-18T09:30:00Z,118290,12.67,2025-10-18T09:18:45Z,11.97,-0.023,11.51,-0.023,11.51,0,52.718
2025-10-18T09:45:00Z,118291,12.67,2025-10-18T09:39:30Z,12.44,-0.023,11.68,-0.023,11.68,0,53.024
2025-10-18T10:00:00Z,118292,12.77,2025-10-18T09:48:10Z,12.97,-0.022,11.98,-0.022,11.98,0,53.564
2025-10-18T10:15:00Z,118293,12.74,2025-10-18T10:10:20Z,13.7,-0.021,12.62,-0.021,12.62,0,54.716
2025-10-18T10:30:00Z,118294,12.99,2025-10-18T10:17:30Z,14.83,-0.018,13.37,-0.018,13.37,0,56.066
2025-10-18T10:45:00Z,118295,13,2025-10-18T10:31:35Z,15.93,-0.016,13.63,-0.016,13.63,0,56.534
2025-10-18T11:00:00Z,118296,13.06,2025-10-18T10:48:05Z,16.68,-0.017,13.56,-0.017,13.56,0,56.408
2025-10-18T11:15:00Z,118297,13.05,2025-10-18T11:03:25Z,17.45,-0.015,14.03,-0.015,14.03,0,57.254
2025-10-18T11:30:00Z,118298,13.26,2025-10-18T11:18:45Z,18.41,-0.012,14.41,-0.012,14.41,0,57.938
2025-10-18T11:45:00Z,118299,13.2,2025-10-18T11:33:50Z,19.34,-0.012,14.47,-0.012,14.47,0,58.04600000000001
2025-10-18T12:00:00Z,118300,13.28,2025-10-18T11:45:30Z,20.12,-0.01,14.9,-0.01,14.9,0,58.82
2025-10-18T12:15:00Z,118301,13.5,2025-10-18T12:02:45Z,21.05,-0.003,15.9,-0.003,15.9,0,60.62
2025-10-18T12:30:00Z,118302,13.41,2025-10-18T12:23:40Z,21.87,-0.002,16.09,-0.002,16.09,0,60.962
2025-10-18T12:45:00Z,118303,13.48,2025-10-18T12:32:00Z,22.49,-0.005,15.79,-0.005,15.79,0,60.422
2025-10-18T13:00:00Z,118304,13.58,2025-10-18T12:54:50Z,23.06,0,16.31,0,16.31,0,61.358
2025-10-18T13:15:00Z,118305,13.59,2025-10-18T13:00:45Z,23.71,0.001,16.45,0.001,16.45,1.818181818181818e-4,61.61
2025-10-18T13:30:00Z,118306,13.74,2025-10-18T13:16:15Z,24.42,0.002,16.67,0.002,16.67,3.636363636363636e-4,62.00600000000001
2025-10-18T13:45:00Z,118307,13.92,2025-10-18T13:33:40Z,25.46,0.005,17.11,0.005,17.11,9.090909090909091e-4,62.798
2025-10-18T14:00:00Z,118308,13.8,2025-10-18T13:46:20Z,26.32,0.007,17.52,0.007,17.52,0.0012727272727272728,63.536
2025-10-18T14:15:00Z,118309,13.89,2025-10-18T14:11:30Z,26.66,0.006,17.85,0.006,17.85,0.001090909090909091,64.13
2025-10-18T14:30:00Z,118310,13.86,2025-10-18T14:25:10Z,27,0.006,18.31,0.006,18.31,0.001090909090909091,64.958
2025-10-18T14:45:00Z,118311,13.91,2025-10-18T14:33:45Z,27.28,0.007,18.62,0.007,18.62,0.0012727272727272728,65.516
2025-10-18T15:00:00Z,118312,13.57,2025-10-18T14:50:35Z,27.52,0.005,18.41,0.005,18.41,9.090909090909091e-4,65.138
2025-10-18T15:15:00Z,118313,13.68,2025-10-18T15:08:30Z,27.5,0.006,18.59,0.006,18.59,0.001090909090909091,65.462
2025-10-18T15:30:00Z,118314,13.89,2025-10-18T15:28:40Z,27.68,0.007,18.75,0.007,18.75,0.0012727272727272728,65.75
2025-10-18T15:45:00Z,118315,13.88,2025-10-18T15:43:10Z,28.53,0.009,19.02,0.009,19.02,0.0016363636363636363,66.236
2025-10-18T16:00:00Z,118316,13.52,2025-10-18T15:58:50Z,28.81,0.008,19.01,0.008,19.01,0.0014545454545454545,66.218
2025-10-18T16:15:00Z,118317,13.4,2025-10-18T16:13:50Z,28.41,0.004,18.58,0.004,18.58,7.272727272727272e-4,65.44399999999999
2025-10-18T16:30:00Z,118318,13.26,2025-10-18T16:17:45Z,27.84,0.001,18.31,0.001,18.31,1.818181818181818e-4,64.958
2025-10-18T16:45:00Z,118319,13.3,2025-10-18T16:35:20Z,27.33,0.002,18.4,0.002,18.4,3.636363636363636e-4,65.12
2025-10-18T17:00:00Z,118320,13.41,2025-10-18T16:57:40Z,26.92,0.001,18.27,0.001,18.27,1.818181818181818e-4,64.886
2025-10-18T17:15:00Z,118321,13.36,2025-10-18T17:10:50Z,26.57,-0.001,18.03,-0.001,18.03,0,64.45400000000001
2025-10-18T17:30:00Z,118322,13.28,2025-10-18T17:26:00Z,26.19,-0.004,17.71,-0.004,17.71,0,63.878
2025-10-18T17:45:00Z,118323,13.05,2025-10-18T17:31:15Z,25.79,-0.006,17.42,-0.006,17.42,0,63.35600000000001
2025-10-18T18:00:00Z,118324,12.97,2025-10-18T17:57:15Z,25.33,-0.008,17.09,-0.008,17.09,0,62.762
2025-10-18T18:15:00Z,118325,12.94,2025-10-18T18:07:40Z,24.89,-0.007,17.07,-0.007,17.07,0,62.726
2025-10-18T18:30:00Z,118326,12.87,2025-10-18T18:22:10Z,24.27,-0.006,17.27,-0.006,17.27,0,63.086
2025-10-18T18:45:00Z,118327,12.92,2025-10-18T18:32:30Z,23.64,-0.009,16.98,-0.009,16.98,0,62.564
2025-10-18T19:00:00Z,118328,12.92,2025-10-18T18:50:05Z,23.21,-0.01,16.86,-0.01,16.86,0,62.348
2025-10-18T19:15:00Z,118329,12.87,2025-10-18T19:09:20Z,23.13,-0.008,17.1,-0.008,17.1,0,62.78
2025-10-18T19:30:00Z,118330,12.86,2025-10-18T19:18:55Z,23.21,-0.008,17.16,-0.008,17.16,0,62.888
2025-10-18T19:45:00Z,118331,12.82,2025-10-18T19:41:55Z,23.21,-0.006,17.32,-0.006,17.32,0,63.176
2025-10-18T20:00:00Z,118332,12.87,2025-10-18T19:58:20Z,22.48,-0.011,16.92,-0.011,16.92,0,62.456
2025-10-18T20:15:00Z,118333,12.85,2025-10-18T20:05:10Z,21.48,-0.013,16.6,-0.013,16.6,0,61.88
2025-10-18T20:30:00Z,118334,12.87,2025-10-18T20:20:50Z,20.54,-0.015,16.27,-0.015,16.27,0,61.286
2025-10-18T20:45:00Z,118335,12.87,2025-10-18T20:38:35Z,19.79,-0.016,15.99,-0.016,15.99,0,60.782
2025-10-18T21:00:00Z,118336,12.87,2025-10-18T20:57:55Z,19.18,-0.017,15.85,-0.017,15.85,0,60.53
2025-10-18T21:15:00Z,118337,12.85,2025-10-18T21:06:05Z,18.75,-0.017,15.76,-0.017,15.76,0,60.368
2025-10-18T21:30:00Z,118338,12.85,2025-10-18T21:21:55Z,18.39,-0.016,15.66,-0.016,15.66,0,60.188
2025-10-18T21:45:00Z,118339,12.85,2025-10-18T21:37:55Z,18.05,-0.016,15.56,-0.016,15.56,0,60.007999999999996
2025-10-18T22:00:00Z,118340,12.86,2025-10-18T21:45:55Z,17.77,-0.016,15.48,-0.016,15.48,0,59.864
2025-10-18T22:15:00Z,118341,12.8,2025-10-18T22:12:10Z,17.54,-0.015,15.44,-0.015,15.44,0,59.792
2025-10-18T22:30:00Z,118342,12.84,2025-10-18T22:18:25Z,17.35,-0.016,15.42,-0.016,15.42,0,59.756
2025-10-18T22:45:00Z,118343,12.83,2025-10-18T22:31:15Z,17.21,-0.016,15.43,-0.016,15.43,0,59.774
2025-10-18T23:00:00Z,118344,12.81,2025-10-18T22:47:50Z,17.12,-0.016,15.47,-0.016,15.47,0,59.846000000000004
2025-10-18T23:15:00Z,118345,12.7,2025-10-18T23:09:45Z,17.05,-0.013,15.48,-0.013,15.48,0,59.864
2025-10-18T23:30:00Z,118346,12.62,2025-10-18T23:25:10Z,16.96,0.015,15.62,0.015,15.62,0.002727272727272727,60.116
2025-10-18T23:45:00Z,118347,12.81,2025-10-18T23:36:00Z,16.84,0.007,15.58,0.007,15.58,0.0012727272727272728,60.044
2025-10-19T00:15:00Z,118349,12.7,2025-10-19T00:13:35Z,16.57,0.034,15.6,0.034,15.6,0.006181818181818183,60.08
2025-10-19T00:30:00Z,118350,12.68,2025-10-19T00:18:30Z,16.4,0.043,15.44,0.043,15.44,0.007818181818181818,59.792
2025-10-19T00:45:00Z,118351,12.79,2025-10-19T00:39:50Z,16.23,0.047,15.32,0.047,15.32,0.008545454545454545,59.576
2025-10-19T01:00:00Z,118352,12.79,2025-10-19T00:55:45Z,16.06,0.044,15.19,0.044,15.19,0.008,59.342
2025-10-19T01:15:00Z,118353,12.77,2025-10-19T01:09:10Z,15.93,0.04,15.15,0.04,15.15,0.007272727272727273,59.269999999999996
2025-10-19T01:30:00Z,118354,12.79,2025-10-19T01:29:55Z,15.88,0.038,15.15,0.038,15.15,0.006909090909090909,59.269999999999996
2025-10-19T01:45:00Z,118355,12.78,2025-10-19T01:33:35Z,15.83,0.035,15.07,0.035,15.07,0.006363636363636365,59.126
2025-10-19T02:00:00Z,118356,12.77,2025-10-19T01:50:45Z,15.77,0.034,15.02,0.034,15.02,0.006181818181818183,59.036
2025-10-19T02:15:00Z,118357,12.78,2025-10-19T02:13:05Z,15.72,0.034,15,0.034,15,0.006181818181818183,59
2025-10-19T02:30:00Z,118358,12.77,2025-10-19T02:18:15Z,15.68,0.063,15.23,0.063,15.23,0.011454545454545455,59.414
2025-10-19T02:45:00Z,118359,12.74,2025-10-19T02:36:10Z,15.67,0.095,15.22,0.095,15.22,0.017272727272727273,59.396
2025-10-19T03:00:00Z,118360,12.76,2025-10-19T02:45:45Z,15.63,0.124,15.11,0.124,15.11,0.022545454545454546,59.198
2025-10-19T03:15:00Z,118361,12.74,2025-10-19T03:06:45Z,15.61,0.13,15.07,0.13,15.07,0.02363636363636364,59.126
2025-10-19T03:30:00Z,118362,12.74,2025-10-19T03:19:10Z,15.58,0.143,15.03,0.143,15.03,0.025999999999999995,59.053999999999995
2025-10-19T03:45:00Z,118363,12.62,2025-10-19T03:36:00Z,15.57,0.15,14.98,0.15,14.98,0.02727272727272727,58.964
2025-10-19T04:00:00Z,118364,12.74,2025-10-19T03:50:20Z,15.54,0.155,14.94,0.155,14.94,0.028181818181818183,58.892
2025-10-19T04:15:00Z,118365,12.63,2025-10-19T04:08:30Z,15.57,0.159,14.92,0.159,14.92,0.028909090909090912,58.856
2025-10-19T04:30:00Z,118366,12.69,2025-10-19T04:24:30Z,15.67,0.164,14.9,0.164,14.9,0.02981818181818182,58.82
2025-10-19T04:45:00Z,118367,12.69,2025-10-19T04:33:45Z,15.79,0.171,14.9,0.171,14.9,0.031090909090909093,58.82
2025-10-19T05:00:00Z,118368,12.55,2025-10-19T04:53:00Z,15.9,0.175,14.88,0.175,14.88,0.031818181818181815,58.784000000000006
2025-10-19T05:15:00Z,118369,12.69,2025-10-19T05:01:10Z,15.97,0.176,14.88,0.176,14.88,0.032,58.784000000000006
2025-10-19T05:30:00Z,118370,12.69,2025-10-19T05:28:50Z,16.01,0.177,14.87,0.177,14.87,0.03218181818181818,58.766
2025-10-19T05:45:00Z,118371,12.58,2025-10-19T05:41:20Z,16.02,0.178,14.86,0.178,14.86,0.032363636363636365,58.748000000000005
2025-10-19T06:00:00Z,118372,12.65,2025-10-19T05:50:05Z,16,0.178,14.85,0.178,14.85,0.032363636363636365,58.730000000000004
2025-10-19T06:15:00Z,118373,12.64,2025-10-19T06:06:45Z,15.98,0.181,14.84,0.181,14.84,0.03290909090909091,58.712
2025-10-19T06:30:00Z,118374,12.68,2025-10-19T06:18:25Z,15.97,0.192,14.85,0.192,14.85,0.03490909090909091,58.730000000000004
2025-10-19T06:45:00Z,118375,12.64,2025-10-19T06:37:00Z,15.97,0.197,14.91,0.197,14.91,0.03581818181818182,58.838
2025-10-19T07:00:00Z,118376,12.68,2025-10-19T06:59:30Z,15.97,0.203,14.94,0.203,14.94,0.03690909090909091,58.892
2025-10-19T07:15:00Z,118377,12.67,2025-10-19T07:01:55Z,15.78,0.214,14.9,0.214,14.9,0.03890909090909091,58.82
2025-10-19T07:30:00Z,118378,12.64,2025-10-19T07:22:15Z,15.12,0.232,14.64,0.232,14.64,0.04200000000000001,58.352
2025-10-19T07:45:00Z,118379,12.64,2025-10-19T07:37:50Z,14.55,0.251,14.64,0.251,14.64,0.05,58.352
2025-10-19T08:00:00Z,118380,12.62,2025-10-19T07:47:35Z,14.05,0.264,14.62,0.264,14.62,0.05,58.315999999999995
2025-10-19T08:15:00Z,118381,12.64,2025-10-19T08:02:35Z,13.65,0.268,14.56,0.268,14.56,0.05,58.208
2025-10-19T08:30:00Z,118382,12.58,2025-10-19T08:21:20Z,13.46,0.264,14.5,0.264,14.5,0.05,58.1
2025-10-19T08:45:00Z,118383,12.62,2025-10-19T08:35:25Z,13.34,0.262,14.49,0.262,14.49,0.05,58.082
2025-10-19T09:00:00Z,118384,12.64,2025-10-19T08:46:20Z,13.25,0.261,14.46,0.261,14.46,0.05,58.028000000000006
2025-10-19T09:15:00Z,118385,12.64,2025-10-19T09:08:50Z,13.18,0.259,14.44,0.259,14.44,0.05,57.992000000000004
2025-10-19T09:30:00Z,118386,12.66,2025-10-19T09:17:30Z,13.12,0.256,14.42,0.256,14.42,0.05,57.956
2025-10-19T09:45:00Z,118387,12.71,2025-10-19T09:30:50Z,13.1,0.255,14.4,0.255,14.4,0.05,57.92
2025-10-19T10:00:00Z,118388,12.7,2025-10-19T09:45:15Z,13.15,0.253,14.39,0.253,14.39,0.05,57.902
2025-10-19T10:15:00Z,118389,12.81,2025-10-19T10:01:55Z,13.26,0.251,14.4,0.251,14.4,0.05,57.92
2025-10-19T10:30:00Z,118390,12.85,2025-10-19T10:15:05Z,13.41,0.249,14.41,0.249,14.41,0.05,57.938
2025-10-19T10:45:00Z,118391,12.89,2025-10-19T10:32:10Z,13.55,0.278,14.46,0.278,14.46,0.057999999999999996,58.028000000000006
2025-10-19T11:00:00Z,118392,12.99,2025-10-19T10:47:10Z,13.69,0.306,14.48,0.306,14.48,0.066,58.064
2025-10-19T11:15:00Z,118393,13.01,2025-10-19T11:05:50Z,13.83,0.322,14.47,0.322,14.47,0.07,58.04600000000001
2025-10-19T11:30:00Z,118394,13.11,2025-10-19T11:18:50Z,13.86,0.32,14.48,0.32,14.48,0.07,58.064
2025-10-19T11:45:00Z,118395,13.28,2025-10-19T11:42:05Z,13.98,0.318,14.5,0.318,14.5,0.07,58.1
2025-10-19T12:00:00Z,118396,13.3,2025-10-19T11:57:30Z,14.16,0.317,14.53,0.317,14.53,0.07,58.153999999999996
2025-10-19T12:15:00Z,118397,13.27,2025-10-19T12:13:30Z,14.25,0.316,14.56,0.316,14.56,0.07,58.208
2025-10-19T12:30:00Z,118398,13.25,2025-10-19T12:19:35Z,14.34,0.314,14.57,0.314,14.57,0.07,58.226
2025-10-19T12:45:00Z,118399,13.29,2025-10-19T12:44:55Z,14.42,0.314,14.57,0.314,14.57,0.07,58.226
2025-10-19T13:00:00Z,118400,13.25,2025-10-19T12:50:40Z,14.34,0.317,14.57,0.317,14.57,0.07,58.226
2025-10-19T13:15:00Z,118401,13.2,2025-10-19T13:14:30Z,14.17,0.326,14.53,0.326,14.53,0.07,58.153999999999996
2025-10-19T13:30:00Z,118402,13.23,2025-10-19T13:28:55Z,14.01,0.329,14.52,0.329,14.52,0.07,58.136
2025-10-19T13:45:00Z,118403,13.24,2025-10-19T13:34:15Z,13.71,0.332,14.49,0.332,14.49,0.07200000000000001,58.082
2025-10-19T14:00:00Z,118404,13.3,2025-10-19T13:57:40Z,13.39,0.332,14.47,0.332,14.47,0.07200000000000001,58.04600000000001
2025-10-19T14:15:00Z,118405,13.29,2025-10-19T14:02:45Z,13.1,0.334,14.46,0.334,14.46,0.07400000000000001,58.028000000000006
2025-10-19T14:30:00Z,118406,13.25,2025-10-19T14:27:35Z,12.8,0.334,14.44,0.334,14.44,0.07400000000000001,57.992000000000004
2025-10-19T14:45:00Z,118407,13.23,2025-10-19T14:32:55Z,12.46,0.333,14.41,0.333,14.41,0.07300000000000001,57.938
2025-10-19T15:00:00Z,118408,13.31,2025-10-19T14:52:20Z,12.16,0.331,14.34,0.331,14.34,0.07100000000000001,57.812
2025-10-19T15:15:00Z,118409,13.16,2025-10-19T15:08:25Z,11.93,0.331,14.26,0.331,14.26,0.07100000000000001,57.668
2025-10-19T15:30:00Z,118410,13.29,2025-10-19T15:17:20Z,11.64,0.33,14.2,0.33,14.2,0.07,57.56
2025-10-19T15:45:00Z,118411,13.31,2025-10-19T15:35:25Z,11.36,0.328,14.1,0.328,14.1,0.07,57.379999999999995
2025-10-19T16:00:00Z,118412,13.25,2025-10-19T15:58:20Z,11.13,0.327,13.99,0.327,13.99,0.07,57.182
2025-10-19T16:15:00Z,118413,13.28,2025-10-19T16:02:55Z,10.97,0.327,13.92,0.327,13.92,0.07,57.056
2025-10-19T16:30:00Z,118414,13.35,2025-10-19T16:15:15Z,10.86,0.326,13.85,0.326,13.85,0.07,56.93
2025-10-19T16:45:00Z,118415,13.29,2025-10-19T16:39:35Z,10.83,0.326,13.8,0.326,13.8,0.07,56.84
2025-10-19T17:00:00Z,118416,13.22,2025-10-19T16:55:00Z,10.87,0.327,13.77,0.327,13.77,0.07,56.786
2025-10-19T17:15:00Z,118417,13.15,2025-10-19T17:14:20Z,10.81,0.328,13.73,0.328,13.73,0.07,56.714
2025-10-19T17:30:00Z,118418,13.08,2025-10-19T17:25:55Z,10.64,0.328,13.67,0.328,13.67,0.07,56.606
2025-10-19T17:45:00Z,118419,13.1,2025-10-19T17:42:00Z,10.44,0.329,13.6,0.329,13.6,0.07,56.48
2025-10-19T18:00:00Z,118420,13.09,2025-10-19T17:47:35Z,10.24,0.328,13.52,0.328,13.52,0.07,56.336
2025-10-19T18:15:00Z,118421,12.93,2025-10-19T18:01:15Z,10.05,0.327,13.42,0.327,13.42,0.07,56.156
2025-10-19T18:30:00Z,118422,12.97,2025-10-19T18:29:05Z,9.95,0.327,13.37,0.327,13.37,0.07,56.066
2025-10-19T18:45:00Z,118423,12.78,2025-10-19T18:40:40Z,9.81,0.326,13.32,0.326,13.32,0.07,55.976
2025-10-19T19:00:00Z,118424,12.74,2025-10-19T18:59:10Z,9.69,0.325,13.27,0.325,13.27,0.07,55.885999999999996
2025-10-19T19:15:00Z,118425,12.67,2025-10-19T19:13:25Z,9.59,0.324,13.23,0.324,13.23,0.07,55.814
2025-10-19T19:30:00Z,118426,12.82,2025-10-19T19:28:30Z,9.47,0.322,13.2,0.322,13.2,0.07,55.76
2025-10-19T19:45:00Z,118427,12.71,2025-10-19T19:37:50Z,9.34,0.32,13.18,0.32,13.18,0.07,55.724000000000004
2025-10-19T20:00:00Z,118428,12.82,2025-10-19T19:58:25Z,9.16,0.318,13.18,0.318,13.18,0.07,55.724000000000004
2025-10-19T20:15:00Z,118429,12.64,2025-10-19T20:06:45Z,8.96,0.316,13.17,0.316,13.17,0.07,55.706
2025-10-19T20:30:00Z,118430,12.79,2025-10-19T20:17:00Z,8.76,0.314,13.15,0.314,13.15,0.07,55.67
2025-10-19T20:45:00Z,118431,12.77,2025-10-19T20:31:10Z,8.57,0.312,13.11,0.312,13.11,0.07,55.598
2025-10-19T21:00:00Z,118432,12.76,2025-10-19T20:58:50Z,8.34,0.31,13.06,0.31,13.06,0.07,55.508
2025-10-19T21:15:00Z,118433,12.76,2025-10-19T21:11:15Z,8.09,0.309,13,0.309,13,0.069,55.4
2025-10-19T21:30:00Z,118434,12.73,2025-10-19T21:27:40Z,7.865,0.307,12.95,0.307,12.95,0.067,55.31
2025-10-19T21:45:00Z,118435,12.62,2025-10-19T21:43:20Z,7.755,0.306,12.95,0.306,12.95,0.066,55.31
2025-10-19T22:00:00Z,118436,12.69,2025-10-19T21:53:30Z,7.732,0.304,12.91,0.304,12.91,0.064,55.238
2025-10-19T22:15:00Z,118437,12.71,2025-10-19T22:02:05Z,7.651,0.303,12.87,0.303,12.87,0.063,55.166
2025-10-19T22:30:00Z,118438,12.69,2025-10-19T22:24:45Z,7.657,0.302,12.84,0.302,12.84,0.062,55.112
2025-10-19T22:45:00Z,118439,12.67,2025-10-19T22:44:25Z,7.734,0.301,12.8,0.301,12.8,0.061,55.04
2025-10-19T23:00:00Z,118440,12.64,2025-10-19T22:56:00Z,7.792,0.3,12.78,0.3,12.78,0.06,55.004
2025-10-19T23:15:00Z,118441,12.64,2025-10-19T23:01:05Z,7.72,0.299,12.76,0.299,12.76,0.06,54.968
2025-10-19T23:30:00Z,118442,12.61,2025-10-19T23:16:30Z,7.639,0.297,12.73,0.297,12.73,0.06,54.914
2025-10-19T23:45:00Z,118443,12.61,2025-10-19T23:31:25Z,7.631,0.296,12.7,0.296,12.7,0.06,54.86
2025-10-20T00:15:00Z,118445,12.59,2025-10-20T00:05:10Z,7.652,0.295,12.66,0.295,12.66,0.06,54.788
2025-10-20T00:30:00Z,118446,12.58,2025-10-20T00:25:25Z,7.545,0.294,12.64,0.294,12.64,0.06,54.752
2025-10-20T00:45:00Z,118447,12.59,2025-10-20T00:30:55Z,7.395,0.293,12.61,0.293,12.61,0.06,54.698
2025-10-20T01:00:00Z,118448,12.58,2025-10-20T00:51:20Z,7.218,0.292,12.56,0.292,12.56,0.06,54.608000000000004
2025-10-20T01:15:00Z,118449,12.56,2025-10-20T01:12:40Z,7.101,0.291,12.52,0.291,12.52,0.06,54.536
2025-10-20T01:30:00Z,118450,12.55,2025-10-20T01:21:15Z,7.043,0.289,12.47,0.289,12.47,0.06,54.446
2025-10-20T01:45:00Z,118451,12.57,2025-10-20T01:41:00Z,7.075,0.289,12.45,0.289,12.45,0.06,54.41
2025-10-20T02:00:00Z,118452,12.58,2025-10-20T01:56:50Z,7.212,0.288,12.43,0.288,12.43,0.06,54.374
2025-10-20T02:15:00Z,118453,12.58,2025-10-20T02:11:45Z,7.307,0.287,12.42,0.287,12.42,0.06,54.356
2025-10-20T02:30:00Z,118454,12.57,2025-10-20T02:16:20Z,7.239,0.287,12.4,0.287,12.4,0.06,54.32
2025-10-20T02:45:00Z,118455,12.55,2025-10-20T02:45:00Z,7.035,0.286,12.37,0.286,12.37,0.06,54.266
2025-10-20T03:00:00Z,118456,12.55,2025-10-20T02:57:25Z,6.791,0.285,12.32,0.285,12.32,0.06,54.176
2025-10-20T03:15:00Z,118457,12.56,2025-10-20T03:08:10Z,6.572,0.284,12.26,0.284,12.26,0.06,54.068
2025-10-20T03:30:00Z,118458,12.57,2025-10-20T03:23:45Z,6.388,0.283,12.22,0.283,12.22,0.06,53.996
2025-10-20T03:45:00Z,118459,12.55,2025-10-20T03:31:00Z,6.269,0.282,12.17,0.282,12.17,0.06,53.906
2025-10-20T04:00:00Z,118460,12.57,2025-10-20T03:59:05Z,6.141,0.282,12.13,0.282,12.13,0.06,53.834
2025-10-20T04:15:00Z,118461,12.57,2025-10-20T04:08:35Z,5.993,0.281,12.07,0.281,12.07,0.06,53.726
2025-10-20T04:30:00Z,118462,12.57,2025-10-20T04:15:20Z,5.829,0.28,12.04,0.28,12.04,0.06,53.672
2025-10-20T04:45:00Z,118463,12.55,2025-10-20T04:30:55Z,5.669,0.279,12,0.279,12,0.059,53.6
2025-10-20T05:00:00Z,118464,12.57,2025-10-20T04:55:20Z,5.537,0.279,11.94,0.279,11.94,0.059,53.492
2025-10-20T05:15:00Z,118465,12.56,2025-10-20T05:03:50Z,5.346,0.278,11.88,0.278,11.88,0.057999999999999996,53.384
2025-10-20T05:30:00Z,118466,12.56,2025-10-20T05:21:05Z,5.157,0.277,11.82,0.277,11.82,0.056999999999999995,53.275999999999996
2025-10-20T05:45:00Z,118467,12.56,2025-10-20T05:39:45Z,4.976,0.276,11.77,0.276,11.77,0.056,53.186
2025-10-20T06:00:00Z,118468,12.55,2025-10-20T05:58:25Z,4.778,0.276,11.74,0.276,11.74,0.056,53.132
2025-10-20T06:15:00Z,118469,12.54,2025-10-20T06:07:50Z,4.536,0.275,11.72,0.275,11.72,0.055,53.096000000000004
2025-10-20T06:30:00Z,118470,12.56,2025-10-20T06:22:55Z,4.296,0.274,11.66,0.274,11.66,0.054,52.988
2025-10-20T06:45:00Z,118471,12.55,2025-10-20T06:31:45Z,4.024,0.273,11.63,0.273,11.63,0.053,52.934
2025-10-20T07:00:00Z,118472,12.56,2025-10-20T06:53:40Z,3.766,0.273,11.58,0.273,11.58,0.053,52.844
2025-10-20T07:15:00Z,118473,12.39,2025-10-20T07:11:00Z,3.551,0.272,11.53,0.272,11.53,0.052000000000000005,52.754
2025-10-20T07:30:00Z,118474,12.56,2025-10-20T07:15:40Z,3.36,0.271,11.49,0.271,11.49,0.051000000000000004,52.682
2025-10-20T07:45:00Z,118475,12.55,2025-10-20T07:32:35Z,3.178,0.271,11.44,0.271,11.44,0.051000000000000004,52.592
2025-10-20T08:00:00Z,118476,12.55,2025-10-20T07:49:10Z,3.028,0.27,11.41,0.27,11.41,0.05,52.538
2025-10-20T08:15:00Z,118477,12.56,2025-10-20T08:14:25Z,2.873,0.27,11.37,0.27,11.37,0.05,52.466
2025-10-20T08:30:00Z,118478,12.56,2025-10-20T08:15:50Z,2.774,0.269,11.31,0.269,11.31,0.05,52.358000000000004
2025-10-20T08:45:00Z,118479,12.59,2025-10-20T08:43:40Z,2.771,0.268,11.25,0.268,11.25,0.05,52.25
2025-10-20T09:00:00Z,118480,12.61,2025-10-20T08:45:40Z,2.836,0.268,11.19,0.268,11.19,0.05,52.141999999999996
2025-10-20T09:15:00Z,118481,12.61,2025-10-20T09:14:30Z,3.018,0.267,11.15,0.267,11.15,0.05,52.07
2025-10-20T09:30:00Z,118482,12.6,2025-10-20T09:20:10Z,3.322,0.266,11.12,0.266,11.12,0.05,52.016
2025-10-20T09:45:00Z,118483,12.63,2025-10-20T09:33:55Z,3.832,0.266,11.08,0.266,11.08,0.05,51.944
2025-10-20T10:00:00Z,118484,12.66,2025-10-20T09:49:35Z,4.472,0.266,11.07,0.266,11.07,0.05,51.926
2025-10-20T10:15:00Z,118485,12.66,2025-10-20T10:00:45Z,5.062,0.265,11.05,0.265,11.05,0.05,51.89
2025-10-20T10:30:00Z,118486,12.68,2025-10-20T10:21:50Z,5.61,0.265,11.05,0.265,11.05,0.05,51.89
2025-10-20T10:45:00Z,118487,12.67,2025-10-20T10:31:20Z,6.133,0.264,11.04,0.264,11.04,0.05,51.872
2025-10-20T11:00:00Z,118488,12.7,2025-10-20T10:48:45Z,6.665,0.264,11.02,0.264,11.02,0.05,51.836
2025-10-20T11:15:00Z,118489,12.58,2025-10-20T11:04:35Z,7.282,0.264,11.01,0.264,11.01,0.05,51.818
2025-10-20T11:30:00Z,118490,12.74,2025-10-20T11:22:30Z,8.16,0.263,11.02,0.263,11.02,0.05,51.836
2025-10-20T11:45:00Z,118491,12.61,2025-10-20T11:41:10Z,9.47,0.264,11.03,0.264,11.03,0.05,51.854
2025-10-20T12:00:00Z,118492,12.66,2025-10-20T11:51:15Z,10.26,0.264,11.04,0.264,11.04,0.05,51.872
2025-10-20T12:15:00Z,118493,12.69,2025-10-20T12:06:20Z,10.77,0.263,11.07,0.263,11.07,0.05,51.926
2025-10-20T12:30:00Z,118494,12.79,2025-10-20T12:15:05Z,11.31,0.264,11.11,0.264,11.11,0.05,51.998
2025-10-20T12:45:00Z,118495,12.88,2025-10-20T12:33:10Z,11.89,0.263,11.11,0.263,11.11,0.05,51.998
2025-10-20T13:00:00Z,118496,12.89,2025-10-20T12:56:05Z,12.23,0.263,11.12,0.263,11.12,0.05,52.016
2025-10-20T13:15:00Z,118497,12.99,2025-10-20T13:01:35Z,12.72,0.263,11.13,0.263,11.13,0.05,52.034
2025-10-20T13:30:00Z,118498,13.7,2025-10-20T13:29:00Z,14.53,0.262,11.12,0.262,11.12,0.05,52.016
2025-10-20T13:45:00Z,118499,13.69,2025-10-20T13:38:55Z,16.53,0.262,11.1,0.262,11.1,0.05,51.98
2025-10-20T14:00:00Z,118500,13.68,2025-10-20T13:56:35Z,17.13,0.263,11.11,0.263,11.11,0.05,51.998
2025-10-20T14:15:00Z,118501,13.57,2025-10-20T14:07:45Z,16.67,0.265,11.02,0.265,11.02,0.05,51.836
2025-10-20T14:30:00Z,118502,13.76,2025-10-20T14:26:40Z,16.25,0.265,11.07,0.265,11.07,0.05,51.926
2025-10-20T14:45:00Z,118503,13.79,2025-10-20T14:30:05Z,16.44,0.264,11.1,0.264,11.1,0.05,51.98
2025-10-20T15:00:00Z,118504,14.15,2025-10-20T14:47:15Z,17.45,0.264,11.12,0.264,11.12,0.05,52.016
2025-10-20T15:15:00Z,118505,14.12,2025-10-20T15:12:05Z,19.4,0.264,11.15,0.264,11.15,0.05,52.07
2025-10-20T15:30:00Z,118506,14.12,2025-10-20T15:24:05Z,20.92,0.264,11.17,0.264,11.17,0.05,52.106
2025-10-20T15:45:00Z,118507,14.02,2025-10-20T15:30:45Z,21.73,0.264,11.2,0.264,11.2,0.05,52.16
2025-10-20T16:00:00Z,118508,14.08,2025-10-20T15:52:45Z,21.98,0.263,11.23,0.263,11.23,0.05,52.214
2025-10-20T16:15:00Z,118509,13.98,2025-10-20T16:04:10Z,21.97,0.263,11.26,0.263,11.26,0.05,52.268
2025-10-20T16:30:00Z,118510,13.71,2025-10-20T16:25:05Z,21.99,0.263,11.29,0.263,11.29,0.05,52.321999999999996
2025-10-20T16:45:00Z,118511,13.71,2025-10-20T16:35:40Z,21.26,0.262,11.32,0.262,11.32,0.05,52.376
2025-10-20T17:00:00Z,118512,13.63,2025-10-20T16:59:40Z,20.92,0.263,11.35,0.263,11.35,0.05,52.43
2025-10-20T17:15:00Z,118513,13.61,2025-10-20T17:05:00Z,21.17,0.263,11.38,0.263,11.38,0.05,52.484
2025-10-20T17:30:00Z,118514,13.73,2025-10-20T17:18:25Z,21.14,0.263,11.41,0.263,11.41,0.05,52.538
2025-10-20T17:45:00Z,118515,13.36,2025-10-20T17:43:50Z,20.19,0.262,11.43,0.262,11.43,0.05,52.574
2025-10-20T18:00:00Z,118516,13.37,2025-10-20T17:51:45Z,18.58,0.262,11.44,0.262,11.44,0.05,52.592
2025-10-20T18:15:00Z,118517,13.32,2025-10-20T18:10:05Z,17.11,0.261,11.45,0.261,11.45,0.05,52.61
2025-10-20T18:30:00Z,118518,13.2,2025-10-20T18:24:10Z,15.76,0.261,11.46,0.261,11.46,0.05,52.628
2025-10-20T18:45:00Z,118519,13.13,2025-10-20T18:41:55Z,14.52,0.261,11.45,0.261,11.45,0.05,52.61
2025-10-20T19:00:00Z,118520,13.02,2025-10-20T18:59:35Z,13.38,0.26,11.44,0.26,11.44,0.05,52.592
2025-10-20T19:15:00Z,118521,13.01,2025-10-20T19:14:50Z,12.27,0.26,11.42,0.26,11.42,0.05,52.556
2025-10-20T19:30:00Z,118522,12.99,2025-10-20T19:17:45Z,11.23,0.259,11.4,0.259,11.4,0.05,52.52
2025-10-20T19:45:00Z,118523,12.94,2025-10-20T19:43:55Z,10.29,0.259,11.37,0.259,11.37,0.05,52.466
2025-10-20T20:00:00Z,118524,12.95,2025-10-20T19:52:45Z,9.49,0.259,11.34,0.259,11.34,0.05,52.412
2025-10-20T20:15:00Z,118525,12.92,2025-10-20T20:11:35Z,8.81,0.258,11.3,0.258,11.3,0.05,52.34
2025-10-20T20:30:00Z,118526,12.9,2025-10-20T20:29:10Z,8.23,0.258,11.26,0.258,11.26,0.05,52.268
2025-10-20T20:45:00Z,118527,12.8,2025-10-20T20:31:55Z,7.75,0.257,11.22,0.257,11.22,0.05,52.196
2025-10-20T21:00:00Z,118528,12.76,2025-10-20T20:54:10Z,7.376,0.257,11.17,0.257,11.17,0.05,52.106
2025-10-20T21:15:00Z,118529,12.88,2025-10-20T21:04:05Z,7.085,0.256,11.13,0.256,11.13,0.05,52.034
2025-10-20T21:30:00Z,118530,12.73,2025-10-20T21:27:35Z,6.859,0.256,11.09,0.256,11.09,0.05,51.962
2025-10-20T21:45:00Z,118531,12.85,2025-10-20T21:31:50Z,6.701,0.256,11.04,0.256,11.04,0.05,51.872
2025-10-20T22:00:00Z,118532,12.66,2025-10-20T21:51:50Z,6.585,0.255,11,0.255,11,0.05,51.8
2025-10-20T22:15:00Z,118533,12.8,2025-10-20T22:03:25Z,6.485,0.254,10.97,0.254,10.97,0.05,51.746
2025-10-20T22:30:00Z,118534,12.74,2025-10-20T22:24:10Z,6.408,0.254,10.94,0.254,10.94,0.05,51.692
2025-10-20T22:45:00Z,118535,12.83,2025-10-20T22:34:55Z,6.341,0.254,10.9,0.254,10.9,0.05,51.620000000000005
2025-10-20T23:00:00Z,118536,12.79,2025-10-20T22:51:20Z,6.258,0.253,10.87,0.253,10.87,0.05,51.566
2025-10-20T23:15:00Z,118537,12.78,2025-10-20T23:11:55Z,6.149,0.253,10.84,0.253,10.84,0.05,51.512
2025-10-20T23:30:00Z,118538,12.79,2025-10-20T23:27:00Z,6.069,0.253,10.81,0.253,10.81,0.05,51.458
2025-10-20T23:45:00Z,118539,12.7,2025-10-20T23:31:40Z,6.012,0.253,10.77,0.253,10.77,0.05,51.385999999999996
2025-10-21T00:15:00Z,118541,12.77,2025-10-21T00:15:00Z,6.02,0.252,10.7,0.252,10.7,0.05,51.26
2025-10-21T00:30:00Z,118542,12.64,2025-10-21T00:17:00Z,6.089,0.252,10.67,0.252,10.67,0.05,51.206
2025-10-21T00:45:00Z,118543,12.66,2025-10-21T00:38:20Z,6.213,0.252,10.66,0.252,10.66,0.05,51.188
2025-10-21T01:00:00Z,118544,12.76,2025-10-21T00:57:25Z,6.405,0.252,10.63,0.252,10.63,0.05,51.134
2025-10-21T01:15:00Z,118545,12.69,2025-10-21T01:14:05Z,6.846,0.252,10.62,0.252,10.62,0.05,51.116
2025-10-21T01:30:00Z,118546,12.64,2025-10-21T01:22:45Z,7.387,0.252,10.64,0.252,10.64,0.05,51.152
2025-10-21T01:45:00Z,118547,12.59,2025-10-21T01:44:45Z,7.902,0.252,10.66,0.252,10.66,0.05,51.188
2025-10-21T02:00:00Z,118548,12.74,2025-10-21T01:57:00Z,8.33,0.252,10.68,0.252,10.68,0.05,51.224000000000004
2025-10-21T02:15:00Z,118549,12.73,2025-10-21T02:11:30Z,8.66,0.252,10.7,0.252,10.7,0.05,51.26
2025-10-21T02:30:00Z,118550,12.67,2025-10-21T02:15:25Z,8.94,0.253,10.72,0.253,10.72,0.05,51.296
2025-10-21T02:45:00Z,118551,12.72,2025-10-21T02:38:40Z,9.16,0.252,10.73,0.252,10.73,0.05,51.314
2025-10-21T03:00:00Z,118552,12.64,2025-10-21T02:50:00Z,9.35,0.252,10.74,0.252,10.74,0.05,51.332
2025-10-21T03:15:00Z,118553,12.72,2025-10-21T03:07:35Z,9.54,0.252,10.75,0.252,10.75,0.05,51.35
2025-10-21T03:30:00Z,118554,12.72,2025-10-21T03:19:15Z,9.68,0.252,10.77,0.252,10.77,0.05,51.385999999999996
2025-10-21T03:45:00Z,118555,12.72,2025-10-21T03:30:25Z,9.7,0.252,10.78,0.252,10.78,0.05,51.403999999999996
2025-10-21T04:00:00Z,118556,12.72,2025-10-21T03:45:35Z,9.58,0.253,10.74,0.253,10.74,0.05,51.332
2025-10-21T04:15:00Z,118557,12.61,2025-10-21T04:04:35Z,9.43,0.253,10.8,0.253,10.8,0.05,51.44
2025-10-21T04:30:00Z,118558,12.7,2025-10-21T04:15:50Z,9.27,0.253,10.83,0.253,10.83,0.05,51.494
2025-10-21T04:45:00Z,118559,12.71,2025-10-21T04:35:15Z,9.02,0.252,10.83,0.252,10.83,0.05,51.494
2025-10-21T05:00:00Z,118560,12.7,2025-10-21T04:50:45Z,8.78,0.252,10.82,0.252,10.82,0.05,51.476
2025-10-21T05:15:00Z,118561,12.57,2025-10-21T05:09:05Z,8.53,0.251,10.8,0.251,10.8,0.05,51.44
2025-10-21T05:30:00Z,118562,12.69,2025-10-21T05:16:15Z,8.5,0.251,10.79,0.251,10.79,0.05,51.422
2025-10-21T05:45:00Z,118563,12.65,2025-10-21T05:44:40Z,8.71,0.251,10.79,0.251,10.79,0.05,51.422
2025-10-21T06:00:00Z,118564,12.55,2025-10-21T05:52:25Z,9.06,0.251,10.79,0.251,10.79,0.05,51.422
2025-10-21T06:15:00Z,118565,12.56,2025-10-21T06:10:45Z,9.47,0.251,10.8,0.251,10.8,0.05,51.44
2025-10-21T06:30:00Z,118566,12.65,2025-10-21T06:17:45Z,9.66,0.251,10.81,0.251,10.81,0.05,51.458
2025-10-21T06:45:00Z,118567,12.57,2025-10-21T06:32:10Z,9.57,0.25,10.79,0.25,10.79,0.05,51.422
2025-10-21T07:00:00Z,118568,12.61,2025-10-21T06:57:40Z,9.36,0.249,10.75,0.249,10.75,0.05,51.35
2025-10-21T07:15:00Z,118569,12.61,2025-10-21T07:14:35Z,9.18,0.248,10.7,0.248,10.7,0.05,51.26
2025-10-21T07:30:00Z,118570,12.61,2025-10-21T07:22:50Z,9.01,0.248,10.66,0.248,10.66,0.05,51.188
2025-10-21T07:45:00Z,118571,12.44,2025-10-21T07:31:15Z,8.77,0.248,10.61,0.248,10.61,0.05,51.098
2025-10-21T08:00:00Z,118572,12.47,2025-10-21T07:55:40Z,8.54,0.247,10.55,0.247,10.55,0.05,50.99
2025-10-21T08:15:00Z,118573,12.59,2025-10-21T08:08:55Z,8.3,0.247,10.49,0.247,10.49,0.05,50.882
2025-10-21T08:30:00Z,118574,12.55,2025-10-21T08:17:20Z,8.11,0.246,10.44,0.246,10.44,0.05,50.792
2025-10-21T08:45:00Z,118575,12.61,2025-10-21T08:31:05Z,7.967,0.246,10.38,0.246,10.38,0.05,50.684
2025-10-21T09:00:00Z,118576,12.61,2025-10-21T08:57:30Z,7.889,0.245,10.33,0.245,10.33,0.05,50.594
2025-10-21T09:15:00Z,118577,12.6,2025-10-21T09:12:55Z,7.927,0.245,10.29,0.245,10.29,0.05,50.522
2025-10-21T09:30:00Z,118578,12.63,2025-10-21T09:18:15Z,8.04,0.244,10.25,0.244,10.25,0.05,50.45
2025-10-21T09:45:00Z,118579,12.53,2025-10-21T09:34:55Z,8.2,0.244,10.22,0.244,10.22,0.05,50.396
2025-10-21T10:00:00Z,118580,12.66,2025-10-21T09:45:35Z,8.45,0.244,10.2,0.244,10.2,0.05,50.36
2025-10-21T10:15:00Z,118581,12.66,2025-10-21T10:02:50Z,8.75,0.244,10.18,0.244,10.18,0.05,50.324
2025-10-21T10:30:00Z,118582,12.68,2025-10-21T10:24:40Z,9.1,0.243,10.17,0.243,10.17,0.05,50.306
2025-10-21T10:45:00Z,118583,12.67,2025-10-21T10:32:10Z,9.49,0.243,10.15,0.243,10.15,0.05,50.27
2025-10-21T11:00:00Z,118584,12.71,2025-10-21T10:47:20Z,9.88,0.243,10.16,0.243,10.16,0.05,50.288
2025-10-21T11:15:00Z,118585,12.66,2025-10-21T11:07:45Z,10.29,0.243,10.18,0.243,10.18,0.05,50.324
2025-10-21T11:30:00Z,118586,12.73,2025-10-21T11:26:15Z,10.87,0.242,10.19,0.242,10.19,0.05,50.342
2025-10-21T11:45:00Z,118587,12.78,2025-10-21T11:30:50Z,11.88,0.242,10.19,0.242,10.19,0.05,50.342
2025-10-21T12:00:00Z,118588,12.69,2025-10-21T11:54:20Z,12.32,0.242,10.21,0.242,10.21,0.05,50.378
2025-10-21T12:15:00Z,118589,12.8,2025-10-21T12:01:45Z,12.57,0.242,10.2,0.242,10.2,0.05,50.36
2025-10-21T12:30:00Z,118590,12.87,2025-10-21T12:28:35Z,12.91,0.241,10.2,0.241,10.2,0.05,50.36
2025-10-21T12:45:00Z,118591,12.82,2025-10-21T12:31:15Z,13.3,0.241,10.2,0.241,10.2,0.05,50.36
2025-10-21T13:00:00Z,118592,12.79,2025-10-21T12:52:30Z,13.65,0.241,10.23,0.241,10.23,0.05,50.414
2025-10-21T13:15:00Z,118593,13.01,2025-10-21T13:00:40Z,14.17,0.241,10.23,0.241,10.23,0.05,50.414
2025-10-21T13:30:00Z,118594,13.39,2025-10-21T13:17:45Z,15.75,0.241,10.28,0.241,10.28,0.05,50.504
2025-10-21T13:45:00Z,118595,13.83,2025-10-21T13:44:30Z,17.09,0.241,10.36,0.241,10.36,0.05,50.647999999999996
2025-10-21T14:00:00Z,118596,13.54,2025-10-21T13:57:30Z,17.56,0.242,10.47,0.242,10.47,0.05,50.846000000000004
2025-10-21T14:15:00Z,118597,13.34,2025-10-21T14:14:55Z,16.94,0.244,10.59,0.244,10.59,0.05,51.062
2025-10-21T14:30:00Z,118598,13.23,2025-10-21T14:29:15Z,15.52,0.244,10.64,0.244,10.64,0.05,51.152
2025-10-21T14:45:00Z,118599,13.21,2025-10-21T14:35:00Z,13.63,0.245,10.63,0.245,10.63,0.05,51.134
2025-10-21T15:00:00Z,118600,13.28,2025-10-21T14:58:25Z,12.05,0.246,10.63,0.246,10.63,0.05,51.134
2025-10-21T15:15:00Z,118601,13.42,2025-10-21T15:00:40Z,11.01,0.247,10.67,0.247,10.67,0.05,51.206
2025-10-21T15:30:00Z,118602,14.31,2025-10-21T15:18:05Z,11.15,0.247,10.72,0.247,10.72,0.05,51.296
2025-10-21T15:45:00Z,118603,14.35,2025-10-21T15:34:35Z,12.3,0.248,10.75,0.248,10.75,0.05,51.35
2025-10-21T16:00:00Z,118604,14.2,2025-10-21T15:49:05Z,13.18,0.249,10.74,0.249,10.74,0.05,51.332
2025-10-21T16:15:00Z,118605,14,2025-10-21T16:11:40Z,13.5,0.248,10.73,0.248,10.73,0.05,51.314
2025-10-21T16:30:00Z,118606,13.72,2025-10-21T16:30:00Z,14.25,0.248,10.72,0.248,10.72,0.05,51.296
2025-10-21T16:45:00Z,118607,13.66,2025-10-21T16:34:55Z,14.22,0.248,10.7,0.248,10.7,0.05,51.26
2025-10-21T17:00:00Z,118608,13.58,2025-10-21T16:52:35Z,13.94,0.248,10.73,0.248,10.73,0.05,51.314
2025-10-21T17:15:00Z,118609,13.77,2025-10-21T17:15:00Z,13.86,0.247,10.77,0.247,10.77,0.05,51.385999999999996
2025-10-21T17:30:00Z,118610,13.63,2025-10-21T17:18:10Z,13.66,0.248,10.79,0.248,10.79,0.05,51.422
2025-10-21T17:45:00Z,118611,13.61,2025-10-21T17:45:00Z,12.98,0.247,10.8,0.247,10.8,0.05,51.44
2025-10-21T18:00:00Z,118612,13.42,2025-10-21T17:59:40Z,12.15,0.245,10.78,0.245,10.78,0.05,51.403999999999996
2025-10-21T18:15:00Z,118613,13.3,2025-10-21T18:13:20Z,11.37,0.244,10.72,0.244,10.72,0.05,51.296
2025-10-21T18:30:00Z,118614,13.21,2025-10-21T18:26:50Z,10.78,0.243,10.66,0.243,10.66,0.05,51.188
2025-10-21T18:45:00Z,118615,13.12,2025-10-21T18:42:45Z,10.28,0.243,10.61,0.243,10.61,0.05,51.098
2025-10-21T19:00:00Z,118616,12.96,2025-10-21T18:59:25Z,9.88,0.242,10.54,0.242,10.54,0.05,50.971999999999994
2025-10-21T19:15:00Z,118617,12.98,2025-10-21T19:12:10Z,9.61,0.241,10.47,0.241,10.47,0.05,50.846000000000004
2025-10-21T19:30:00Z,118618,12.97,2025-10-21T19:19:45Z,9.43,0.241,10.42,0.241,10.42,0.05,50.756
2025-10-21T19:45:00Z,118619,12.94,2025-10-21T19:39:30Z,9.27,0.242,10.34,0.242,10.34,0.05,50.612
2025-10-21T20:00:00Z,118620,12.85,2025-10-21T19:56:40Z,8.95,0.24,10.3,0.24,10.3,0.05,50.54
2025-10-21T20:15:00Z,118621,12.82,2025-10-21T20:10:15Z,8.73,0.24,10.23,0.24,10.23,0.05,50.414
2025-10-21T20:30:00Z,118622,12.81,2025-10-21T20:24:45Z,8.64,0.24,10.15,0.24,10.15,0.05,50.27
2025-10-21T20:45:00Z,118623,12.7,2025-10-21T20:36:40Z,8.52,0.239,10.06,0.239,10.06,0.049,50.108000000000004
2025-10-21T21:00:00Z,118624,12.76,2025-10-21T20:48:10Z,8.34,0.239,9.98,0.239,9.98,0.049,49.964
2025-10-21T21:15:00Z,118625,12.76,2025-10-21T21:07:50Z,8.18,0.238,9.95,0.238,9.95,0.048,49.91
2025-10-21T21:30:00Z,118626,12.69,2025-10-21T21:25:15Z,8.02,0.237,9.91,0.237,9.91,0.04699999999999999,49.838
2025-10-21T21:45:00Z,118627,12.83,2025-10-21T21:43:25Z,7.856,0.237,9.84,0.237,9.84,0.04699999999999999,49.712
2025-10-21T22:00:00Z,118628,12.74,2025-10-21T21:46:45Z,7.793,0.237,9.78,0.237,9.78,0.04699999999999999,49.604
2025-10-21T22:15:00Z,118629,12.64,2025-10-21T22:01:05Z,7.812,0.236,9.75,0.236,9.75,0.04599999999999999,49.55
2025-10-21T22:30:00Z,118630,12.81,2025-10-21T22:23:10Z,7.838,0.236,9.72,0.236,9.72,0.04599999999999999,49.496
2025-10-21T22:45:00Z,118631,12.61,2025-10-21T22:39:50Z,7.71,0.236,9.68,0.236,9.68,0.04599999999999999,49.424
2025-10-21T23:00:00Z,118632,12.77,2025-10-21T22:51:20Z,7.591,0.236,9.65,0.236,9.65,0.04599999999999999,49.370000000000005
2025-10-21T23:15:00Z,118633,12.57,2025-10-21T23:10:15Z,7.488,0.236,9.64,0.236,9.64,0.04599999999999999,49.352000000000004
2025-10-21T23:30:00Z,118634,12.76,2025-10-21T23:27:50Z,7.343,0.236,9.63,0.236,9.63,0.04599999999999999,49.334
2025-10-21T23:45:00Z,118635,12.78,2025-10-21T23:44:50Z,7.146,0.237,9.63,0.237,9.63,0.04699999999999999,49.334
2025-10-22T00:15:00Z,118637,12.77,2025-10-22T00:00:50Z,6.792,0.238,9.64,0.238,9.64,0.048,49.352000000000004
2025-10-22T00:30:00Z,118638,12.77,2025-10-22T00:15:15Z,6.633,0.237,9.63,0.237,9.63,0.04699999999999999,49.334
2025-10-22T00:45:00Z,118639,12.7,2025-10-22T00:32:45Z,6.453,0.238,9.6,0.238,9.6,0.048,49.28
2025-10-22T01:00:00Z,118640,12.71,2025-10-22T00:47:55Z,6.255,0.237,9.57,0.237,9.57,0.04699999999999999,49.226
2025-10-22T01:15:00Z,118641,12.68,2025-10-22T01:02:30Z,6.181,0.237,9.53,0.237,9.53,0.04699999999999999,49.153999999999996
2025-10-22T01:30:00Z,118642,12.77,2025-10-22T01:17:05Z,6.141,0.237,9.51,0.237,9.51,0.04699999999999999,49.118
2025-10-22T01:45:00Z,118643,12.68,2025-10-22T01:43:55Z,6.127,0.238,9.5,0.238,9.5,0.048,49.1
2025-10-22T02:00:00Z,118644,12.6,2025-10-22T01:58:25Z,6.125,0.238,9.49,0.238,9.49,0.048,49.082
2025-10-22T02:15:00Z,118645,12.72,2025-10-22T02:04:20Z,6.136,0.239,9.48,0.239,9.48,0.049,49.064
2025-10-22T02:30:00Z,118646,12.71,2025-10-22T02:26:00Z,6.156,0.239,9.48,0.239,9.48,0.049,49.064
2025-10-22T02:45:00Z,118647,12.69,2025-10-22T02:38:05Z,6.156,0.239,9.47,0.239,9.47,0.049,49.046
2025-10-22T03:00:00Z,118648,12.6,2025-10-22T02:51:35Z,6.158,0.239,9.46,0.239,9.46,0.049,49.028000000000006
2025-10-22T03:15:00Z,118649,12.57,2025-10-22T03:07:45Z,6.146,0.239,9.44,0.239,9.44,0.049,48.992
2025-10-22T03:30:00Z,118650,12.63,2025-10-22T03:21:50Z,6.127,0.239,9.43,0.239,9.43,0.049,48.974000000000004
2025-10-22T03:45:00Z,118651,12.68,2025-10-22T03:41:10Z,6.113,0.239,9.42,0.239,9.42,0.049,48.956
2025-10-22T04:00:00Z,118652,12.55,2025-10-22T03:48:15Z,6.097,0.239,9.41,0.239,9.41,0.049,48.938
2025-10-22T04:15:00Z,118653,12.55,2025-10-22T04:06:15Z,6.091,0.239,9.39,0.239,9.39,0.049,48.902
2025-10-22T04:30:00Z,118654,12.61,2025-10-22T04:24:35Z,6.117,0.239,9.37,0.239,9.37,0.049,48.866
2025-10-22T04:45:00Z,118655,12.67,2025-10-22T04:30:55Z,6.155,0.238,9.36,0.238,9.36,0.048,48.848
2025-10-22T05:00:00Z,118656,12.59,2025-10-22T04:47:20Z,6.202,0.238,9.33,0.238,9.33,0.048,48.794
2025-10-22T05:15:00Z,118657,12.66,2025-10-22T05:11:10Z,6.258,0.238,9.32,0.238,9.32,0.048,48.775999999999996
2025-10-22T05:30:00Z,118658,12.62,2025-10-22T05:28:50Z,6.277,0.238,9.3,0.238,9.3,0.048,48.74
2025-10-22T05:45:00Z,118659,12.61,2025-10-22T05:39:25Z,6.329,0.239,9.27,0.239,9.27,0.049,48.686
2025-10-22T06:00:00Z,118660,12.53,2025-10-22T05:59:20Z,6.397,0.242,9.27,0.242,9.27,0.05,48.686
2025-10-22T06:15:00Z,118661,12.63,2025-10-22T06:00:55Z,6.493,0.242,9.27,0.242,9.27,0.05,48.686
2025-10-22T06:30:00Z,118662,12.47,2025-10-22T06:24:35Z,6.594,0.241,9.25,0.241,9.25,0.05,48.65
2025-10-22T06:45:00Z,118663,12.62,2025-10-22T06:36:20Z,6.707,0.241,9.24,0.241,9.24,0.05,48.632
2025-10-22T07:00:00Z,118664,12.48,2025-10-22T06:48:20Z,6.807,0.241,9.24,0.241,9.24,0.05,48.632
2025-10-22T07:15:00Z,118665,12.52,2025-10-22T07:01:05Z,6.882,0.24,9.22,0.24,9.22,0.05,48.596000000000004
2025-10-22T07:30:00Z,118666,12.57,2025-10-22T07:17:05Z,6.935,0.24,9.19,0.24,9.19,0.05,48.542
2025-10-22T07:45:00Z,118667,12.38,2025-10-22T07:30:35Z,6.963,0.239,9.18,0.239,9.18,0.049,48.524
2025-10-22T08:00:00Z,118668,12.5,2025-10-22T07:56:20Z,6.944,0.239,9.16,0.239,9.16,0.049,48.488
2025-10-22T08:15:00Z,118669,12.55,2025-10-22T08:14:25Z,6.948,0.238,9.14,0.238,9.14,0.048,48.452
2025-10-22T08:30:00Z,118670,12.49,2025-10-22T08:28:30Z,6.952,0.238,9.11,0.238,9.11,0.048,48.397999999999996
2025-10-22T08:45:00Z,118671,12.56,2025-10-22T08:31:30Z,6.933,0.238,9.08,0.238,9.08,0.048,48.344
2025-10-22T09:00:00Z,118672,12.41,2025-10-22T08:56:15Z,6.917,0.237,9.08,0.237,9.08,0.04699999999999999,48.344
2025-10-22T09:15:00Z,118673,12.59,2025-10-22T09:05:45Z,6.909,0.237,9.08,0.237,9.08,0.04699999999999999,48.344
2025-10-22T09:30:00Z,118674,12.5,2025-10-22T09:17:35Z,6.957,0.236,9.07,0.236,9.07,0.04599999999999999,48.326
2025-10-22T09:45:00Z,118675,12.57,2025-10-22T09:34:25Z,7.048,0.236,9.09,0.236,9.09,0.04599999999999999,48.362
2025-10-22T10:00:00Z,118676,12.58,2025-10-22T09:48:35Z,7.194,0.237,9.13,0.237,9.13,0.04699999999999999,48.434
2025-10-22T10:15:00Z,118677,12.66,2025-10-22T10:08:55Z,7.354,0.237,9.16,0.237,9.16,0.04699999999999999,48.488
2025-10-22T10:30:00Z,118678,12.73,2025-10-22T10:15:25Z,7.51,0.236,9.17,0.236,9.17,0.04599999999999999,48.506
2025-10-22T10:45:00Z,118679,12.8,2025-10-22T10:31:30Z,7.682,0.236,9.19,0.236,9.19,0.04599999999999999,48.542
2025-10-22T11:00:00Z,118680,12.71,2025-10-22T10:48:40Z,7.865,0.236,9.24,0.236,9.24,0.04599999999999999,48.632
2025-10-22T11:15:00Z,118681,12.76,2025-10-22T11:01:30Z,7.996,0.236,9.28,0.236,9.28,0.04599999999999999,48.704
2025-10-22T11:30:00Z,118682,12.77,2025-10-22T11:16:20Z,8.11,0.236,9.31,0.236,9.31,0.04599999999999999,48.758
2025-10-22T11:45:00Z,118683,12.88,2025-10-22T11:33:35Z,8.21,0.235,9.34,0.235,9.34,0.044999999999999984,48.812
2025-10-22T12:00:00Z,118684,12.99,2025-10-22T11:46:05Z,8.28,0.235,9.38,0.235,9.38,0.044999999999999984,48.884
2025-10-22T12:15:00Z,118685,13.05,2025-10-22T12:13:10Z,8.32,0.235,9.42,0.235,9.42,0.044999999999999984,48.956
2025-10-22T12:30:00Z,118686,13.08,2025-10-22T12:21:15Z,8.3,0.235,9.45,0.235,9.45,0.044999999999999984,49.01
2025-10-22T12:45:00Z,118687,12.99,2025-10-22T12:33:50Z,8.18,0.235,9.48,0.235,9.48,0.044999999999999984,49.064
2025-10-22T13:00:00Z,118688,13.16,2025-10-22T12:50:30Z,8.06,0.234,9.52,0.234,9.52,0.04400000000000001,49.135999999999996
2025-10-22T13:15:00Z,118689,13.16,2025-10-22T13:09:40Z,7.962,0.234,9.54,0.234,9.54,0.04400000000000001,49.172
2025-10-22T13:30:00Z,118690,13.21,2025-10-22T13:16:20Z,7.797,0.234,9.56,0.234,9.56,0.04400000000000001,49.208
2025-10-22T13:45:00Z,118691,13.28,2025-10-22T13:32:20Z,7.73,0.234,9.59,0.234,9.59,0.04400000000000001,49.262
2025-10-22T14:00:00Z,118692,13.31,2025-10-22T13:47:15Z,7.838,0.234,9.64,0.234,9.64,0.04400000000000001,49.352000000000004
2025-10-22T14:15:00Z,118693,13.37,2025-10-22T14:13:00Z,8.04,0.234,9.72,0.234,9.72,0.04400000000000001,49.496
2025-10-22T14:30:00Z,118694,13.41,2025-10-22T14:25:50Z,8.11,0.234,9.78,0.234,9.78,0.04400000000000001,49.604
2025-10-22T14:45:00Z,118695,13.42,2025-10-22T14:38:15Z,8.18,0.234,9.81,0.234,9.81,0.04400000000000001,49.658
2025-10-22T15:00:00Z,118696,13.34,2025-10-22T14:57:10Z,8.34,0.234,9.84,0.234,9.84,0.04400000000000001,49.712
2025-10-22T15:15:00Z,118697,13.47,2025-10-22T15:00:35Z,8.48,0.234,9.87,0.234,9.87,0.04400000000000001,49.766
2025-10-22T15:30:00Z,118698,13.34,2025-10-22T15:26:05Z,8.53,0.236,9.9,0.236,9.9,0.04599999999999999,49.82
2025-10-22T15:45:00Z,118699,13.41,2025-10-22T15:31:05Z,8.44,0.239,9.88,0.239,9.88,0.049,49.784
2025-10-22T16:00:00Z,118700,13.39,2025-10-22T15:53:50Z,8.33,0.242,9.87,0.242,9.87,0.05,49.766
2025-10-22T16:15:00Z,118701,13.36,2025-10-22T16:06:45Z,8.24,0.247,9.87,0.247,9.87,0.05,49.766
2025-10-22T16:30:00Z,118702,13.29,2025-10-22T16:23:00Z,8.17,0.25,9.9,0.25,9.9,0.05,49.82
2025-10-22T16:45:00Z,118703,13.3,2025-10-22T16:35:30Z,8.1,0.253,9.93,0.253,9.93,0.05,49.874
2025-10-22T17:00:00Z,118704,13.43,2025-10-22T16:46:45Z,8.15,0.254,9.96,0.254,9.96,0.05,49.928000000000004
2025-10-22T17:15:00Z,118705,13.32,2025-10-22T17:07:30Z,8.23,0.254,10.02,0.254,10.02,0.05,50.036
2025-10-22T17:30:00Z,118706,13.32,2025-10-22T17:26:10Z,8.23,0.254,10.06,0.254,10.06,0.05,50.108000000000004
2025-10-22T17:45:00Z,118707,13.21,2025-10-22T17:40:20Z,8.23,0.254,10.09,0.254,10.09,0.05,50.162
2025-10-22T18:00:00Z,118708,13.08,2025-10-22T17:45:10Z,8.15,0.254,10.1,0.254,10.1,0.05,50.18
2025-10-22T18:15:00Z,118709,12.97,2025-10-22T18:04:00Z,8.01,0.254,10.08,0.254,10.08,0.05,50.144
2025-10-22T18:30:00Z,118710,12.89,2025-10-22T18:25:10Z,7.85,0.253,10.05,0.253,10.05,0.05,50.09
2025-10-22T18:45:00Z,118711,12.97,2025-10-22T18:41:55Z,7.669,0.253,10.02,0.253,10.02,0.05,50.036
2025-10-22T19:00:00Z,118712,12.92,2025-10-22T18:57:10Z,7.514,0.253,10,0.253,10,0.05,50
2025-10-22T19:15:00Z,118713,12.83,2025-10-22T19:12:00Z,7.368,0.253,9.97,0.253,9.97,0.05,49.946
2025-10-22T19:30:00Z,118714,12.85,2025-10-22T19:22:35Z,7.23,0.253,9.95,0.253,9.95,0.05,49.91
2025-10-22T19:45:00Z,118715,12.81,2025-10-22T19:39:25Z,7.107,0.254,9.93,0.254,9.93,0.05,49.874
2025-10-22T20:00:00Z,118716,12.72,2025-10-22T19:59:15Z,6.999,0.254,9.91,0.254,9.91,0.05,49.838
2025-10-22T20:15:00Z,118717,12.78,2025-10-22T20:15:00Z,6.926,0.256,9.89,0.256,9.89,0.05,49.802
2025-10-22T20:30:00Z,118718,12.69,2025-10-22T20:28:00Z,6.895,0.268,9.88,0.268,9.88,0.05,49.784
2025-10-22T20:45:00Z,118719,12.79,2025-10-22T20:38:15Z,6.844,0.282,9.9,0.282,9.9,0.06,49.82
2025-10-22T21:00:00Z,118720,12.79,2025-10-22T20:46:30Z,6.78,0.292,9.98,0.292,9.98,0.06,49.964
2025-10-22T21:15:00Z,118721,12.77,2025-10-22T21:11:05Z,6.706,0.3,10.04,0.3,10.04,0.06,50.071999999999996
2025-10-22T21:30:00Z,118722,12.69,2025-10-22T21:27:00Z,6.662,0.304,10.06,0.304,10.06,0.064,50.108000000000004
2025-10-22T21:45:00Z,118723,12.71,2025-10-22T21:44:50Z,6.625,0.306,10.06,0.306,10.06,0.066,50.108000000000004
2025-10-22T22:00:00Z,118724,12.69,2025-10-22T21:48:25Z,6.588,0.307,10.05,0.307,10.05,0.067,50.09
2025-10-22T22:15:00Z,118725,12.55,2025-10-22T22:02:35Z,6.57,0.308,10.03,0.308,10.03,0.068,50.054
2025-10-22T22:30:00Z,118726,12.67,2025-10-22T22:28:50Z,6.549,0.308,10.02,0.308,10.02,0.068,50.036
2025-10-22T22:45:00Z,118727,12.66,2025-10-22T22:43:50Z,6.559,0.308,9.93,0.308,9.93,0.068,49.874
2025-10-22T23:00:00Z,118728,12.67,2025-10-22T22:50:55Z,6.57,0.309,9.89,0.309,9.89,0.069,49.802
2025-10-22T23:15:00Z,118729,12.65,2025-10-22T23:07:05Z,6.569,0.31,9.91,0.31,9.91,0.07,49.838
2025-10-22T23:30:00Z,118730,12.63,2025-10-22T23:27:05Z,6.566,0.313,9.94,0.313,9.94,0.07,49.891999999999996
2025-10-22T23:45:00Z,118731,12.59,2025-10-22T23:43:00Z,6.557,0.314,9.96,0.314,9.96,0.07,49.928000000000004
2025-10-23T00:15:00Z,118733,12.6,2025-10-23T00:00:30Z,6.535,0.311,9.88,0.311,9.88,0.07,49.784
2025-10-23T00:30:00Z,118734,12.58,2025-10-23T00:26:40Z,6.5,0.311,9.85,0.311,9.85,0.07,49.73
2025-10-23T00:45:00Z,118735,12.52,2025-10-23T00:34:35Z,6.424,0.312,9.84,0.312,9.84,0.07,49.712
2025-10-23T01:00:00Z,118736,12.59,2025-10-23T00:47:50Z,6.368,0.312,9.85,0.312,9.85,0.07,49.73
2025-10-23T01:15:00Z,118737,12.57,2025-10-23T01:10:35Z,6.278,0.312,9.92,0.312,9.92,0.07,49.856
2025-10-23T01:30:00Z,118738,12.54,2025-10-23T01:22:55Z,6.216,0.312,9.98,0.312,9.98,0.07,49.964
2025-10-23T01:45:00Z,118739,12.5,2025-10-23T01:42:50Z,6.181,0.311,9.98,0.311,9.98,0.07,49.964
2025-10-23T02:00:00Z,118740,12.42,2025-10-23T01:54:05Z,6.157,0.31,10,0.31,10,0.07,50
2025-10-23T02:15:00Z,118741,12.52,2025-10-23T02:00:45Z,6.185,0.309,9.99,0.309,9.99,0.069,49.982
2025-10-23T02:30:00Z,118742,12.51,2025-10-23T02:21:30Z,6.2,0.308,9.97,0.308,9.97,0.068,49.946
2025-10-23T02:45:00Z,118743,12.52,2025-10-23T02:32:50Z,6.196,0.307,9.95,0.307,9.95,0.067,49.91
2025-10-23T03:00:00Z,118744,12.54,2025-10-23T02:51:40Z,6.177,0.306,9.92,0.306,9.92,0.066,49.856
2025-10-23T03:15:00Z,118745,12.36,2025-10-23T03:03:00Z,6.16,0.305,9.9,0.305,9.9,0.065,49.82
2025-10-23T03:30:00Z,118746,12.55,2025-10-23T03:26:35Z,6.082,0.303,9.88,0.303,9.88,0.063,49.784
2025-10-23T03:45:00Z,118747,12.41,2025-10-23T03:37:45Z,5.978,0.302,9.88,0.302,9.88,0.062,49.784
2025-10-23T04:00:00Z,118748,12.5,2025-10-23T03:58:05Z,5.898,0.301,9.89,0.301,9.89,0.061,49.802
2025-10-23T04:15:00Z,118749,12.53,2025-10-23T04:06:35Z,5.819,0.3,9.89,0.3,9.89,0.06,49.802
2025-10-23T04:30:00Z,118750,12.55,2025-10-23T04:16:25Z,5.742,0.3,9.89,0.3,9.89,0.06,49.802
2025-10-23T04:45:00Z,118751,12.56,2025-10-23T04:35:35Z,5.682,0.298,9.89,0.298,9.89,0.06,49.802
2025-10-23T05:00:00Z,118752,12.52,2025-10-23T04:56:55Z,5.646,0.298,9.9,0.298,9.9,0.06,49.82
2025-10-23T05:15:00Z,118753,12.55,2025-10-23T05:03:05Z,5.604,0.297,9.91,0.297,9.91,0.06,49.838
2025-10-23T05:30:00Z,118754,12.55,2025-10-23T05:25:35Z,5.572,0.296,9.91,0.296,9.91,0.06,49.838
2025-10-23T05:45:00Z,118755,12.55,2025-10-23T05:32:50Z,5.544,0.295,9.91,0.295,9.91,0.06,49.838
2025-10-23T06:00:00Z,118756,12.56,2025-10-23T05:47:50Z,5.456,0.294,9.9,0.294,9.9,0.06,49.82
2025-10-23T06:15:00Z,118757,12.53,2025-10-23T06:09:50Z,5.33,0.293,9.89,0.293,9.89,0.06,49.802
2025-10-23T06:30:00Z,118758,12.54,2025-10-23T06:20:20Z,5.206,0.292,9.87,0.292,9.87,0.06,49.766
2025-10-23T06:45:00Z,118759,12.55,2025-10-23T06:34:20Z,5.033,0.291,9.85,0.291,9.85,0.06,49.73
2025-10-23T07:00:00Z,118760,12.52,2025-10-23T06:49:00Z,4.936,0.29,9.82,0.29,9.82,0.06,49.676
2025-10-23T07:15:00Z,118761,12.53,2025-10-23T07:00:45Z,4.889,0.289,9.8,0.289,9.8,0.06,49.64
2025-10-23T07:30:00Z,118762,12.53,2025-10-23T07:20:30Z,4.919,0.289,9.78,0.289,9.78,0.06,49.604
2025-10-23T07:45:00Z,118763,12.54,2025-10-23T07:35:50Z,4.947,0.288,9.77,0.288,9.77,0.06,49.586
2025-10-23T08:00:00Z,118764,12.53,2025-10-23T07:47:45Z,4.969,0.287,9.75,0.287,9.75,0.06,49.55
2025-10-23T08:15:00Z,118765,12.52,2025-10-23T08:12:35Z,5.013,0.287,9.73,0.287,9.73,0.06,49.514
2025-10-23T08:30:00Z,118766,12.54,2025-10-23T08:15:30Z,5.077,0.286,9.72,0.286,9.72,0.06,49.496
2025-10-23T08:45:00Z,118767,12.59,2025-10-23T08:31:45Z,5.233,0.285,9.68,0.285,9.68,0.06,49.424
2025-10-23T09:00:00Z,118768,12.64,2025-10-23T08:47:35Z,5.408,0.284,9.68,0.284,9.68,0.06,49.424
2025-10-23T09:15:00Z,118769,12.66,2025-10-23T09:07:30Z,5.612,0.284,9.69,0.284,9.69,0.06,49.442
2025-10-23T09:30:00Z,118770,12.67,2025-10-23T09:23:45Z,5.832,0.284,9.7,0.284,9.7,0.06,49.46
2025-10-23T09:45:00Z,118771,12.76,2025-10-23T09:30:15Z,6.024,0.283,9.72,0.283,9.72,0.06,49.496
2025-10-23T10:00:00Z,118772,12.83,2025-10-23T09:48:55Z,6.264,0.283,9.74,0.283,9.74,0.06,49.532
2025-10-23T10:15:00Z,118773,12.7,2025-10-23T10:08:00Z,6.449,0.283,9.76,0.283,9.76,0.06,49.568
2025-10-23T10:30:00Z,118774,12.97,2025-10-23T10:15:05Z,6.643,0.282,9.78,0.282,9.78,0.06,49.604
2025-10-23T10:45:00Z,118775,13.09,2025-10-23T10:33:50Z,6.928,0.282,9.8,0.282,9.8,0.06,49.64
2025-10-23T11:00:00Z,118776,13.1,2025-10-23T10:47:10Z,7.096,0.282,9.83,0.282,9.83,0.06,49.694
2025-10-23T11:15:00Z,118777,13.08,2025-10-23T11:09:40Z,7.151,0.281,9.85,0.281,9.85,0.06,49.73
2025-10-23T11:30:00Z,118778,13.28,2025-10-23T11:15:05Z,7.382,0.28,9.86,0.28,9.86,0.06,49.748
2025-10-23T11:45:00Z,118779,13.41,2025-10-23T11:40:50Z,7.783,0.281,9.88,0.281,9.88,0.06,49.784
2025-10-23T12:00:00Z,118780,13.47,2025-10-23T11:58:15Z,8.11,0.28,9.91,0.28,9.91,0.06,49.838
2025-10-23T12:15:00Z,118781,13.57,2025-10-23T12:00:55Z,8.54,0.28,9.94,0.28,9.94,0.06,49.891999999999996
2025-10-23T12:30:00Z,118782,13.66,2025-10-23T12:30:00Z,9.1,0.28,9.97,0.28,9.97,0.06,49.946
2025-10-23T12:45:00Z,118783,13.51,2025-10-23T12:42:10Z,9.43,0.279,9.99,0.279,9.99,0.059,49.982
2025-10-23T13:00:00Z,118784,13.5,2025-10-23T12:53:40Z,8.88,0.278,10,0.278,10,0.057999999999999996,50
2025-10-23T13:15:00Z,118785,13.83,2025-10-23T13:11:00Z,8.78,0.278,10,0.278,10,0.057999999999999996,50
2025-10-23T13:30:00Z,118786,13.48,2025-10-23T13:25:40Z,9.01,0.281,10.01,0.281,10.01,0.06,50.018
2025-10-23T13:45:00Z,118787,13.45,2025-10-23T13:39:00Z,8.54,0.283,9.95,0.283,9.95,0.06,49.91
2025-10-23T14:00:00Z,118788,13.54,2025-10-23T13:45:40Z,7.976,0.284,9.93,0.284,9.93,0.06,49.874
2025-10-23T14:15:00Z,118789,13.65,2025-10-23T14:02:05Z,7.851,0.285,9.93,0.285,9.93,0.06,49.874
2025-10-23T14:30:00Z,118790,13.98,2025-10-23T14:30:00Z,8.24,0.285,9.94,0.285,9.94,0.06,49.891999999999996
2025-10-23T14:45:00Z,118791,13.78,2025-10-23T14:33:25Z,8.35,0.286,9.96,0.286,9.96,0.06,49.928000000000004
2025-10-23T15:00:00Z,118792,14.43,2025-10-23T14:58:20Z,8.63,0.286,10,0.286,10,0.06,50
2025-10-23T15:15:00Z,118793,13.58,2025-10-23T15:07:35Z,9.6,0.286,10.04,0.286,10.04,0.06,50.071999999999996
2025-10-23T15:30:00Z,118794,13.81,2025-10-23T15:23:10Z,9.66,0.286,10.08,0.286,10.08,0.06,50.144
2025-10-23T15:45:00Z,118795,13.88,2025-10-23T15:43:05Z,10.42,0.286,10.12,0.286,10.12,0.06,50.216
2025-10-23T16:00:00Z,118796,13.81,2025-10-23T15:48:30Z,10.72,0.286,10.17,0.286,10.17,0.06,50.306
2025-10-23T16:15:00Z,118797,13.7,2025-10-23T16:06:40Z,10.27,0.285,10.18,0.285,10.18,0.06,50.324
2025-10-23T16:30:00Z,118798,13.76,2025-10-23T16:28:50Z,9.98,0.285,10.18,0.285,10.18,0.06,50.324
2025-10-23T16:45:00Z,118799,13.58,2025-10-23T16:35:35Z,9.7,0.284,10.19,0.284,10.19,0.06,50.342
2025-10-23T17:00:00Z,118800,14.24,2025-10-23T16:45:05Z,9.5,0.283,10.19,0.283,10.19,0.06,50.342
2025-10-23T17:15:00Z,118801,13.63,2025-10-23T17:14:15Z,9.88,0.283,10.19,0.283,10.19,0.06,50.342
2025-10-23T17:30:00Z,118802,13.3,2025-10-23T17:22:35Z,9.52,0.282,10.17,0.282,10.17,0.06,50.306
2025-10-23T17:45:00Z,118803,13.3,2025-10-23T17:44:15Z,8.91,0.282,10.13,0.282,10.13,0.06,50.234
2025-10-23T18:00:00Z,118804,13.24,2025-10-23T17:52:55Z,8.28,0.282,10.08,0.282,10.08,0.06,50.144
2025-10-23T18:15:00Z,118805,13.11,2025-10-23T18:11:55Z,7.766,0.282,10.04,0.282,10.04,0.06,50.071999999999996
2025-10-23T18:30:00Z,118806,13.03,2025-10-23T18:29:05Z,7.271,0.281,10,0.281,10,0.06,50
2025-10-23T18:45:00Z,118807,13.04,2025-10-23T18:44:35Z,6.909,0.282,9.95,0.282,9.95,0.06,49.91
2025-10-23T19:00:00Z,118808,12.87,2025-10-23T18:50:00Z,6.646,0.281,9.9,0.281,9.9,0.06,49.82
2025-10-23T19:15:00Z,118809,12.95,2025-10-23T19:14:45Z,6.447,0.281,9.86,0.281,9.86,0.06,49.748
2025-10-23T19:30:00Z,118810,12.9,2025-10-23T19:16:40Z,6.312,0.28,9.81,0.28,9.81,0.06,49.658
2025-10-23T19:45:00Z,118811,12.86,2025-10-23T19:42:30Z,6.237,0.28,9.78,0.28,9.78,0.06,49.604
2025-10-23T20:00:00Z,118812,12.9,2025-10-23T19:48:50Z,6.199,0.279,9.75,0.279,9.75,0.059,49.55
2025-10-23T20:15:00Z,118813,12.9,2025-10-23T20:11:10Z,6.132,0.279,9.74,0.279,9.74,0.059,49.532
2025-10-23T20:30:00Z,118814,12.8,2025-10-23T20:26:55Z,6.033,0.279,9.73,0.279,9.73,0.059,49.514
2025-10-23T20:45:00Z,118815,12.87,2025-10-23T20:30:45Z,5.96,0.278,9.71,0.278,9.71,0.057999999999999996,49.478
2025-10-23T21:00:00Z,118816,12.85,2025-10-23T20:51:05Z,5.835,0.278,9.7,0.278,9.7,0.057999999999999996,49.46
2025-10-23T21:15:00Z,118817,12.82,2025-10-23T21:13:50Z,5.499,0.277,9.67,0.277,9.67,0.056999999999999995,49.406
2025-10-23T21:30:00Z,118818,12.83,2025-10-23T21:27:30Z,5.111,0.276,9.63,0.276,9.63,0.056,49.334
2025-10-23T21:45:00Z,118819,12.72,2025-10-23T21:34:35Z,4.944,0.276,9.59,0.276,9.59,0.056,49.262
2025-10-23T22:00:00Z,118820,12.84,2025-10-23T21:53:35Z,4.932,0.275,9.55,0.275,9.55,0.055,49.19
2025-10-23T22:15:00Z,118821,12.82,2025-10-23T22:05:00Z,4.966,0.275,9.53,0.275,9.53,0.055,49.153999999999996
2025-10-23T22:30:00Z,118822,12.83,2025-10-23T22:23:35Z,5.022,0.275,9.51,0.275,9.51,0.055,49.118
2025-10-23T22:45:00Z,118823,12.84,2025-10-23T22:37:50Z,5.051,0.274,9.5,0.274,9.5,0.054,49.1
2025-10-23T23:00:00Z,118824,12.81,2025-10-23T22:54:00Z,5.071,0.274,9.48,0.274,9.48,0.054,49.064
2025-10-23T23:15:00Z,118825,12.79,2025-10-23T23:10:10Z,5.097,0.274,9.47,0.274,9.47,0.054,49.046
2025-10-23T23:30:00Z,118826,12.78,2025-10-23T23:26:35Z,5.129,0.273,9.46,0.273,9.46,0.053,49.028000000000006
2025-10-23T23:45:00Z,118827,12.79,2025-10-23T23:36:55Z,5.163,0.273,9.44,0.273,9.44,0.053,48.992
2025-10-24T00:15:00Z,118829,12.78,2025-10-24T00:05:45Z,5.222,0.272,9.4,0.272,9.4,0.052000000000000005,48.92
2025-10-24T00:30:00Z,118830,12.78,2025-10-24T00:20:05Z,5.245,0.272,9.39,0.272,9.39,0.052000000000000005,48.902
2025-10-24T00:45:00Z,118831,12.78,2025-10-24T00:42:10Z,5.246,0.272,9.38,0.272,9.38,0.052000000000000005,48.884
2025-10-24T01:00:00Z,118832,12.79,2025-10-24T00:46:40Z,5.246,0.271,9.37,0.271,9.37,0.051000000000000004,48.866
2025-10-24T01:15:00Z,118833,12.74,2025-10-24T01:13:50Z,5.226,0.271,9.36,0.271,9.36,0.051000000000000004,48.848
2025-10-24T01:30:00Z,118834,12.76,2025-10-24T01:16:30Z,5.19,0.271,9.36,0.271,9.36,0.051000000000000004,48.848
2025-10-24T01:45:00Z,118835,12.76,2025-10-24T01:32:05Z,5.148,0.271,9.35,0.271,9.35,0.051000000000000004,48.83
2025-10-24T02:00:00Z,118836,12.73,2025-10-24T01:56:25Z,5.139,0.27,9.34,0.27,9.34,0.05,48.812
2025-10-24T02:15:00Z,118837,12.61,2025-10-24T02:01:55Z,5.14,0.27,9.33,0.27,9.33,0.05,48.794
2025-10-24T02:30:00Z,118838,12.76,2025-10-24T02:27:35Z,5.146,0.27,9.32,0.27,9.32,0.05,48.775999999999996
2025-10-24T02:45:00Z,118839,12.71,2025-10-24T02:43:05Z,5.168,0.27,9.3,0.27,9.3,0.05,48.74
2025-10-24T03:00:00Z,118840,12.74,2025-10-24T02:45:45Z,5.192,0.269,9.28,0.269,9.28,0.05,48.704
2025-10-24T03:15:00Z,118841,12.74,2025-10-24T03:06:55Z,5.203,0.269,9.27,0.269,9.27,0.05,48.686
2025-10-24T03:30:00Z,118842,12.75,2025-10-24T03:21:25Z,5.203,0.269,9.26,0.269,9.26,0.05,48.668
2025-10-24T03:45:00Z,118843,12.63,2025-10-24T03:32:50Z,5.193,0.268,9.25,0.268,9.25,0.05,48.65
2025-10-24T04:00:00Z,118844,12.76,2025-10-24T03:57:20Z,5.159,0.268,9.23,0.268,9.23,0.05,48.614000000000004
2025-10-24T04:15:00Z,118845,12.72,2025-10-24T04:08:15Z,5.133,0.268,9.14,0.268,9.14,0.05,48.452
2025-10-24T04:30:00Z,118846,12.72,2025-10-24T04:27:25Z,5.114,0.267,9.11,0.267,9.11,0.05,48.397999999999996
2025-10-24T04:45:00Z,118847,12.57,2025-10-24T04:31:10Z,5.08,0.268,9.08,0.268,9.08,0.05,48.344
2025-10-24T05:00:00Z,118848,12.71,2025-10-24T04:57:30Z,5.06,0.267,9.06,0.267,9.06,0.05,48.308
2025-10-24T05:15:00Z,118849,12.68,2025-10-24T05:01:45Z,5.025,0.267,9.11,0.267,9.11,0.05,48.397999999999996
2025-10-24T05:30:00Z,118850,12.68,2025-10-24T05:18:40Z,5,0.268,9.14,0.268,9.14,0.05,48.452
2025-10-24T05:45:00Z,118851,12.62,2025-10-24T05:42:10Z,4.985,0.267,9.15,0.267,9.15,0.05,48.47
2025-10-24T06:00:00Z,118852,12.69,2025-10-24T05:50:35Z,4.958,0.267,9.14,0.267,9.14,0.05,48.452
2025-10-24T06:15:00Z,118853,12.66,2025-10-24T06:14:15Z,4.888,0.267,9.13,0.267,9.13,0.05,48.434
2025-10-24T06:30:00Z,118854,12.68,2025-10-24T06:15:50Z,4.812,0.266,9.11,0.266,9.11,0.05,48.397999999999996
2025-10-24T06:45:00Z,118855,12.66,2025-10-24T06:41:50Z,4.809,0.266,9.09,0.266,9.09,0.05,48.362
2025-10-24T07:00:00Z,118856,12.63,2025-10-24T06:46:40Z,4.818,0.265,9.07,0.265,9.07,0.05,48.326
2025-10-24T07:15:00Z,118857,12.64,2025-10-24T07:04:35Z,4.838,0.265,9.05,0.265,9.05,0.05,48.29
2025-10-24T07:30:00Z,118858,12.63,2025-10-24T07:26:20Z,4.887,0.265,9.03,0.265,9.03,0.05,48.254
2025-10-24T07:45:00Z,118859,12.55,2025-10-24T07:38:10Z,4.985,0.265,9.01,0.265,9.01,0.05,48.218
2025-10-24T08:00:00Z,118860,12.62,2025-10-24T07:58:40Z,5.127,0.265,8.99,0.265,8.99,0.05,48.182
2025-10-24T08:15:00Z,118861,12.59,2025-10-24T08:04:30Z,5.25,0.265,8.97,0.265,8.97,0.05,48.146
2025-10-24T08:30:00Z,118862,12.61,2025-10-24T08:26:40Z,5.295,0.264,8.95,0.264,8.95,0.05,48.11
2025-10-24T08:45:00Z,118863,12.61,2025-10-24T08:32:45Z,5.298,0.264,8.94,0.264,8.94,0.05,48.092
2025-10-24T09:00:00Z,118864,12.67,2025-10-24T08:45:20Z,5.367,0.264,8.93,0.264,8.93,0.05,48.074
2025-10-24T09:15:00Z,118865,12.54,2025-10-24T09:05:45Z,5.499,0.264,8.92,0.264,8.92,0.05,48.056
2025-10-24T09:30:00Z,118866,12.7,2025-10-24T09:17:00Z,5.69,0.264,8.93,0.264,8.93,0.05,48.074
2025-10-24T09:45:00Z,118867,12.71,2025-10-24T09:33:05Z,5.935,0.264,8.94,0.264,8.94,0.05,48.092
2025-10-24T10:00:00Z,118868,12.83,2025-10-24T09:51:15Z,6.269,0.264,8.96,0.264,8.96,0.05,48.128
2025-10-24T10:15:00Z,118869,12.9,2025-10-24T10:03:45Z,6.68,0.264,8.98,0.264,8.98,0.05,48.164
2025-10-24T10:30:00Z,118870,13,2025-10-24T10:15:40Z,7.075,0.264,9.02,0.264,9.02,0.05,48.236
2025-10-24T10:45:00Z,118871,13.04,2025-10-24T10:30:40Z,7.41,0.264,9.05,0.264,9.05,0.05,48.29
2025-10-24T11:00:00Z,118872,13.2,2025-10-24T10:55:40Z,7.785,0.264,9.08,0.264,9.08,0.05,48.344
2025-10-24T11:15:00Z,118873,13.25,2025-10-24T11:00:05Z,8.16,0.264,9.1,0.264,9.1,0.05,48.379999999999995
2025-10-24T11:30:00Z,118874,13.38,2025-10-24T11:16:35Z,8.67,0.264,9.12,0.264,9.12,0.05,48.416
2025-10-24T11:45:00Z,118875,13.54,2025-10-24T11:31:50Z,9.25,0.264,9.16,0.264,9.16,0.05,48.488
2025-10-24T12:00:00Z,118876,13.55,2025-10-24T11:45:25Z,9.62,0.264,9.21,0.264,9.21,0.05,48.578
2025-10-24T12:15:00Z,118877,13.56,2025-10-24T12:01:35Z,9.72,0.264,9.26,0.264,9.26,0.05,48.668
2025-10-24T12:30:00Z,118878,13.61,2025-10-24T12:23:25Z,9.96,0.264,9.31,0.264,9.31,0.05,48.758
2025-10-24T12:45:00Z,118879,13.61,2025-10-24T12:31:25Z,10.17,0.264,9.35,0.264,9.35,0.05,48.83
2025-10-24T13:00:00Z,118880,13.52,2025-10-24T12:53:10Z,10.2,0.264,9.39,0.264,9.39,0.05,48.902
2025-10-24T13:15:00Z,118881,13.54,2025-10-24T13:00:55Z,10.11,0.264,9.45,0.264,9.45,0.05,49.01
2025-10-24T13:30:00Z,118882,13.73,2025-10-24T13:15:35Z,10.17,0.264,9.52,0.264,9.52,0.05,49.135999999999996
2025-10-24T13:45:00Z,118883,13.62,2025-10-24T13:30:10Z,10.37,0.264,9.56,0.264,9.56,0.05,49.208
2025-10-24T14:00:00Z,118884,13.62,2025-10-24T13:46:00Z,10.46,0.264,9.6,0.264,9.6,0.05,49.28
2025-10-24T14:15:00Z,118885,13.7,2025-10-24T14:13:20Z,10.61,0.264,9.65,0.264,9.65,0.05,49.370000000000005
2025-10-24T14:30:00Z,118886,13.76,2025-10-24T14:15:15Z,10.69,0.264,9.71,0.264,9.71,0.05,49.478
2025-10-24T14:45:00Z,118887,13.92,2025-10-24T14:45:00Z,10.87,0.264,9.76,0.264,9.76,0.05,49.568
2025-10-24T15:00:00Z,118888,13.65,2025-10-24T14:53:35Z,11,0.264,9.82,0.264,9.82,0.05,49.676
2025-10-24T15:15:00Z,118889,13.76,2025-10-24T15:00:10Z,10.9,0.264,9.87,0.264,9.87,0.05,49.766
2025-10-24T15:30:00Z,118890,14.29,2025-10-24T15:26:45Z,11.03,0.264,9.92,0.264,9.92,0.05,49.856
2025-10-24T15:45:00Z,118891,14.4,2025-10-24T15:37:10Z,11.36,0.264,9.97,0.264,9.97,0.05,49.946
2025-10-24T16:00:00Z,118892,14.04,2025-10-24T15:53:50Z,11.57,0.264,10.01,0.264,10.01,0.05,50.018
2025-10-24T16:15:00Z,118893,13.75,2025-10-24T16:14:50Z,11.53,0.264,10.05,0.264,10.05,0.05,50.09
2025-10-24T16:30:00Z,118894,13.77,2025-10-24T16:15:05Z,11.29,0.264,10.07,0.264,10.07,0.05,50.126
2025-10-24T16:45:00Z,118895,13.76,2025-10-24T16:31:20Z,11.13,0.264,10.07,0.264,10.07,0.05,50.126
2025-10-24T17:00:00Z,118896,13.7,2025-10-24T16:58:05Z,10.98,0.263,10.07,0.263,10.07,0.05,50.126
2025-10-24T17:15:00Z,118897,13.52,2025-10-24T17:07:35Z,10.83,0.263,10.07,0.263,10.07,0.05,50.126
2025-10-24T17:30:00Z,118898,13.52,2025-10-24T17:29:20Z,10.68,0.263,10.07,0.263,10.07,0.05,50.126
2025-10-24T17:45:00Z,118899,13.4,2025-10-24T17:30:35Z,10.55,0.263,10.05,0.263,10.05,0.05,50.09
2025-10-24T18:00:00Z,118900,13.24,2025-10-24T17:55:45Z,10.34,0.262,10.03,0.262,10.03,0.05,50.054
2025-10-24T18:15:00Z,118901,13.25,2025-10-24T18:13:20Z,10.07,0.262,10.01,0.262,10.01,0.05,50.018
2025-10-24T18:30:00Z,118902,13.16,2025-10-24T18:29:45Z,9.8,0.261,9.98,0.261,9.98,0.05,49.964
2025-10-24T18:45:00Z,118903,12.99,2025-10-24T18:35:05Z,9.46,0.261,9.94,0.261,9.94,0.05,49.891999999999996
2025-10-24T19:00:00Z,118904,12.9,2025-10-24T18:58:45Z,8.95,0.261,9.9,0.261,9.9,0.05,49.82
2025-10-24T19:15:00Z,118905,12.99,2025-10-24T19:12:35Z,8.35,0.26,9.84,0.26,9.84,0.05,49.712
2025-10-24T19:30:00Z,118906,12.85,2025-10-24T19:21:00Z,7.736,0.26,9.77,0.26,9.77,0.05,49.586
2025-10-24T19:45:00Z,118907,12.84,2025-10-24T19:31:35Z,7.071,0.26,9.69,0.26,9.69,0.05,49.442
2025-10-24T20:00:00Z,118908,12.83,2025-10-24T19:45:30Z,6.375,0.259,9.62,0.259,9.62,0.05,49.316
2025-10-24T20:15:00Z,118909,12.82,2025-10-24T20:01:25Z,5.821,0.259,9.55,0.259,9.55,0.05,49.19
2025-10-24T20:30:00Z,118910,12.74,2025-10-24T20:22:35Z,5.416,0.258,9.49,0.258,9.49,0.05,49.082
2025-10-24T20:45:00Z,118911,12.83,2025-10-24T20:41:05Z,5.011,0.258,9.41,0.258,9.41,0.05,48.938
2025-10-24T21:00:00Z,118912,12.72,2025-10-24T20:59:25Z,4.56,0.258,9.33,0.258,9.33,0.05,48.794
2025-10-24T21:15:00Z,118913,12.71,2025-10-24T21:09:20Z,4.064,0.258,9.25,0.258,9.25,0.05,48.65
2025-10-24T21:30:00Z,118914,12.83,2025-10-24T21:25:45Z,3.548,0.257,9.15,0.257,9.15,0.05,48.47
2025-10-24T21:45:00Z,118915,12.71,2025-10-24T21:43:15Z,3.076,0.257,9.05,0.257,9.05,0.05,48.29
2025-10-24T22:00:00Z,118916,12.66,2025-10-24T21:45:20Z,2.649,0.256,8.99,0.256,8.99,0.05,48.182
2025-10-24T22:15:00Z,118917,12.7,2025-10-24T22:06:15Z,2.277,0.256,8.91,0.256,8.91,0.05,48.038
2025-10-24T22:30:00Z,118918,12.72,2025-10-24T22:21:45Z,1.95,0.256,8.83,0.256,8.83,0.05,47.894
2025-10-24T22:45:00Z,118919,12.69,2025-10-24T22:30:20Z,1.665,0.255,8.75,0.255,8.75,0.05,47.75
2025-10-24T23:00:00Z,118920,12.75,2025-10-24T22:56:00Z,1.395,0.255,8.65,0.255,8.65,0.05,47.57
2025-10-24T23:15:00Z,118921,12.74,2025-10-24T23:08:55Z,1.148,0.255,8.56,0.255,8.56,0.05,47.408
2025-10-24T23:30:00Z,118922,12.76,2025-10-24T23:18:30Z,0.924,0.254,8.48,0.254,8.48,0.05,47.264
2025-10-24T23:45:00Z,118923,12.71,2025-10-24T23:43:15Z,0.719,0.254,8.4,0.254,8.4,0.05,47.120000000000005
2025-10-25T00:15:00Z,118925,12.7,2025-10-25T00:13:40Z,0.348,0.254,8.24,0.254,8.24,0.05,46.832
2025-10-25T00:30:00Z,118926,12.64,2025-10-25T00:19:20Z,0.173,0.254,8.16,0.254,8.16,0.05,46.688
2025-10-25T00:45:00Z,118927,12.68,2025-10-25T00:42:50Z,0.027,0.253,8.08,0.253,8.08,0.05,46.544
2025-10-25T01:00:00Z,118928,12.67,2025-10-25T00:50:05Z,-0.107,0.253,8,0.253,8,0.05,46.4
2025-10-25T01:15:00Z,118929,12.66,2025-10-25T01:12:25Z,-0.224,0.252,7.918,0.252,7.918,0.05,46.2524
2025-10-25T01:30:00Z,118930,12.74,2025-10-25T01:22:25Z,-0.301,0.252,7.838,0.252,7.838,0.05,46.1084
2025-10-25T01:45:00Z,118931,12.67,2025-10-25T01:34:50Z,-0.292,0.252,7.767,0.252,7.767,0.05,45.9806
2025-10-25T02:00:00Z,118932,12.59,2025-10-25T01:49:25Z,-0.178,0.251,7.7,0.251,7.7,0.05,45.86
2025-10-25T02:15:00Z,118933,12.63,2025-10-25T02:05:10Z,-0.038,0.251,7.646,0.251,7.646,0.05,45.7628
2025-10-25T02:30:00Z,118934,12.71,2025-10-25T02:25:55Z,-0.009,0.251,7.599,0.251,7.599,0.05,45.678200000000004
2025-10-25T02:45:00Z,118935,12.72,2025-10-25T02:42:00Z,-0.112,0.251,7.549,0.251,7.549,0.05,45.5882
2025-10-25T03:00:00Z,118936,12.69,2025-10-25T02:47:10Z,-0.284,0.25,7.496,0.25,7.496,0.05,45.4928
2025-10-25T03:15:00Z,118937,12.71,2025-10-25T03:15:00Z,-0.475,0.25,7.438,0.25,7.438,0.05,45.3884
2025-10-25T03:30:00Z,118938,12.72,2025-10-25T03:21:45Z,-0.64,0.25,7.374,0.25,7.374,0.05,45.2732
2025-10-25T03:45:00Z,118939,12.64,2025-10-25T03:41:15Z,-0.775,0.249,7.309,0.249,7.309,0.05,45.1562
2025-10-25T04:00:00Z,118940,12.71,2025-10-25T03:46:00Z,-0.892,0.249,7.249,0.249,7.249,0.05,45.0482
2025-10-25T04:15:00Z,118941,12.71,2025-10-25T04:08:35Z,-1.008,0.249,7.194,0.249,7.194,0.05,44.9492
2025-10-25T04:30:00Z,118942,12.69,2025-10-25T04:16:30Z,-1.059,0.249,7.133,0.249,7.133,0.05,44.8394
2025-10-25T04:45:00Z,118943,12.71,2025-10-25T04:36:05Z,-1.049,0.249,7.073,0.249,7.073,0.05,44.7314
2025-10-25T05:00:00Z,118944,12.69,2025-10-25T04:52:05Z,-1.114,0.248,7.015,0.248,7.015,0.05,44.626999999999995
2025-10-25T05:15:00Z,118945,12.55,2025-10-25T05:03:35Z,-1.197,0.248,6.955,0.248,6.955,0.05,44.519
2025-10-25T05:30:00Z,118946,12.69,2025-10-25T05:24:40Z,-1.27,0.248,6.898,0.248,6.898,0.05,44.416399999999996
2025-10-25T05:45:00Z,118947,12.68,2025-10-25T05:32:05Z,-1.351,0.248,6.844,0.248,6.844,0.05,44.3192
2025-10-25T06:00:00Z,118948,12.67,2025-10-25T05:48:05Z,-1.435,0.248,6.788,0.248,6.788,0.05,44.2184
2025-10-25T06:15:00Z,118949,12.67,2025-10-25T06:04:40Z,-1.487,0.248,6.732,0.248,6.732,0.05,44.117599999999996
2025-10-25T06:30:00Z,118950,12.65,2025-10-25T06:22:05Z,-1.564,0.248,6.695,0.248,6.695,0.05,44.051
2025-10-25T06:45:00Z,118951,12.65,2025-10-25T06:42:20Z,-1.642,0.248,6.71,0.248,6.71,0.05,44.078
2025-10-25T07:00:00Z,118952,12.64,2025-10-25T06:51:15Z,-1.706,0.247,6.635,0.247,6.635,0.05,43.943
2025-10-25T07:15:00Z,118953,12.62,2025-10-25T07:14:15Z,-1.743,0.247,6.577,0.247,6.577,0.05,43.8386
2025-10-25T07:30:00Z,118954,12.63,2025-10-25T07:28:35Z,-1.796,0.247,6.528,0.247,6.528,0.05,43.7504
2025-10-25T07:45:00Z,118955,12.61,2025-10-25T07:39:45Z,-1.844,0.246,6.48,0.246,6.48,0.05,43.664
2025-10-25T08:00:00Z,118956,12.62,2025-10-25T07:57:05Z,-1.898,0.246,6.429,0.246,6.429,0.05,43.5722
2025-10-25T08:15:00Z,118957,12.52,2025-10-25T08:11:35Z,-1.949,0.246,6.381,0.246,6.381,0.05,43.4858
2025-10-25T08:30:00Z,118958,12.6,2025-10-25T08:28:55Z,-1.958,0.246,6.332,0.246,6.332,0.05,43.3976
2025-10-25T08:45:00Z,118959,12.5,2025-10-25T08:35:10Z,-1.918,0.246,6.286,0.246,6.286,0.05,43.3148
2025-10-25T09:00:00Z,118960,12.61,2025-10-25T08:52:05Z,-1.8,0.246,6.247,0.246,6.247,0.05,43.2446
2025-10-25T09:15:00Z,118961,12.63,2025-10-25T09:10:20Z,-1.561,0.245,6.218,0.245,6.218,0.05,43.1924
2025-10-25T09:30:00Z,118962,12.62,2025-10-25T09:16:30Z,-1.211,0.245,6.198,0.245,6.198,0.05,43.156400000000005
2025-10-25T09:45:00Z,118963,12.64,2025-10-25T09:31:55Z,-0.848,0.245,6.183,0.245,6.183,0.05,43.129400000000004
2025-10-25T10:00:00Z,118964,12.65,2025-10-25T09:50:25Z,-0.46,0.245,6.18,0.245,6.18,0.05,43.123999999999995
2025-10-25T10:15:00Z,118965,12.66,2025-10-25T10:13:20Z,0.013,0.245,6.188,0.245,6.188,0.05,43.138400000000004
2025-10-25T10:30:00Z,118966,12.61,2025-10-25T10:20:10Z,0.739,0.245,6.208,0.245,6.208,0.05,43.1744
2025-10-25T10:45:00Z,118967,12.58,2025-10-25T10:34:15Z,1.633,0.245,6.241,0.245,6.241,0.05,43.2338
2025-10-25T11:00:00Z,118968,12.67,2025-10-25T10:50:00Z,2.485,0.245,6.284,0.245,6.284,0.05,43.3112
2025-10-25T11:15:00Z,118969,12.59,2025-10-25T11:10:20Z,3.248,0.245,6.338,0.245,6.338,0.05,43.4084
2025-10-25T11:30:00Z,118970,12.72,2025-10-25T11:20:20Z,4.407,0.245,6.394,0.245,6.394,0.05,43.5092
2025-10-25T11:45:00Z,118971,12.73,2025-10-25T11:44:30Z,5.372,0.245,6.456,0.245,6.456,0.05,43.6208
2025-10-25T12:00:00Z,118972,12.75,2025-10-25T11:48:40Z,5.769,0.245,6.52,0.245,6.52,0.05,43.736
2025-10-25T12:15:00Z,118973,13.12,2025-10-25T12:00:10Z,6.319,0.245,6.599,0.245,6.599,0.05,43.8782
2025-10-25T12:30:00Z,118974,13.37,2025-10-25T12:15:50Z,7.237,0.245,6.719,0.245,6.719,0.05,44.0942
2025-10-25T12:45:00Z,118975,13.6,2025-10-25T12:30:30Z,8.29,0.245,6.891,0.245,6.891,0.05,44.403800000000004
2025-10-25T13:00:00Z,118976,13.86,2025-10-25T12:53:30Z,9.44,0.245,7.095,0.245,7.095,0.05,44.771
2025-10-25T13:15:00Z,118977,13.83,2025-10-25T13:14:00Z,10.73,0.246,7.314,0.246,7.314,0.05,45.1652
2025-10-25T13:30:00Z,118978,13.89,2025-10-25T13:15:05Z,12.26,0.246,7.468,0.246,7.468,0.05,45.4424
2025-10-25T13:45:00Z,118979,13.86,2025-10-25T13:44:50Z,12.97,0.247,7.56,0.247,7.56,0.05,45.608
2025-10-25T14:00:00Z,118980,13.75,2025-10-25T13:51:45Z,13.04,0.246,7.61,0.246,7.61,0.05,45.698
2025-10-25T14:15:00Z,118981,13.72,2025-10-25T14:03:30Z,12.72,0.246,7.631,0.246,7.631,0.05,45.7358
2025-10-25T14:30:00Z,118982,14.27,2025-10-25T14:28:20Z,12.9,0.246,7.654,0.246,7.654,0.05,45.7772
2025-10-25T14:45:00Z,118983,14.33,2025-10-25T14:40:55Z,13.54,0.246,7.724,0.246,7.724,0.05,45.9032
2025-10-25T15:00:00Z,118984,14.33,2025-10-25T14:51:20Z,14.02,0.246,7.781,0.246,7.781,0.05,46.0058
2025-10-25T15:15:00Z,118985,14.29,2025-10-25T15:14:10Z,15.4,0.246,7.842,0.246,7.842,0.05,46.1156
2025-10-25T15:30:00Z,118986,14.28,2025-10-25T15:28:40Z,16.94,0.247,7.917,0.247,7.917,0.05,46.2506
2025-10-25T15:45:00Z,118987,14.14,2025-10-25T15:44:30Z,17.93,0.246,8,0.246,8,0.05,46.4
2025-10-25T16:00:00Z,118988,13.82,2025-10-25T15:55:20Z,18.32,0.247,8.1,0.247,8.1,0.05,46.58
2025-10-25T16:15:00Z,118989,13.75,2025-10-25T16:10:20Z,17.14,0.246,8.19,0.246,8.19,0.05,46.742
2025-10-25T16:30:00Z,118990,13.71,2025-10-25T16:22:30Z,15.86,0.246,8.26,0.246,8.26,0.05,46.868
2025-10-25T16:45:00Z,118991,13.89,2025-10-25T16:33:05Z,14.69,0.246,8.33,0.246,8.33,0.05,46.994
2025-10-25T17:00:00Z,118992,13.91,2025-10-25T16:58:55Z,13.86,0.246,8.39,0.246,8.39,0.05,47.102000000000004
2025-10-25T17:15:00Z,118993,13.52,2025-10-25T17:13:05Z,13.4,0.246,8.45,0.246,8.45,0.05,47.21
2025-10-25T17:30:00Z,118994,13.44,2025-10-25T17:16:15Z,12.67,0.246,8.5,0.246,8.5,0.05,47.3
2025-10-25T17:45:00Z,118995,13.46,2025-10-25T17:39:55Z,11.9,0.245,8.54,0.245,8.54,0.05,47.372
2025-10-25T18:00:00Z,118996,13.37,2025-10-25T17:59:20Z,11.16,0.246,8.56,0.246,8.56,0.05,47.408
2025-10-25T18:15:00Z,118997,13.28,2025-10-25T18:14:20Z,10.56,0.245,8.58,0.245,8.58,0.05,47.444
2025-10-25T18:30:00Z,118998,13.09,2025-10-25T18:25:05Z,10.1,0.245,8.6,0.245,8.6,0.05,47.48
2025-10-25T18:45:00Z,118999,13.02,2025-10-25T18:38:45Z,9.68,0.245,8.59,0.245,8.59,0.05,47.462
2025-10-25T19:00:00Z,119000,13.02,2025-10-25T18:59:40Z,9.21,0.245,8.57,0.245,8.57,0.05,47.426
2025-10-25T19:15:00Z,119001,12.92,2025-10-25T19:00:45Z,8.72,0.244,8.55,0.244,8.55,0.05,47.39
2025-10-25T19:30:00Z,119002,12.9,2025-10-25T19:19:10Z,8.37,0.244,8.52,0.244,8.52,0.05,47.336
2025-10-25T19:45:00Z,119003,12.82,2025-10-25T19:41:25Z,8.13,0.244,8.51,0.244,8.51,0.05,47.318
2025-10-25T20:00:00Z,119004,12.77,2025-10-25T19:59:20Z,7.956,0.243,8.5,0.243,8.5,0.05,47.3
2025-10-25T20:15:00Z,119005,12.82,2025-10-25T20:12:50Z,7.84,0.243,8.5,0.243,8.5,0.05,47.3
2025-10-25T20:30:00Z,119006,12.87,2025-10-25T20:24:10Z,7.72,0.243,8.49,0.243,8.49,0.05,47.282
2025-10-25T20:45:00Z,119007,12.86,2025-10-25T20:32:15Z,7.568,0.243,8.48,0.243,8.48,0.05,47.264
2025-10-25T21:00:00Z,119008,12.67,2025-10-25T20:50:50Z,7.455,0.243,8.47,0.243,8.47,0.05,47.246
2025-10-25T21:15:00Z,119009,12.74,2025-10-25T21:06:00Z,7.396,0.242,8.47,0.242,8.47,0.05,47.246
2025-10-25T21:30:00Z,119010,12.7,2025-10-25T21:25:30Z,7.303,0.242,8.46,0.242,8.46,0.05,47.228
2025-10-25T21:45:00Z,119011,12.71,2025-10-25T21:40:35Z,7.184,0.242,8.45,0.242,8.45,0.05,47.21
2025-10-25T22:00:00Z,119012,12.71,2025-10-25T21:48:40Z,7.057,0.242,8.44,0.242,8.44,0.05,47.192
2025-10-25T22:15:00Z,119013,12.69,2025-10-25T22:13:00Z,6.942,0.242,8.43,0.242,8.43,0.05,47.174
2025-10-25T22:30:00Z,119014,12.73,2025-10-25T22:23:55Z,6.831,0.242,8.42,0.242,8.42,0.05,47.156
2025-10-25T22:45:00Z,119015,12.69,2025-10-25T22:39:35Z,6.708,0.242,8.42,0.242,8.42,0.05,47.156
2025-10-25T23:00:00Z,119016,12.72,2025-10-25T22:52:55Z,6.526,0.242,8.4,0.242,8.4,0.05,47.120000000000005
2025-10-25T23:15:00Z,119017,12.66,2025-10-25T23:11:40Z,6.165,0.242,8.37,0.242,8.37,0.05,47.066
2025-10-25T23:30:00Z,119018,12.72,2025-10-25T23:15:30Z,5.69,0.241,8.32,0.241,8.32,0.05,46.976
2025-10-25T23:45:00Z,119019,12.69,2025-10-25T23:32:35Z,5.162,0.241,8.26,0.241,8.26,0.05,46.868
2025-10-26T00:15:00Z,119021,12.64,2025-10-26T00:00:10Z,4.491,0.24,8.18,0.24,8.18,0.05,46.724000000000004
2025-10-26T00:30:00Z,119022,12.76,2025-10-26T00:26:50Z,4.304,0.24,8.14,0.24,8.14,0.05,46.652
2025-10-26T00:45:00Z,119023,12.69,2025-10-26T00:35:10Z,4.11,0.24,8.08,0.24,8.08,0.05,46.544
2025-10-26T01:00:00Z,119024,12.67,2025-10-26T00:53:00Z,3.942,0.24,7.982,0.24,7.982,0.05,46.3676
2025-10-26T01:15:00Z,119025,12.66,2025-10-26T01:00:15Z,3.681,0.24,7.898,0.24,7.898,0.05,46.2164
2025-10-26T01:30:00Z,119026,12.73,2025-10-26T01:16:40Z,3.35,0.239,7.813,0.239,7.813,0.049,46.0634
2025-10-26T01:45:00Z,119027,12.76,2025-10-26T01:30:55Z,3.013,0.239,7.743,0.239,7.743,0.049,45.9374
2025-10-26T02:00:00Z,119028,12.67,2025-10-26T01:50:40Z,2.685,0.239,7.662,0.239,7.662,0.049,45.7916
2025-10-26T02:15:00Z,119029,12.75,2025-10-26T02:01:20Z,2.399,0.238,7.588,0.238,7.588,0.048,45.6584
2025-10-26T02:30:00Z,119030,12.71,2025-10-26T02:27:50Z,2.159,0.238,7.517,0.238,7.517,0.048,45.5306
2025-10-26T02:45:00Z,119031,12.73,2025-10-26T02:38:30Z,1.951,0.238,7.454,0.238,7.454,0.048,45.4172
2025-10-26T03:00:00Z,119032,12.72,2025-10-26T02:46:55Z,1.752,0.238,7.392,0.238,7.392,0.048,45.3056
2025-10-26T03:15:00Z,119033,12.72,2025-10-26T03:13:20Z,1.572,0.238,7.333,0.238,7.333,0.048,45.1994
2025-10-26T03:30:00Z,119034,12.7,2025-10-26T03:18:25Z,1.411,0.237,7.276,0.237,7.276,0.04699999999999999,45.0968
2025-10-26T03:45:00Z,119035,12.56,2025-10-26T03:31:15Z,1.273,0.237,7.215,0.237,7.215,0.04699999999999999,44.987
2025-10-26T04:00:00Z,119036,12.58,2025-10-26T03:54:00Z,1.144,0.237,7.152,0.237,7.152,0.04699999999999999,44.873599999999996
2025-10-26T04:15:00Z,119037,12.57,2025-10-26T04:06:25Z,1.026,0.236,7.092,0.236,7.092,0.04599999999999999,44.7656
2025-10-26T04:30:00Z,119038,12.69,2025-10-26T04:27:15Z,0.935,0.236,7.032,0.236,7.032,0.04599999999999999,44.6576
2025-10-26T04:45:00Z,119039,12.57,2025-10-26T04:37:30Z,0.852,0.236,6.964,0.236,6.964,0.04599999999999999,44.5352
2025-10-26T05:00:00Z,119040,12.68,2025-10-26T04:54:50Z,0.754,0.236,6.912,0.236,6.912,0.04599999999999999,44.4416
2025-10-26T05:15:00Z,119041,12.63,2025-10-26T05:00:45Z,0.67,0.235,6.861,0.235,6.861,0.044999999999999984,44.3498
2025-10-26T05:30:00Z,119042,12.59,2025-10-26T05:23:55Z,0.601,0.235,6.809,0.235,6.809,0.044999999999999984,44.2562
2025-10-26T05:45:00Z,119043,12.48,2025-10-26T05:34:30Z,0.54,0.235,6.749,0.235,6.749,0.044999999999999984,44.1482
2025-10-26T06:00:00Z,119044,12.61,2025-10-26T05:48:10Z,0.506,0.234,6.694,0.234,6.694,0.04400000000000001,44.0492
2025-10-26T06:15:00Z,119045,12.61,2025-10-26T06:06:50Z,0.454,0.234,6.64,0.234,6.64,0.04400000000000001,43.952
2025-10-26T06:30:00Z,119046,12.5,2025-10-26T06:25:55Z,0.395,0.234,6.593,0.234,6.593,0.04400000000000001,43.8674
2025-10-26T06:45:00Z,119047,12.52,2025-10-26T06:30:45Z,0.317,0.234,6.548,0.234,6.548,0.04400000000000001,43.7864
2025-10-26T07:00:00Z,119048,12.59,2025-10-26T06:59:50Z,0.219,0.233,6.495,0.233,6.495,0.04300000000000001,43.691
2025-10-26T07:15:00Z,119049,12.6,2025-10-26T07:09:15Z,0.183,0.233,6.46,0.233,6.46,0.04300000000000001,43.628
2025-10-26T07:30:00Z,119050,12.53,2025-10-26T07:15:50Z,0.163,0.233,6.405,0.233,6.405,0.04300000000000001,43.528999999999996
2025-10-26T07:45:00Z,119051,12.4,2025-10-26T07:40:40Z,0.094,0.232,6.352,0.232,6.352,0.04200000000000001,43.4336
2025-10-26T08:00:00Z,119052,12.5,2025-10-26T07:46:20Z,0.01,0.232,6.317,0.232,6.317,0.04200000000000001,43.370599999999996
2025-10-26T08:15:00Z,119053,12.55,2025-10-26T08:01:00Z,-0.069,0.232,6.27,0.232,6.27,0.04200000000000001,43.286
2025-10-26T08:30:00Z,119054,12.46,2025-10-26T08:22:50Z,-0.095,0.232,6.229,0.232,6.229,0.04200000000000001,43.212199999999996
2025-10-26T08:45:00Z,119055,12.55,2025-10-26T08:32:35Z,-0.084,0.231,6.198,0.231,6.198,0.041,43.156400000000005
2025-10-26T09:00:00Z,119056,12.42,2025-10-26T08:57:10Z,0.012,0.231,6.164,0.231,6.164,0.041,43.0952
2025-10-26T09:15:00Z,119057,12.6,2025-10-26T09:01:05Z,0.271,0.23,6.137,0.23,6.137,0.04,43.0466
2025-10-26T09:30:00Z,119058,12.45,2025-10-26T09:18:30Z,0.717,0.23,6.106,0.23,6.106,0.04,42.9908
2025-10-26T09:45:00Z,119059,12.51,2025-10-26T09:37:45Z,1.277,0.23,6.09,0.23,6.09,0.04,42.962
2025-10-26T10:00:00Z,119060,12.63,2025-10-26T09:59:25Z,2.115,0.229,6.09,0.229,6.09,0.04,42.962
2025-10-26T10:15:00Z,119061,12.64,2025-10-26T10:03:45Z,2.97,0.23,6.131,0.23,6.131,0.04,43.0358
2025-10-26T10:30:00Z,119062,12.68,2025-10-26T10:22:55Z,3.711,0.23,6.163,0.23,6.163,0.04,43.0934
2025-10-26T10:45:00Z,119063,12.63,2025-10-26T10:33:25Z,4.339,0.23,6.202,0.23,6.202,0.04,43.1636
2025-10-26T11:00:00Z,119064,12.69,2025-10-26T10:45:35Z,4.917,0.23,6.263,0.23,6.263,0.04,43.273399999999995
2025-10-26T11:15:00Z,119065,12.71,2025-10-26T11:04:45Z,5.451,0.23,6.319,0.23,6.319,0.04,43.3742
2025-10-26T11:30:00Z,119066,12.72,2025-10-26T11:16:40Z,6.33,0.23,6.397,0.23,6.397,0.04,43.5146
2025-10-26T11:45:00Z,119067,12.71,2025-10-26T11:30:10Z,7.451,0.23,6.463,0.23,6.463,0.04,43.6334
2025-10-26T12:00:00Z,119068,12.79,2025-10-26T11:48:00Z,8.11,0.23,6.524,0.23,6.524,0.04,43.7432
2025-10-26T12:15:00Z,119069,12.83,2025-10-26T12:07:45Z,8.5,0.23,6.588,0.23,6.588,0.04,43.8584
2025-10-26T12:30:00Z,119070,12.83,2025-10-26T12:15:40Z,9.13,0.23,6.65,0.23,6.65,0.04,43.97
2025-10-26T12:45:00Z,119071,12.88,2025-10-26T12:40:35Z,9.87,0.23,6.725,0.23,6.725,0.04,44.105000000000004
2025-10-26T13:00:00Z,119072,13.03,2025-10-26T12:46:05Z,10.3,0.23,6.8,0.23,6.8,0.04,44.239999999999995
2025-10-26T13:15:00Z,119073,13.18,2025-10-26T13:00:50Z,11.03,0.23,6.881,0.23,6.881,0.04,44.3858
2025-10-26T13:30:00Z,119074,13.62,2025-10-26T13:28:10Z,12.71,0.23,6.962,0.23,6.962,0.04,44.5316
2025-10-26T13:45:00Z,119075,13.72,2025-10-26T13:34:05Z,14.13,0.23,7.036,0.23,7.036,0.04,44.6648
2025-10-26T14:00:00Z,119076,13.68,2025-10-26T13:58:20Z,14.43,0.231,7.111,0.231,7.111,0.041,44.7998
2025-10-26T14:15:00Z,119077,13.68,2025-10-26T14:00:05Z,14.31,0.231,7.186,0.231,7.186,0.041,44.9348
2025-10-26T14:30:00Z,119078,13.76,2025-10-26T14:16:10Z,14.45,0.231,7.267,0.231,7.267,0.041,45.080600000000004
2025-10-26T14:45:00Z,119079,13.88,2025-10-26T14:35:55Z,14.64,0.231,7.352,0.231,7.352,0.041,45.2336
2025-10-26T15:00:00Z,119080,14.27,2025-10-26T14:52:10Z,14.91,0.231,7.424,0.231,7.424,0.041,45.3632
2025-10-26T15:15:00Z,119081,14.25,2025-10-26T15:04:50Z,16.12,0.231,7.495,0.231,7.495,0.041,45.491
2025-10-26T15:30:00Z,119082,14.23,2025-10-26T15:24:10Z,17.51,0.231,7.572,0.231,7.572,0.041,45.629599999999996
2025-10-26T15:45:00Z,119083,14.22,2025-10-26T15:30:20Z,18.35,0.231,7.666,0.231,7.666,0.041,45.7988
2025-10-26T16:00:00Z,119084,13.52,2025-10-26T15:56:10Z,18.3,0.231,7.77,0.231,7.77,0.041,45.986
2025-10-26T16:15:00Z,119085,13.65,2025-10-26T16:08:25Z,16.94,0.231,7.861,0.231,7.861,0.041,46.1498
2025-10-26T16:30:00Z,119086,13.54,2025-10-26T16:29:55Z,15.77,0.231,7.922,0.231,7.922,0.041,46.2596
2025-10-26T16:45:00Z,119087,13.51,2025-10-26T16:33:10Z,14.78,0.23,7.98,0.23,7.98,0.04,46.364000000000004
2025-10-26T17:00:00Z,119088,14.31,2025-10-26T16:46:35Z,14.21,0.23,8.03,0.23,8.03,0.04,46.454
2025-10-26T17:15:00Z,119089,13.89,2025-10-26T17:14:30Z,14.56,0.231,8.06,0.231,8.06,0.041,46.508
2025-10-26T17:30:00Z,119090,13.7,2025-10-26T17:27:20Z,15.23,0.231,8.09,0.231,8.09,0.041,46.562
2025-10-26T17:45:00Z,119091,13.67,2025-10-26T17:44:05Z,14.79,0.23,8.1,0.23,8.1,0.04,46.58
2025-10-26T18:00:00Z,119092,13.42,2025-10-26T17:53:35Z,13.89,0.23,8.09,0.23,8.09,0.04,46.562
2025-10-26T18:15:00Z,119093,13.23,2025-10-26T18:11:05Z,12.88,0.229,8.07,0.229,8.07,0.04,46.525999999999996
2025-10-26T18:30:00Z,119094,13.18,2025-10-26T18:23:10Z,11.94,0.229,8.04,0.229,8.04,0.04,46.471999999999994
2025-10-26T18:45:00Z,119095,13.14,2025-10-26T18:40:30Z,11.03,0.228,7.998,0.228,7.998,0.04,46.3964
2025-10-26T19:00:00Z,119096,13.09,2025-10-26T18:57:15Z,10.1,0.228,7.941,0.228,7.941,0.04,46.2938
2025-10-26T19:15:00Z,119097,13.05,2025-10-26T19:14:10Z,9.16,0.228,7.882,0.228,7.882,0.04,46.1876
2025-10-26T19:30:00Z,119098,13.01,2025-10-26T19:28:40Z,8.25,0.227,7.824,0.227,7.824,0.04,46.0832
2025-10-26T19:45:00Z,119099,12.99,2025-10-26T19:42:15Z,7.4,0.227,7.761,0.227,7.761,0.04,45.9698
2025-10-26T20:00:00Z,119100,12.94,2025-10-26T19:53:00Z,6.656,0.227,7.695,0.227,7.695,0.04,45.851
2025-10-26T20:15:00Z,119101,12.87,2025-10-26T20:02:25Z,6.063,0.226,7.631,0.226,7.631,0.04,45.7358
2025-10-26T20:30:00Z,119102,12.76,2025-10-26T20:18:55Z,5.557,0.226,7.579,0.226,7.579,0.04,45.6422
2025-10-26T20:45:00Z,119103,12.87,2025-10-26T20:36:40Z,5.067,0.226,7.515,0.226,7.515,0.04,45.527
2025-10-26T21:00:00Z,119104,12.73,2025-10-26T20:50:35Z,4.654,0.225,7.464,0.225,7.464,0.04,45.4352
2025-10-26T21:15:00Z,119105,12.84,2025-10-26T21:05:25Z,4.333,0.225,7.43,0.225,7.43,0.04,45.374
2025-10-26T21:30:00Z,119106,12.81,2025-10-26T21:15:40Z,4.028,0.225,7.382,0.225,7.382,0.04,45.2876
2025-10-26T21:45:00Z,119107,12.84,2025-10-26T21:33:40Z,3.775,0.225,7.325,0.225,7.325,0.04,45.185
2025-10-26T22:00:00Z,119108,12.83,2025-10-26T21:56:20Z,3.626,0.225,7.262,0.225,7.262,0.04,45.0716
2025-10-26T22:15:00Z,119109,12.79,2025-10-26T22:07:30Z,3.514,0.224,7.198,0.224,7.198,0.04,44.9564
2025-10-26T22:30:00Z,119110,12.82,2025-10-26T22:28:30Z,3.356,0.224,7.132,0.224,7.132,0.04,44.8376
2025-10-26T22:45:00Z,119111,12.81,2025-10-26T22:42:25Z,3.219,0.224,7.066,0.224,7.066,0.04,44.7188
2025-10-26T23:00:00Z,119112,12.79,2025-10-26T22:56:00Z,3.1,0.223,6.999,0.223,6.999,0.04,44.5982
2025-10-26T23:15:00Z,119113,12.81,2025-10-26T23:13:15Z,2.92,0.223,6.934,0.223,6.934,0.04,44.4812
2025-10-26T23:30:00Z,119114,12.72,2025-10-26T23:15:45Z,2.682,0.223,6.876,0.223,6.876,0.04,44.3768
2025-10-26T23:45:00Z,119115,12.79,2025-10-26T23:42:05Z,2.452,0.223,6.82,0.223,6.82,0.04,44.275999999999996
2025-10-27T00:15:00Z,119117,12.78,2025-10-27T00:00:25Z,2.126,0.222,6.711,0.222,6.711,0.04,44.0798
2025-10-27T00:30:00Z,119118,12.76,2025-10-27T00:28:20Z,2.032,0.222,6.658,0.222,6.658,0.04,43.9844
2025-10-27T00:45:00Z,119119,12.6,2025-10-27T00:33:30Z,1.946,0.222,6.619,0.222,6.619,0.04,43.9142
2025-10-27T01:00:00Z,119120,12.73,2025-10-27T00:59:00Z,1.853,0.222,6.603,0.222,6.603,0.04,43.885400000000004
2025-10-27T01:15:00Z,119121,12.64,2025-10-27T01:08:30Z,1.765,0.221,6.528,0.221,6.528,0.04,43.7504
2025-10-27T01:30:00Z,119122,12.73,2025-10-27T01:27:50Z,1.66,0.221,6.464,0.221,6.464,0.04,43.6352
2025-10-27T01:45:00Z,119123,12.65,2025-10-27T01:39:05Z,1.531,0.221,6.415,0.221,6.415,0.04,43.547
2025-10-27T02:00:00Z,119124,12.64,2025-10-27T01:56:55Z,1.377,0.221,6.366,0.221,6.366,0.04,43.4588
2025-10-27T02:15:00Z,119125,12.72,2025-10-27T02:10:55Z,1.243,0.221,6.319,0.221,6.319,0.04,43.3742
2025-10-27T02:30:00Z,119126,12.73,2025-10-27T02:21:05Z,1.102,0.22,6.271,0.22,6.271,0.04,43.287800000000004
2025-10-27T02:45:00Z,119127,12.73,2025-10-27T02:36:40Z,0.986,0.22,6.226,0.22,6.226,0.04,43.2068
2025-10-27T03:00:00Z,119128,12.67,2025-10-27T02:59:20Z,0.898,0.22,6.181,0.22,6.181,0.04,43.1258
2025-10-27T03:15:00Z,119129,12.62,2025-10-27T03:12:00Z,0.81,0.22,6.134,0.22,6.134,0.04,43.0412
2025-10-27T03:30:00Z,119130,12.71,2025-10-27T03:16:40Z,0.736,0.219,6.084,0.219,6.084,0.03981818181818182,42.9512
2025-10-27T03:45:00Z,119131,12.7,2025-10-27T03:31:30Z,0.666,0.219,6.037,0.219,6.037,0.03981818181818182,42.8666
2025-10-27T04:00:00Z,119132,12.59,2025-10-27T03:56:40Z,0.622,0.219,5.993,0.219,5.993,0.03981818181818182,42.787400000000005
2025-10-27T04:15:00Z,119133,12.55,2025-10-27T04:13:35Z,0.574,0.219,5.84,0.219,5.84,0.03981818181818182,42.512
2025-10-27T04:30:00Z,119134,12.59,2025-10-27T04:27:35Z,0.507,0.22,5.868,0.22,5.868,0.04,42.5624
2025-10-27T04:45:00Z,119135,12.55,2025-10-27T04:43:15Z,0.392,0.22,5.867,0.22,5.867,0.04,42.5606
2025-10-27T05:00:00Z,119136,12.57,2025-10-27T04:58:25Z,0.229,0.219,5.841,0.219,5.841,0.03981818181818182,42.5138
2025-10-27T05:15:00Z,119137,12.58,2025-10-27T05:09:50Z,0.101,0.218,5.806,0.218,5.806,0.039636363636363636,42.4508
2025-10-27T05:30:00Z,119138,12.56,2025-10-27T05:18:25Z,-0.016,0.218,5.766,0.218,5.766,0.039636363636363636,42.3788
2025-10-27T05:45:00Z,119139,12.64,2025-10-27T05:36:15Z,-0.122,0.218,5.727,0.218,5.727,0.039636363636363636,42.3086
2025-10-27T06:00:00Z,119140,12.63,2025-10-27T05:54:55Z,-0.215,0.218,5.674,0.218,5.674,0.039636363636363636,42.2132
2025-10-27T06:15:00Z,119141,12.53,2025-10-27T06:00:40Z,-0.287,0.218,5.633,0.218,5.633,0.039636363636363636,42.1394
2025-10-27T06:30:00Z,119142,12.65,2025-10-27T06:27:10Z,-0.377,0.217,5.592,0.217,5.592,0.03945454545454546,42.0656
2025-10-27T06:45:00Z,119143,12.55,2025-10-27T06:39:00Z,-0.477,0.217,5.549,0.217,5.549,0.03945454545454546,41.9882
2025-10-27T07:00:00Z,119144,12.45,2025-10-27T06:54:55Z,-0.492,0.217,5.5,0.217,5.5,0.03945454545454546,41.9
2025-10-27T07:15:00Z,119145,12.57,2025-10-27T07:02:00Z,-0.479,0.217,5.457,0.217,5.457,0.03945454545454546,41.8226
2025-10-27T07:30:00Z,119146,12.59,2025-10-27T07:23:55Z,-0.48,0.216,5.414,0.216,5.414,0.03927272727272727,41.7452
2025-10-27T07:45:00Z,119147,12.53,2025-10-27T07:33:25Z,-0.457,0.216,5.374,0.216,5.374,0.03927272727272727,41.6732
2025-10-27T08:00:00Z,119148,12.58,2025-10-27T07:52:40Z,-0.396,0.216,5.335,0.216,5.335,0.03927272727272727,41.603
2025-10-27T08:15:00Z,119149,12.56,2025-10-27T08:10:55Z,-0.342,0.215,5.301,0.215,5.301,0.03909090909090909,41.5418
2025-10-27T08:30:00Z,119150,12.47,2025-10-27T08:15:25Z,-0.257,0.215,5.273,0.215,5.273,0.03909090909090909,41.4914
2025-10-27T08:45:00Z,119151,12.58,2025-10-27T08:32:40Z,-0.118,0.215,5.25,0.215,5.25,0.03909090909090909,41.45
2025-10-27T09:00:00Z,119152,12.58,2025-10-27T08:49:40Z,0.103,0.214,5.235,0.214,5.235,0.03890909090909091,41.423
2025-10-27T09:15:00Z,119153,12.61,2025-10-27T09:04:40Z,0.558,0.214,5.23,0.214,5.23,0.03890909090909091,41.414
2025-10-27T09:30:00Z,119154,12.57,2025-10-27T09:15:35Z,1.295,0.215,5.243,0.215,5.243,0.03909090909090909,41.4374
2025-10-27T09:45:00Z,119155,12.56,2025-10-27T09:42:55Z,2.027,0.215,5.265,0.215,5.265,0.03909090909090909,41.477000000000004
2025-10-27T10:00:00Z,119156,12.56,2025-10-27T09:52:40Z,2.884,0.215,5.31,0.215,5.31,0.03909090909090909,41.558
2025-10-27T10:15:00Z,119157,12.66,2025-10-27T10:08:20Z,3.701,0.216,5.357,0.216,5.357,0.03927272727272727,41.6426
2025-10-27T10:30:00Z,119158,12.67,2025-10-27T10:24:25Z,4.413,0.216,5.425,0.216,5.425,0.03927272727272727,41.765
2025-10-27T10:45:00Z,119159,12.55,2025-10-27T10:30:55Z,5.027,0.217,5.491,0.217,5.491,0.03945454545454546,41.8838
2025-10-27T11:00:00Z,119160,12.56,2025-10-27T10:50:15Z,5.554,0.216,5.577,0.216,5.577,0.03927272727272727,42.0386
2025-10-27T11:15:00Z,119161,12.63,2025-10-27T11:09:15Z,6.138,0.216,5.68,0.216,5.68,0.03927272727272727,42.224000000000004
2025-10-27T11:30:00Z,119162,12.71,2025-10-27T11:22:10Z,7.213,0.217,5.766,0.217,5.766,0.03945454545454546,42.3788
2025-10-27T11:45:00Z,119163,12.64,2025-10-27T11:34:45Z,8.41,0.217,5.849,0.217,5.849,0.03945454545454546,42.5282
2025-10-27T12:00:00Z,119164,12.75,2025-10-27T11:48:40Z,9.08,0.217,5.945,0.217,5.945,0.03945454545454546,42.701
2025-10-27T12:15:00Z,119165,12.77,2025-10-27T12:03:05Z,9.57,0.217,6.058,0.217,6.058,0.03945454545454546,42.904399999999995
2025-10-27T12:30:00Z,119166,12.79,2025-10-27T12:16:40Z,10.27,0.217,6.154,0.217,6.154,0.03945454545454546,43.0772
2025-10-27T12:45:00Z,119167,12.89,2025-10-27T12:30:10Z,10.99,0.217,6.25,0.217,6.25,0.03945454545454546,43.25
2025-10-27T13:00:00Z,119168,12.94,2025-10-27T12:45:55Z,11.41,0.217,6.355,0.217,6.355,0.03945454545454546,43.439
2025-10-27T13:15:00Z,119169,13.05,2025-10-27T13:02:20Z,12.37,0.217,6.451,0.217,6.451,0.03945454545454546,43.6118
2025-10-27T13:30:00Z,119170,13.93,2025-10-27T13:26:40Z,14.43,0.217,6.534,0.217,6.534,0.03945454545454546,43.7612
2025-10-27T13:45:00Z,119171,13.79,2025-10-27T13:34:30Z,15.94,0.217,6.611,0.217,6.611,0.03945454545454546,43.8998
2025-10-27T14:00:00Z,119172,13.71,2025-10-27T13:57:25Z,16.17,0.217,6.698,0.217,6.698,0.03945454545454546,44.0564
2025-10-27T14:15:00Z,119173,13.7,2025-10-27T14:03:10Z,16.02,0.218,6.795,0.218,6.795,0.039636363636363636,44.231
2025-10-27T14:30:00Z,119174,13.9,2025-10-27T14:18:20Z,16.11,0.217,6.886,0.217,6.886,0.03945454545454546,44.394800000000004
2025-10-27T14:45:00Z,119175,13.97,2025-10-27T14:31:35Z,16.1,0.218,6.965,0.218,6.965,0.039636363636363636,44.537
2025-10-27T15:00:00Z,119176,14.24,2025-10-27T15:00:00Z,16.27,0.217,7.031,0.217,7.031,0.03945454545454546,44.6558
2025-10-27T15:15:00Z,119177,14.08,2025-10-27T15:07:20Z,17.51,0.218,7.093,0.218,7.093,0.039636363636363636,44.7674
2025-10-27T15:30:00Z,119178,14.19,2025-10-27T15:28:25Z,18.8,0.218,7.158,0.218,7.158,0.039636363636363636,44.8844
2025-10-27T15:45:00Z,119179,14.2,2025-10-27T15:37:20Z,19.46,0.218,7.227,0.218,7.227,0.039636363636363636,45.0086
2025-10-27T16:00:00Z,119180,13.6,2025-10-27T15:54:30Z,19.32,0.218,7.298,0.218,7.298,0.039636363636363636,45.1364
2025-10-27T16:15:00Z,119181,13.73,2025-10-27T16:02:00Z,18.02,0.218,7.373,0.218,7.373,0.039636363636363636,45.2714
2025-10-27T16:30:00Z,119182,13.72,2025-10-27T16:29:45Z,16.85,0.217,7.444,0.217,7.444,0.03945454545454546,45.3992
2025-10-27T16:45:00Z,119183,13.67,2025-10-27T16:37:50Z,15.86,0.217,7.506,0.217,7.506,0.03945454545454546,45.5108
2025-10-27T17:00:00Z,119184,13.89,2025-10-27T16:47:10Z,15.18,0.217,7.564,0.217,7.564,0.03945454545454546,45.6152
2025-10-27T17:15:00Z,119185,13.89,2025-10-27T17:03:45Z,15.05,0.217,7.611,0.217,7.611,0.03945454545454546,45.699799999999996
2025-10-27T17:30:00Z,119186,13.88,2025-10-27T17:20:40Z,15.23,0.217,7.65,0.217,7.65,0.03945454545454546,45.77
2025-10-27T17:45:00Z,119187,13.75,2025-10-27T17:42:10Z,14.77,0.217,7.673,0.217,7.673,0.03945454545454546,45.8114
2025-10-27T18:00:00Z,119188,13.52,2025-10-27T17:58:05Z,14.05,0.216,7.677,0.216,7.677,0.03927272727272727,45.818599999999996
2025-10-27T18:15:00Z,119189,13.4,2025-10-27T18:14:55Z,13.22,0.216,7.67,0.216,7.67,0.03927272727272727,45.806
2025-10-27T18:30:00Z,119190,13.28,2025-10-27T18:29:55Z,12.36,0.215,7.643,0.215,7.643,0.03909090909090909,45.7574
2025-10-27T18:45:00Z,119191,13.16,2025-10-27T18:44:40Z,11.57,0.215,7.59,0.215,7.59,0.03909090909090909,45.662
2025-10-27T19:00:00Z,119192,13.09,2025-10-27T18:54:40Z,10.77,0.214,7.527,0.214,7.527,0.03890909090909091,45.5486
2025-10-27T19:15:00Z,119193,13.05,2025-10-27T19:10:45Z,9.94,0.214,7.467,0.214,7.467,0.03890909090909091,45.4406
2025-10-27T19:30:00Z,119194,12.99,2025-10-27T19:21:50Z,9.21,0.214,7.406,0.214,7.406,0.03890909090909091,45.330799999999996
2025-10-27T19:45:00Z,119195,12.95,2025-10-27T19:44:30Z,8.66,0.213,7.336,0.213,7.336,0.03872727272727273,45.2048
2025-10-27T20:00:00Z,119196,12.93,2025-10-27T19:59:40Z,8.22,0.213,7.272,0.213,7.272,0.03872727272727273,45.089600000000004
2025-10-27T20:15:00Z,119197,12.92,2025-10-27T20:09:35Z,7.858,0.213,7.219,0.213,7.219,0.03872727272727273,44.9942
2025-10-27T20:30:00Z,119198,12.81,2025-10-27T20:30:00Z,7.489,0.212,7.177,0.212,7.177,0.03854545454545454,44.9186
2025-10-27T20:45:00Z,119199,12.87,2025-10-27T20:34:20Z,7.129,0.212,7.132,0.212,7.132,0.03854545454545454,44.8376
2025-10-27T21:00:00Z,119200,12.73,2025-10-27T20:50:30Z,6.73,0.211,7.082,0.211,7.082,0.038363636363636364,44.7476
2025-10-27T21:15:00Z,119201,12.77,2025-10-27T21:14:55Z,6.349,0.211,7.033,0.211,7.033,0.038363636363636364,44.659400000000005
2025-10-27T21:30:00Z,119202,12.84,2025-10-27T21:15:25Z,6.107,0.211,6.983,0.211,6.983,0.038363636363636364,44.5694
2025-10-27T21:45:00Z,119203,12.85,2025-10-27T21:32:50Z,5.998,0.211,6.944,0.211,6.944,0.038363636363636364,44.4992
2025-10-27T22:00:00Z,119204,12.76,2025-10-27T21:50:40Z,5.871,0.21,6.907,0.21,6.907,0.03818181818181818,44.4326
2025-10-27T22:15:00Z,119205,12.76,2025-10-27T22:13:55Z,5.736,0.21,6.866,0.21,6.866,0.03818181818181818,44.3588
2025-10-27T22:30:00Z,119206,12.73,2025-10-27T22:28:15Z,5.61,0.21,6.825,0.21,6.825,0.03818181818181818,44.285
2025-10-27T22:45:00Z,119207,12.73,2025-10-27T22:40:15Z,5.515,0.21,6.784,0.21,6.784,0.03818181818181818,44.2112
2025-10-27T23:00:00Z,119208,12.8,2025-10-27T22:51:00Z,5.423,0.21,6.744,0.21,6.744,0.03818181818181818,44.1392
2025-10-27T23:15:00Z,119209,12.79,2025-10-27T23:12:50Z,5.321,0.209,6.706,0.209,6.706,0.038,44.070800000000006
2025-10-27T23:30:00Z,119210,12.74,2025-10-27T23:26:10Z,5.181,0.209,6.668,0.209,6.668,0.038,44.0024
2025-10-27T23:45:00Z,119211,12.77,2025-10-27T23:44:25Z,5.023,0.209,6.651,0.209,6.651,0.038,43.9718
2025-10-28T00:15:00Z,119213,12.77,2025-10-28T00:13:30Z,4.633,0.209,6.56,0.209,6.56,0.038,43.808
2025-10-28T00:30:00Z,119214,12.78,2025-10-28T00:28:10Z,4.504,0.208,6.51,0.208,6.51,0.03781818181818182,43.718
2025-10-28T00:45:00Z,119215,12.76,2025-10-28T00:39:25Z,4.434,0.208,6.475,0.208,6.475,0.03781818181818182,43.655
2025-10-28T01:00:00Z,119216,12.68,2025-10-28T00:49:55Z,4.428,0.208,6.445,0.208,6.445,0.03781818181818182,43.601
2025-10-28T01:15:00Z,119217,12.67,2025-10-28T01:01:50Z,4.413,0.208,6.414,0.208,6.414,0.03781818181818182,43.5452
2025-10-28T01:30:00Z,119218,12.65,2025-10-28T01:20:45Z,4.348,0.208,6.361,0.208,6.361,0.03781818181818182,43.449799999999996
2025-10-28T01:45:00Z,119219,12.73,2025-10-28T01:39:40Z,4.267,0.207,6.32,0.207,6.32,0.037636363636363634,43.376000000000005
2025-10-28T02:00:00Z,119220,12.67,2025-10-28T01:52:25Z,4.239,0.207,6.291,0.207,6.291,0.037636363636363634,43.3238
2025-10-28T02:15:00Z,119221,12.74,2025-10-28T02:06:05Z,4.287,0.207,6.262,0.207,6.262,0.037636363636363634,43.2716
2025-10-28T02:30:00Z,119222,12.66,2025-10-28T02:26:30Z,4.349,0.207,6.234,0.207,6.234,0.037636363636363634,43.221199999999996
2025-10-28T02:45:00Z,119223,12.63,2025-10-28T02:31:50Z,4.387,0.207,6.208,0.207,6.208,0.037636363636363634,43.1744
2025-10-28T03:00:00Z,119224,12.74,2025-10-28T02:51:10Z,4.421,0.206,6.185,0.206,6.185,0.037454545454545456,43.132999999999996
2025-10-28T03:15:00Z,119225,12.72,2025-10-28T03:01:00Z,4.406,0.206,6.164,0.206,6.164,0.037454545454545456,43.0952
2025-10-28T03:30:00Z,119226,12.7,2025-10-28T03:19:35Z,4.348,0.206,6.144,0.206,6.144,0.037454545454545456,43.059200000000004
2025-10-28T03:45:00Z,119227,12.64,2025-10-28T03:39:25Z,4.277,0.206,6.125,0.206,6.125,0.037454545454545456,43.025
2025-10-28T04:00:00Z,119228,12.71,2025-10-28T03:56:25Z,4.187,0.206,6.103,0.206,6.103,0.037454545454545456,42.9854
2025-10-28T04:15:00Z,119229,12.62,2025-10-28T04:09:05Z,4.075,0.206,6.079,0.206,6.079,0.037454545454545456,42.9422
2025-10-28T04:30:00Z,119230,12.62,2025-10-28T04:29:10Z,3.933,0.205,6.052,0.205,6.052,0.03727272727272727,42.8936
2025-10-28T04:45:00Z,119231,12.62,2025-10-28T04:40:20Z,3.765,0.205,6.023,0.205,6.023,0.03727272727272727,42.8414
2025-10-28T05:00:00Z,119232,12.57,2025-10-28T04:49:35Z,3.545,0.205,5.989,0.205,5.989,0.03727272727272727,42.7802
2025-10-28T05:15:00Z,119233,12.57,2025-10-28T05:08:45Z,3.345,0.205,5.951,0.205,5.951,0.03727272727272727,42.7118
2025-10-28T05:30:00Z,119234,12.6,2025-10-28T05:29:05Z,3.157,0.205,5.902,0.205,5.902,0.03727272727272727,42.623599999999996
2025-10-28T05:45:00Z,119235,12.6,2025-10-28T05:42:15Z,2.942,0.205,5.844,0.205,5.844,0.03727272727272727,42.5192
2025-10-28T06:00:00Z,119236,12.57,2025-10-28T05:59:00Z,2.78,0.205,5.85,0.205,5.85,0.03727272727272727,42.53
2025-10-28T06:15:00Z,119237,12.66,2025-10-28T06:09:55Z,2.595,0.204,5.822,0.204,5.822,0.03709090909090909,42.479600000000005
2025-10-28T06:30:00Z,119238,12.64,2025-10-28T06:29:50Z,2.354,0.204,5.776,0.204,5.776,0.03709090909090909,42.3968
2025-10-28T06:45:00Z,119239,12.56,2025-10-28T06:30:30Z,2.153,0.203,5.729,0.203,5.729,0.03690909090909091,42.312200000000004
2025-10-28T07:00:00Z,119240,12.63,2025-10-28T06:52:10Z,2.017,0.203,5.681,0.203,5.681,0.03690909090909091,42.2258
2025-10-28T07:15:00Z,119241,12.55,2025-10-28T07:07:25Z,1.905,0.203,5.63,0.203,5.63,0.03690909090909091,42.134
2025-10-28T07:30:00Z,119242,12.63,2025-10-28T07:28:00Z,1.824,0.202,5.581,0.202,5.581,0.036727272727272726,42.0458
2025-10-28T07:45:00Z,119243,12.46,2025-10-28T07:39:25Z,1.732,0.202,5.536,0.202,5.536,0.036727272727272726,41.9648
2025-10-28T08:00:00Z,119244,12.61,2025-10-28T07:49:55Z,1.581,0.202,5.492,0.202,5.492,0.036727272727272726,41.8856
2025-10-28T08:15:00Z,119245,12.53,2025-10-28T08:06:45Z,1.539,0.202,5.449,0.202,5.449,0.036727272727272726,41.8082
2025-10-28T08:30:00Z,119246,12.62,2025-10-28T08:25:25Z,1.506,0.201,5.413,0.201,5.413,0.03654545454545455,41.7434
2025-10-28T08:45:00Z,119247,12.46,2025-10-28T08:33:25Z,1.489,0.201,5.383,0.201,5.383,0.03654545454545455,41.6894
2025-10-28T09:00:00Z,119248,12.57,2025-10-28T08:52:05Z,1.612,0.201,5.361,0.201,5.361,0.03654545454545455,41.6498
2025-10-28T09:15:00Z,119249,12.54,2025-10-28T09:09:10Z,1.946,0.2,5.349,0.2,5.349,0.03636363636363637,41.6282
2025-10-28T09:30:00Z,119250,12.64,2025-10-28T09:24:30Z,2.464,0.2,5.355,0.2,5.355,0.03636363636363637,41.639
2025-10-28T09:45:00Z,119251,12.55,2025-10-28T09:44:15Z,2.936,0.201,5.375,0.201,5.375,0.03654545454545455,41.675
2025-10-28T10:00:00Z,119252,12.67,2025-10-28T09:55:10Z,3.452,0.201,5.405,0.201,5.405,0.03654545454545455,41.729
2025-10-28T10:15:00Z,119253,12.59,2025-10-28T10:08:45Z,3.861,0.201,5.453,0.201,5.453,0.03654545454545455,41.8154
2025-10-28T10:30:00Z,119254,12.69,2025-10-28T10:29:50Z,4.256,0.201,5.504,0.201,5.504,0.03654545454545455,41.9072
2025-10-28T10:45:00Z,119255,12.62,2025-10-28T10:36:20Z,4.825,0.201,5.562,0.201,5.562,0.03654545454545455,42.0116
2025-10-28T11:00:00Z,119256,12.72,2025-10-28T10:46:25Z,5.568,0.201,5.621,0.201,5.621,0.03654545454545455,42.1178
2025-10-28T11:15:00Z,119257,12.76,2025-10-28T11:02:20Z,6.414,0.201,5.673,0.201,5.673,0.03654545454545455,42.2114
2025-10-28T11:30:00Z,119258,12.76,2025-10-28T11:21:20Z,7.542,0.201,5.73,0.201,5.73,0.03654545454545455,42.314
2025-10-28T11:45:00Z,119259,12.68,2025-10-28T11:41:50Z,8.69,0.201,5.792,0.201,5.792,0.03654545454545455,42.4256
2025-10-28T12:00:00Z,119260,12.8,2025-10-28T11:49:10Z,9.24,0.201,5.857,0.201,5.857,0.03654545454545455,42.5426
2025-10-28T12:15:00Z,119261,12.84,2025-10-28T12:01:20Z,9.56,0.201,5.917,0.201,5.917,0.03654545454545455,42.6506
2025-10-28T12:30:00Z,119262,12.85,2025-10-28T12:20:55Z,10.11,0.201,5.985,0.201,5.985,0.03654545454545455,42.772999999999996
2025-10-28T12:45:00Z,119263,12.97,2025-10-28T12:31:05Z,10.71,0.201,6.046,0.201,6.046,0.03654545454545455,42.8828
2025-10-28T13:00:00Z,119264,13,2025-10-28T12:46:00Z,11.18,0.201,6.113,0.201,6.113,0.03654545454545455,43.0034
2025-10-28T13:15:00Z,119265,13.21,2025-10-28T13:02:55Z,12.17,0.201,6.179,0.201,6.179,0.03654545454545455,43.1222
2025-10-28T13:30:00Z,119266,14.23,2025-10-28T13:25:30Z,14.19,0.202,6.252,0.202,6.252,0.036727272727272726,43.2536
2025-10-28T13:45:00Z,119267,13.87,2025-10-28T13:36:25Z,15.94,0.202,6.319,0.202,6.319,0.036727272727272726,43.3742
2025-10-28T14:00:00Z,119268,13.76,2025-10-28T14:00:00Z,16.27,0.203,6.36,0.203,6.36,0.03690909090909091,43.448
2025-10-28T14:15:00Z,119269,13.71,2025-10-28T14:02:15Z,16.11,0.202,6.408,0.202,6.408,0.036727272727272726,43.534400000000005
2025-10-28T14:30:00Z,119270,14.2,2025-10-28T14:23:30Z,16.05,0.202,6.482,0.202,6.482,0.036727272727272726,43.6676
2025-10-28T14:45:00Z,119271,14.06,2025-10-28T14:34:25Z,15.95,0.202,6.53,0.202,6.53,0.036727272727272726,43.754000000000005
2025-10-28T15:00:00Z,119272,14.26,2025-10-28T14:53:15Z,16.16,0.202,6.553,0.202,6.553,0.036727272727272726,43.7954
2025-10-28T15:15:00Z,119273,14.14,2025-10-28T15:11:30Z,17.29,0.201,6.607,0.201,6.607,0.03654545454545455,43.8926
2025-10-28T15:30:00Z,119274,14.23,2025-10-28T15:17:20Z,18.15,0.201,6.682,0.201,6.682,0.03654545454545455,44.0276
2025-10-28T15:45:00Z,119275,14.12,2025-10-28T15:44:45Z,18.69,0.201,6.734,0.201,6.734,0.03654545454545455,44.1212
2025-10-28T16:00:00Z,119276,13.53,2025-10-28T15:54:15Z,18.38,0.201,6.796,0.201,6.796,0.03654545454545455,44.2328
2025-10-28T16:15:00Z,119277,13.5,2025-10-28T16:14:35Z,16.92,0.201,6.825,0.201,6.825,0.03654545454545455,44.285
2025-10-28T16:30:00Z,119278,13.42,2025-10-28T16:21:15Z,15.64,0.2,6.857,0.2,6.857,0.03636363636363637,44.342600000000004
2025-10-28T16:45:00Z,119279,13.45,2025-10-28T16:37:55Z,14.65,0.2,6.873,0.2,6.873,0.03636363636363637,44.3714
2025-10-28T17:00:00Z,119280,13.47,2025-10-28T16:46:35Z,13.96,0.2,6.909,0.2,6.909,0.03636363636363637,44.4362
2025-10-28T17:15:00Z,119281,13.92,2025-10-28T17:09:35Z,13.97,0.2,6.937,0.2,6.937,0.03636363636363637,44.486599999999996
2025-10-28T17:30:00Z,119282,13.93,2025-10-28T17:16:15Z,14.3,0.2,6.952,0.2,6.952,0.03636363636363637,44.5136
2025-10-28T17:45:00Z,119283,13.57,2025-10-28T17:39:30Z,13.74,0.199,6.976,0.199,6.976,0.03618181818181818,44.556799999999996
2025-10-28T18:00:00Z,119284,13.4,2025-10-28T17:59:50Z,12.85,0.199,6.984,0.199,6.984,0.03618181818181818,44.571200000000005
2025-10-28T18:15:00Z,119285,13.3,2025-10-28T18:14:55Z,11.94,0.198,6.984,0.198,6.984,0.036000000000000004,44.571200000000005
2025-10-28T18:30:00Z,119286,13.17,2025-10-28T18:29:35Z,11.1,0.198,6.971,0.198,6.971,0.036000000000000004,44.5478
2025-10-28T18:45:00Z,119287,13.08,2025-10-28T18:44:05Z,10.32,0.197,6.946,0.197,6.946,0.03581818181818182,44.5028
2025-10-28T19:00:00Z,119288,13.01,2025-10-28T18:59:10Z,9.56,0.196,6.904,0.196,6.904,0.03563636363636364,44.4272
2025-10-28T19:15:00Z,119289,12.92,2025-10-28T19:06:35Z,8.8,0.196,6.85,0.196,6.85,0.03563636363636364,44.33
2025-10-28T19:30:00Z,119290,12.95,2025-10-28T19:24:05Z,8.2,0.196,6.796,0.196,6.796,0.03563636363636364,44.2328
2025-10-28T19:45:00Z,119291,12.92,2025-10-28T19:43:40Z,7.646,0.195,6.747,0.195,6.747,0.035454545454545454,44.1446
2025-10-28T20:00:00Z,119292,12.92,2025-10-28T19:59:10Z,7.111,0.195,6.699,0.195,6.699,0.035454545454545454,44.0582
2025-10-28T20:15:00Z,119293,12.8,2025-10-28T20:07:00Z,6.637,0.195,6.651,0.195,6.651,0.035454545454545454,43.9718
2025-10-28T20:30:00Z,119294,12.88,2025-10-28T20:15:30Z,6.325,0.195,6.609,0.195,6.609,0.035454545454545454,43.8962
2025-10-28T20:45:00Z,119295,12.86,2025-10-28T20:40:20Z,6.177,0.195,6.575,0.195,6.575,0.035454545454545454,43.835
2025-10-28T21:00:00Z,119296,12.87,2025-10-28T20:46:50Z,6.156,0.195,6.547,0.195,6.547,0.035454545454545454,43.7846
2025-10-28T21:15:00Z,119297,12.79,2025-10-28T21:00:20Z,6.15,0.194,6.523,0.194,6.523,0.035272727272727275,43.7414
2025-10-28T21:30:00Z,119298,12.84,2025-10-28T21:17:00Z,6.134,0.194,6.506,0.194,6.506,0.035272727272727275,43.7108
2025-10-28T21:45:00Z,119299,12.7,2025-10-28T21:35:25Z,6.086,0.194,6.49,0.194,6.49,0.035272727272727275,43.682
2025-10-28T22:00:00Z,119300,12.83,2025-10-28T21:52:15Z,5.993,0.194,6.465,0.194,6.465,0.035272727272727275,43.637
2025-10-28T22:15:00Z,119301,12.82,2025-10-28T22:03:30Z,5.863,0.193,6.437,0.193,6.437,0.035090909090909096,43.586600000000004
2025-10-28T22:30:00Z,119302,12.8,2025-10-28T22:23:25Z,5.822,0.193,6.426,0.193,6.426,0.035090909090909096,43.5668
2025-10-28T22:45:00Z,119303,12.81,2025-10-28T22:38:50Z,5.831,0.193,6.425,0.193,6.425,0.035090909090909096,43.565
2025-10-28T23:00:00Z,119304,12.68,2025-10-28T22:53:15Z,5.815,0.193,6.419,0.193,6.419,0.035090909090909096,43.554199999999994
2025-10-28T23:15:00Z,119305,12.8,2025-10-28T23:01:10Z,5.804,0.193,6.408,0.193,6.408,0.035090909090909096,43.534400000000005
2025-10-28T23:30:00Z,119306,12.69,2025-10-28T23:26:05Z,5.806,0.193,6.397,0.193,6.397,0.035090909090909096,43.5146
2025-10-28T23:45:00Z,119307,12.77,2025-10-28T23:33:55Z,5.785,0.193,6.395,0.193,6.395,0.035090909090909096,43.510999999999996
2025-10-29T00:15:00Z,119309,12.67,2025-10-29T00:02:20Z,5.591,0.193,6.369,0.193,6.369,0.035090909090909096,43.4642
2025-10-29T00:30:00Z,119310,12.69,2025-10-29T00:15:55Z,5.433,0.192,6.349,0.192,6.349,0.03490909090909091,43.428200000000004
2025-10-29T00:45:00Z,119311,12.76,2025-10-29T00:44:50Z,5.232,0.192,6.326,0.192,6.326,0.03490909090909091,43.3868
2025-10-29T01:00:00Z,119312,12.64,2025-10-29T00:49:55Z,4.973,0.192,6.296,0.192,6.296,0.03490909090909091,43.3328
2025-10-29T01:15:00Z,119313,12.6,2025-10-29T01:11:00Z,4.709,0.192,6.26,0.192,6.26,0.03490909090909091,43.268
2025-10-29T01:30:00Z,119314,12.73,2025-10-29T01:19:30Z,4.427,0.191,6.224,0.191,6.224,0.034727272727272725,43.2032
2025-10-29T01:45:00Z,119315,12.63,2025-10-29T01:37:40Z,4.121,0.191,6.184,0.191,6.184,0.034727272727272725,43.1312
2025-10-29T02:00:00Z,119316,12.62,2025-10-29T01:48:50Z,3.854,0.191,6.14,0.191,6.14,0.034727272727272725,43.052
2025-10-29T02:15:00Z,119317,12.72,2025-10-29T02:11:30Z,3.608,0.191,6.097,0.191,6.097,0.034727272727272725,42.9746
2025-10-29T02:30:00Z,119318,12.61,2025-10-29T02:19:00Z,3.357,0.19,6.052,0.19,6.052,0.034545454545454546,42.8936
2025-10-29T02:45:00Z,119319,12.66,2025-10-29T02:42:20Z,3.144,0.19,6.006,0.19,6.006,0.034545454545454546,42.8108
2025-10-29T03:00:00Z,119320,12.61,2025-10-29T02:47:20Z,2.996,0.19,5.961,0.19,5.961,0.034545454545454546,42.7298
2025-10-29T03:15:00Z,119321,12.61,2025-10-29T03:10:20Z,2.896,0.19,5.919,0.19,5.919,0.034545454545454546,42.6542
2025-10-29T03:30:00Z,119322,12.59,2025-10-29T03:25:05Z,2.786,0.19,5.877,0.19,5.877,0.034545454545454546,42.5786
2025-10-29T03:45:00Z,119323,12.59,2025-10-29T03:43:30Z,2.661,0.19,5.834,0.19,5.834,0.034545454545454546,42.5012
2025-10-29T04:00:00Z,119324,12.61,2025-10-29T03:57:40Z,2.565,0.189,5.792,0.189,5.792,0.03436363636363637,42.4256
2025-10-29T04:15:00Z,119325,12.63,2025-10-29T04:01:00Z,2.464,0.189,5.752,0.189,5.752,0.03436363636363637,42.3536
2025-10-29T04:30:00Z,119326,12.67,2025-10-29T04:25:55Z,2.373,0.189,5.712,0.189,5.712,0.03436363636363637,42.2816
2025-10-29T04:45:00Z,119327,12.55,2025-10-29T04:36:05Z,2.311,0.189,5.672,0.189,5.672,0.03436363636363637,42.209599999999995
2025-10-29T05:00:00Z,119328,12.53,2025-10-29T04:55:05Z,2.271,0.19,5.575,0.19,5.575,0.034545454545454546,42.035
2025-10-29T05:15:00Z,119329,12.62,2025-10-29T05:11:45Z,2.193,0.194,5.551,0.194,5.551,0.035272727272727275,41.9918
2025-10-29T05:30:00Z,119330,12.68,2025-10-29T05:19:05Z,2.007,0.193,5.526,0.193,5.526,0.035090909090909096,41.946799999999996
2025-10-29T05:45:00Z,119331,12.67,2025-10-29T05:30:10Z,1.786,0.192,5.458,0.192,5.458,0.03490909090909091,41.8244
2025-10-29T06:00:00Z,119332,12.64,2025-10-29T05:47:15Z,1.521,0.192,5.384,0.192,5.384,0.03490909090909091,41.6912
2025-10-29T06:15:00Z,119333,12.56,2025-10-29T06:14:20Z,1.252,0.191,5.318,0.191,5.318,0.034727272727272725,41.5724
2025-10-29T06:30:00Z,119334,12.62,2025-10-29T06:17:45Z,1.06,0.191,5.258,0.191,5.258,0.034727272727272725,41.4644
2025-10-29T06:45:00Z,119335,12.5,2025-10-29T06:44:40Z,0.882,0.19,5.203,0.19,5.203,0.034545454545454546,41.3654
2025-10-29T07:00:00Z,119336,12.6,2025-10-29T06:56:45Z,0.761,0.19,5.152,0.19,5.152,0.034545454545454546,41.2736
2025-10-29T07:15:00Z,119337,12.6,2025-10-29T07:08:45Z,0.695,0.19,5.102,0.19,5.102,0.034545454545454546,41.1836
2025-10-29T07:30:00Z,119338,12.47,2025-10-29T07:29:00Z,0.673,0.189,5.051,0.189,5.051,0.03436363636363637,41.0918
2025-10-29T07:45:00Z,119339,12.59,2025-10-29T07:42:50Z,0.619,0.189,5.005,0.189,5.005,0.03436363636363637,41.009
2025-10-29T08:00:00Z,119340,12.56,2025-10-29T07:58:40Z,0.61,0.189,4.966,0.189,4.966,0.03436363636363637,40.9388
2025-10-29T08:15:00Z,119341,12.49,2025-10-29T08:08:35Z,0.608,0.188,4.927,0.188,4.927,0.03418181818181818,40.8686
2025-10-29T08:30:00Z,119342,12.45,2025-10-29T08:25:30Z,0.619,0.188,4.895,0.188,4.895,0.03418181818181818,40.811
2025-10-29T08:45:00Z,119343,12.58,2025-10-29T08:30:55Z,0.746,0.188,4.874,0.188,4.874,0.03418181818181818,40.7732
2025-10-29T09:00:00Z,119344,12.5,2025-10-29T08:54:10Z,1.028,0.188,4.867,0.188,4.867,0.03418181818181818,40.7606
2025-10-29T09:15:00Z,119345,12.51,2025-10-29T09:06:40Z,1.504,0.188,4.876,0.188,4.876,0.03418181818181818,40.7768
2025-10-29T09:30:00Z,119346,12.52,2025-10-29T09:23:25Z,2.257,0.188,4.903,0.188,4.903,0.03418181818181818,40.8254
2025-10-29T09:45:00Z,119347,12.52,2025-10-29T09:38:45Z,2.925,0.189,4.95,0.189,4.95,0.03436363636363637,40.91
2025-10-29T10:00:00Z,119348,12.55,2025-10-29T09:59:05Z,3.635,0.189,5.014,0.189,5.014,0.03436363636363637,41.0252
2025-10-29T10:15:00Z,119349,12.56,2025-10-29T10:07:05Z,4.185,0.19,5.094,0.19,5.094,0.034545454545454546,41.169200000000004
2025-10-29T10:30:00Z,119350,12.64,2025-10-29T10:22:40Z,4.705,0.19,5.182,0.19,5.182,0.034545454545454546,41.327600000000004
2025-10-29T10:45:00Z,119351,12.54,2025-10-29T10:33:40Z,5.447,0.19,5.271,0.19,5.271,0.034545454545454546,41.4878
2025-10-29T11:00:00Z,119352,12.6,2025-10-29T10:47:55Z,6.25,0.19,5.352,0.19,5.352,0.034545454545454546,41.6336
2025-10-29T11:15:00Z,119353,12.72,2025-10-29T11:02:10Z,7.066,0.19,5.443,0.19,5.443,0.034545454545454546,41.797399999999996
2025-10-29T11:30:00Z,119354,12.63,2025-10-29T11:28:40Z,8.17,0.19,5.528,0.19,5.528,0.034545454545454546,41.9504
2025-10-29T11:45:00Z,119355,12.72,2025-10-29T11:33:20Z,9.15,0.19,5.611,0.19,5.611,0.034545454545454546,42.0998
2025-10-29T12:00:00Z,119356,12.78,2025-10-29T11:53:35Z,9.65,0.19,5.708,0.19,5.708,0.034545454545454546,42.2744
2025-10-29T12:15:00Z,119357,12.78,2025-10-29T12:01:45Z,10.01,0.191,5.81,0.191,5.81,0.034727272727272725,42.458
2025-10-29T12:30:00Z,119358,12.99,2025-10-29T12:28:45Z,10.67,0.191,5.928,0.191,5.928,0.034727272727272725,42.6704
2025-10-29T12:45:00Z,119359,13.15,2025-10-29T12:39:35Z,11.27,0.191,6.087,0.191,6.087,0.034727272727272725,42.9566
2025-10-29T13:00:00Z,119360,13.23,2025-10-29T12:46:50Z,11.68,0.191,6.244,0.191,6.244,0.034727272727272725,43.2392
2025-10-29T13:15:00Z,119361,13.42,2025-10-29T13:00:55Z,12.21,0.191,6.439,0.191,6.439,0.034727272727272725,43.590199999999996
2025-10-29T13:30:00Z,119362,13.62,2025-10-29T13:15:05Z,12.76,0.191,6.641,0.191,6.641,0.034727272727272725,43.9538
2025-10-29T13:45:00Z,119363,13.84,2025-10-29T13:31:15Z,13.04,0.192,6.837,0.192,6.837,0.03490909090909091,44.3066
2025-10-29T14:00:00Z,119364,13.9,2025-10-29T13:45:20Z,13.78,0.192,7.018,0.192,7.018,0.03490909090909091,44.632400000000004
2025-10-29T14:15:00Z,119365,13.88,2025-10-29T14:04:15Z,14.31,0.193,7.19,0.193,7.19,0.035090909090909096,44.942
2025-10-29T14:30:00Z,119366,13.79,2025-10-29T14:24:35Z,14.19,0.192,7.335,0.192,7.335,0.03490909090909091,45.203
2025-10-29T14:45:00Z,119367,14.27,2025-10-29T14:37:15Z,14.41,0.192,7.429,0.192,7.429,0.03490909090909091,45.3722
2025-10-29T15:00:00Z,119368,14.28,2025-10-29T14:55:10Z,15.47,0.193,7.496,0.193,7.496,0.035090909090909096,45.4928
2025-10-29T15:15:00Z,119369,14.09,2025-10-29T15:14:05Z,16.77,0.193,7.52,0.193,7.52,0.035090909090909096,45.536
2025-10-29T15:30:00Z,119370,13.78,2025-10-29T15:19:15Z,17.41,0.192,7.535,0.192,7.535,0.03490909090909091,45.563
2025-10-29T15:45:00Z,119371,13.71,2025-10-29T15:44:45Z,17.12,0.193,7.605,0.193,7.605,0.035090909090909096,45.689
2025-10-29T16:00:00Z,119372,13.55,2025-10-29T15:52:35Z,16.08,0.192,7.717,0.192,7.717,0.03490909090909091,45.8906
2025-10-29T16:15:00Z,119373,13.58,2025-10-29T16:02:30Z,15,0.192,7.824,0.192,7.824,0.03490909090909091,46.0832
2025-10-29T16:30:00Z,119374,13.74,2025-10-29T16:15:20Z,14.21,0.192,7.92,0.192,7.92,0.03490909090909091,46.256
2025-10-29T16:45:00Z,119375,13.78,2025-10-29T16:42:15Z,13.68,0.192,7.991,0.192,7.991,0.03490909090909091,46.3838
2025-10-29T17:00:00Z,119376,13.62,2025-10-29T16:55:35Z,13.34,0.191,8.05,0.191,8.05,0.034727272727272725,46.49
2025-10-29T17:15:00Z,119377,13.56,2025-10-29T17:13:55Z,13.03,0.191,8.11,0.191,8.11,0.034727272727272725,46.598
2025-10-29T17:30:00Z,119378,13.38,2025-10-29T17:26:15Z,12.7,0.191,8.14,0.191,8.14,0.034727272727272725,46.652
2025-10-29T17:45:00Z,119379,13.31,2025-10-29T17:33:20Z,12.36,0.191,8.14,0.191,8.14,0.034727272727272725,46.652
2025-10-29T18:00:00Z,119380,13.28,2025-10-29T17:58:00Z,12.06,0.191,8.13,0.191,8.13,0.034727272727272725,46.634
2025-10-29T18:15:00Z,119381,13.2,2025-10-29T18:13:30Z,11.77,0.19,8.11,0.19,8.11,0.034545454545454546,46.598
2025-10-29T18:30:00Z,119382,13.03,2025-10-29T18:19:15Z,11.49,0.19,8.08,0.19,8.08,0.034545454545454546,46.544
2025-10-29T18:45:00Z,119383,13.05,2025-10-29T18:42:50Z,11.1,0.189,8.02,0.189,8.02,0.03436363636363637,46.436
2025-10-29T19:00:00Z,119384,13.01,2025-10-29T18:52:35Z,10.72,0.189,7.95,0.189,7.95,0.03436363636363637,46.31
2025-10-29T19:15:00Z,119385,12.96,2025-10-29T19:13:30Z,10.36,0.189,7.891,0.189,7.891,0.03436363636363637,46.2038
2025-10-29T19:30:00Z,119386,12.85,2025-10-29T19:21:20Z,9.86,0.188,7.82,0.188,7.82,0.03418181818181818,46.076
2025-10-29T19:45:00Z,119387,12.81,2025-10-29T19:33:50Z,9.22,0.188,7.727,0.188,7.727,0.03418181818181818,45.9086
2025-10-29T20:00:00Z,119388,12.9,2025-10-29T19:48:05Z,8.63,0.188,7.642,0.188,7.642,0.03418181818181818,45.7556
2025-10-29T20:15:00Z,119389,12.84,2025-10-29T20:11:35Z,8.13,0.187,7.573,0.187,7.573,0.034,45.6314
2025-10-29T20:30:00Z,119390,12.82,2025-10-29T20:29:55Z,7.654,0.187,7.505,0.187,7.505,0.034,45.509
2025-10-29T20:45:00Z,119391,12.76,2025-10-29T20:39:05Z,7.128,0.187,7.413,0.187,7.413,0.034,45.3434
2025-10-29T21:00:00Z,119392,12.87,2025-10-29T20:47:15Z,6.652,0.186,7.314,0.186,7.314,0.03381818181818182,45.1652
2025-10-29T21:15:00Z,119393,12.85,2025-10-29T21:00:10Z,6.406,0.186,7.257,0.186,7.257,0.03381818181818182,45.0626
2025-10-29T21:30:00Z,119394,12.85,2025-10-29T21:21:00Z,6.473,0.186,7.253,0.186,7.253,0.03381818181818182,45.0554
2025-10-29T21:45:00Z,119395,12.82,2025-10-29T21:41:50Z,6.615,0.186,7.259,0.186,7.259,0.03381818181818182,45.0662
2025-10-29T22:00:00Z,119396,12.82,2025-10-29T21:46:30Z,6.637,0.186,7.241,0.186,7.241,0.03381818181818182,45.0338
2025-10-29T22:15:00Z,119397,12.63,2025-10-29T22:08:55Z,6.398,0.185,7.194,0.185,7.194,0.03363636363636364,44.9492
2025-10-29T22:30:00Z,119398,12.82,2025-10-29T22:28:55Z,6.088,0.185,7.137,0.185,7.137,0.03363636363636364,44.846599999999995
2025-10-29T22:45:00Z,119399,12.71,2025-10-29T22:32:00Z,5.717,0.185,7.067,0.185,7.067,0.03363636363636364,44.720600000000005
2025-10-29T23:00:00Z,119400,12.71,2025-10-29T22:48:00Z,5.24,0.185,6.979,0.185,6.979,0.03363636363636364,44.562200000000004
2025-10-29T23:15:00Z,119401,12.79,2025-10-29T23:02:00Z,4.862,0.184,6.891,0.184,6.891,0.03345454545454545,44.403800000000004
2025-10-29T23:30:00Z,119402,12.76,2025-10-29T23:23:35Z,4.696,0.184,6.813,0.184,6.813,0.03345454545454545,44.263400000000004
2025-10-29T23:45:00Z,119403,12.79,2025-10-29T23:34:15Z,4.895,0.184,6.765,0.184,6.765,0.03345454545454545,44.177
2025-10-30T00:15:00Z,119405,12.74,2025-10-30T00:05:00Z,5.222,0.184,6.677,0.184,6.677,0.03345454545454545,44.0186
2025-10-30T00:30:00Z,119406,12.74,2025-10-30T00:28:05Z,5.276,0.184,6.63,0.184,6.63,0.03345454545454545,43.934
2025-10-30T00:45:00Z,119407,12.71,2025-10-30T00:35:30Z,5.32,0.184,6.585,0.184,6.585,0.03345454545454545,43.853
2025-10-30T01:00:00Z,119408,12.76,2025-10-30T00:46:50Z,5.391,0.183,6.548,0.183,6.548,0.03327272727272727,43.7864
2025-10-30T01:15:00Z,119409,12.74,2025-10-30T01:10:00Z,5.387,0.183,6.508,0.183,6.508,0.03327272727272727,43.7144
2025-10-30T01:30:00Z,119410,12.76,2025-10-30T01:20:00Z,5.352,0.183,6.475,0.183,6.475,0.03327272727272727,43.655
2025-10-30T01:45:00Z,119411,12.66,2025-10-30T01:42:15Z,5.354,0.183,6.446,0.183,6.446,0.03327272727272727,43.6028
2025-10-30T02:00:00Z,119412,12.73,2025-10-30T01:58:40Z,5.376,0.183,6.424,0.183,6.424,0.03327272727272727,43.5632
2025-10-30T02:15:00Z,119413,12.62,2025-10-30T02:03:20Z,5.479,0.183,6.423,0.183,6.423,0.03327272727272727,43.5614
2025-10-30T02:30:00Z,119414,12.62,2025-10-30T02:21:20Z,5.649,0.183,6.444,0.183,6.444,0.03327272727272727,43.599199999999996
2025-10-30T02:45:00Z,119415,12.64,2025-10-30T02:32:55Z,5.828,0.184,6.471,0.184,6.471,0.03345454545454545,43.647800000000004
2025-10-30T03:00:00Z,119416,12.73,2025-10-30T02:51:00Z,5.973,0.184,6.503,0.184,6.503,0.03345454545454545,43.7054
2025-10-30T03:15:00Z,119417,12.72,2025-10-30T03:04:15Z,6.126,0.184,6.541,0.184,6.541,0.03345454545454545,43.7738
2025-10-30T03:30:00Z,119418,12.7,2025-10-30T03:27:45Z,6.299,0.184,6.581,0.184,6.581,0.03345454545454545,43.8458
2025-10-30T03:45:00Z,119419,12.61,2025-10-30T03:34:15Z,6.435,0.184,6.617,0.184,6.617,0.03345454545454545,43.9106
2025-10-30T04:00:00Z,119420,12.6,2025-10-30T03:53:35Z,6.536,0.184,6.647,0.184,6.647,0.03345454545454545,43.964600000000004
2025-10-30T04:15:00Z,119421,12.71,2025-10-30T04:07:45Z,6.494,0.184,6.668,0.184,6.668,0.03345454545454545,44.0024
2025-10-30T04:30:00Z,119422,12.56,2025-10-30T04:15:45Z,6.36,0.184,6.687,0.184,6.687,0.03345454545454545,44.0366
2025-10-30T04:45:00Z,119423,12.58,2025-10-30T04:43:35Z,6.183,0.184,6.712,0.184,6.712,0.03345454545454545,44.0816
2025-10-30T05:00:00Z,119424,12.68,2025-10-30T04:54:00Z,6.009,0.185,6.723,0.185,6.723,0.03363636363636364,44.1014
2025-10-30T05:15:00Z,119425,12.59,2025-10-30T05:07:35Z,5.837,0.185,6.726,0.185,6.726,0.03363636363636364,44.1068
2025-10-30T05:30:00Z,119426,12.67,2025-10-30T05:15:25Z,5.673,0.185,6.721,0.185,6.721,0.03363636363636364,44.0978
2025-10-30T05:45:00Z,119427,12.66,2025-10-30T05:43:35Z,5.539,0.185,6.709,0.185,6.709,0.03363636363636364,44.0762
2025-10-30T06:00:00Z,119428,12.64,2025-10-30T05:49:50Z,5.411,0.184,6.691,0.184,6.691,0.03345454545454545,44.043800000000005
2025-10-30T06:15:00Z,119429,12.64,2025-10-30T06:01:15Z,5.305,0.184,6.679,0.184,6.679,0.03345454545454545,44.0222
2025-10-30T06:30:00Z,119430,12.63,2025-10-30T06:23:25Z,5.237,0.184,6.676,0.184,6.676,0.03345454545454545,44.0168
2025-10-30T06:45:00Z,119431,12.52,2025-10-30T06:35:00Z,5.186,0.183,6.67,0.183,6.67,0.03327272727272727,44.006
2025-10-30T07:00:00Z,119432,12.62,2025-10-30T06:55:40Z,5.149,0.183,6.667,0.183,6.667,0.03327272727272727,44.0006
2025-10-30T07:15:00Z,119433,12.51,2025-10-30T07:10:30Z,5.111,0.183,6.659,0.183,6.659,0.03327272727272727,43.9862
2025-10-30T07:30:00Z,119434,12.62,2025-10-30T07:19:05Z,5.049,0.183,6.641,0.183,6.641,0.03327272727272727,43.9538
2025-10-30T07:45:00Z,119435,12.61,2025-10-30T07:38:40Z,5.013,0.183,6.631,0.183,6.631,0.03327272727272727,43.9358
2025-10-30T08:00:00Z,119436,12.58,2025-10-30T07:54:45Z,5.011,0.183,6.627,0.183,6.627,0.03327272727272727,43.9286
2025-10-30T08:15:00Z,119437,12.6,2025-10-30T08:11:45Z,5.038,0.183,6.623,0.183,6.623,0.03327272727272727,43.9214
2025-10-30T08:30:00Z,119438,12.52,2025-10-30T08:28:30Z,5.093,0.182,6.627,0.182,6.627,0.033090909090909094,43.9286
2025-10-30T08:45:00Z,119439,12.58,2025-10-30T08:37:20Z,5.182,0.182,6.638,0.182,6.638,0.033090909090909094,43.9484
2025-10-30T09:00:00Z,119440,12.56,2025-10-30T08:52:10Z,5.296,0.183,6.656,0.183,6.656,0.03327272727272727,43.9808
2025-10-30T09:15:00Z,119441,12.57,2025-10-30T09:03:55Z,5.411,0.182,6.677,0.182,6.677,0.033090909090909094,44.0186
2025-10-30T09:30:00Z,119442,12.6,2025-10-30T09:26:00Z,5.532,0.182,6.699,0.182,6.699,0.033090909090909094,44.0582
2025-10-30T09:45:00Z,119443,12.52,2025-10-30T09:36:55Z,5.679,0.183,6.741,0.183,6.741,0.03327272727272727,44.1338
2025-10-30T10:00:00Z,119444,12.65,2025-10-30T09:49:10Z,5.839,0.183,6.785,0.183,6.785,0.03327272727272727,44.213
2025-10-30T10:15:00Z,119445,12.62,2025-10-30T10:14:40Z,6.027,0.183,6.848,0.183,6.848,0.03327272727272727,44.3264
2025-10-30T10:30:00Z,119446,12.62,2025-10-30T10:23:15Z,6.191,0.183,6.914,0.183,6.914,0.03327272727272727,44.4452
2025-10-30T10:45:00Z,119447,12.76,2025-10-30T10:35:25Z,6.345,0.183,6.98,0.183,6.98,0.03327272727272727,44.564
2025-10-30T11:00:00Z,119448,12.82,2025-10-30T10:46:20Z,6.609,0.183,7.068,0.183,7.068,0.03327272727272727,44.7224
2025-10-30T11:15:00Z,119449,12.92,2025-10-30T11:02:25Z,6.95,0.183,7.177,0.183,7.177,0.03327272727272727,44.9186
2025-10-30T11:30:00Z,119450,12.95,2025-10-30T11:16:20Z,7.322,0.183,7.287,0.183,7.287,0.03327272727272727,45.1166
2025-10-30T11:45:00Z,119451,12.94,2025-10-30T11:31:20Z,7.654,0.183,7.391,0.183,7.391,0.03327272727272727,45.3038
2025-10-30T12:00:00Z,119452,13.15,2025-10-30T11:45:05Z,7.926,0.183,7.488,0.183,7.488,0.03327272727272727,45.4784
2025-10-30T12:15:00Z,119453,13.25,2025-10-30T12:08:00Z,8.25,0.183,7.593,0.183,7.593,0.03327272727272727,45.6674
2025-10-30T12:30:00Z,119454,13.4,2025-10-30T12:16:00Z,8.69,0.183,7.689,0.183,7.689,0.03327272727272727,45.840199999999996
2025-10-30T12:45:00Z,119455,13.49,2025-10-30T12:45:00Z,9.09,0.183,7.764,0.183,7.764,0.03327272727272727,45.9752
2025-10-30T13:00:00Z,119456,13.53,2025-10-30T12:48:55Z,9.48,0.183,7.839,0.183,7.839,0.03327272727272727,46.1102
2025-10-30T13:15:00Z,119457,13.65,2025-10-30T13:01:30Z,10,0.183,7.928,0.183,7.928,0.03327272727272727,46.2704
2025-10-30T13:30:00Z,119458,13.85,2025-10-30T13:17:30Z,10.66,0.183,8.04,0.183,8.04,0.03327272727272727,46.471999999999994
2025-10-30T13:45:00Z,119459,13.99,2025-10-30T13:35:20Z,11.29,0.184,8.16,0.184,8.16,0.03345454545454545,46.688
2025-10-30T14:00:00Z,119460,14.34,2025-10-30T13:51:55Z,12.01,0.184,8.24,0.184,8.24,0.03345454545454545,46.832
2025-10-30T14:15:00Z,119461,14.35,2025-10-30T14:13:45Z,12.51,0.184,8.34,0.184,8.34,0.03345454545454545,47.012
2025-10-30T14:30:00Z,119462,14.26,2025-10-30T14:17:50Z,12.69,0.184,8.44,0.184,8.44,0.03345454545454545,47.192
2025-10-30T14:45:00Z,119463,14.36,2025-10-30T14:42:55Z,12.85,0.184,8.48,0.184,8.48,0.03345454545454545,47.264
2025-10-30T15:00:00Z,119464,14.34,2025-10-30T14:54:10Z,13.18,0.184,8.51,0.184,8.51,0.03345454545454545,47.318
2025-10-30T15:15:00Z,119465,14.18,2025-10-30T15:02:50Z,13.74,0.184,8.52,0.184,8.52,0.03345454545454545,47.336
2025-10-30T15:30:00Z,119466,14.32,2025-10-30T15:25:30Z,14.43,0.184,8.51,0.184,8.51,0.03345454545454545,47.318
2025-10-30T15:45:00Z,119467,14.33,2025-10-30T15:37:50Z,14.36,0.183,8.5,0.183,8.5,0.03327272727272727,47.3
2025-10-30T16:00:00Z,119468,13.79,2025-10-30T15:56:15Z,14.18,0.183,8.52,0.183,8.52,0.03327272727272727,47.336
2025-10-30T16:15:00Z,119469,13.95,2025-10-30T16:11:45Z,13.72,0.183,8.56,0.183,8.56,0.03327272727272727,47.408
2025-10-30T16:30:00Z,119470,13.96,2025-10-30T16:24:35Z,13.3,0.183,8.61,0.183,8.61,0.03327272727272727,47.498
2025-10-30T16:45:00Z,119471,13.93,2025-10-30T16:31:05Z,12.87,0.183,8.63,0.183,8.63,0.03327272727272727,47.534
2025-10-30T17:00:00Z,119472,13.91,2025-10-30T16:57:00Z,12.53,0.182,8.63,0.182,8.63,0.033090909090909094,47.534
2025-10-30T17:15:00Z,119473,13.57,2025-10-30T17:14:50Z,12.78,0.183,8.62,0.183,8.62,0.03327272727272727,47.516
2025-10-30T17:30:00Z,119474,13.51,2025-10-30T17:16:35Z,12.67,0.182,8.54,0.182,8.54,0.033090909090909094,47.372
2025-10-30T17:45:00Z,119475,13.45,2025-10-30T17:35:00Z,12.06,0.181,8.46,0.181,8.46,0.03290909090909091,47.228
2025-10-30T18:00:00Z,119476,13.35,2025-10-30T17:57:30Z,11.55,0.181,8.37,0.181,8.37,0.03290909090909091,47.066
2025-10-30T18:15:00Z,119477,13.25,2025-10-30T18:15:00Z,11.11,0.18,8.3,0.18,8.3,0.03272727272727272,46.94
2025-10-30T18:30:00Z,119478,13.2,2025-10-30T18:28:40Z,10.85,0.18,8.25,0.18,8.25,0.03272727272727272,46.85
2025-10-30T18:45:00Z,119479,13.09,2025-10-30T18:44:40Z,10.37,0.18,8.15,0.18,8.15,0.03272727272727272,46.67
2025-10-30T19:00:00Z,119480,13.03,2025-10-30T18:57:55Z,9.67,0.179,8.02,0.179,8.02,0.032545454545454544,46.436
2025-10-30T19:15:00Z,119481,13.03,2025-10-30T19:10:55Z,8.88,0.179,7.886,0.179,7.886,0.032545454545454544,46.1948
2025-10-30T19:30:00Z,119482,12.97,2025-10-30T19:16:30Z,8.09,0.178,7.771,0.178,7.771,0.032363636363636365,45.9878
2025-10-30T19:45:00Z,119483,12.95,2025-10-30T19:43:55Z,7.529,0.178,7.703,0.178,7.703,0.032363636363636365,45.8654
2025-10-30T20:00:00Z,119484,12.95,2025-10-30T19:54:00Z,6.966,0.177,7.62,0.177,7.62,0.03218181818181818,45.716
2025-10-30T20:15:00Z,119485,12.92,2025-10-30T20:07:20Z,6.258,0.177,7.511,0.177,7.511,0.03218181818181818,45.519800000000004
2025-10-30T20:30:00Z,119486,12.9,2025-10-30T20:29:25Z,5.545,0.177,7.397,0.177,7.397,0.03218181818181818,45.3146
2025-10-30T20:45:00Z,119487,12.73,2025-10-30T20:39:00Z,4.903,0.176,7.285,0.176,7.285,0.032,45.113
2025-10-30T21:00:00Z,119488,12.73,2025-10-30T20:48:45Z,4.354,0.175,7.165,0.175,7.165,0.031818181818181815,44.897
2025-10-30T21:15:00Z,119489,12.86,2025-10-30T21:13:30Z,4.241,0.175,7.058,0.175,7.058,0.031818181818181815,44.7044
2025-10-30T21:30:00Z,119490,12.86,2025-10-30T21:24:20Z,4.534,0.175,6.997,0.175,6.997,0.031818181818181815,44.5946
2025-10-30T21:45:00Z,119491,12.75,2025-10-30T21:41:05Z,4.833,0.175,6.953,0.175,6.953,0.031818181818181815,44.5154
2025-10-30T22:00:00Z,119492,12.83,2025-10-30T21:45:05Z,5.072,0.175,6.911,0.175,6.911,0.031818181818181815,44.4398
2025-10-30T22:15:00Z,119493,12.84,2025-10-30T22:02:10Z,5.262,0.175,6.876,0.175,6.876,0.031818181818181815,44.3768
2025-10-30T22:30:00Z,119494,12.74,2025-10-30T22:26:30Z,5.316,0.174,6.836,0.174,6.836,0.031636363636363636,44.3048
2025-10-30T22:45:00Z,119495,12.8,2025-10-30T22:37:55Z,5.25,0.174,6.787,0.174,6.787,0.031636363636363636,44.2166
2025-10-30T23:00:00Z,119496,12.82,2025-10-30T22:50:10Z,5.188,0.174,6.744,0.174,6.744,0.031636363636363636,44.1392
2025-10-30T23:15:00Z,119497,12.81,2025-10-30T23:00:15Z,5.141,0.174,6.705,0.174,6.705,0.031636363636363636,44.069
2025-10-30T23:30:00Z,119498,12.81,2025-10-30T23:20:40Z,5.029,0.173,6.662,0.173,6.662,0.03145454545454545,43.9916
2025-10-30T23:45:00Z,119499,12.79,2025-10-30T23:32:05Z,4.84,0.173,6.591,0.173,6.591,0.03145454545454545,43.8638
2025-10-31T00:15:00Z,119501,12.71,2025-10-31T00:09:50Z,4.837,0.173,6.494,0.173,6.494,0.03145454545454545,43.6892
2025-10-31T00:30:00Z,119502,12.77,2025-10-31T00:27:55Z,4.899,0.173,6.478,0.173,6.478,0.03145454545454545,43.660399999999996
2025-10-31T00:45:00Z,119503,12.63,2025-10-31T00:37:40Z,4.892,0.173,6.409,0.173,6.409,0.03145454545454545,43.5362
2025-10-31T01:00:00Z,119504,12.65,2025-10-31T00:52:10Z,4.821,0.172,6.348,0.172,6.348,0.03127272727272727,43.4264
2025-10-31T01:15:00Z,119505,12.66,2025-10-31T01:07:40Z,4.703,0.172,6.324,0.172,6.324,0.03127272727272727,43.3832
2025-10-31T01:30:00Z,119506,12.7,2025-10-31T01:15:35Z,4.543,0.172,6.285,0.172,6.285,0.03127272727272727,43.313
2025-10-31T01:45:00Z,119507,12.66,2025-10-31T01:41:50Z,4.336,0.171,6.235,0.171,6.235,0.031090909090909093,43.223
2025-10-31T02:00:00Z,119508,12.63,2025-10-31T01:53:15Z,4.158,0.171,6.182,0.171,6.182,0.031090909090909093,43.1276
2025-10-31T02:15:00Z,119509,12.73,2025-10-31T02:09:45Z,3.976,0.171,6.148,0.171,6.148,0.031090909090909093,43.0664
2025-10-31T02:30:00Z,119510,12.61,2025-10-31T02:18:45Z,3.812,0.171,6.109,0.171,6.109,0.031090909090909093,42.9962
2025-10-31T02:45:00Z,119511,12.65,2025-10-31T02:37:15Z,3.677,0.171,6.061,0.171,6.061,0.031090909090909093,42.909800000000004
2025-10-31T03:00:00Z,119512,12.58,2025-10-31T02:47:15Z,3.574,0.17,6.014,0.17,6.014,0.030909090909090914,42.8252
2025-10-31T03:15:00Z,119513,12.71,2025-10-31T03:10:00Z,3.549,0.17,5.972,0.17,5.972,0.030909090909090914,42.7496
2025-10-31T03:30:00Z,119514,12.6,2025-10-31T03:24:30Z,3.554,0.17,5.89,0.17,5.89,0.030909090909090914,42.602000000000004
2025-10-31T03:45:00Z,119515,12.62,2025-10-31T03:33:35Z,3.476,0.17,5.83,0.17,5.83,0.030909090909090914,42.494
2025-10-31T04:00:00Z,119516,12.71,2025-10-31T03:49:40Z,3.374,0.169,5.809,0.169,5.809,0.030727272727272728,42.456199999999995
2025-10-31T04:15:00Z,119517,12.6,2025-10-31T04:14:50Z,3.266,0.169,5.757,0.169,5.757,0.030727272727272728,42.3626
2025-10-31T04:30:00Z,119518,12.7,2025-10-31T04:24:50Z,3.075,0.169,5.686,0.169,5.686,0.030727272727272728,42.2348
2025-10-31T04:45:00Z,119519,12.69,2025-10-31T04:41:40Z,2.832,0.168,5.607,0.168,5.607,0.030545454545454546,42.092600000000004
2025-10-31T05:00:00Z,119520,12.61,2025-10-31T04:55:15Z,2.649,0.168,5.535,0.168,5.535,0.030545454545454546,41.963
2025-10-31T05:15:00Z,119521,12.69,2025-10-31T05:09:30Z,2.506,0.168,5.468,0.168,5.468,0.030545454545454546,41.8424
2025-10-31T05:30:00Z,119522,12.61,2025-10-31T05:24:00Z,2.416,0.168,5.411,0.168,5.411,0.030545454545454546,41.7398
2025-10-31T05:45:00Z,119523,12.6,2025-10-31T05:38:10Z,2.296,0.167,5.352,0.167,5.352,0.030363636363636367,41.6336
2025-10-31T06:00:00Z,119524,12.69,2025-10-31T05:58:35Z,2.101,0.167,5.291,0.167,5.291,0.030363636363636367,41.5238
2025-10-31T06:15:00Z,119525,12.57,2025-10-31T06:14:00Z,1.848,0.167,5.236,0.167,5.236,0.030363636363636367,41.4248
2025-10-31T06:30:00Z,119526,12.59,2025-10-31T06:24:55Z,1.599,0.166,5.164,0.166,5.164,0.030181818181818185,41.2952
2025-10-31T06:45:00Z,119527,12.68,2025-10-31T06:30:10Z,1.471,0.166,5.189,0.166,5.189,0.030181818181818185,41.340199999999996
2025-10-31T07:00:00Z,119528,12.66,2025-10-31T06:58:55Z,1.548,0.167,5.241,0.167,5.241,0.030363636363636367,41.4338
2025-10-31T07:15:00Z,119529,12.54,2025-10-31T07:07:40Z,1.807,0.167,5.301,0.167,5.301,0.030363636363636367,41.5418
2025-10-31T07:30:00Z,119530,12.57,2025-10-31T07:25:55Z,2.243,0.167,5.389,0.167,5.389,0.030363636363636367,41.7002
2025-10-31T07:45:00Z,119531,12.56,2025-10-31T07:36:20Z,2.687,0.167,5.48,0.167,5.48,0.030363636363636367,41.864000000000004
2025-10-31T08:00:00Z,119532,12.53,2025-10-31T07:47:00Z,3.011,0.167,5.553,0.167,5.553,0.030363636363636367,41.995400000000004
2025-10-31T08:15:00Z,119533,12.62,2025-10-31T08:08:40Z,3.295,0.167,5.618,0.167,5.618,0.030363636363636367,42.1124
2025-10-31T08:30:00Z,119534,12.55,2025-10-31T08:20:20Z,3.498,0.167,5.664,0.167,5.664,0.030363636363636367,42.1952
2025-10-31T08:45:00Z,119535,12.64,2025-10-31T08:30:50Z,3.585,0.167,5.683,0.167,5.683,0.030363636363636367,42.2294
2025-10-31T09:00:00Z,119536,12.6,2025-10-31T08:57:05Z,3.698,0.167,5.702,0.167,5.702,0.030363636363636367,42.2636
2025-10-31T09:15:00Z,119537,12.67,2025-10-31T09:08:35Z,3.868,0.167,5.736,0.167,5.736,0.030363636363636367,42.324799999999996
2025-10-31T09:30:00Z,119538,12.61,2025-10-31T09:25:00Z,4.059,0.166,5.763,0.166,5.763,0.030181818181818185,42.373400000000004
2025-10-31T09:45:00Z,119539,12.62,2025-10-31T09:36:55Z,4.323,0.166,5.797,0.166,5.797,0.030181818181818185,42.4346
2025-10-31T10:00:00Z,119540,12.79,2025-10-31T09:46:20Z,4.784,0.166,5.882,0.166,5.882,0.030181818181818185,42.587599999999995
2025-10-31T10:15:00Z,119541,12.86,2025-10-31T10:08:40Z,5.314,0.166,5.996,0.166,5.996,0.030181818181818185,42.7928
2025-10-31T10:30:00Z,119542,12.78,2025-10-31T10:25:00Z,5.776,0.167,6.105,0.167,6.105,0.030363636363636367,42.989000000000004
2025-10-31T10:45:00Z,119543,12.83,2025-10-31T10:43:40Z,6.156,0.167,6.218,0.167,6.218,0.030363636363636367,43.1924
2025-10-31T11:00:00Z,119544,12.94,2025-10-31T10:49:00Z,6.453,0.167,6.294,0.167,6.294,0.030363636363636367,43.3292
2025-10-31T11:15:00Z,119545,12.94,2025-10-31T11:01:10Z,6.818,0.166,6.331,0.166,6.331,0.030181818181818185,43.3958
2025-10-31T11:30:00Z,119546,13.09,2025-10-31T11:20:00Z,7.723,0.166,6.44,0.166,6.44,0.030181818181818185,43.592
2025-10-31T11:45:00Z,119547,13.3,2025-10-31T11:30:55Z,8.86,0.167,6.68,0.167,6.68,0.030363636363636367,44.024
2025-10-31T12:00:00Z,119548,13.25,2025-10-31T11:52:40Z,9.37,0.167,6.891,0.167,6.891,0.030363636363636367,44.403800000000004
2025-10-31T12:15:00Z,119549,13.21,2025-10-31T12:09:30Z,9.44,0.167,7.024,0.167,7.024,0.030363636363636367,44.6432
2025-10-31T12:30:00Z,119550,13.48,2025-10-31T12:16:55Z,9.62,0.167,7.202,0.167,7.202,0.030363636363636367,44.9636
2025-10-31T12:45:00Z,119551,13.44,2025-10-31T12:42:15Z,9.87,0.168,7.38,0.168,7.38,0.030545454545454546,45.284
2025-10-31T13:00:00Z,119552,13.46,2025-10-31T12:45:35Z,9.99,0.167,7.486,0.167,7.486,0.030363636363636367,45.4748
2025-10-31T13:15:00Z,119553,13.77,2025-10-31T13:10:15Z,10.56,0.167,7.684,0.167,7.684,0.030363636363636367,45.8312
2025-10-31T13:30:00Z,119554,13.62,2025-10-31T13:29:15Z,11.34,0.169,7.834,0.169,7.834,0.030727272727272728,46.1012
2025-10-31T13:45:00Z,119555,13.54,2025-10-31T13:41:50Z,11.32,0.168,7.876,0.168,7.876,0.030545454545454546,46.1768
2025-10-31T14:00:00Z,119556,13.57,2025-10-31T13:48:15Z,11.04,0.168,7.915,0.168,7.915,0.030545454545454546,46.247
2025-10-31T14:15:00Z,119557,13.39,2025-10-31T14:10:30Z,11.05,0.169,8.01,0.169,8.01,0.030727272727272728,46.418
2025-10-31T14:30:00Z,119558,13.57,2025-10-31T14:15:15Z,10.93,0.168,8.05,0.168,8.05,0.030545454545454546,46.49
2025-10-31T14:45:00Z,119559,13.51,2025-10-31T14:37:50Z,10.83,0.168,8.11,0.168,8.11,0.030545454545454546,46.598
2025-10-31T15:00:00Z,119560,13.56,2025-10-31T14:46:20Z,10.77,0.167,8.16,0.167,8.16,0.030363636363636367,46.688
2025-10-31T15:15:00Z,119561,13.7,2025-10-31T15:14:45Z,10.86,0.168,8.23,0.168,8.23,0.030545454545454546,46.814
2025-10-31T15:30:00Z,119562,13.6,2025-10-31T15:29:55Z,10.86,0.168,8.26,0.168,8.26,0.030545454545454546,46.868
2025-10-31T15:45:00Z,119563,13.54,2025-10-31T15:33:55Z,10.84,0.167,8.28,0.167,8.28,0.030363636363636367,46.903999999999996
2025-10-31T16:00:00Z,119564,13.66,2025-10-31T15:46:05Z,10.89,0.167,8.32,0.167,8.32,0.030363636363636367,46.976
2025-10-31T16:15:00Z,119565,13.55,2025-10-31T16:08:05Z,11.05,0.167,8.38,0.167,8.38,0.030363636363636367,47.084
2025-10-31T16:30:00Z,119566,13.48,2025-10-31T16:15:15Z,11.1,0.167,8.41,0.167,8.41,0.030363636363636367,47.138
2025-10-31T16:45:00Z,119567,13.34,2025-10-31T16:36:15Z,11.01,0.167,8.4,0.167,8.4,0.030363636363636367,47.120000000000005
2025-10-31T17:00:00Z,119568,13.29,2025-10-31T16:45:05Z,10.8,0.166,8.34,0.166,8.34,0.030181818181818185,47.012
2025-10-31T17:15:00Z,119569,13.37,2025-10-31T17:08:10Z,10.49,0.165,8.23,0.165,8.23,0.03,46.814
2025-10-31T17:30:00Z,119570,13.41,2025-10-31T17:28:10Z,10.23,0.165,8.15,0.165,8.15,0.03,46.67
2025-10-31T17:45:00Z,119571,13.31,2025-10-31T17:40:45Z,10.03,0.165,8.12,0.165,8.12,0.03,46.616
2025-10-31T18:00:00Z,119572,13.2,2025-10-31T17:52:40Z,9.72,0.164,8.05,0.164,8.05,0.02981818181818182,46.49
2025-10-31T18:15:00Z,119573,13.16,2025-10-31T18:11:10Z,9.49,0.164,7.983,0.164,7.983,0.02981818181818182,46.3694
2025-10-31T18:30:00Z,119574,13.09,2025-10-31T18:28:40Z,9.43,0.164,7.934,0.164,7.934,0.02981818181818182,46.2812
2025-10-31T18:45:00Z,119575,13.01,2025-10-31T18:44:45Z,9.37,0.163,7.861,0.163,7.861,0.029636363636363638,46.1498
2025-10-31T19:00:00Z,119576,12.89,2025-10-31T18:53:55Z,9.32,0.163,7.81,0.163,7.81,0.029636363636363638,46.058
2025-10-31T19:15:00Z,119577,12.92,2025-10-31T19:10:50Z,9.27,0.162,7.771,0.162,7.771,0.029454545454545455,45.9878
2025-10-31T19:30:00Z,119578,12.92,2025-10-31T19:27:50Z,9.15,0.162,7.728,0.162,7.728,0.029454545454545455,45.910399999999996
2025-10-31T19:45:00Z,119579,12.89,2025-10-31T19:36:00Z,8.84,0.162,7.645,0.162,7.645,0.029454545454545455,45.760999999999996
2025-10-31T20:00:00Z,119580,12.89,2025-10-31T19:49:00Z,8.41,0.161,7.554,0.161,7.554,0.029272727272727273,45.5972
2025-10-31T20:15:00Z,119581,12.81,2025-10-31T20:11:30Z,8.04,0.161,7.482,0.161,7.482,0.029272727272727273,45.467600000000004
2025-10-31T20:30:00Z,119582,12.87,2025-10-31T20:22:30Z,7.494,0.16,7.368,0.16,7.368,0.02909090909090909,45.2624
2025-10-31T20:45:00Z,119583,12.85,2025-10-31T20:30:40Z,6.882,0.16,7.245,0.16,7.245,0.02909090909090909,45.041
2025-10-31T21:00:00Z,119584,12.78,2025-10-31T20:46:15Z,6.246,0.159,7.118,0.159,7.118,0.028909090909090912,44.8124
2025-10-31T21:15:00Z,119585,12.83,2025-10-31T21:14:55Z,5.652,0.159,6.993,0.159,6.993,0.028909090909090912,44.5874
2025-10-31T21:30:00Z,119586,12.84,2025-10-31T21:25:50Z,5.122,0.158,6.893,0.158,6.893,0.028727272727272726,44.407399999999996
2025-10-31T21:45:00Z,119587,12.84,2025-10-31T21:32:45Z,4.622,0.158,6.808,0.158,6.808,0.028727272727272726,44.254400000000004
2025-10-31T22:00:00Z,119588,12.66,2025-10-31T21:58:10Z,4.143,0.158,6.715,0.158,6.715,0.028727272727272726,44.087
2025-10-31T22:15:00Z,119589,12.7,2025-10-31T22:02:50Z,3.731,0.157,6.637,0.157,6.637,0.028545454545454544,43.946600000000004
2025-10-31T22:30:00Z,119590,12.66,2025-10-31T22:23:15Z,3.418,0.157,6.58,0.157,6.58,0.028545454545454544,43.844
2025-10-31T22:45:00Z,119591,12.7,2025-10-31T22:31:15Z,3.176,0.157,6.523,0.157,6.523,0.028545454545454544,43.7414
2025-10-31T23:00:00Z,119592,12.69,2025-10-31T22:50:50Z,2.947,0.156,6.463,0.156,6.463,0.028363636363636365,43.6334
2025-10-31T23:15:00Z,119593,12.79,2025-10-31T23:04:00Z,2.647,0.156,6.374,0.156,6.374,0.028363636363636365,43.4732
2025-10-31T23:30:00Z,119594,12.78,2025-10-31T23:15:50Z,2.372,0.155,6.298,0.155,6.298,0.028181818181818183,43.3364
2025-10-31T23:45:00Z,119595,12.75,2025-10-31T23:34:15Z,2.316,0.155,6.28,0.155,6.28,0.028181818181818183,43.304
2025-11-01T00:15:00Z,119597,12.75,2025-11-01T00:14:15Z,2.356,0.155,6.251,0.155,6.251,0.028181818181818183,43.2518
2025-11-01T00:30:00Z,119598,12.64,2025-11-01T00:21:30Z,2.36,0.155,6.211,0.155,6.211,0.028181818181818183,43.1798
2025-11-01T00:45:00Z,119599,12.75,2025-11-01T00:38:35Z,2.408,0.154,6.188,0.154,6.188,0.027999999999999997,43.138400000000004
2025-11-01T01:00:00Z,119600,12.64,2025-11-01T00:48:10Z,2.489,0.154,6.187,0.154,6.187,0.027999999999999997,43.1366
2025-11-01T01:15:00Z,119601,12.73,2025-11-01T01:04:20Z,2.648,0.154,6.201,0.154,6.201,0.027999999999999997,43.1618
2025-11-01T01:30:00Z,119602,12.64,2025-11-01T01:23:15Z,2.816,0.155,6.22,0.155,6.22,0.028181818181818183,43.196
2025-11-01T01:45:00Z,119603,12.72,2025-11-01T01:42:15Z,3.004,0.155,6.245,0.155,6.245,0.028181818181818183,43.241
2025-11-01T02:00:00Z,119604,12.6,2025-11-01T01:50:45Z,3.198,0.155,6.273,0.155,6.273,0.028181818181818183,43.291399999999996
2025-11-01T02:15:00Z,119605,12.57,2025-11-01T02:06:00Z,3.444,0.155,6.311,0.155,6.311,0.028181818181818183,43.3598
2025-11-01T02:30:00Z,119606,12.7,2025-11-01T02:21:45Z,3.726,0.155,6.361,0.155,6.361,0.028181818181818183,43.449799999999996
2025-11-01T02:45:00Z,119607,12.56,2025-11-01T02:43:15Z,3.973,0.155,6.402,0.155,6.402,0.028181818181818183,43.5236
2025-11-01T03:00:00Z,119608,12.67,2025-11-01T02:46:25Z,4.186,0.155,6.443,0.155,6.443,0.028181818181818183,43.5974
2025-11-01T03:15:00Z,119609,12.65,2025-11-01T03:13:40Z,4.35,0.155,6.476,0.155,6.476,0.028181818181818183,43.656800000000004
2025-11-01T03:30:00Z,119610,12.64,2025-11-01T03:28:45Z,4.469,0.155,6.5,0.155,6.5,0.028181818181818183,43.7
2025-11-01T03:45:00Z,119611,12.66,2025-11-01T03:44:55Z,4.493,0.155,6.498,0.155,6.498,0.028181818181818183,43.6964
2025-11-01T04:00:00Z,119612,12.55,2025-11-01T03:55:45Z,4.467,0.155,6.497,0.155,6.497,0.028181818181818183,43.6946
2025-11-01T04:15:00Z,119613,12.63,2025-11-01T04:03:35Z,4.234,0.154,6.426,0.154,6.426,0.027999999999999997,43.5668
2025-11-01T04:30:00Z,119614,12.55,2025-11-01T04:22:25Z,3.734,0.154,6.293,0.154,6.293,0.027999999999999997,43.3274
2025-11-01T04:45:00Z,119615,12.63,2025-11-01T04:42:40Z,3.186,0.153,6.162,0.153,6.162,0.02781818181818182,43.0916
2025-11-01T05:00:00Z,119616,12.62,2025-11-01T04:51:40Z,2.626,0.153,6.038,0.153,6.038,0.02781818181818182,42.8684
2025-11-01T05:15:00Z,119617,12.62,2025-11-01T05:02:15Z,2.085,0.152,5.916,0.152,5.916,0.027636363636363636,42.6488
2025-11-01T05:30:00Z,119618,12.64,2025-11-01T05:25:55Z,1.609,0.152,5.799,0.152,5.799,0.027636363636363636,42.4382
2025-11-01T05:45:00Z,119619,12.61,2025-11-01T05:35:25Z,1.162,0.151,5.685,0.151,5.685,0.027454545454545454,42.233000000000004
2025-11-01T06:00:00Z,119620,12.62,2025-11-01T05:58:05Z,0.766,0.151,5.576,0.151,5.576,0.027454545454545454,42.0368
2025-11-01T06:15:00Z,119621,12.59,2025-11-01T06:06:35Z,0.409,0.151,5.477,0.151,5.477,0.027454545454545454,41.8586
2025-11-01T06:30:00Z,119622,12.6,2025-11-01T06:27:55Z,0.089,0.15,5.374,0.15,5.374,0.02727272727272727,41.6732
2025-11-01T06:45:00Z,119623,12.53,2025-11-01T06:33:55Z,-0.182,0.15,5.275,0.15,5.275,0.02727272727272727,41.495000000000005
2025-11-01T07:00:00Z,119624,12.56,2025-11-01T06:53:20Z,-0.434,0.149,5.179,0.149,5.179,0.02709090909090909,41.3222
2025-11-01T07:15:00Z,119625,12.58,2025-11-01T07:13:15Z,-0.642,0.149,5.09,0.149,5.09,0.02709090909090909,41.162
2025-11-01T07:30:00Z,119626,12.56,2025-11-01T07:15:55Z,-0.79,0.149,5.008,0.149,5.008,0.02709090909090909,41.0144
2025-11-01T07:45:00Z,119627,12.55,2025-11-01T07:37:15Z,-0.946,0.148,4.928,0.148,4.928,0.02690909090909091,40.870400000000004
2025-11-01T08:00:00Z,119628,12.55,2025-11-01T07:48:20Z,-1.054,0.148,4.845,0.148,4.845,0.02690909090909091,40.721000000000004
2025-11-01T08:15:00Z,119629,12.53,2025-11-01T08:07:25Z,-1.07,0.147,4.771,0.147,4.771,0.026727272727272725,40.5878
2025-11-01T08:30:00Z,119630,12.51,2025-11-01T08:15:55Z,-0.971,0.146,4.751,0.146,4.751,0.026545454545454542,40.5518
2025-11-01T08:45:00Z,119631,12.51,2025-11-01T08:35:55Z,-0.59,0.147,4.815,0.147,4.815,0.026727272727272725,40.667
2025-11-01T09:00:00Z,119632,12.58,2025-11-01T08:51:55Z,-0.027,0.147,4.924,0.147,4.924,0.026727272727272725,40.8632
2025-11-01T09:15:00Z,119633,12.51,2025-11-01T09:11:35Z,0.686,0.147,5.054,0.147,5.054,0.026727272727272725,41.0972
2025-11-01T09:30:00Z,119634,12.55,2025-11-01T09:28:00Z,1.437,0.147,5.2,0.147,5.2,0.026727272727272725,41.36
2025-11-01T09:45:00Z,119635,12.66,2025-11-01T09:30:10Z,2.217,0.148,5.358,0.148,5.358,0.02690909090909091,41.6444
2025-11-01T10:00:00Z,119636,12.7,2025-11-01T09:45:15Z,2.979,0.148,5.527,0.148,5.527,0.02690909090909091,41.9486
2025-11-01T10:15:00Z,119637,12.77,2025-11-01T10:01:15Z,3.646,0.148,5.708,0.148,5.708,0.02690909090909091,42.2744
2025-11-01T10:30:00Z,119638,12.83,2025-11-01T10:20:40Z,4.235,0.148,5.889,0.148,5.889,0.02690909090909091,42.6002
2025-11-01T10:45:00Z,119639,12.79,2025-11-01T10:33:30Z,4.722,0.148,6.06,0.148,6.06,0.02690909090909091,42.908
2025-11-01T11:00:00Z,119640,12.99,2025-11-01T10:49:45Z,5.201,0.148,6.248,0.148,6.248,0.02690909090909091,43.2464
2025-11-01T11:15:00Z,119641,13.02,2025-11-01T11:01:10Z,5.741,0.149,6.451,0.149,6.451,0.02709090909090909,43.6118
2025-11-01T11:30:00Z,119642,13.21,2025-11-01T11:20:30Z,6.325,0.149,6.66,0.149,6.66,0.02709090909090909,43.988
2025-11-01T11:45:00Z,119643,13.44,2025-11-01T11:30:05Z,6.972,0.149,6.861,0.149,6.861,0.02709090909090909,44.3498
2025-11-01T12:00:00Z,119644,13.54,2025-11-01T11:46:30Z,7.705,0.149,7.063,0.149,7.063,0.02709090909090909,44.7134
2025-11-01T12:15:00Z,119645,13.71,2025-11-01T12:00:20Z,8.47,0.15,7.256,0.15,7.256,0.02727272727272727,45.0608
2025-11-01T12:30:00Z,119646,13.79,2025-11-01T12:15:35Z,9.04,0.15,7.438,0.15,7.438,0.02727272727272727,45.3884
2025-11-01T12:45:00Z,119647,13.81,2025-11-01T12:40:15Z,9.49,0.15,7.6,0.15,7.6,0.02727272727272727,45.68
2025-11-01T13:00:00Z,119648,13.81,2025-11-01T12:45:10Z,9.79,0.15,7.735,0.15,7.735,0.02727272727272727,45.923
2025-11-01T13:15:00Z,119649,14.33,2025-11-01T13:00:05Z,10.05,0.15,7.893,0.15,7.893,0.02727272727272727,46.2074
2025-11-01T13:30:00Z,119650,14.41,2025-11-01T13:17:20Z,10.36,0.15,8.04,0.15,8.04,0.02727272727272727,46.471999999999994
2025-11-01T13:45:00Z,119651,14.11,2025-11-01T13:35:05Z,10.55,0.151,8.15,0.151,8.15,0.027454545454545454,46.67
2025-11-01T14:00:00Z,119652,14.07,2025-11-01T13:50:25Z,10.61,0.151,8.24,0.151,8.24,0.027454545454545454,46.832
2025-11-01T14:15:00Z,119653,14.39,2025-11-01T14:05:30Z,10.65,0.151,8.31,0.151,8.31,0.027454545454545454,46.958
2025-11-01T14:30:00Z,119654,14.41,2025-11-01T14:16:40Z,10.7,0.15,8.4,0.15,8.4,0.02727272727272727,47.120000000000005
2025-11-01T14:45:00Z,119655,14.37,2025-11-01T14:41:15Z,10.77,0.151,8.48,0.151,8.48,0.027454545454545454,47.264
2025-11-01T15:00:00Z,119656,14.4,2025-11-01T14:52:50Z,10.95,0.15,8.57,0.15,8.57,0.02727272727272727,47.426
2025-11-01T15:15:00Z,119657,14.39,2025-11-01T15:08:50Z,11.08,0.15,8.64,0.15,8.64,0.02727272727272727,47.552
2025-11-01T15:30:00Z,119658,14.25,2025-11-01T15:30:00Z,11.17,0.15,8.69,0.15,8.69,0.02727272727272727,47.641999999999996
2025-11-01T15:45:00Z,119659,13.74,2025-11-01T15:43:30Z,11.21,0.15,8.72,0.15,8.72,0.02727272727272727,47.696
2025-11-01T16:00:00Z,119660,13.65,2025-11-01T15:49:45Z,11.07,0.15,8.68,0.15,8.68,0.02727272727272727,47.624
2025-11-01T16:15:00Z,119661,13.54,2025-11-01T16:14:35Z,10.91,0.149,8.62,0.149,8.62,0.02709090909090909,47.516
2025-11-01T16:30:00Z,119662,13.34,2025-11-01T16:29:25Z,10.72,0.149,8.54,0.149,8.54,0.02709090909090909,47.372
2025-11-01T16:45:00Z,119663,13.29,2025-11-01T16:36:50Z,10.4,0.148,8.42,0.148,8.42,0.02690909090909091,47.156
2025-11-01T17:00:00Z,119664,13.31,2025-11-01T16:45:05Z,10.03,0.148,8.32,0.148,8.32,0.02690909090909091,46.976
2025-11-01T17:15:00Z,119665,13.33,2025-11-01T17:01:45Z,9.82,0.148,8.31,0.148,8.31,0.02690909090909091,46.958
2025-11-01T17:30:00Z,119666,13.34,2025-11-01T17:26:05Z,9.75,0.148,8.31,0.148,8.31,0.02690909090909091,46.958
2025-11-01T17:45:00Z,119667,13.3,2025-11-01T17:40:50Z,9.64,0.147,8.28,0.147,8.28,0.026727272727272725,46.903999999999996
2025-11-01T18:00:00Z,119668,13.25,2025-11-01T17:59:30Z,9.43,0.147,8.21,0.147,8.21,0.026727272727272725,46.778000000000006
2025-11-01T18:15:00Z,119669,13.18,2025-11-01T18:12:50Z,9.02,0.147,8.06,0.147,8.06,0.026727272727272725,46.508
2025-11-01T18:30:00Z,119670,13.11,2025-11-01T18:30:00Z,8.3,0.147,7.847,0.147,7.847,0.026727272727272725,46.1246
2025-11-01T18:45:00Z,119671,13.05,2025-11-01T18:44:50Z,7.411,0.146,7.646,0.146,7.646,0.026545454545454542,45.7628
2025-11-01T19:00:00Z,119672,12.95,2025-11-01T18:49:00Z,6.541,0.145,7.469,0.145,7.469,0.026363636363636363,45.4442
2025-11-01T19:15:00Z,119673,12.78,2025-11-01T19:07:25Z,5.882,0.145,7.317,0.145,7.317,0.026363636363636363,45.1706
2025-11-01T19:30:00Z,119674,12.96,2025-11-01T19:16:10Z,5.294,0.144,7.185,0.144,7.185,0.02618181818181818,44.933
2025-11-01T19:45:00Z,119675,12.75,2025-11-01T19:43:40Z,4.719,0.143,7.083,0.143,7.083,0.025999999999999995,44.7494
2025-11-01T20:00:00Z,119676,12.93,2025-11-01T19:58:30Z,4.207,0.144,6.991,0.144,6.991,0.02618181818181818,44.5838
2025-11-01T20:15:00Z,119677,12.9,2025-11-01T20:09:30Z,3.702,0.144,6.868,0.144,6.868,0.02618181818181818,44.3624
2025-11-01T20:30:00Z,119678,12.9,2025-11-01T20:29:20Z,3.218,0.143,6.74,0.143,6.74,0.025999999999999995,44.132000000000005
2025-11-01T20:45:00Z,119679,12.79,2025-11-01T20:39:25Z,2.759,0.143,6.614,0.143,6.614,0.025999999999999995,43.9052
2025-11-01T21:00:00Z,119680,12.86,2025-11-01T20:56:25Z,2.339,0.142,6.499,0.142,6.499,0.025818181818181817,43.6982
2025-11-01T21:15:00Z,119681,12.85,2025-11-01T21:06:40Z,2.005,0.142,6.404,0.142,6.404,0.025818181818181817,43.5272
2025-11-01T21:30:00Z,119682,12.85,2025-11-01T21:20:55Z,1.709,0.142,6.298,0.142,6.298,0.025818181818181817,43.3364
2025-11-01T21:45:00Z,119683,12.84,2025-11-01T21:33:50Z,1.429,0.141,6.19,0.141,6.19,0.025636363636363634,43.141999999999996
2025-11-01T22:00:00Z,119684,12.82,2025-11-01T21:59:35Z,1.22,0.14,6.099,0.14,6.099,0.02545454545454546,42.9782
2025-11-01T22:15:00Z,119685,12.82,2025-11-01T22:13:45Z,0.979,0.14,5.989,0.14,5.989,0.02545454545454546,42.7802
2025-11-01T22:30:00Z,119686,12.81,2025-11-01T22:29:45Z,0.687,0.14,5.866,0.14,5.866,0.02545454545454546,42.5588
2025-11-01T22:45:00Z,119687,12.8,2025-11-01T22:35:05Z,0.404,0.139,5.75,0.139,5.75,0.025272727272727273,42.35
2025-11-01T23:00:00Z,119688,12.79,2025-11-01T22:56:15Z,0.135,0.139,5.642,0.139,5.642,0.025272727272727273,42.1556
2025-11-01T23:15:00Z,119689,12.78,2025-11-01T23:13:05Z,-0.134,0.139,5.527,0.139,5.527,0.025272727272727273,41.9486
2025-11-01T23:30:00Z,119690,12.77,2025-11-01T23:18:10Z,-0.367,0.138,5.418,0.138,5.418,0.025090909090909094,41.7524
2025-11-01T23:45:00Z,119691,12.79,2025-11-01T23:31:05Z,-0.565,0.138,5.317,0.138,5.317,0.025090909090909094,41.5706
2025-11-02T00:15:00Z,119693,12.66,2025-11-02T00:00:20Z,-0.912,0.137,5.127,0.137,5.127,0.024909090909090912,41.2286
2025-11-02T00:30:00Z,119694,12.75,2025-11-02T00:27:35Z,-1.092,0.137,5.034,0.137,5.034,0.024909090909090912,41.0612
2025-11-02T00:45:00Z,119695,12.64,2025-11-02T00:38:30Z,-1.195,0.137,4.949,0.137,4.949,0.024909090909090912,40.9082
2025-11-02T01:00:00Z,119696,12.62,2025-11-02T00:58:35Z,-1.246,0.136,4.864,0.136,4.864,0.024727272727272733,40.7552
2025-11-02T01:15:00Z,119697,12.72,2025-11-02T01:00:50Z,-1.33,0.136,4.787,0.136,4.787,0.024727272727272733,40.6166
2025-11-02T01:30:00Z,119698,12.64,2025-11-02T01:21:10Z,-1.454,0.136,4.709,0.136,4.709,0.024727272727272733,40.4762
2025-11-02T01:45:00Z,119699,12.61,2025-11-02T01:42:55Z,-1.548,0.135,4.637,0.135,4.637,0.024545454545454547,40.346599999999995
2025-11-02T02:00:00Z,119700,12.54,2025-11-02T02:00:00Z,-1.624,0.134,4.566,0.134,4.566,0.024363636363636365,40.2188
2025-11-02T02:15:00Z,119701,12.6,2025-11-02T02:13:05Z,-1.672,0.134,4.499,0.134,4.499,0.024363636363636365,40.0982
2025-11-02T02:30:00Z,119702,12.63,2025-11-02T02:24:55Z,-1.738,0.134,4.442,0.134,4.442,0.024363636363636365,39.9956
2025-11-02T02:45:00Z,119703,12.58,2025-11-02T02:30:25Z,-1.811,0.134,4.375,0.134,4.375,0.024363636363636365,39.875
2025-11-02T03:00:00Z,119704,12.68,2025-11-02T02:49:40Z,-1.868,0.133,4.303,0.133,4.303,0.024181818181818186,39.7454
2025-11-02T03:15:00Z,119705,12.69,2025-11-02T03:01:20Z,-1.964,0.133,4.233,0.133,4.233,0.024181818181818186,39.6194
2025-11-02T03:30:00Z,119706,12.67,2025-11-02T03:23:00Z,-2.062,0.133,4.165,0.133,4.165,0.024181818181818186,39.497
2025-11-02T03:45:00Z,119707,12.66,2025-11-02T03:35:10Z,-2.144,0.133,4.07,0.133,4.07,0.024181818181818186,39.326
2025-11-02T04:00:00Z,119708,12.65,2025-11-02T03:57:55Z,-2.231,0.133,4.056,0.133,4.056,0.024181818181818186,39.3008
2025-11-02T04:15:00Z,119709,12.55,2025-11-02T04:02:05Z,-2.308,0.132,4.013,0.132,4.013,0.024,39.2234
2025-11-02T04:30:00Z,119710,12.57,2025-11-02T04:29:05Z,-2.362,0.132,3.96,0.132,3.96,0.024,39.128
2025-11-02T04:45:00Z,119711,12.49,2025-11-02T04:33:15Z,-2.383,0.131,3.906,0.131,3.906,0.023818181818181818,39.0308
2025-11-02T05:00:00Z,119712,12.67,2025-11-02T05:00:00Z,-2.42,0.131,3.854,0.131,3.854,0.023818181818181818,38.9372
2025-11-02T05:15:00Z,119713,12.53,2025-11-02T05:14:25Z,-2.466,0.131,3.801,0.131,3.801,0.023818181818181818,38.8418
2025-11-02T05:30:00Z,119714,12.6,2025-11-02T05:25:40Z,-2.512,0.13,3.746,0.13,3.746,0.02363636363636364,38.7428
2025-11-02T05:45:00Z,119715,12.52,2025-11-02T05:40:30Z,-2.579,0.13,3.694,0.13,3.694,0.02363636363636364,38.6492
2025-11-02T06:00:00Z,119716,12.47,2025-11-02T05:55:20Z,-2.626,0.13,3.644,0.13,3.644,0.02363636363636364,38.5592
2025-11-02T06:15:00Z,119717,12.52,2025-11-02T06:02:10Z,-2.664,0.13,3.596,0.13,3.596,0.02363636363636364,38.4728
2025-11-02T06:30:00Z,119718,12.53,2025-11-02T06:26:40Z,-2.706,0.129,3.549,0.129,3.549,0.023454545454545457,38.3882
2025-11-02T06:45:00Z,119719,12.6,2025-11-02T06:41:20Z,-2.761,0.129,3.505,0.129,3.505,0.023454545454545457,38.309
2025-11-02T07:00:00Z,119720,12.58,2025-11-02T06:51:05Z,-2.814,0.129,3.46,0.129,3.46,0.023454545454545457,38.228
2025-11-02T07:15:00Z,119721,12.56,2025-11-02T07:09:30Z,-2.86,0.128,3.411,0.128,3.411,0.02327272727272727,38.1398
2025-11-02T07:30:00Z,119722,12.58,2025-11-02T07:25:40Z,-2.898,0.128,3.37,0.128,3.37,0.02327272727272727,38.066
2025-11-02T07:45:00Z,119723,12.55,2025-11-02T07:31:05Z,-2.962,0.128,3.321,0.128,3.321,0.02327272727272727,37.9778
2025-11-02T08:00:00Z,119724,12.51,2025-11-02T07:46:40Z,-3.02,0.128,3.274,0.128,3.274,0.02327272727272727,37.8932
2025-11-02T08:15:00Z,119725,12.53,2025-11-02T08:09:20Z,-3.069,0.128,3.235,0.128,3.235,0.02327272727272727,37.823
2025-11-02T08:30:00Z,119726,12.52,2025-11-02T08:17:10Z,-3.076,0.128,3.203,0.128,3.203,0.02327272727272727,37.7654
2025-11-02T08:45:00Z,119727,12.53,2025-11-02T08:31:35Z,-2.98,0.127,3.202,0.127,3.202,0.023090909090909092,37.7636
2025-11-02T09:00:00Z,119728,12.55,2025-11-02T08:45:45Z,-2.821,0.127,3.211,0.127,3.211,0.023090909090909092,37.7798
2025-11-02T09:15:00Z,119729,12.55,2025-11-02T09:01:40Z,-2.607,0.127,3.213,0.127,3.213,0.023090909090909092,37.7834
2025-11-02T09:30:00Z,119730,12.59,2025-11-02T09:16:55Z,-2.291,0.127,3.23,0.127,3.23,0.023090909090909092,37.814
2025-11-02T09:45:00Z,119731,12.6,2025-11-02T09:38:20Z,-1.931,0.127,3.267,0.127,3.267,0.023090909090909092,37.8806
2025-11-02T10:00:00Z,119732,12.58,2025-11-02T09:49:20Z,-1.411,0.128,3.319,0.128,3.319,0.02327272727272727,37.974199999999996
2025-11-02T10:15:00Z,119733,12.63,2025-11-02T10:10:15Z,-0.917,0.128,3.385,0.128,3.385,0.02327272727272727,38.092999999999996
2025-11-02T10:30:00Z,119734,12.64,2025-11-02T10:20:55Z,-0.396,0.128,3.466,0.128,3.466,0.02327272727272727,38.2388
2025-11-02T10:45:00Z,119735,12.67,2025-11-02T10:33:20Z,0.486,0.128,3.563,0.128,3.563,0.02327272727272727,38.4134
2025-11-02T11:00:00Z,119736,12.7,2025-11-02T10:50:25Z,1.775,0.128,3.688,0.128,3.688,0.02327272727272727,38.6384
2025-11-02T11:15:00Z,119737,12.7,2025-11-02T11:01:15Z,3.111,0.128,3.828,0.128,3.828,0.02327272727272727,38.8904
2025-11-02T11:30:00Z,119738,12.73,2025-11-02T11:23:10Z,4.692,0.129,3.966,0.129,3.966,0.023454545454545457,39.1388
2025-11-02T11:45:00Z,119739,12.74,2025-11-02T11:38:35Z,5.858,0.129,4.097,0.129,4.097,0.023454545454545457,39.3746
2025-11-02T12:00:00Z,119740,12.79,2025-11-02T11:46:45Z,6.476,0.13,4.232,0.13,4.232,0.02363636363636364,39.6176
2025-11-02T12:15:00Z,119741,12.83,2025-11-02T12:09:35Z,7.269,0.13,4.36,0.13,4.36,0.02363636363636364,39.848
2025-11-02T12:30:00Z,119742,12.8,2025-11-02T12:21:25Z,8.36,0.13,4.473,0.13,4.473,0.02363636363636364,40.0514
2025-11-02T12:45:00Z,119743,12.83,2025-11-02T12:30:30Z,9.32,0.13,4.575,0.13,4.575,0.02363636363636364,40.235
2025-11-02T13:00:00Z,119744,12.92,2025-11-02T12:46:35Z,10.08,0.13,4.673,0.13,4.673,0.02363636363636364,40.4114
2025-11-02T13:15:00Z,119745,13.29,2025-11-02T13:00:55Z,11,0.13,4.767,0.13,4.767,0.02363636363636364,40.580600000000004
2025-11-02T13:30:00Z,119746,13.89,2025-11-02T13:16:40Z,12.1,0.13,4.868,0.13,4.868,0.02363636363636364,40.7624
2025-11-02T13:45:00Z,119747,13.98,2025-11-02T13:38:15Z,13.37,0.13,4.956,0.13,4.956,0.02363636363636364,40.9208
2025-11-02T14:00:00Z,119748,13.91,2025-11-02T13:59:35Z,13.98,0.13,5.048,0.13,5.048,0.02363636363636364,41.0864
2025-11-02T14:15:00Z,119749,13.89,2025-11-02T14:02:25Z,14.47,0.131,5.134,0.131,5.134,0.023818181818181818,41.2412
2025-11-02T14:30:00Z,119750,14.33,2025-11-02T14:18:40Z,14.49,0.131,5.226,0.131,5.226,0.023818181818181818,41.406800000000004
2025-11-02T14:45:00Z,119751,14.31,2025-11-02T14:30:45Z,14.86,0.131,5.317,0.131,5.317,0.023818181818181818,41.5706
2025-11-02T15:00:00Z,119752,14.28,2025-11-02T14:49:15Z,15.81,0.131,5.414,0.131,5.414,0.023818181818181818,41.7452
2025-11-02T15:15:00Z,119753,14.25,2025-11-02T15:09:25Z,17.02,0.131,5.502,0.131,5.502,0.023818181818181818,41.9036
2025-11-02T15:30:00Z,119754,14.24,2025-11-02T15:19:15Z,17.68,0.131,5.603,0.131,5.603,0.023818181818181818,42.0854
2025-11-02T15:45:00Z,119755,14.23,2025-11-02T15:36:00Z,17.92,0.131,5.674,0.131,5.674,0.023818181818181818,42.2132
2025-11-02T16:00:00Z,119756,13.7,2025-11-02T15:53:40Z,17.75,0.131,5.716,0.131,5.716,0.023818181818181818,42.2888
2025-11-02T16:15:00Z,119757,13.83,2025-11-02T16:03:30Z,16.56,0.131,5.749,0.131,5.749,0.023818181818181818,42.3482
2025-11-02T16:30:00Z,119758,13.57,2025-11-02T16:27:00Z,15.57,0.131,5.769,0.131,5.769,0.023818181818181818,42.3842
2025-11-02T16:45:00Z,119759,13.61,2025-11-02T16:32:15Z,14.59,0.131,5.788,0.131,5.788,0.023818181818181818,42.4184
2025-11-02T17:00:00Z,119760,13.65,2025-11-02T16:51:05Z,14.14,0.13,5.815,0.13,5.815,0.02363636363636364,42.467
2025-11-02T17:15:00Z,119761,13.92,2025-11-02T17:14:35Z,14.21,0.13,5.843,0.13,5.843,0.02363636363636364,42.5174
2025-11-02T17:30:00Z,119762,13.66,2025-11-02T17:20:30Z,14.05,0.13,5.85,0.13,5.85,0.02363636363636364,42.53
2025-11-02T17:45:00Z,119763,13.32,2025-11-02T17:34:00Z,13.25,0.13,5.841,0.13,5.841,0.02363636363636364,42.5138
2025-11-02T18:00:00Z,119764,13.32,2025-11-02T17:56:40Z,12.33,0.13,5.821,0.13,5.821,0.02363636363636364,42.4778
2025-11-02T18:15:00Z,119765,13.24,2025-11-02T18:13:50Z,11.43,0.129,5.785,0.129,5.785,0.023454545454545457,42.413
2025-11-02T18:30:00Z,119766,13.09,2025-11-02T18:19:55Z,10.48,0.129,5.732,0.129,5.732,0.023454545454545457,42.3176
2025-11-02T18:45:00Z,119767,13.08,2025-11-02T18:41:15Z,9.48,0.129,5.659,0.129,5.659,0.023454545454545457,42.1862
2025-11-02T19:00:00Z,119768,12.88,2025-11-02T18:57:10Z,8.45,0.128,5.574,0.128,5.574,0.02327272727272727,42.0332
2025-11-02T19:15:00Z,119769,12.85,2025-11-02T19:05:15Z,7.519,0.128,5.5,0.128,5.5,0.02327272727272727,41.9
2025-11-02T19:30:00Z,119770,12.95,2025-11-02T19:16:20Z,6.853,0.127,5.494,0.127,5.494,0.023090909090909092,41.8892
2025-11-02T19:45:00Z,119771,12.84,2025-11-02T19:41:40Z,6.525,0.128,5.556,0.128,5.556,0.02327272727272727,42.0008
2025-11-02T20:00:00Z,119772,12.93,2025-11-02T19:47:00Z,6.432,0.128,5.624,0.128,5.624,0.02327272727272727,42.1232
2025-11-02T20:15:00Z,119773,12.83,2025-11-02T20:01:00Z,6.568,0.128,5.691,0.128,5.691,0.02327272727272727,42.2438
2025-11-02T20:30:00Z,119774,12.89,2025-11-02T20:24:05Z,6.705,0.128,5.719,0.128,5.719,0.02327272727272727,42.294200000000004
2025-11-02T20:45:00Z,119775,12.86,2025-11-02T20:31:05Z,6.512,0.128,5.643,0.128,5.643,0.02327272727272727,42.157399999999996
2025-11-02T21:00:00Z,119776,12.77,2025-11-02T20:57:50Z,6.076,0.127,5.533,0.127,5.533,0.023090909090909092,41.9594
2025-11-02T21:15:00Z,119777,12.85,2025-11-02T21:06:30Z,5.579,0.127,5.429,0.127,5.429,0.023090909090909092,41.7722
2025-11-02T21:30:00Z,119778,12.84,2025-11-02T21:26:20Z,5.043,0.127,5.333,0.127,5.333,0.023090909090909092,41.5994
2025-11-02T21:45:00Z,119779,12.82,2025-11-02T21:33:10Z,4.628,0.127,5.251,0.127,5.251,0.023090909090909092,41.4518
2025-11-02T22:00:00Z,119780,12.72,2025-11-02T21:55:00Z,4.269,0.126,5.175,0.126,5.175,0.02290909090909091,41.315
2025-11-02T22:15:00Z,119781,12.82,2025-11-02T22:13:45Z,3.918,0.126,5.104,0.126,5.104,0.02290909090909091,41.187200000000004
2025-11-02T22:30:00Z,119782,12.82,2025-11-02T22:28:40Z,3.597,0.126,5.036,0.126,5.036,0.02290909090909091,41.0648
2025-11-02T22:45:00Z,119783,12.84,2025-11-02T22:44:05Z,3.243,0.125,4.967,0.125,4.967,0.02272727272727273,40.9406
2025-11-02T23:00:00Z,119784,12.81,2025-11-02T22:59:40Z,2.832,0.125,4.894,0.125,4.894,0.02272727272727273,40.809200000000004
2025-11-02T23:15:00Z,119785,12.68,2025-11-02T23:08:30Z,2.464,0.125,4.823,0.125,4.823,0.02272727272727273,40.6814
2025-11-02T23:30:00Z,119786,12.8,2025-11-02T23:24:55Z,2.196,0.124,4.756,0.124,4.756,0.022545454545454546,40.5608
2025-11-02T23:45:00Z,119787,12.79,2025-11-02T23:39:55Z,2.078,0.124,4.705,0.124,4.705,0.022545454545454546,40.469
2025-11-03T00:15:00Z,119789,12.77,2025-11-03T00:06:25Z,2.33,0.124,4.65,0.124,4.65,0.022545454545454546,40.370000000000005
2025-11-03T00:30:00Z,119790,12.77,2025-11-03T00:18:40Z,2.717,0.124,4.678,0.124,4.678,0.022545454545454546,40.4204
2025-11-03T00:45:00Z,119791,12.59,2025-11-03T00:43:30Z,3.341,0.124,4.756,0.124,4.756,0.022545454545454546,40.5608
2025-11-03T01:00:00Z,119792,12.76,2025-11-03T00:54:15Z,3.931,0.125,4.848,0.125,4.848,0.02272727272727273,40.7264
2025-11-03T01:15:00Z,119793,12.73,2025-11-03T01:10:25Z,4.352,0.125,4.9,0.125,4.9,0.02272727272727273,40.82
2025-11-03T01:30:00Z,119794,12.75,2025-11-03T01:28:20Z,4.659,0.126,4.949,0.126,4.949,0.02290909090909091,40.9082
2025-11-03T01:45:00Z,119795,12.76,2025-11-03T01:37:00Z,4.821,0.126,4.95,0.126,4.95,0.02290909090909091,40.91
2025-11-03T02:00:00Z,119796,12.76,2025-11-03T01:59:25Z,4.837,0.125,4.912,0.125,4.912,0.02272727272727273,40.8416
2025-11-03T02:15:00Z,119797,12.74,2025-11-03T02:02:15Z,4.666,0.124,4.861,0.124,4.861,0.022545454545454546,40.7498
2025-11-03T02:30:00Z,119798,12.72,2025-11-03T02:24:10Z,4.436,0.124,4.822,0.124,4.822,0.022545454545454546,40.6796
2025-11-03T02:45:00Z,119799,12.73,2025-11-03T02:38:20Z,4.189,0.124,4.813,0.124,4.813,0.022545454545454546,40.663399999999996
2025-11-03T03:00:00Z,119800,12.62,2025-11-03T02:50:50Z,3.881,0.124,4.781,0.124,4.781,0.022545454545454546,40.6058
2025-11-03T03:15:00Z,119801,12.62,2025-11-03T03:03:25Z,3.627,0.124,4.741,0.124,4.741,0.022545454545454546,40.5338
2025-11-03T03:30:00Z,119802,12.72,2025-11-03T03:22:45Z,3.438,0.123,4.698,0.123,4.698,0.022363636363636363,40.4564
2025-11-03T03:45:00Z,119803,12.74,2025-11-03T03:41:20Z,3.412,0.124,4.731,0.124,4.731,0.022545454545454546,40.5158
2025-11-03T04:00:00Z,119804,12.7,2025-11-03T03:57:15Z,3.557,0.124,4.732,0.124,4.732,0.022545454545454546,40.5176
2025-11-03T04:15:00Z,119805,12.71,2025-11-03T04:13:20Z,3.514,0.123,4.667,0.123,4.667,0.022363636363636363,40.4006
2025-11-03T04:30:00Z,119806,12.72,2025-11-03T04:19:15Z,3.367,0.123,4.61,0.123,4.61,0.022363636363636363,40.298
2025-11-03T04:45:00Z,119807,12.6,2025-11-03T04:33:15Z,3.314,0.123,4.621,0.123,4.621,0.022363636363636363,40.317800000000005
2025-11-03T05:00:00Z,119808,12.58,2025-11-03T04:59:20Z,3.301,0.123,4.596,0.123,4.596,0.022363636363636363,40.272800000000004
2025-11-03T05:15:00Z,119809,12.57,2025-11-03T05:09:30Z,3.217,0.123,4.558,0.123,4.558,0.022363636363636363,40.2044
2025-11-03T05:30:00Z,119810,12.56,2025-11-03T05:21:05Z,3.173,0.123,4.551,0.123,4.551,0.022363636363636363,40.1918
2025-11-03T05:45:00Z,119811,12.68,2025-11-03T05:30:20Z,3.318,0.123,4.598,0.123,4.598,0.022363636363636363,40.276399999999995
2025-11-03T06:00:00Z,119812,12.66,2025-11-03T05:57:55Z,3.58,0.124,4.658,0.124,4.658,0.022545454545454546,40.3844
2025-11-03T06:15:00Z,119813,12.67,2025-11-03T06:12:35Z,3.881,0.124,4.733,0.124,4.733,0.022545454545454546,40.5194
2025-11-03T06:30:00Z,119814,12.64,2025-11-03T06:26:45Z,4.254,0.124,4.825,0.124,4.825,0.022545454545454546,40.685
2025-11-03T06:45:00Z,119815,12.63,2025-11-03T06:42:55Z,4.622,0.124,4.908,0.124,4.908,0.022545454545454546,40.8344
2025-11-03T07:00:00Z,119816,12.63,2025-11-03T06:49:45Z,4.973,0.124,4.977,0.124,4.977,0.022545454545454546,40.958600000000004
2025-11-03T07:15:00Z,119817,12.64,2025-11-03T07:11:35Z,5.298,0.125,5.041,0.125,5.041,0.02272727272727273,41.0738
2025-11-03T07:30:00Z,119818,12.61,2025-11-03T07:23:10Z,5.59,0.125,5.098,0.125,5.098,0.02272727272727273,41.1764
2025-11-03T07:45:00Z,119819,12.62,2025-11-03T07:33:30Z,5.785,0.125,5.15,0.125,5.15,0.02272727272727273,41.269999999999996
2025-11-03T08:00:00Z,119820,12.61,2025-11-03T07:53:20Z,5.898,0.125,5.192,0.125,5.192,0.02272727272727273,41.345600000000005
2025-11-03T08:15:00Z,119821,12.62,2025-11-03T08:11:15Z,5.953,0.125,5.225,0.125,5.225,0.02272727272727273,41.405
2025-11-03T08:30:00Z,119822,12.59,2025-11-03T08:21:00Z,5.969,0.125,5.244,0.125,5.244,0.02272727272727273,41.4392
2025-11-03T08:45:00Z,119823,12.6,2025-11-03T08:38:15Z,5.993,0.125,5.268,0.125,5.268,0.02272727272727273,41.4824
2025-11-03T09:00:00Z,119824,12.58,2025-11-03T08:49:55Z,6.001,0.125,5.288,0.125,5.288,0.02272727272727273,41.5184
2025-11-03T09:15:00Z,119825,12.61,2025-11-03T09:03:15Z,5.899,0.125,5.254,0.125,5.254,0.02272727272727273,41.4572
2025-11-03T09:30:00Z,119826,12.61,2025-11-03T09:17:10Z,5.725,0.124,5.193,0.124,5.193,0.022545454545454546,41.3474
2025-11-03T09:45:00Z,119827,12.64,2025-11-03T09:39:40Z,5.653,0.123,5.16,0.123,5.16,0.022363636363636363,41.288
2025-11-03T10:00:00Z,119828,12.67,2025-11-03T09:47:40Z,5.768,0.123,5.19,0.123,5.19,0.022363636363636363,41.342
2025-11-03T10:15:00Z,119829,12.79,2025-11-03T10:12:00Z,6.322,0.124,5.405,0.124,5.405,0.022545454545454546,41.729
2025-11-03T10:30:00Z,119830,12.77,2025-11-03T10:16:15Z,6.92,0.124,5.583,0.124,5.583,0.022545454545454546,42.0494
2025-11-03T10:45:00Z,119831,12.74,2025-11-03T10:42:55Z,7.305,0.124,5.711,0.124,5.711,0.022545454545454546,42.2798
2025-11-03T11:00:00Z,119832,12.93,2025-11-03T10:46:55Z,7.67,0.124,5.883,0.124,5.883,0.022545454545454546,42.5894
2025-11-03T11:15:00Z,119833,13.03,2025-11-03T11:00:30Z,8.15,0.125,6.043,0.125,6.043,0.02272727272727273,42.8774
2025-11-03T11:30:00Z,119834,13.08,2025-11-03T11:16:50Z,8.51,0.125,6.197,0.125,6.197,0.02272727272727273,43.1546
2025-11-03T11:45:00Z,119835,13.21,2025-11-03T11:30:55Z,8.76,0.125,6.395,0.125,6.395,0.02272727272727273,43.510999999999996
2025-11-03T12:00:00Z,119836,13.44,2025-11-03T11:50:20Z,9.12,0.125,6.619,0.125,6.619,0.02272727272727273,43.9142
2025-11-03T12:15:00Z,119837,13.47,2025-11-03T12:00:15Z,9.57,0.125,6.772,0.125,6.772,0.02272727272727273,44.1896
2025-11-03T12:30:00Z,119838,13.58,2025-11-03T12:17:40Z,10.08,0.125,6.925,0.125,6.925,0.02272727272727273,44.465
2025-11-03T12:45:00Z,119839,13.56,2025-11-03T12:31:40Z,10.52,0.125,7.013,0.125,7.013,0.02272727272727273,44.623400000000004
2025-11-03T13:00:00Z,119840,13.56,2025-11-03T12:47:15Z,10.93,0.126,7.024,0.126,7.024,0.02290909090909091,44.6432
2025-11-03T13:15:00Z,119841,13.75,2025-11-03T13:06:00Z,11.34,0.125,6.974,0.125,6.974,0.02272727272727273,44.553200000000004
2025-11-03T13:30:00Z,119842,13.81,2025-11-03T13:25:00Z,12.18,0.125,7.003,0.125,7.003,0.02272727272727273,44.6054
2025-11-03T13:45:00Z,119843,13.89,2025-11-03T13:33:00Z,13.43,0.125,7.071,0.125,7.071,0.02272727272727273,44.7278
2025-11-03T14:00:00Z,119844,13.88,2025-11-03T14:00:00Z,14.32,0.126,7.161,0.126,7.161,0.02290909090909091,44.8898
2025-11-03T14:15:00Z,119845,13.74,2025-11-03T14:02:20Z,15.07,0.126,7.198,0.126,7.198,0.02290909090909091,44.9564
2025-11-03T14:30:00Z,119846,14.25,2025-11-03T14:15:50Z,15.21,0.126,7.188,0.126,7.188,0.02290909090909091,44.9384
2025-11-03T14:45:00Z,119847,14.27,2025-11-03T14:36:40Z,15.59,0.126,7.189,0.126,7.189,0.02290909090909091,44.9402
2025-11-03T15:00:00Z,119848,14.26,2025-11-03T14:50:20Z,16.55,0.126,7.218,0.126,7.218,0.02290909090909091,44.9924
2025-11-03T15:15:00Z,119849,14.23,2025-11-03T15:13:25Z,17.62,0.126,7.241,0.126,7.241,0.02290909090909091,45.0338
2025-11-03T15:30:00Z,119850,14.22,2025-11-03T15:16:30Z,18.19,0.125,7.243,0.125,7.243,0.02272727272727273,45.0374
2025-11-03T15:45:00Z,119851,13.83,2025-11-03T15:43:15Z,18.47,0.126,7.221,0.126,7.221,0.02290909090909091,44.9978
2025-11-03T16:00:00Z,119852,13.61,2025-11-03T15:54:20Z,17.91,0.125,7.191,0.125,7.191,0.02272727272727273,44.943799999999996
2025-11-03T16:15:00Z,119853,13.86,2025-11-03T16:00:20Z,16.57,0.124,7.144,0.124,7.144,0.022545454545454546,44.8592
2025-11-03T16:30:00Z,119854,13.64,2025-11-03T16:19:50Z,15.58,0.124,7.077,0.124,7.077,0.022545454545454546,44.7386
2025-11-03T16:45:00Z,119855,13.57,2025-11-03T16:35:00Z,14.69,0.124,7.025,0.124,7.025,0.022545454545454546,44.644999999999996
2025-11-03T17:00:00Z,119856,13.91,2025-11-03T16:45:45Z,14.47,0.124,6.984,0.124,6.984,0.022545454545454546,44.571200000000005
2025-11-03T17:15:00Z,119857,13.93,2025-11-03T17:12:30Z,14.55,0.123,6.951,0.123,6.951,0.022363636363636363,44.5118
2025-11-03T17:30:00Z,119858,13.66,2025-11-03T17:19:45Z,14.3,0.122,6.917,0.122,6.917,0.022181818181818184,44.4506
2025-11-03T17:45:00Z,119859,13.45,2025-11-03T17:43:30Z,13.5,0.122,6.865,0.122,6.865,0.022181818181818184,44.357
2025-11-03T18:00:00Z,119860,13.32,2025-11-03T17:56:30Z,12.7,0.122,6.803,0.122,6.803,0.022181818181818184,44.245400000000004
2025-11-03T18:15:00Z,119861,13.23,2025-11-03T18:11:55Z,11.98,0.121,6.735,0.121,6.735,0.022,44.123000000000005
2025-11-03T18:30:00Z,119862,13.14,2025-11-03T18:29:55Z,11.34,0.12,6.661,0.12,6.661,0.021818181818181816,43.9898
2025-11-03T18:45:00Z,119863,13.09,2025-11-03T18:38:25Z,10.75,0.12,6.582,0.12,6.582,0.021818181818181816,43.8476
2025-11-03T19:00:00Z,119864,13.04,2025-11-03T18:57:25Z,10.2,0.119,6.484,0.119,6.484,0.021636363636363638,43.6712
2025-11-03T19:15:00Z,119865,13,2025-11-03T19:08:05Z,9.67,0.119,6.379,0.119,6.379,0.021636363636363638,43.4822
2025-11-03T19:30:00Z,119866,12.85,2025-11-03T19:23:00Z,9.13,0.118,6.261,0.118,6.261,0.021454545454545455,43.269800000000004
2025-11-03T19:45:00Z,119867,12.94,2025-11-03T19:42:20Z,8.56,0.117,6.149,0.117,6.149,0.021272727272727273,43.068200000000004
2025-11-03T20:00:00Z,119868,12.9,2025-11-03T19:51:30Z,8.02,0.117,6.044,0.117,6.044,0.021272727272727273,42.8792
2025-11-03T20:15:00Z,119869,12.92,2025-11-03T20:11:15Z,7.444,0.116,5.939,0.116,5.939,0.021090909090909094,42.690200000000004
2025-11-03T20:30:00Z,119870,12.88,2025-11-03T20:29:35Z,6.908,0.116,5.839,0.116,5.839,0.021090909090909094,42.5102
2025-11-03T20:45:00Z,119871,12.88,2025-11-03T20:40:35Z,6.369,0.115,5.745,0.115,5.745,0.02090909090909091,42.341
2025-11-03T21:00:00Z,119872,12.88,2025-11-03T20:50:15Z,5.821,0.115,5.65,0.115,5.65,0.02090909090909091,42.17
2025-11-03T21:15:00Z,119873,12.86,2025-11-03T21:11:10Z,5.354,0.114,5.561,0.114,5.561,0.02072727272727273,42.0098
2025-11-03T21:30:00Z,119874,12.84,2025-11-03T21:15:40Z,4.966,0.114,5.475,0.114,5.475,0.02072727272727273,41.855000000000004
2025-11-03T21:45:00Z,119875,12.85,2025-11-03T21:31:45Z,4.664,0.114,5.4,0.114,5.4,0.02072727272727273,41.72
2025-11-03T22:00:00Z,119876,12.74,2025-11-03T21:56:50Z,4.485,0.113,5.332,0.113,5.332,0.020545454545454547,41.5976
2025-11-03T22:15:00Z,119877,12.83,2025-11-03T22:06:05Z,4.411,0.113,5.273,0.113,5.273,0.020545454545454547,41.4914
2025-11-03T22:30:00Z,119878,12.81,2025-11-03T22:18:55Z,4.453,0.113,5.23,0.113,5.23,0.020545454545454547,41.414
2025-11-03T22:45:00Z,119879,12.83,2025-11-03T22:44:45Z,4.599,0.113,5.204,0.113,5.204,0.020545454545454547,41.3672
2025-11-03T23:00:00Z,119880,12.83,2025-11-03T22:45:55Z,4.777,0.112,5.192,0.112,5.192,0.020363636363636365,41.345600000000005
2025-11-03T23:15:00Z,119881,12.81,2025-11-03T23:10:35Z,4.926,0.112,5.176,0.112,5.176,0.020363636363636365,41.3168
2025-11-03T23:30:00Z,119882,12.76,2025-11-03T23:20:05Z,4.938,0.112,5.141,0.112,5.141,0.020363636363636365,41.2538
2025-11-03T23:45:00Z,119883,12.8,2025-11-03T23:36:35Z,4.833,0.112,5.091,0.112,5.091,0.020363636363636365,41.1638
2025-11-04T00:15:00Z,119885,12.82,2025-11-04T00:05:05Z,4.487,0.112,4.981,0.112,4.981,0.020363636363636365,40.9658
2025-11-04T00:30:00Z,119886,12.78,2025-11-04T00:23:40Z,4.226,0.111,4.92,0.111,4.92,0.020181818181818183,40.856
2025-11-04T00:45:00Z,119887,12.78,2025-11-04T00:35:15Z,3.926,0.111,4.866,0.111,4.866,0.020181818181818183,40.7588
2025-11-04T01:00:00Z,119888,12.81,2025-11-04T00:51:50Z,3.63,0.111,4.818,0.111,4.818,0.020181818181818183,40.672399999999996
2025-11-04T01:15:00Z,119889,12.77,2025-11-04T01:00:35Z,3.26,0.111,4.765,0.111,4.765,0.020181818181818183,40.577
2025-11-04T01:30:00Z,119890,12.76,2025-11-04T01:28:15Z,2.817,0.111,4.698,0.111,4.698,0.020181818181818183,40.4564
2025-11-04T01:45:00Z,119891,12.79,2025-11-04T01:38:15Z,2.315,0.111,4.643,0.111,4.643,0.020181818181818183,40.3574
2025-11-04T02:00:00Z,119892,12.79,2025-11-04T01:59:05Z,1.761,0.111,4.522,0.111,4.522,0.020181818181818183,40.1396
2025-11-04T02:15:00Z,119893,12.76,2025-11-04T02:14:50Z,1.234,0.11,4.415,0.11,4.415,0.02,39.947
2025-11-04T02:30:00Z,119894,12.75,2025-11-04T02:23:15Z,0.805,0.11,4.32,0.11,4.32,0.02,39.776
2025-11-04T02:45:00Z,119895,12.77,2025-11-04T02:44:35Z,0.416,0.11,4.232,0.11,4.232,0.02,39.6176
2025-11-04T03:00:00Z,119896,12.64,2025-11-04T02:57:55Z,0.069,0.11,4.152,0.11,4.152,0.02,39.4736
2025-11-04T03:15:00Z,119897,12.7,2025-11-04T03:00:20Z,-0.158,0.11,4.07,0.11,4.07,0.02,39.326
2025-11-04T03:30:00Z,119898,12.73,2025-11-04T03:24:10Z,-0.35,0.109,4.001,0.109,4.001,0.019818181818181818,39.2018
2025-11-04T03:45:00Z,119899,12.72,2025-11-04T03:42:50Z,-0.553,0.109,3.944,0.109,3.944,0.019818181818181818,39.0992
2025-11-04T04:00:00Z,119900,12.59,2025-11-04T03:46:50Z,-0.729,0.109,3.886,0.109,3.886,0.019818181818181818,38.9948
2025-11-04T04:15:00Z,119901,12.71,2025-11-04T04:13:10Z,-0.892,0.109,3.821,0.109,3.821,0.019818181818181818,38.8778
2025-11-04T04:30:00Z,119902,12.7,2025-11-04T04:20:10Z,-1.029,0.108,3.764,0.108,3.764,0.019636363636363636,38.7752
2025-11-04T04:45:00Z,119903,12.72,2025-11-04T04:44:10Z,-1.143,0.108,3.719,0.108,3.719,0.019636363636363636,38.6942
2025-11-04T05:00:00Z,119904,12.72,2025-11-04T04:57:30Z,-1.257,0.107,3.664,0.107,3.664,0.019454545454545454,38.5952
2025-11-04T05:15:00Z,119905,12.72,2025-11-04T05:00:10Z,-1.357,0.108,3.628,0.108,3.628,0.019636363636363636,38.5304
2025-11-04T05:30:00Z,119906,12.72,2025-11-04T05:18:50Z,-1.474,0.107,3.591,0.107,3.591,0.019454545454545454,38.4638
2025-11-04T05:45:00Z,119907,12.69,2025-11-04T05:33:45Z,-1.576,0.107,3.541,0.107,3.541,0.019454545454545454,38.3738
2025-11-04T06:00:00Z,119908,12.7,2025-11-04T05:50:50Z,-1.64,0.106,3.493,0.106,3.493,0.01927272727272727,38.2874
2025-11-04T06:15:00Z,119909,12.69,2025-11-04T06:03:15Z,-1.696,0.106,3.447,0.106,3.447,0.01927272727272727,38.2046
2025-11-04T06:30:00Z,119910,12.7,2025-11-04T06:26:45Z,-1.754,0.105,3.397,0.105,3.397,0.01909090909090909,38.114599999999996
2025-11-04T06:45:00Z,119911,12.7,2025-11-04T06:43:25Z,-1.783,0.105,3.359,0.105,3.359,0.01909090909090909,38.0462
2025-11-04T07:00:00Z,119912,12.68,2025-11-04T06:58:15Z,-1.818,0.105,3.327,0.105,3.327,0.01909090909090909,37.9886
2025-11-04T07:15:00Z,119913,12.69,2025-11-04T07:06:15Z,-1.821,0.105,3.292,0.105,3.292,0.01909090909090909,37.9256
2025-11-04T07:30:00Z,119914,12.66,2025-11-04T07:25:45Z,-1.856,0.105,3.244,0.105,3.244,0.01909090909090909,37.8392
2025-11-04T07:45:00Z,119915,12.68,2025-11-04T07:31:05Z,-1.895,0.104,3.22,0.104,3.22,0.01890909090909091,37.796
2025-11-04T08:00:00Z,119916,12.65,2025-11-04T07:53:15Z,-1.795,0.105,3.252,0.105,3.252,0.01909090909090909,37.8536
2025-11-04T08:15:00Z,119917,12.67,2025-11-04T08:03:40Z,-1.653,0.105,3.256,0.105,3.256,0.01909090909090909,37.8608
2025-11-04T08:30:00Z,119918,12.65,2025-11-04T08:20:55Z,-1.553,0.104,3.238,0.104,3.238,0.01890909090909091,37.8284
2025-11-04T08:45:00Z,119919,12.56,2025-11-04T08:39:30Z,-1.407,0.104,3.275,0.104,3.275,0.01890909090909091,37.894999999999996
2025-11-04T09:00:00Z,119920,12.65,2025-11-04T08:45:05Z,-1.053,0.104,3.388,0.104,3.388,0.01890909090909091,38.0984
2025-11-04T09:15:00Z,119921,12.68,2025-11-04T09:01:05Z,-0.612,0.104,3.492,0.104,3.492,0.01890909090909091,38.2856
2025-11-04T09:30:00Z,119922,12.68,2025-11-04T09:17:25Z,-0.233,0.104,3.555,0.104,3.555,0.01890909090909091,38.399
2025-11-04T09:45:00Z,119923,12.71,2025-11-04T09:43:45Z,0.215,0.104,3.636,0.104,3.636,0.01890909090909091,38.5448
2025-11-04T10:00:00Z,119924,12.7,2025-11-04T09:57:05Z,0.642,0.105,3.692,0.105,3.692,0.01909090909090909,38.6456
2025-11-04T10:15:00Z,119925,12.61,2025-11-04T10:13:00Z,1.052,0.104,3.73,0.104,3.73,0.01890909090909091,38.714
2025-11-04T10:30:00Z,119926,12.73,2025-11-04T10:23:45Z,1.615,0.104,3.803,0.104,3.803,0.01890909090909091,38.8454
2025-11-04T10:45:00Z,119927,12.73,2025-11-04T10:40:00Z,2.519,0.105,3.922,0.105,3.922,0.01909090909090909,39.0596
2025-11-04T11:00:00Z,119928,12.77,2025-11-04T10:48:10Z,3.73,0.104,4.1,0.104,4.1,0.01890909090909091,39.38
2025-11-04T11:15:00Z,119929,12.83,2025-11-04T11:11:50Z,5.444,0.105,4.387,0.105,4.387,0.01909090909090909,39.8966
2025-11-04T11:30:00Z,119930,12.88,2025-11-04T11:22:05Z,7.831,0.105,4.614,0.105,4.614,0.01909090909090909,40.3052
2025-11-04T11:45:00Z,119931,13.12,2025-11-04T11:30:25Z,10.13,0.106,4.962,0.106,4.962,0.01927272727272727,40.9316
2025-11-04T12:00:00Z,119932,13.33,2025-11-04T11:45:35Z,11.36,0.107,5.481,0.107,5.481,0.019454545454545454,41.8658
2025-11-04T12:15:00Z,119933,13.54,2025-11-04T12:00:50Z,12.17,0.108,5.886,0.108,5.886,0.019636363636363636,42.5948
2025-11-04T12:30:00Z,119934,13.87,2025-11-04T12:15:05Z,12.95,0.108,6.228,0.108,6.228,0.019636363636363636,43.2104
2025-11-04T12:45:00Z,119935,13.77,2025-11-04T12:44:55Z,13.72,0.109,6.562,0.109,6.562,0.019818181818181818,43.8116
2025-11-04T13:00:00Z,119936,13.71,2025-11-04T12:45:35Z,14.21,0.11,6.628,0.11,6.628,0.02,43.9304
2025-11-04T13:15:00Z,119937,13.81,2025-11-04T13:03:25Z,14.59,0.109,6.447,0.109,6.447,0.019818181818181818,43.604600000000005
2025-11-04T13:30:00Z,119938,13.78,2025-11-04T13:18:25Z,14.8,0.108,6.37,0.108,6.37,0.019636363636363636,43.466
2025-11-04T13:45:00Z,119939,14.28,2025-11-04T13:40:50Z,14.8,0.109,6.596,0.109,6.596,0.019818181818181818,43.8728
2025-11-04T14:00:00Z,119940,14.28,2025-11-04T13:55:25Z,15.11,0.109,6.789,0.109,6.789,0.019818181818181818,44.2202
2025-11-04T14:15:00Z,119941,14.26,2025-11-04T14:10:30Z,15.32,0.109,7.075,0.109,7.075,0.019818181818181818,44.735
2025-11-04T14:30:00Z,119942,13.78,2025-11-04T14:27:20Z,15.29,0.11,7.328,0.11,7.328,0.02,45.1904
2025-11-04T14:45:00Z,119943,13.72,2025-11-04T14:44:10Z,15.08,0.11,7.447,0.11,7.447,0.02,45.4046
2025-11-04T15:00:00Z,119944,13.68,2025-11-04T14:47:45Z,14.89,0.11,7.536,0.11,7.536,0.02,45.5648
2025-11-04T15:15:00Z,119945,13.55,2025-11-04T15:08:35Z,14.77,0.11,7.624,0.11,7.624,0.02,45.7232
2025-11-04T15:30:00Z,119946,13.55,2025-11-04T15:25:35Z,14.62,0.11,7.681,0.11,7.681,0.02,45.8258
2025-11-04T15:45:00Z,119947,13.55,2025-11-04T15:30:55Z,14.53,0.11,7.745,0.11,7.745,0.02,45.941
2025-11-04T16:00:00Z,119948,14.28,2025-11-04T15:45:45Z,14.53,0.111,7.79,0.111,7.79,0.020181818181818183,46.022
2025-11-04T16:15:00Z,119949,14.29,2025-11-04T16:00:45Z,14.58,0.11,7.736,0.11,7.736,0.02,45.9248
2025-11-04T16:30:00Z,119950,14.29,2025-11-04T16:16:00Z,14.67,0.11,7.808,0.11,7.808,0.02,46.0544
2025-11-04T16:45:00Z,119951,13.87,2025-11-04T16:44:00Z,15.14,0.11,7.908,0.11,7.908,0.02,46.2344
2025-11-04T17:00:00Z,119952,13.86,2025-11-04T16:58:40Z,16.46,0.111,7.975,0.111,7.975,0.020181818181818183,46.355
2025-11-04T17:15:00Z,119953,13.77,2025-11-04T17:03:45Z,17.64,0.111,7.971,0.111,7.971,0.020181818181818183,46.3478
2025-11-04T17:30:00Z,119954,13.83,2025-11-04T17:20:40Z,17.95,0.111,7.936,0.111,7.936,0.020181818181818183,46.284800000000004
2025-11-04T17:45:00Z,119955,13.45,2025-11-04T17:44:40Z,17.39,0.111,7.907,0.111,7.907,0.020181818181818183,46.2326
2025-11-04T18:00:00Z,119956,13.37,2025-11-04T17:58:00Z,16.48,0.11,7.787,0.11,7.787,0.02,46.0166
2025-11-04T18:15:00Z,119957,13.28,2025-11-04T18:13:45Z,15.61,0.11,7.665,0.11,7.665,0.02,45.797
2025-11-04T18:30:00Z,119958,13.16,2025-11-04T18:30:00Z,14.79,0.11,7.571,0.11,7.571,0.02,45.6278
2025-11-04T18:45:00Z,119959,13.09,2025-11-04T18:43:20Z,14.01,0.109,7.498,0.109,7.498,0.019818181818181818,45.4964
2025-11-04T19:00:00Z,119960,13.05,2025-11-04T18:59:20Z,13.25,0.109,7.446,0.109,7.446,0.019818181818181818,45.4028
2025-11-04T19:15:00Z,119961,13.02,2025-11-04T19:10:00Z,12.51,0.109,7.404,0.109,7.404,0.019818181818181818,45.3272
2025-11-04T19:30:00Z,119962,12.98,2025-11-04T19:28:40Z,11.58,0.109,7.252,0.109,7.252,0.019818181818181818,45.0536
2025-11-04T19:45:00Z,119963,12.95,2025-11-04T19:43:45Z,10.44,0.109,7.051,0.109,7.051,0.019818181818181818,44.6918
2025-11-04T20:00:00Z,119964,12.94,2025-11-04T19:58:00Z,9.27,0.108,6.865,0.108,6.865,0.019636363636363636,44.357
2025-11-04T20:15:00Z,119965,12.91,2025-11-04T20:08:40Z,8.21,0.108,6.703,0.108,6.703,0.019636363636363636,44.0654
2025-11-04T20:30:00Z,119966,12.91,2025-11-04T20:16:40Z,7.265,0.108,6.559,0.108,6.559,0.019636363636363636,43.806200000000004
2025-11-04T20:45:00Z,119967,12.9,2025-11-04T20:35:35Z,6.484,0.107,6.435,0.107,6.435,0.019454545454545454,43.583
2025-11-04T21:00:00Z,119968,12.89,2025-11-04T20:48:40Z,5.861,0.107,6.325,0.107,6.325,0.019454545454545454,43.385000000000005
2025-11-04T21:15:00Z,119969,12.87,2025-11-04T21:11:00Z,5.35,0.107,6.226,0.107,6.226,0.019454545454545454,43.2068
2025-11-04T21:30:00Z,119970,12.86,2025-11-04T21:21:20Z,4.932,0.107,6.138,0.107,6.138,0.019454545454545454,43.0484
2025-11-04T21:45:00Z,119971,12.84,2025-11-04T21:38:50Z,4.607,0.107,6.056,0.107,6.056,0.019454545454545454,42.900800000000004
2025-11-04T22:00:00Z,119972,12.87,2025-11-04T21:45:30Z,4.385,0.106,5.989,0.106,5.989,0.01927272727272727,42.7802
2025-11-04T22:15:00Z,119973,12.85,2025-11-04T22:08:40Z,4.219,0.106,5.921,0.106,5.921,0.01927272727272727,42.6578
2025-11-04T22:30:00Z,119974,12.84,2025-11-04T22:24:40Z,4.022,0.106,5.853,0.106,5.853,0.01927272727272727,42.535399999999996
2025-11-04T22:45:00Z,119975,12.85,2025-11-04T22:32:40Z,3.831,0.106,5.785,0.106,5.785,0.01927272727272727,42.413
2025-11-04T23:00:00Z,119976,12.83,2025-11-04T22:59:20Z,3.663,0.106,5.723,0.106,5.723,0.01927272727272727,42.3014
2025-11-04T23:15:00Z,119977,12.82,2025-11-04T23:01:00Z,3.505,0.106,5.666,0.106,5.666,0.01927272727272727,42.1988
2025-11-04T23:30:00Z,119978,12.81,2025-11-04T23:28:30Z,3.331,0.106,5.605,0.106,5.605,0.01927272727272727,42.089
2025-11-04T23:45:00Z,119979,12.83,2025-11-04T23:44:25Z,3.122,0.106,5.532,0.106,5.532,0.01927272727272727,41.9576
2025-11-05T00:15:00Z,119981,12.82,2025-11-05T00:08:35Z,2.769,0.105,5.411,0.105,5.411,0.01909090909090909,41.7398
2025-11-05T00:30:00Z,119982,12.67,2025-11-05T00:23:30Z,2.683,0.105,5.361,0.105,5.361,0.01909090909090909,41.6498
2025-11-05T00:45:00Z,119983,12.81,2025-11-05T00:40:25Z,2.672,0.105,5.321,0.105,5.321,0.01909090909090909,41.577799999999996
2025-11-05T01:00:00Z,119984,12.79,2025-11-05T00:51:20Z,2.655,0.105,5.278,0.105,5.278,0.01909090909090909,41.5004
2025-11-05T01:15:00Z,119985,12.78,2025-11-05T01:00:35Z,2.598,0.105,5.238,0.105,5.238,0.01909090909090909,41.428399999999996
2025-11-05T01:30:00Z,119986,12.77,2025-11-05T01:28:30Z,2.543,0.105,5.205,0.105,5.205,0.01909090909090909,41.369
2025-11-05T01:45:00Z,119987,12.77,2025-11-05T01:42:55Z,2.479,0.105,5.174,0.105,5.174,0.01909090909090909,41.3132
2025-11-05T02:00:00Z,119988,12.66,2025-11-05T01:55:50Z,2.512,0.105,5.157,0.105,5.157,0.01909090909090909,41.2826
2025-11-05T02:15:00Z,119989,12.75,2025-11-05T02:07:25Z,2.703,0.105,5.147,0.105,5.147,0.01909090909090909,41.2646
2025-11-05T02:30:00Z,119990,12.76,2025-11-05T02:17:35Z,2.924,0.105,5.139,0.105,5.139,0.01909090909090909,41.2502
2025-11-05T02:45:00Z,119991,12.74,2025-11-05T02:40:30Z,3.192,0.105,5.134,0.105,5.134,0.01909090909090909,41.2412
2025-11-05T03:00:00Z,119992,12.74,2025-11-05T02:49:30Z,3.478,0.105,5.132,0.105,5.132,0.01909090909090909,41.2376
2025-11-05T03:15:00Z,119993,12.72,2025-11-05T03:00:15Z,3.779,0.105,5.129,0.105,5.129,0.01909090909090909,41.2322
2025-11-05T03:30:00Z,119994,12.73,2025-11-05T03:29:35Z,4.055,0.106,5.135,0.106,5.135,0.01927272727272727,41.242999999999995
2025-11-05T03:45:00Z,119995,12.72,2025-11-05T03:34:55Z,4.305,0.106,5.14,0.106,5.14,0.01927272727272727,41.251999999999995
2025-11-05T04:00:00Z,119996,12.61,2025-11-05T03:57:35Z,4.461,0.106,5.14,0.106,5.14,0.01927272727272727,41.251999999999995
2025-11-05T04:15:00Z,119997,12.7,2025-11-05T04:08:25Z,4.633,0.106,5.183,0.106,5.183,0.01927272727272727,41.3294
2025-11-05T04:30:00Z,119998,12.73,2025-11-05T04:20:15Z,4.787,0.107,5.209,0.107,5.209,0.019454545454545454,41.3762
2025-11-05T04:45:00Z,119999,12.72,2025-11-05T04:40:40Z,4.782,0.107,5.193,0.107,5.193,0.019454545454545454,41.3474
2025-11-05T05:00:00Z,120000,12.64,2025-11-05T04:58:20Z,4.705,0.106,5.176,0.106,5.176,0.01927272727272727,41.3168
2025-11-05T05:15:00Z,120001,12.7,2025-11-05T05:08:20Z,4.647,0.106,5.168,0.106,5.168,0.01927272727272727,41.3024
2025-11-05T05:30:00Z,120002,12.69,2025-11-05T05:28:30Z,4.67,0.106,5.168,0.106,5.168,0.01927272727272727,41.3024
2025-11-05T05:45:00Z,120003,12.71,2025-11-05T05:42:55Z,4.727,0.106,5.178,0.106,5.178,0.01927272727272727,41.3204
2025-11-05T06:00:00Z,120004,12.71,2025-11-05T05:56:15Z,4.885,0.107,5.211,0.107,5.211,0.019454545454545454,41.3798
2025-11-05T06:15:00Z,120005,12.69,2025-11-05T06:14:05Z,5.092,0.107,5.25,0.107,5.25,0.019454545454545454,41.45
2025-11-05T06:30:00Z,120006,12.69,2025-11-05T06:22:00Z,5.347,0.108,5.309,0.108,5.309,0.019636363636363636,41.556200000000004
2025-11-05T06:45:00Z,120007,12.71,2025-11-05T06:43:20Z,5.665,0.108,5.369,0.108,5.369,0.019636363636363636,41.6642
2025-11-05T07:00:00Z,120008,12.71,2025-11-05T06:45:20Z,6.033,0.108,5.433,0.108,5.433,0.019636363636363636,41.779399999999995
2025-11-05T07:15:00Z,120009,12.65,2025-11-05T07:06:05Z,6.439,0.108,5.523,0.108,5.523,0.019636363636363636,41.9414
2025-11-05T07:30:00Z,120010,12.66,2025-11-05T07:24:10Z,6.817,0.108,5.641,0.108,5.641,0.019636363636363636,42.153800000000004
2025-11-05T07:45:00Z,120011,12.56,2025-11-05T07:42:45Z,7.229,0.109,5.777,0.109,5.777,0.019818181818181818,42.3986
2025-11-05T08:00:00Z,120012,12.68,2025-11-05T07:59:05Z,7.648,0.109,5.896,0.109,5.896,0.019818181818181818,42.6128
2025-11-05T08:15:00Z,120013,12.68,2025-11-05T08:00:20Z,8.01,0.109,5.995,0.109,5.995,0.019818181818181818,42.791
2025-11-05T08:30:00Z,120014,12.62,2025-11-05T08:22:25Z,8.35,0.109,6.098,0.109,6.098,0.019818181818181818,42.9764
2025-11-05T08:45:00Z,120015,12.63,2025-11-05T08:31:20Z,8.64,0.109,6.21,0.109,6.21,0.019818181818181818,43.178
2025-11-05T09:00:00Z,120016,12.67,2025-11-05T08:51:00Z,8.89,0.109,6.301,0.109,6.301,0.019818181818181818,43.3418
2025-11-05T09:15:00Z,120017,12.71,2025-11-05T09:10:35Z,9.2,0.11,6.438,0.11,6.438,0.02,43.5884
2025-11-05T09:30:00Z,120018,12.77,2025-11-05T09:15:10Z,9.64,0.11,6.639,0.11,6.639,0.02,43.9502
2025-11-05T09:45:00Z,120019,12.77,2025-11-05T09:43:15Z,10.17,0.11,6.851,0.11,6.851,0.02,44.3318
2025-11-05T10:00:00Z,120020,12.74,2025-11-05T09:53:05Z,10.63,0.11,7.043,0.11,7.043,0.02,44.6774
2025-11-05T10:15:00Z,120021,12.9,2025-11-05T10:05:40Z,11.13,0.111,7.279,0.111,7.279,0.020181818181818183,45.102199999999996
2025-11-05T10:30:00Z,120022,12.97,2025-11-05T10:18:00Z,11.77,0.111,7.535,0.111,7.535,0.020181818181818183,45.563
2025-11-05T10:45:00Z,120023,13.08,2025-11-05T10:30:15Z,12.49,0.111,7.82,0.111,7.82,0.020181818181818183,46.076
2025-11-05T11:00:00Z,120024,13.22,2025-11-05T10:45:10Z,13.38,0.112,8.12,0.112,8.12,0.020363636363636365,46.616
2025-11-05T11:15:00Z,120025,13.34,2025-11-05T11:01:05Z,14.16,0.113,8.4,0.113,8.4,0.020545454545454547,47.120000000000005
2025-11-05T11:30:00Z,120026,13.4,2025-11-05T11:23:55Z,14.53,0.113,8.6,0.113,8.6,0.020545454545454547,47.48
2025-11-05T11:45:00Z,120027,13.42,2025-11-05T11:37:35Z,14.56,0.113,8.75,0.113,8.75,0.020545454545454547,47.75
2025-11-05T12:00:00Z,120028,13.49,2025-11-05T11:47:00Z,14.55,0.113,8.9,0.113,8.9,0.020545454545454547,48.02
2025-11-05T12:15:00Z,120029,13.53,2025-11-05T12:04:45Z,14.65,0.113,9.08,0.113,9.08,0.020545454545454547,48.344
2025-11-05T12:30:00Z,120030,13.54,2025-11-05T12:26:50Z,14.76,0.113,9.25,0.113,9.25,0.020545454545454547,48.65
2025-11-05T12:45:00Z,120031,13.52,2025-11-05T12:39:30Z,14.85,0.114,9.4,0.114,9.4,0.02072727272727273,48.92
2025-11-05T13:00:00Z,120032,13.61,2025-11-05T12:45:10Z,14.94,0.113,9.53,0.113,9.53,0.020545454545454547,49.153999999999996
2025-11-05T13:15:00Z,120033,14.12,2025-11-05T13:15:00Z,15.35,0.114,9.71,0.114,9.71,0.02072727272727273,49.478
2025-11-05T13:30:00Z,120034,13.74,2025-11-05T13:22:30Z,15.79,0.114,9.86,0.114,9.86,0.02072727272727273,49.748
2025-11-05T13:45:00Z,120035,14.22,2025-11-05T13:41:45Z,16.5,0.114,9.96,0.114,9.96,0.02072727272727273,49.928000000000004
2025-11-05T14:00:00Z,120036,14.24,2025-11-05T13:47:45Z,16.74,0.115,10.16,0.115,10.16,0.02090909090909091,50.288
2025-11-05T14:15:00Z,120037,13.5,2025-11-05T14:14:40Z,16.61,0.115,10.29,0.115,10.29,0.02090909090909091,50.522
2025-11-05T14:30:00Z,120038,13.33,2025-11-05T14:27:10Z,16.16,0.114,10.14,0.114,10.14,0.02072727272727273,50.252
2025-11-05T14:45:00Z,120039,13.36,2025-11-05T14:30:05Z,15.55,0.113,10.02,0.113,10.02,0.020545454545454547,50.036
2025-11-05T15:00:00Z,120040,14.25,2025-11-05T14:57:50Z,15.7,0.114,10.04,0.114,10.04,0.02072727272727273,50.071999999999996
2025-11-05T15:15:00Z,120041,13.7,2025-11-05T15:06:05Z,16.42,0.114,10,0.114,10,0.02072727272727273,50
2025-11-05T15:30:00Z,120042,14.07,2025-11-05T15:30:00Z,16.15,0.113,9.94,0.113,9.94,0.020545454545454547,49.891999999999996
2025-11-05T15:45:00Z,120043,13.66,2025-11-05T15:33:40Z,15.76,0.114,9.89,0.114,9.89,0.02072727272727273,49.802
2025-11-05T16:00:00Z,120044,13.52,2025-11-05T15:59:55Z,15.15,0.113,9.85,0.113,9.85,0.020545454545454547,49.73
2025-11-05T16:15:00Z,120045,13.46,2025-11-05T16:14:05Z,14.61,0.113,9.77,0.113,9.77,0.020545454545454547,49.586
2025-11-05T16:30:00Z,120046,13.44,2025-11-05T16:18:55Z,14.09,0.113,9.67,0.113,9.67,0.020545454545454547,49.406
2025-11-05T16:45:00Z,120047,13.5,2025-11-05T16:40:20Z,13.54,0.112,9.57,0.112,9.57,0.020363636363636365,49.226
2025-11-05T17:00:00Z,120048,13.72,2025-11-05T16:51:25Z,13.36,0.11,9.37,0.11,9.37,0.02,48.866
2025-11-05T17:15:00Z,120049,13.58,2025-11-05T17:03:25Z,13.29,0.11,9.2,0.11,9.2,0.02,48.56
2025-11-05T17:30:00Z,120050,13.64,2025-11-05T17:22:10Z,12.96,0.11,9.02,0.11,9.02,0.02,48.236
2025-11-05T17:45:00Z,120051,13.5,2025-11-05T17:44:35Z,12.48,0.109,8.86,0.109,8.86,0.019818181818181818,47.948
2025-11-05T18:00:00Z,120052,13.34,2025-11-05T17:58:30Z,11.96,0.108,8.68,0.108,8.68,0.019636363636363636,47.624
2025-11-05T18:15:00Z,120053,13.28,2025-11-05T18:12:45Z,11.35,0.108,8.47,0.108,8.47,0.019636363636363636,47.246
2025-11-05T18:30:00Z,120054,13.18,2025-11-05T18:25:55Z,10.79,0.107,8.28,0.107,8.28,0.019454545454545454,46.903999999999996
2025-11-05T18:45:00Z,120055,13.1,2025-11-05T18:43:25Z,10.31,0.107,8.1,0.107,8.1,0.019454545454545454,46.58
2025-11-05T19:00:00Z,120056,12.95,2025-11-05T18:57:30Z,9.85,0.105,7.928,0.105,7.928,0.01909090909090909,46.2704
2025-11-05T19:15:00Z,120057,13.02,2025-11-05T19:14:20Z,9.39,0.105,7.783,0.105,7.783,0.01909090909090909,46.0094
2025-11-05T19:30:00Z,120058,12.97,2025-11-05T19:22:15Z,8.98,0.104,7.648,0.104,7.648,0.01890909090909091,45.7664
2025-11-05T19:45:00Z,120059,12.94,2025-11-05T19:33:50Z,8.65,0.104,7.514,0.104,7.514,0.01890909090909091,45.5252
2025-11-05T20:00:00Z,120060,12.92,2025-11-05T19:58:05Z,8.43,0.103,7.379,0.103,7.379,0.018727272727272728,45.2822
2025-11-05T20:15:00Z,120061,12.88,2025-11-05T20:08:25Z,8.16,0.102,7.247,0.102,7.247,0.018545454545454546,45.0446
2025-11-05T20:30:00Z,120062,12.83,2025-11-05T20:18:20Z,7.895,0.102,7.125,0.102,7.125,0.018545454545454546,44.825
2025-11-05T20:45:00Z,120063,12.89,2025-11-05T20:43:25Z,7.577,0.101,7.016,0.101,7.016,0.018363636363636363,44.6288
2025-11-05T21:00:00Z,120064,12.87,2025-11-05T20:48:45Z,7.095,0.101,6.89,0.101,6.89,0.018363636363636363,44.402
2025-11-05T21:15:00Z,120065,12.86,2025-11-05T21:11:05Z,6.562,0.101,6.755,0.101,6.755,0.018363636363636363,44.159
2025-11-05T21:30:00Z,120066,12.69,2025-11-05T21:20:15Z,6.007,0.1,6.617,0.1,6.617,0.018181818181818184,43.9106
2025-11-05T21:45:00Z,120067,12.84,2025-11-05T21:38:25Z,5.291,0.1,6.474,0.1,6.474,0.018181818181818184,43.6532
2025-11-05T22:00:00Z,120068,12.83,2025-11-05T21:55:25Z,4.442,0.099,6.322,0.099,6.322,0.018000000000000002,43.379599999999996
2025-11-05T22:15:00Z,120069,12.82,2025-11-05T22:00:45Z,3.604,0.099,6.158,0.099,6.158,0.018000000000000002,43.0844
2025-11-05T22:30:00Z,120070,12.84,2025-11-05T22:27:25Z,2.872,0.099,6.014,0.099,6.014,0.018000000000000002,42.8252
2025-11-05T22:45:00Z,120071,12.64,2025-11-05T22:33:25Z,2.226,0.098,5.885,0.098,5.885,0.01781818181818182,42.593
2025-11-05T23:00:00Z,120072,12.82,2025-11-05T22:54:05Z,1.712,0.098,5.758,0.098,5.758,0.01781818181818182,42.3644
2025-11-05T23:15:00Z,120073,12.82,2025-11-05T23:07:25Z,1.257,0.097,5.631,0.097,5.631,0.017636363636363638,42.1358
2025-11-05T23:30:00Z,120074,12.81,2025-11-05T23:28:45Z,0.85,0.097,5.514,0.097,5.514,0.017636363636363638,41.925200000000004
2025-11-05T23:45:00Z,120075,12.81,2025-11-05T23:42:05Z,0.497,0.096,5.399,0.096,5.399,0.017454545454545455,41.718199999999996
2025-11-06T00:15:00Z,120077,12.8,2025-11-06T00:14:05Z,-0.107,0.096,5.18,0.096,5.18,0.017454545454545455,41.324
2025-11-06T00:30:00Z,120078,12.77,2025-11-06T00:19:45Z,-0.348,0.095,5.083,0.095,5.083,0.017272727272727273,41.1494
2025-11-06T00:45:00Z,120079,12.8,2025-11-06T00:39:05Z,-0.574,0.095,4.985,0.095,4.985,0.017272727272727273,40.973
2025-11-06T01:00:00Z,120080,12.77,2025-11-06T00:51:00Z,-0.762,0.094,4.889,0.094,4.889,0.01709090909090909,40.800200000000004
2025-11-06T01:15:00Z,120081,12.76,2025-11-06T01:00:25Z,-0.899,0.094,4.801,0.094,4.801,0.01709090909090909,40.6418
2025-11-06T01:30:00Z,120082,12.78,2025-11-06T01:21:40Z,-0.97,0.094,4.717,0.094,4.717,0.01709090909090909,40.4906
2025-11-06T01:45:00Z,120083,12.77,2025-11-06T01:43:35Z,-1.041,0.094,4.635,0.094,4.635,0.01709090909090909,40.343
2025-11-06T02:00:00Z,120084,12.77,2025-11-06T01:54:00Z,-1.101,0.094,4.558,0.094,4.558,0.01709090909090909,40.2044
2025-11-06T02:15:00Z,120085,12.76,2025-11-06T02:14:40Z,-1.157,0.093,4.475,0.093,4.475,0.01690909090909091,40.055
2025-11-06T02:30:00Z,120086,12.76,2025-11-06T02:22:50Z,-1.254,0.093,4.395,0.093,4.395,0.01690909090909091,39.911
2025-11-06T02:45:00Z,120087,12.74,2025-11-06T02:33:40Z,-1.361,0.093,4.309,0.093,4.309,0.01690909090909091,39.7562
2025-11-06T03:00:00Z,120088,12.72,2025-11-06T02:51:05Z,-1.477,0.093,4.234,0.093,4.234,0.01690909090909091,39.6212
2025-11-06T03:15:00Z,120089,12.74,2025-11-06T03:11:00Z,-1.553,0.093,4.161,0.093,4.161,0.01690909090909091,39.4898
2025-11-06T03:30:00Z,120090,12.74,2025-11-06T03:19:00Z,-1.566,0.093,4.102,0.093,4.102,0.01690909090909091,39.3836
2025-11-06T03:45:00Z,120091,12.72,2025-11-06T03:43:00Z,-1.597,0.093,4.036,0.093,4.036,0.01690909090909091,39.2648
2025-11-06T04:00:00Z,120092,12.71,2025-11-06T03:59:00Z,-1.697,0.093,3.958,0.093,3.958,0.01690909090909091,39.1244
2025-11-06T04:15:00Z,120093,12.7,2025-11-06T04:04:20Z,-1.826,0.093,3.881,0.093,3.881,0.01690909090909091,38.9858
2025-11-06T04:30:00Z,120094,12.7,2025-11-06T04:28:20Z,-1.95,0.092,3.813,0.092,3.813,0.016727272727272726,38.8634
2025-11-06T04:45:00Z,120095,12.7,2025-11-06T04:40:25Z,-2.003,0.093,3.75,0.093,3.75,0.01690909090909091,38.75
2025-11-06T05:00:00Z,120096,12.71,2025-11-06T04:57:40Z,-2.043,0.092,3.685,0.092,3.685,0.016727272727272726,38.633
2025-11-06T05:15:00Z,120097,12.7,2025-11-06T05:03:00Z,-2.094,0.092,3.626,0.092,3.626,0.016727272727272726,38.5268
2025-11-06T05:30:00Z,120098,12.7,2025-11-06T05:21:40Z,-2.025,0.092,3.575,0.092,3.575,0.016727272727272726,38.435
2025-11-06T05:45:00Z,120099,12.69,2025-11-06T05:36:05Z,-2.063,0.092,3.516,0.092,3.516,0.016727272727272726,38.3288
2025-11-06T06:00:00Z,120100,12.69,2025-11-06T05:56:20Z,-2.218,0.092,3.439,0.092,3.439,0.016727272727272726,38.1902
2025-11-06T06:15:00Z,120101,12.69,2025-11-06T06:15:00Z,-2.414,0.092,3.359,0.092,3.359,0.016727272727272726,38.0462
2025-11-06T06:30:00Z,120102,12.68,2025-11-06T06:20:20Z,-2.599,0.092,3.284,0.092,3.284,0.016727272727272726,37.9112
2025-11-06T06:45:00Z,120103,12.65,2025-11-06T06:31:05Z,-2.753,0.091,3.209,0.091,3.209,0.016545454545454547,37.7762
2025-11-06T07:00:00Z,120104,12.66,2025-11-06T06:58:35Z,-2.904,0.091,3.134,0.091,3.134,0.016545454545454547,37.6412
2025-11-06T07:15:00Z,120105,12.66,2025-11-06T07:10:40Z,-3.033,0.09,3.069,0.09,3.069,0.01636363636363636,37.5242
2025-11-06T07:30:00Z,120106,12.65,2025-11-06T07:26:05Z,-3.125,0.09,2.998,0.09,2.998,0.01636363636363636,37.3964
2025-11-06T07:45:00Z,120107,12.64,2025-11-06T07:35:00Z,-3.235,0.09,2.931,0.09,2.931,0.01636363636363636,37.275800000000004
2025-11-06T08:00:00Z,120108,12.64,2025-11-06T07:56:05Z,-3.329,0.09,2.865,0.09,2.865,0.01636363636363636,37.157000000000004
2025-11-06T08:15:00Z,120109,12.65,2025-11-06T08:11:20Z,-3.435,0.09,2.81,0.09,2.81,0.01636363636363636,37.058
2025-11-06T08:30:00Z,120110,12.53,2025-11-06T08:21:10Z,-3.505,0.09,2.765,0.09,2.765,0.01636363636363636,36.977000000000004
2025-11-06T08:45:00Z,120111,12.65,2025-11-06T08:30:25Z,-3.497,0.09,2.739,0.09,2.739,0.01636363636363636,36.9302
2025-11-06T09:00:00Z,120112,12.65,2025-11-06T08:55:55Z,-3.453,0.089,2.722,0.089,2.722,0.016181818181818183,36.8996
2025-11-06T09:15:00Z,120113,12.67,2025-11-06T09:06:35Z,-3.32,0.089,2.737,0.089,2.737,0.016181818181818183,36.9266
2025-11-06T09:30:00Z,120114,12.66,2025-11-06T09:16:10Z,-3.084,0.09,2.763,0.09,2.763,0.01636363636363636,36.9734
2025-11-06T09:45:00Z,120115,12.69,2025-11-06T09:43:55Z,-2.714,0.09,2.818,0.09,2.818,0.01636363636363636,37.0724
2025-11-06T10:00:00Z,120116,12.7,2025-11-06T09:54:35Z,-2.071,0.09,2.896,0.09,2.896,0.01636363636363636,37.2128
2025-11-06T10:15:00Z,120117,12.71,2025-11-06T10:09:15Z,-1.33,0.09,2.995,0.09,2.995,0.01636363636363636,37.391
2025-11-06T10:30:00Z,120118,12.74,2025-11-06T10:21:15Z,-0.564,0.09,3.113,0.09,3.113,0.01636363636363636,37.6034
2025-11-06T10:45:00Z,120119,12.76,2025-11-06T10:38:45Z,0.44,0.09,3.254,0.09,3.254,0.01636363636363636,37.8572
2025-11-06T11:00:00Z,120120,12.79,2025-11-06T10:47:05Z,1.777,0.091,3.422,0.091,3.422,0.016545454545454547,38.1596
2025-11-06T11:15:00Z,120121,12.79,2025-11-06T11:06:25Z,3.091,0.091,3.57,0.091,3.57,0.016545454545454547,38.426
2025-11-06T11:30:00Z,120122,12.83,2025-11-06T11:15:50Z,4.761,0.092,3.72,0.092,3.72,0.016727272727272726,38.696
2025-11-06T11:45:00Z,120123,12.85,2025-11-06T11:38:35Z,6.19,0.092,3.874,0.092,3.874,0.016727272727272726,38.9732
2025-11-06T12:00:00Z,120124,12.88,2025-11-06T11:46:35Z,7.104,0.093,4.024,0.093,4.024,0.01690909090909091,39.2432
2025-11-06T12:15:00Z,120125,12.9,2025-11-06T12:00:20Z,7.63,0.093,4.155,0.093,4.155,0.01690909090909091,39.479
2025-11-06T12:30:00Z,120126,13,2025-11-06T12:21:15Z,8.59,0.093,4.294,0.093,4.294,0.01690909090909091,39.7292
2025-11-06T12:45:00Z,120127,13.07,2025-11-06T12:30:35Z,9.71,0.094,4.471,0.094,4.471,0.01709090909090909,40.0478
2025-11-06T13:00:00Z,120128,13.14,2025-11-06T12:45:15Z,10.33,0.094,4.602,0.094,4.602,0.01709090909090909,40.2836
2025-11-06T13:15:00Z,120129,13.3,2025-11-06T13:00:30Z,11,0.094,4.7,0.094,4.7,0.01709090909090909,40.46
2025-11-06T13:30:00Z,120130,13.51,2025-11-06T13:15:20Z,11.52,0.095,4.79,0.095,4.79,0.017272727272727273,40.622
2025-11-06T13:45:00Z,120131,13.82,2025-11-06T13:41:45Z,12.63,0.095,4.887,0.095,4.887,0.017272727272727273,40.7966
2025-11-06T14:00:00Z,120132,14.13,2025-11-06T13:58:00Z,13.63,0.095,4.993,0.095,4.993,0.017272727272727273,40.9874
2025-11-06T14:15:00Z,120133,13.87,2025-11-06T14:01:35Z,14.3,0.095,5.069,0.095,5.069,0.017272727272727273,41.1242
2025-11-06T14:30:00Z,120134,14.32,2025-11-06T14:22:05Z,14.55,0.095,5.138,0.095,5.138,0.017272727272727273,41.248400000000004
2025-11-06T14:45:00Z,120135,14.31,2025-11-06T14:41:05Z,14.96,0.095,5.208,0.095,5.208,0.017272727272727273,41.3744
2025-11-06T15:00:00Z,120136,14.22,2025-11-06T14:53:20Z,16.12,0.095,5.305,0.095,5.305,0.017272727272727273,41.549
2025-11-06T15:15:00Z,120137,14.25,2025-11-06T15:13:45Z,17.41,0.096,5.485,0.096,5.485,0.017454545454545455,41.873000000000005
2025-11-06T15:30:00Z,120138,14.22,2025-11-06T15:22:25Z,18.39,0.096,5.67,0.096,5.67,0.017454545454545455,42.206
2025-11-06T15:45:00Z,120139,13.86,2025-11-06T15:41:15Z,18.58,0.096,5.886,0.096,5.886,0.017454545454545455,42.5948
2025-11-06T16:00:00Z,120140,13.83,2025-11-06T15:58:10Z,18.12,0.097,6.213,0.097,6.213,0.017636363636363638,43.1834
2025-11-06T16:15:00Z,120141,13.86,2025-11-06T16:00:30Z,17,0.097,6.461,0.097,6.461,0.017636363636363638,43.6298
2025-11-06T16:30:00Z,120142,13.87,2025-11-06T16:20:35Z,15.94,0.097,6.523,0.097,6.523,0.017636363636363638,43.7414
2025-11-06T16:45:00Z,120143,13.89,2025-11-06T16:36:10Z,15.13,0.097,6.568,0.097,6.568,0.017636363636363638,43.8224
2025-11-06T17:00:00Z,120144,13.9,2025-11-06T16:45:35Z,14.5,0.097,6.647,0.097,6.647,0.017636363636363638,43.964600000000004
2025-11-06T17:15:00Z,120145,13.94,2025-11-06T17:00:20Z,13.97,0.097,6.685,0.097,6.685,0.017636363636363638,44.033
2025-11-06T17:30:00Z,120146,13.84,2025-11-06T17:20:50Z,13.66,0.097,6.649,0.097,6.649,0.017636363636363638,43.968199999999996
2025-11-06T17:45:00Z,120147,13.54,2025-11-06T17:41:45Z,13.2,0.097,6.571,0.097,6.571,0.017636363636363638,43.827799999999996
2025-11-06T18:00:00Z,120148,13.39,2025-11-06T17:58:50Z,12.55,0.097,6.457,0.097,6.457,0.017636363636363638,43.6226
2025-11-06T18:15:00Z,120149,13.29,2025-11-06T18:13:15Z,11.69,0.096,6.271,0.096,6.271,0.017454545454545455,43.287800000000004
2025-11-06T18:30:00Z,120150,13.19,2025-11-06T18:27:30Z,10.66,0.096,6.077,0.096,6.077,0.017454545454545455,42.9386
2025-11-06T18:45:00Z,120151,13.11,2025-11-06T18:40:25Z,9.59,0.096,5.903,0.096,5.903,0.017454545454545455,42.6254
2025-11-06T19:00:00Z,120152,13.04,2025-11-06T18:59:30Z,8.57,0.095,5.761,0.095,5.761,0.017272727272727273,42.3698
2025-11-06T19:15:00Z,120153,13,2025-11-06T19:12:50Z,7.608,0.095,5.644,0.095,5.644,0.017272727272727273,42.1592
2025-11-06T19:30:00Z,120154,12.97,2025-11-06T19:26:05Z,6.709,0.094,5.524,0.094,5.524,0.01709090909090909,41.943200000000004
2025-11-06T19:45:00Z,120155,12.95,2025-11-06T19:42:10Z,5.873,0.094,5.426,0.094,5.426,0.01709090909090909,41.7668
2025-11-06T20:00:00Z,120156,12.94,2025-11-06T19:52:50Z,5.228,0.094,5.389,0.094,5.389,0.01709090909090909,41.7002
2025-11-06T20:15:00Z,120157,12.92,2025-11-06T20:03:30Z,4.768,0.094,5.348,0.094,5.348,0.01709090909090909,41.626400000000004
2025-11-06T20:30:00Z,120158,12.91,2025-11-06T20:24:50Z,4.416,0.094,5.303,0.094,5.303,0.01709090909090909,41.5454
2025-11-06T20:45:00Z,120159,12.88,2025-11-06T20:39:00Z,4.194,0.093,5.295,0.093,5.295,0.01690909090909091,41.531
2025-11-06T21:00:00Z,120160,12.89,2025-11-06T20:54:10Z,4.103,0.094,5.325,0.094,5.325,0.01709090909090909,41.585
2025-11-06T21:15:00Z,120161,12.85,2025-11-06T21:10:25Z,4.258,0.094,5.381,0.094,5.381,0.01709090909090909,41.6858
2025-11-06T21:30:00Z,120162,12.84,2025-11-06T21:28:45Z,4.572,0.095,5.427,0.095,5.427,0.017272727272727273,41.7686
2025-11-06T21:45:00Z,120163,12.87,2025-11-06T21:39:30Z,4.929,0.095,5.451,0.095,5.451,0.017272727272727273,41.8118
2025-11-06T22:00:00Z,120164,12.85,2025-11-06T21:47:30Z,5.265,0.095,5.476,0.095,5.476,0.017272727272727273,41.8568
2025-11-06T22:15:00Z,120165,12.81,2025-11-06T22:06:35Z,5.59,0.095,5.499,0.095,5.499,0.017272727272727273,41.8982
2025-11-06T22:30:00Z,120166,12.83,2025-11-06T22:23:40Z,5.928,0.095,5.525,0.095,5.525,0.017272727272727273,41.945
2025-11-06T22:45:00Z,120167,12.81,2025-11-06T22:41:20Z,6.223,0.095,5.518,0.095,5.518,0.017272727272727273,41.9324
2025-11-06T23:00:00Z,120168,12.81,2025-11-06T22:52:00Z,6.547,0.096,5.524,0.096,5.524,0.017454545454545455,41.943200000000004
2025-11-06T23:15:00Z,120169,12.8,2025-11-06T23:06:20Z,6.842,0.096,5.533,0.096,5.533,0.017454545454545455,41.9594
2025-11-06T23:30:00Z,120170,12.77,2025-11-06T23:19:25Z,7.052,0.096,5.532,0.096,5.532,0.017454545454545455,41.9576
2025-11-06T23:45:00Z,120171,12.79,2025-11-06T23:40:00Z,7.202,0.096,5.537,0.096,5.537,0.017454545454545455,41.9666
2025-11-07T00:15:00Z,120173,12.81,2025-11-07T00:09:45Z,7.448,0.096,5.601,0.096,5.601,0.017454545454545455,42.0818
2025-11-07T00:30:00Z,120174,12.8,2025-11-07T00:23:50Z,7.576,0.096,5.643,0.096,5.643,0.017454545454545455,42.157399999999996
2025-11-07T00:45:00Z,120175,12.78,2025-11-07T00:40:15Z,7.724,0.096,5.685,0.096,5.685,0.017454545454545455,42.233000000000004
2025-11-07T01:00:00Z,120176,12.78,2025-11-07T00:50:30Z,7.794,0.097,5.683,0.097,5.683,0.017636363636363638,42.2294
2025-11-07T01:15:00Z,120177,12.77,2025-11-07T01:00:40Z,7.73,0.096,5.635,0.096,5.635,0.017454545454545455,42.143
2025-11-07T01:30:00Z,120178,12.79,2025-11-07T01:16:25Z,7.683,0.096,5.642,0.096,5.642,0.017454545454545455,42.1556
2025-11-07T01:45:00Z,120179,12.68,2025-11-07T01:38:00Z,7.657,0.096,5.663,0.096,5.663,0.017454545454545455,42.1934
2025-11-07T02:00:00Z,120180,12.74,2025-11-07T01:56:00Z,7.62,0.097,5.668,0.097,5.668,0.017636363636363638,42.2024
2025-11-07T02:15:00Z,120181,12.75,2025-11-07T02:05:05Z,7.541,0.096,5.652,0.096,5.652,0.017454545454545455,42.1736
2025-11-07T02:30:00Z,120182,12.75,2025-11-07T02:23:05Z,7.43,0.096,5.628,0.096,5.628,0.017454545454545455,42.1304
2025-11-07T02:45:00Z,120183,12.73,2025-11-07T02:39:00Z,7.289,0.096,5.591,0.096,5.591,0.017454545454545455,42.0638
2025-11-07T03:00:00Z,120184,12.74,2025-11-07T02:50:35Z,7.139,0.096,5.577,0.096,5.577,0.017454545454545455,42.0386
2025-11-07T03:15:00Z,120185,12.65,2025-11-07T03:02:55Z,6.977,0.096,5.556,0.096,5.556,0.017454545454545455,42.0008
2025-11-07T03:30:00Z,120186,12.63,2025-11-07T03:18:05Z,6.845,0.096,5.54,0.096,5.54,0.017454545454545455,41.972
2025-11-07T03:45:00Z,120187,12.73,2025-11-07T03:33:25Z,6.783,0.096,5.53,0.096,5.53,0.017454545454545455,41.954
2025-11-07T04:00:00Z,120188,12.72,2025-11-07T03:54:25Z,6.731,0.096,5.521,0.096,5.521,0.017454545454545455,41.937799999999996
2025-11-07T04:15:00Z,120189,12.7,2025-11-07T04:12:20Z,6.673,0.097,5.51,0.097,5.51,0.017636363636363638,41.918
2025-11-07T04:30:00Z,120190,12.69,2025-11-07T04:22:20Z,6.613,0.097,5.491,0.097,5.491,0.017636363636363638,41.8838
2025-11-07T04:45:00Z,120191,12.69,2025-11-07T04:37:00Z,6.54,0.097,5.492,0.097,5.492,0.017636363636363638,41.8856
2025-11-07T05:00:00Z,120192,12.71,2025-11-07T04:52:55Z,6.495,0.097,5.52,0.097,5.52,0.017636363636363638,41.936
2025-11-07T05:15:00Z,120193,12.67,2025-11-07T05:06:15Z,6.619,0.098,5.606,0.098,5.606,0.01781818181818182,42.0908
2025-11-07T05:30:00Z,120194,12.68,2025-11-07T05:17:00Z,6.862,0.098,5.693,0.098,5.693,0.01781818181818182,42.2474
2025-11-07T05:45:00Z,120195,12.67,2025-11-07T05:36:25Z,7.077,0.099,5.748,0.099,5.748,0.018000000000000002,42.3464
2025-11-07T06:00:00Z,120196,12.68,2025-11-07T05:51:35Z,7.272,0.099,5.796,0.099,5.796,0.018000000000000002,42.4328
2025-11-07T06:15:00Z,120197,12.66,2025-11-07T06:02:15Z,7.492,0.099,5.851,0.099,5.851,0.018000000000000002,42.531800000000004
2025-11-07T06:30:00Z,120198,12.65,2025-11-07T06:23:05Z,7.725,0.099,5.908,0.099,5.908,0.018000000000000002,42.6344
2025-11-07T06:45:00Z,120199,12.61,2025-11-07T06:41:15Z,7.943,0.1,5.956,0.1,5.956,0.018181818181818184,42.7208
2025-11-07T07:00:00Z,120200,12.6,2025-11-07T06:57:00Z,8.14,0.1,6.003,0.1,6.003,0.018181818181818184,42.8054
2025-11-07T07:15:00Z,120201,12.61,2025-11-07T07:01:45Z,8.31,0.1,6.046,0.1,6.046,0.018181818181818184,42.8828
2025-11-07T07:30:00Z,120202,12.55,2025-11-07T07:16:20Z,8.47,0.1,6.093,0.1,6.093,0.018181818181818184,42.9674
2025-11-07T07:45:00Z,120203,12.64,2025-11-07T07:35:35Z,8.43,0.103,6.113,0.103,6.113,0.018727272727272728,43.0034
2025-11-07T08:00:00Z,120204,12.62,2025-11-07T07:53:15Z,7.876,0.103,6.138,0.103,6.138,0.018727272727272728,43.0484
2025-11-07T08:15:00Z,120205,12.53,2025-11-07T08:10:30Z,7.329,0.107,6.19,0.107,6.19,0.019454545454545454,43.141999999999996
2025-11-07T08:30:00Z,120206,12.62,2025-11-07T08:29:55Z,6.821,0.114,6.242,0.114,6.242,0.02072727272727273,43.2356
2025-11-07T08:45:00Z,120207,12.52,2025-11-07T08:40:50Z,6.38,0.121,6.336,0.121,6.336,0.022,43.4048
2025-11-07T09:00:00Z,120208,12.62,2025-11-07T08:48:10Z,6.13,0.13,6.481,0.13,6.481,0.02363636363636364,43.665800000000004
2025-11-07T09:15:00Z,120209,12.52,2025-11-07T09:14:30Z,6.026,0.132,6.596,0.132,6.596,0.024,43.8728
2025-11-07T09:30:00Z,120210,12.59,2025-11-07T09:15:40Z,6.038,0.131,6.677,0.131,6.677,0.023818181818181818,44.0186
2025-11-07T09:45:00Z,120211,12.61,2025-11-07T09:31:05Z,6.137,0.131,6.743,0.131,6.743,0.023818181818181818,44.1374
2025-11-07T10:00:00Z,120212,12.61,2025-11-07T09:55:00Z,6.293,0.131,6.822,0.131,6.822,0.023818181818181818,44.2796
2025-11-07T10:15:00Z,120213,12.67,2025-11-07T10:10:45Z,6.5,0.131,6.895,0.131,6.895,0.023818181818181818,44.411
2025-11-07T10:30:00Z,120214,12.55,2025-11-07T10:28:15Z,6.721,0.131,6.957,0.131,6.957,0.023818181818181818,44.5226
2025-11-07T10:45:00Z,120215,12.66,2025-11-07T10:44:15Z,6.969,0.131,7.025,0.131,7.025,0.023818181818181818,44.644999999999996
2025-11-07T11:00:00Z,120216,12.64,2025-11-07T10:46:15Z,7.251,0.131,7.101,0.131,7.101,0.023818181818181818,44.781800000000004
2025-11-07T11:15:00Z,120217,12.7,2025-11-07T11:00:50Z,7.578,0.131,7.195,0.131,7.195,0.023818181818181818,44.951
2025-11-07T11:30:00Z,120218,12.72,2025-11-07T11:22:40Z,7.996,0.131,7.324,0.131,7.324,0.023818181818181818,45.1832
2025-11-07T11:45:00Z,120219,12.78,2025-11-07T11:30:40Z,8.4,0.132,7.445,0.132,7.445,0.024,45.400999999999996
2025-11-07T12:00:00Z,120220,12.82,2025-11-07T11:45:40Z,8.9,0.132,7.586,0.132,7.586,0.024,45.6548
2025-11-07T12:15:00Z,120221,12.85,2025-11-07T12:00:50Z,9.41,0.132,7.749,0.132,7.749,0.024,45.9482
2025-11-07T12:30:00Z,120222,12.92,2025-11-07T12:17:45Z,9.86,0.133,7.931,0.133,7.931,0.024181818181818186,46.275800000000004
2025-11-07T12:45:00Z,120223,12.97,2025-11-07T12:34:50Z,10.26,0.133,8.08,0.133,8.08,0.024181818181818186,46.544
2025-11-07T13:00:00Z,120224,13.02,2025-11-07T12:45:20Z,10.6,0.133,8.19,0.133,8.19,0.024181818181818186,46.742
2025-11-07T13:15:00Z,120225,13.04,2025-11-07T13:10:25Z,10.93,0.133,8.32,0.133,8.32,0.024181818181818186,46.976
2025-11-07T13:30:00Z,120226,13.05,2025-11-07T13:21:40Z,11.29,0.133,8.45,0.133,8.45,0.024181818181818186,47.21
2025-11-07T13:45:00Z,120227,13.3,2025-11-07T13:30:40Z,11.91,0.133,8.67,0.133,8.67,0.024181818181818186,47.606
2025-11-07T14:00:00Z,120228,13.56,2025-11-07T13:51:40Z,12.79,0.135,8.93,0.135,8.93,0.024545454545454547,48.074
2025-11-07T14:15:00Z,120229,13.56,2025-11-07T14:05:20Z,13.36,0.135,9.09,0.135,9.09,0.024545454545454547,48.362
2025-11-07T14:30:00Z,120230,13.75,2025-11-07T14:18:10Z,13.97,0.134,9.21,0.134,9.21,0.024363636363636365,48.578
2025-11-07T14:45:00Z,120231,13.77,2025-11-07T14:43:30Z,14.83,0.135,9.37,0.135,9.37,0.024545454545454547,48.866
2025-11-07T15:00:00Z,120232,13.71,2025-11-07T14:46:50Z,15.28,0.135,9.45,0.135,9.45,0.024545454545454547,49.01
2025-11-07T15:15:00Z,120233,13.7,2025-11-07T15:14:00Z,15.82,0.135,9.49,0.135,9.49,0.024545454545454547,49.082
2025-11-07T15:30:00Z,120234,13.71,2025-11-07T15:17:10Z,16.48,0.135,9.46,0.135,9.46,0.024545454545454547,49.028000000000006
2025-11-07T15:45:00Z,120235,13.76,2025-11-07T15:44:55Z,17.28,0.135,9.42,0.135,9.42,0.024545454545454547,48.956
2025-11-07T16:00:00Z,120236,13.68,2025-11-07T15:46:40Z,17.19,0.135,9.43,0.135,9.43,0.024545454545454547,48.974000000000004
2025-11-07T16:15:00Z,120237,13.72,2025-11-07T16:14:45Z,16.72,0.134,9.41,0.134,9.41,0.024363636363636365,48.938
2025-11-07T16:30:00Z,120238,13.63,2025-11-07T16:21:00Z,16.41,0.134,9.44,0.134,9.44,0.024363636363636365,48.992
2025-11-07T16:45:00Z,120239,13.63,2025-11-07T16:32:50Z,16.44,0.134,9.44,0.134,9.44,0.024363636363636365,48.992
2025-11-07T17:00:00Z,120240,14.18,2025-11-07T16:51:50Z,17.06,0.134,9.39,0.134,9.39,0.024363636363636365,48.902
2025-11-07T17:15:00Z,120241,14.19,2025-11-07T17:01:45Z,17.57,0.134,9.28,0.134,9.28,0.024363636363636365,48.704
2025-11-07T17:30:00Z,120242,13.52,2025-11-07T17:22:30Z,17.1,0.133,9.17,0.133,9.17,0.024181818181818186,48.506
2025-11-07T17:45:00Z,120243,13.44,2025-11-07T17:44:40Z,16.01,0.132,9.07,0.132,9.07,0.024,48.326
2025-11-07T18:00:00Z,120244,13.3,2025-11-07T17:58:35Z,14.98,0.132,8.98,0.132,8.98,0.024,48.164
2025-11-07T18:15:00Z,120245,13.22,2025-11-07T18:14:50Z,14.03,0.131,8.87,0.131,8.87,0.023818181818181818,47.966
2025-11-07T18:30:00Z,120246,13.13,2025-11-07T18:26:40Z,13.19,0.13,8.75,0.13,8.75,0.02363636363636364,47.75
2025-11-07T18:45:00Z,120247,13.08,2025-11-07T18:43:35Z,12.43,0.13,8.63,0.13,8.63,0.02363636363636364,47.534
2025-11-07T19:00:00Z,120248,13.03,2025-11-07T18:59:35Z,11.73,0.129,8.51,0.129,8.51,0.023454545454545457,47.318
2025-11-07T19:15:00Z,120249,12.98,2025-11-07T19:12:55Z,11.09,0.129,8.39,0.129,8.39,0.023454545454545457,47.102000000000004
2025-11-07T19:30:00Z,120250,12.97,2025-11-07T19:18:15Z,10.46,0.128,8.28,0.128,8.28,0.02327272727272727,46.903999999999996
2025-11-07T19:45:00Z,120251,12.95,2025-11-07T19:31:35Z,9.82,0.128,8.16,0.128,8.16,0.02327272727272727,46.688
2025-11-07T20:00:00Z,120252,12.93,2025-11-07T19:55:35Z,9.2,0.127,8.05,0.127,8.05,0.023090909090909092,46.49
2025-11-07T20:15:00Z,120253,12.92,2025-11-07T20:05:20Z,8.56,0.127,7.947,0.127,7.947,0.023090909090909092,46.3046
2025-11-07T20:30:00Z,120254,12.9,2025-11-07T20:15:50Z,7.805,0.126,7.839,0.126,7.839,0.02290909090909091,46.1102
2025-11-07T20:45:00Z,120255,12.89,2025-11-07T20:40:00Z,7.019,0.126,7.734,0.126,7.734,0.02290909090909091,45.9212
2025-11-07T21:00:00Z,120256,12.88,2025-11-07T20:59:35Z,6.308,0.125,7.631,0.125,7.631,0.02272727272727273,45.7358
2025-11-07T21:15:00Z,120257,12.82,2025-11-07T21:10:50Z,5.685,0.125,7.533,0.125,7.533,0.02272727272727273,45.5594
2025-11-07T21:30:00Z,120258,12.85,2025-11-07T21:15:35Z,5.193,0.125,7.477,0.125,7.477,0.02272727272727273,45.458600000000004
2025-11-07T21:45:00Z,120259,12.88,2025-11-07T21:36:55Z,4.8,0.125,7.408,0.125,7.408,0.02272727272727273,45.3344
2025-11-07T22:00:00Z,120260,12.84,2025-11-07T21:47:35Z,4.415,0.124,7.317,0.124,7.317,0.022545454545454546,45.1706
2025-11-07T22:15:00Z,120261,12.84,2025-11-07T22:05:55Z,4.017,0.124,7.222,0.124,7.222,0.022545454545454546,44.9996
2025-11-07T22:30:00Z,120262,12.85,2025-11-07T22:27:35Z,3.657,0.123,7.132,0.123,7.132,0.022363636363636363,44.8376
2025-11-07T22:45:00Z,120263,12.84,2025-11-07T22:33:55Z,3.35,0.123,7.046,0.123,7.046,0.022363636363636363,44.6828
2025-11-07T23:00:00Z,120264,12.82,2025-11-07T22:50:45Z,3.081,0.123,6.96,0.123,6.96,0.022363636363636363,44.528
2025-11-07T23:15:00Z,120265,12.83,2025-11-07T23:14:05Z,2.774,0.122,6.875,0.122,6.875,0.022181818181818184,44.375
2025-11-07T23:30:00Z,120266,12.81,2025-11-07T23:21:35Z,2.531,0.122,6.791,0.122,6.791,0.022181818181818184,44.2238
2025-11-07T23:45:00Z,120267,12.82,2025-11-07T23:41:35Z,2.317,0.122,6.708,0.122,6.708,0.022181818181818184,44.0744
2025-11-08T00:15:00Z,120269,12.8,2025-11-08T00:04:20Z,1.978,0.121,6.574,0.121,6.574,0.022,43.8332
2025-11-08T00:30:00Z,120270,12.8,2025-11-08T00:27:30Z,1.866,0.121,6.5,0.121,6.5,0.022,43.7
2025-11-08T00:45:00Z,120271,12.78,2025-11-08T00:37:20Z,1.778,0.12,6.421,0.12,6.421,0.021818181818181816,43.5578
2025-11-08T01:00:00Z,120272,12.76,2025-11-08T00:56:55Z,1.837,0.119,6.41,0.119,6.41,0.021636363636363638,43.538
2025-11-08T01:15:00Z,120273,12.78,2025-11-08T01:14:25Z,2.251,0.12,6.489,0.12,6.489,0.021818181818181816,43.6802
2025-11-08T01:30:00Z,120274,12.75,2025-11-08T01:28:40Z,2.607,0.12,6.533,0.12,6.533,0.021818181818181816,43.7594
2025-11-08T01:45:00Z,120275,12.78,2025-11-08T01:43:35Z,2.797,0.12,6.531,0.12,6.531,0.021818181818181816,43.7558
2025-11-08T02:00:00Z,120276,12.74,2025-11-08T01:56:15Z,2.938,0.12,6.49,0.12,6.49,0.021818181818181816,43.682
2025-11-08T02:15:00Z,120277,12.77,2025-11-08T02:00:20Z,3.046,0.119,6.468,0.119,6.468,0.021636363636363638,43.6424
2025-11-08T02:30:00Z,120278,12.73,2025-11-08T02:23:40Z,3.203,0.119,6.49,0.119,6.49,0.021636363636363638,43.682
2025-11-08T02:45:00Z,120279,12.75,2025-11-08T02:30:40Z,3.427,0.119,6.533,0.119,6.533,0.021636363636363638,43.7594
2025-11-08T03:00:00Z,120280,12.72,2025-11-08T02:51:10Z,3.671,0.119,6.579,0.119,6.579,0.021636363636363638,43.8422
2025-11-08T03:15:00Z,120281,12.74,2025-11-08T03:11:10Z,3.819,0.119,6.588,0.119,6.588,0.021636363636363638,43.8584
2025-11-08T03:30:00Z,120282,12.73,2025-11-08T03:16:30Z,3.928,0.119,6.61,0.119,6.61,0.021636363636363638,43.897999999999996
2025-11-08T03:45:00Z,120283,12.73,2025-11-08T03:35:10Z,4.113,0.119,6.645,0.119,6.645,0.021636363636363638,43.961
2025-11-08T04:00:00Z,120284,12.71,2025-11-08T03:46:20Z,4.218,0.119,6.635,0.119,6.635,0.021636363636363638,43.943
2025-11-08T04:15:00Z,120285,12.72,2025-11-08T04:01:50Z,4.347,0.118,6.662,0.118,6.662,0.021454545454545455,43.9916
2025-11-08T04:30:00Z,120286,12.69,2025-11-08T04:20:40Z,4.523,0.118,6.709,0.118,6.709,0.021454545454545455,44.0762
2025-11-08T04:45:00Z,120287,12.69,2025-11-08T04:36:30Z,4.74,0.118,6.752,0.118,6.752,0.021454545454545455,44.1536
2025-11-08T05:00:00Z,120288,12.71,2025-11-08T04:47:10Z,5.045,0.118,6.794,0.118,6.794,0.021454545454545455,44.2292
2025-11-08T05:15:00Z,120289,12.71,2025-11-08T05:11:10Z,5.338,0.118,6.833,0.118,6.833,0.021454545454545455,44.2994
2025-11-08T05:30:00Z,120290,12.71,2025-11-08T05:23:35Z,5.574,0.118,6.864,0.118,6.864,0.021454545454545455,44.355199999999996
2025-11-08T05:45:00Z,120291,12.69,2025-11-08T05:35:10Z,5.769,0.118,6.886,0.118,6.886,0.021454545454545455,44.394800000000004
2025-11-08T06:00:00Z,120292,12.7,2025-11-08T05:51:10Z,5.934,0.118,6.9,0.118,6.9,0.021454545454545455,44.42
2025-11-08T06:15:00Z,120293,12.66,2025-11-08T06:10:40Z,6.07,0.118,6.914,0.118,6.914,0.021454545454545455,44.4452
2025-11-08T06:30:00Z,120294,12.68,2025-11-08T06:21:55Z,6.187,0.118,6.913,0.118,6.913,0.021454545454545455,44.4434
2025-11-08T06:45:00Z,120295,12.65,2025-11-08T06:31:20Z,6.284,0.118,6.908,0.118,6.908,0.021454545454545455,44.4344
2025-11-08T07:00:00Z,120296,12.66,2025-11-08T06:57:50Z,6.35,0.117,6.901,0.117,6.901,0.021272727272727273,44.4218
2025-11-08T07:15:00Z,120297,12.62,2025-11-08T07:06:05Z,6.389,0.117,6.887,0.117,6.887,0.021272727272727273,44.3966
2025-11-08T07:30:00Z,120298,12.63,2025-11-08T07:26:25Z,6.391,0.117,6.863,0.117,6.863,0.021272727272727273,44.3534
2025-11-08T07:45:00Z,120299,12.64,2025-11-08T07:43:10Z,6.314,0.117,6.811,0.117,6.811,0.021272727272727273,44.2598
2025-11-08T08:00:00Z,120300,12.62,2025-11-08T07:51:35Z,6.133,0.116,6.731,0.116,6.731,0.021090909090909094,44.1158
2025-11-08T08:15:00Z,120301,12.6,2025-11-08T08:10:20Z,5.872,0.116,6.642,0.116,6.642,0.021090909090909094,43.955600000000004
2025-11-08T08:30:00Z,120302,12.61,2025-11-08T08:21:15Z,5.598,0.115,6.554,0.115,6.554,0.02090909090909091,43.797200000000004
2025-11-08T08:45:00Z,120303,12.61,2025-11-08T08:39:30Z,5.389,0.115,6.488,0.115,6.488,0.02090909090909091,43.678399999999996
2025-11-08T09:00:00Z,120304,12.61,2025-11-08T08:48:45Z,5.224,0.115,6.437,0.115,6.437,0.02090909090909091,43.586600000000004
2025-11-08T09:15:00Z,120305,12.64,2025-11-08T09:09:20Z,5.121,0.114,6.4,0.114,6.4,0.02072727272727273,43.519999999999996
2025-11-08T09:30:00Z,120306,12.66,2025-11-08T09:16:25Z,5.071,0.114,6.383,0.114,6.383,0.02072727272727273,43.4894
2025-11-08T09:45:00Z,120307,12.73,2025-11-08T09:30:45Z,5.081,0.114,6.389,0.114,6.389,0.02072727272727273,43.5002
2025-11-08T10:00:00Z,120308,12.74,2025-11-08T09:46:20Z,5.129,0.114,6.417,0.114,6.417,0.02072727272727273,43.5506
2025-11-08T10:15:00Z,120309,12.83,2025-11-08T10:00:15Z,5.211,0.114,6.46,0.114,6.46,0.02072727272727273,43.628
2025-11-08T10:30:00Z,120310,12.88,2025-11-08T10:15:05Z,5.297,0.114,6.496,0.114,6.496,0.02072727272727273,43.692800000000005
2025-11-08T10:45:00Z,120311,12.93,2025-11-08T10:32:05Z,5.394,0.114,6.54,0.114,6.54,0.02072727272727273,43.772
2025-11-08T11:00:00Z,120312,13.02,2025-11-08T10:47:40Z,5.506,0.114,6.594,0.114,6.594,0.02072727272727273,43.8692
2025-11-08T11:15:00Z,120313,13.1,2025-11-08T11:05:50Z,5.634,0.114,6.654,0.114,6.654,0.02072727272727273,43.977199999999996
2025-11-08T11:30:00Z,120314,13.14,2025-11-08T11:17:25Z,5.708,0.113,6.696,0.113,6.696,0.020545454545454547,44.0528
2025-11-08T11:45:00Z,120315,13.23,2025-11-08T11:30:45Z,5.813,0.114,6.741,0.114,6.741,0.02072727272727273,44.1338
2025-11-08T12:00:00Z,120316,13.28,2025-11-08T11:49:00Z,5.905,0.113,6.787,0.113,6.787,0.020545454545454547,44.2166
2025-11-08T12:15:00Z,120317,13.26,2025-11-08T12:02:20Z,5.949,0.113,6.82,0.113,6.82,0.020545454545454547,44.275999999999996
2025-11-08T12:30:00Z,120318,13.26,2025-11-08T12:17:35Z,5.917,0.113,6.805,0.113,6.805,0.020545454545454547,44.248999999999995
2025-11-08T12:45:00Z,120319,13.28,2025-11-08T12:42:45Z,5.827,0.113,6.764,0.113,6.764,0.020545454545454547,44.175200000000004
2025-11-08T13:00:00Z,120320,13.28,2025-11-08T12:54:15Z,5.731,0.112,6.725,0.112,6.725,0.020363636363636365,44.105000000000004
2025-11-08T13:15:00Z,120321,13.21,2025-11-08T13:12:05Z,5.607,0.112,6.668,0.112,6.668,0.020363636363636365,44.0024
2025-11-08T13:30:00Z,120322,13.21,2025-11-08T13:16:30Z,5.447,0.112,6.598,0.112,6.598,0.020363636363636365,43.876400000000004
2025-11-08T13:45:00Z,120323,13.18,2025-11-08T13:43:10Z,5.337,0.112,6.574,0.112,6.574,0.020363636363636365,43.8332
2025-11-08T14:00:00Z,120324,13.16,2025-11-08T13:54:45Z,5.226,0.111,6.528,0.111,6.528,0.020181818181818183,43.7504
2025-11-08T14:15:00Z,120325,13.18,2025-11-08T14:00:05Z,5.136,0.111,6.524,0.111,6.524,0.020181818181818183,43.7432
2025-11-08T14:30:00Z,120326,13.19,2025-11-08T14:18:50Z,5.161,0.112,6.557,0.112,6.557,0.020363636363636365,43.8026
2025-11-08T14:45:00Z,120327,13.19,2025-11-08T14:42:20Z,5.174,0.111,6.54,0.111,6.54,0.020181818181818183,43.772
2025-11-08T15:00:00Z,120328,13.11,2025-11-08T14:56:55Z,5.147,0.111,6.513,0.111,6.513,0.020181818181818183,43.7234
2025-11-08T15:15:00Z,120329,13.11,2025-11-08T15:08:30Z,5.056,0.111,6.475,0.111,6.475,0.020181818181818183,43.655
2025-11-08T15:30:00Z,120330,13.09,2025-11-08T15:20:45Z,4.952,0.11,6.427,0.11,6.427,0.02,43.568600000000004
2025-11-08T15:45:00Z,120331,13.08,2025-11-08T15:35:10Z,4.905,0.11,6.411,0.11,6.411,0.02,43.5398
2025-11-08T16:00:00Z,120332,13.08,2025-11-08T15:49:25Z,4.848,0.11,6.386,0.11,6.386,0.02,43.4948
2025-11-08T16:15:00Z,120333,13.07,2025-11-08T16:08:55Z,4.822,0.11,6.396,0.11,6.396,0.02,43.5128
2025-11-08T16:30:00Z,120334,13.07,2025-11-08T16:20:30Z,4.848,0.111,6.419,0.111,6.419,0.020181818181818183,43.554199999999994
2025-11-08T16:45:00Z,120335,13.02,2025-11-08T16:39:10Z,4.859,0.11,6.394,0.11,6.394,0.02,43.5092
2025-11-08T17:00:00Z,120336,12.98,2025-11-08T16:59:50Z,4.826,0.11,6.348,0.11,6.348,0.02,43.4264
2025-11-08T17:15:00Z,120337,12.9,2025-11-08T17:10:50Z,4.771,0.11,6.32,0.11,6.32,0.02,43.376000000000005
2025-11-08T17:30:00Z,120338,12.88,2025-11-08T17:25:25Z,4.715,0.11,6.299,0.11,6.299,0.02,43.3382
2025-11-08T17:45:00Z,120339,12.85,2025-11-08T17:41:55Z,4.661,0.109,6.271,0.109,6.271,0.019818181818181818,43.287800000000004
2025-11-08T18:00:00Z,120340,12.79,2025-11-08T17:59:00Z,4.604,0.109,6.245,0.109,6.245,0.019818181818181818,43.241
2025-11-08T18:15:00Z,120341,12.77,2025-11-08T18:13:30Z,4.543,0.109,6.205,0.109,6.205,0.019818181818181818,43.169
2025-11-08T18:30:00Z,120342,12.73,2025-11-08T18:29:25Z,4.483,0.109,6.178,0.109,6.178,0.019818181818181818,43.120400000000004
2025-11-08T18:45:00Z,120343,12.71,2025-11-08T18:33:00Z,4.41,0.109,6.151,0.109,6.151,0.019818181818181818,43.071799999999996
2025-11-08T19:00:00Z,120344,12.66,2025-11-08T18:53:55Z,4.254,0.109,6.125,0.109,6.125,0.019818181818181818,43.025
2025-11-08T19:15:00Z,120345,12.65,2025-11-08T19:13:00Z,3.976,0.109,6.115,0.109,6.115,0.019818181818181818,43.007000000000005
2025-11-08T19:30:00Z,120346,12.64,2025-11-08T19:29:00Z,3.697,0.109,6.114,0.109,6.114,0.019818181818181818,43.0052
2025-11-08T19:45:00Z,120347,12.62,2025-11-08T19:45:00Z,3.457,0.109,6.109,0.109,6.109,0.019818181818181818,42.9962
2025-11-08T20:00:00Z,120348,12.61,2025-11-08T19:49:05Z,3.285,0.108,6.094,0.108,6.094,0.019636363636363636,42.9692
2025-11-08T20:15:00Z,120349,12.6,2025-11-08T20:10:45Z,3.162,0.108,6.079,0.108,6.079,0.019636363636363636,42.9422
2025-11-08T20:30:00Z,120350,12.58,2025-11-08T20:25:00Z,3.064,0.108,6.071,0.108,6.071,0.019636363636363636,42.9278
2025-11-08T20:45:00Z,120351,12.58,2025-11-08T20:33:00Z,2.99,0.108,6.065,0.108,6.065,0.019636363636363636,42.917
2025-11-08T21:00:00Z,120352,12.6,2025-11-08T20:49:00Z,2.932,0.108,6.039,0.108,6.039,0.019636363636363636,42.8702
2025-11-08T21:15:00Z,120353,12.59,2025-11-08T21:02:20Z,2.888,0.108,6.021,0.108,6.021,0.019636363636363636,42.8378
2025-11-08T21:30:00Z,120354,12.59,2025-11-08T21:18:20Z,2.856,0.108,5.983,0.108,5.983,0.019636363636363636,42.7694
2025-11-08T21:45:00Z,120355,12.58,2025-11-08T21:41:20Z,2.86,0.107,5.95,0.107,5.95,0.019454545454545454,42.71
2025-11-08T22:00:00Z,120356,12.57,2025-11-08T21:46:45Z,2.862,0.107,5.909,0.107,5.909,0.019454545454545454,42.6362
2025-11-08T22:15:00Z,120357,12.59,2025-11-08T22:14:20Z,2.87,0.107,5.876,0.107,5.876,0.019454545454545454,42.5768
2025-11-08T22:30:00Z,120358,12.57,2025-11-08T22:27:40Z,2.897,0.107,5.861,0.107,5.861,0.019454545454545454,42.5498
2025-11-08T22:45:00Z,120359,12.57,2025-11-08T22:38:20Z,2.947,0.107,5.849,0.107,5.849,0.019454545454545454,42.5282
2025-11-08T23:00:00Z,120360,12.57,2025-11-08T22:46:20Z,2.995,0.107,5.85,0.107,5.85,0.019454545454545454,42.53
2025-11-08T23:15:00Z,120361,12.55,2025-11-08T23:09:25Z,3.042,0.107,5.845,0.107,5.845,0.019454545454545454,42.521
2025-11-08T23:30:00Z,120362,12.56,2025-11-08T23:29:00Z,3.053,0.107,5.83,0.107,5.83,0.019454545454545454,42.494
2025-11-08T23:45:00Z,120363,12.58,2025-11-08T23:41:40Z,2.954,0.108,5.777,0.108,5.777,0.019636363636363636,42.3986
2025-11-09T00:15:00Z,120365,12.53,2025-11-09T00:01:50Z,2.29,0.11,5.497,0.11,5.497,0.02,41.8946
2025-11-09T00:30:00Z,120366,12.55,2025-11-09T00:24:05Z,1.897,0.112,5.268,0.112,5.268,0.020363636363636365,41.4824
2025-11-09T00:45:00Z,120367,12.47,2025-11-09T00:38:45Z,1.541,0.113,5.058,0.113,5.058,0.020545454545454547,41.1044
2025-11-09T01:00:00Z,120368,12.4,2025-11-09T00:51:40Z,1.248,0.114,4.947,0.114,4.947,0.02072727272727273,40.9046
2025-11-09T01:15:00Z,120369,12.53,2025-11-09T01:00:20Z,1.036,0.115,4.748,0.115,4.748,0.02090909090909091,40.5464
2025-11-09T01:30:00Z,120370,12.54,2025-11-09T01:28:10Z,0.871,0.115,4.479,0.115,4.479,0.02090909090909091,40.062200000000004
2025-11-09T01:45:00Z,120371,12.54,2025-11-09T01:34:30Z,0.746,0.117,4.207,0.117,4.207,0.021272727272727273,39.5726
2025-11-09T02:00:00Z,120372,12.53,2025-11-09T01:58:50Z,0.654,0.118,4.007,0.118,4.007,0.021454545454545455,39.2126
2025-11-09T02:15:00Z,120373,12.55,2025-11-09T02:01:00Z,0.584,0.12,3.868,0.12,3.868,0.021818181818181816,38.9624
2025-11-09T02:30:00Z,120374,12.41,2025-11-09T02:20:50Z,0.528,0.122,3.75,0.122,3.75,0.022181818181818184,38.75
2025-11-09T02:45:00Z,120375,12.55,2025-11-09T02:44:35Z,0.485,0.124,3.658,0.124,3.658,0.022545454545454546,38.5844
2025-11-09T03:00:00Z,120376,12.49,2025-11-09T02:50:50Z,0.458,0.125,3.673,0.125,3.673,0.02272727272727273,38.6114
2025-11-09T03:15:00Z,120377,12.54,2025-11-09T03:12:25Z,0.436,0.126,3.802,0.126,3.802,0.02290909090909091,38.8436
2025-11-09T03:30:00Z,120378,12.53,2025-11-09T03:18:10Z,0.436,0.131,4.053,0.131,4.053,0.023818181818181818,39.2954
2025-11-09T03:45:00Z,120379,12.41,2025-11-09T03:44:20Z,0.436,0.135,4.55,0.135,4.55,0.024545454545454547,40.19
2025-11-09T04:00:00Z,120380,12.51,2025-11-09T03:49:30Z,0.436,0.138,4.831,0.138,4.831,0.025090909090909094,40.695800000000006
2025-11-09T04:15:00Z,120381,12.51,2025-11-09T04:13:50Z,0.436,0.14,4.995,0.14,4.995,0.02545454545454546,40.991
2025-11-09T04:30:00Z,120382,12.52,2025-11-09T04:27:55Z,0.436,0.14,5.038,0.14,5.038,0.02545454545454546,41.0684
2025-11-09T04:45:00Z,120383,12.53,2025-11-09T04:38:05Z,0.436,0.141,5.018,0.141,5.018,0.025636363636363634,41.032399999999996
2025-11-09T05:00:00Z,120384,12.53,2025-11-09T04:54:20Z,0.436,0.142,4.994,0.142,4.994,0.025818181818181817,40.9892
2025-11-09T05:15:00Z,120385,12.53,2025-11-09T05:08:20Z,0.43,0.143,4.946,0.143,4.946,0.025999999999999995,40.9028
2025-11-09T05:30:00Z,120386,12.51,2025-11-09T05:20:55Z,0.399,0.145,4.893,0.145,4.893,0.026363636363636363,40.8074
2025-11-09T05:45:00Z,120387,12.51,2025-11-09T05:33:20Z,0.364,0.146,4.808,0.146,4.808,0.026545454545454542,40.654399999999995
2025-11-09T06:00:00Z,120388,12.53,2025-11-09T05:50:50Z,0.34,0.148,4.758,0.148,4.758,0.02690909090909091,40.5644
2025-11-09T06:15:00Z,120389,12.55,2025-11-09T06:04:30Z,0.316,0.149,4.674,0.149,4.674,0.02709090909090909,40.4132
2025-11-09T06:30:00Z,120390,12.52,2025-11-09T06:17:00Z,0.304,0.15,4.615,0.15,4.615,0.02727272727272727,40.307
2025-11-09T06:45:00Z,120391,12.54,2025-11-09T06:33:55Z,0.285,0.15,4.578,0.15,4.578,0.02727272727272727,40.2404
2025-11-09T07:00:00Z,120392,12.52,2025-11-09T06:58:20Z,0.285,0.151,4.56,0.151,4.56,0.027454545454545454,40.208
2025-11-09T07:15:00Z,120393,12.5,2025-11-09T07:06:45Z,0.269,0.153,4.501,0.153,4.501,0.02781818181818182,40.1018
2025-11-09T07:30:00Z,120394,12.49,2025-11-09T07:18:00Z,0.277,0.154,4.472,0.154,4.472,0.027999999999999997,40.0496
2025-11-09T07:45:00Z,120395,12.48,2025-11-09T07:38:40Z,0.283,0.155,4.524,0.155,4.524,0.028181818181818183,40.1432
2025-11-09T08:00:00Z,120396,12.36,2025-11-09T07:58:55Z,0.27,0.155,4.531,0.155,4.531,0.028181818181818183,40.1558
2025-11-09T08:15:00Z,120397,12.5,2025-11-09T08:00:30Z,0.254,0.155,4.559,0.155,4.559,0.028181818181818183,40.206199999999995
2025-11-09T08:30:00Z,120398,12.38,2025-11-09T08:17:10Z,0.249,0.155,4.534,0.155,4.534,0.028181818181818183,40.1612
2025-11-09T08:45:00Z,120399,12.49,2025-11-09T08:44:00Z,0.25,0.155,4.46,0.155,4.46,0.028181818181818183,40.028
2025-11-09T09:00:00Z,120400,12.5,2025-11-09T08:53:15Z,0.254,0.155,4.323,0.155,4.323,0.028181818181818183,39.7814
2025-11-09T09:15:00Z,120401,12.48,2025-11-09T09:07:10Z,0.249,0.156,4.246,0.156,4.246,0.028363636363636365,39.6428
2025-11-09T09:30:00Z,120402,12.5,2025-11-09T09:24:25Z,0.252,0.157,4.217,0.157,4.217,0.028545454545454544,39.5906
2025-11-09T09:45:00Z,120403,12.38,2025-11-09T09:30:25Z,0.256,0.158,4.147,0.158,4.147,0.028727272727272726,39.4646
2025-11-09T10:00:00Z,120404,12.36,2025-11-09T09:45:25Z,0.274,0.158,4.104,0.158,4.104,0.028727272727272726,39.3872
2025-11-09T10:15:00Z,120405,12.48,2025-11-09T10:09:45Z,0.288,0.159,4.139,0.159,4.139,0.028909090909090912,39.4502
2025-11-09T10:30:00Z,120406,12.49,2025-11-09T10:24:00Z,0.33,0.16,4.214,0.16,4.214,0.02909090909090909,39.5852
2025-11-09T10:45:00Z,120407,12.44,2025-11-09T10:37:55Z,0.406,0.16,4.318,0.16,4.318,0.02909090909090909,39.7724
2025-11-09T11:00:00Z,120408,12.53,2025-11-09T10:53:30Z,0.488,0.16,4.413,0.16,4.413,0.02909090909090909,39.9434
2025-11-09T11:15:00Z,120409,12.51,2025-11-09T11:14:50Z,0.528,0.163,4.539,0.163,4.539,0.029636363636363638,40.1702
2025-11-09T11:30:00Z,120410,12.53,2025-11-09T11:25:50Z,0.542,0.167,4.745,0.167,4.745,0.030363636363636367,40.541
2025-11-09T11:45:00Z,120411,12.51,2025-11-09T11:33:20Z,0.542,0.169,4.872,0.169,4.872,0.030727272727272728,40.7696
2025-11-09T12:00:00Z,120412,12.53,2025-11-09T11:46:55Z,0.542,0.17,4.907,0.17,4.907,0.030909090909090914,40.8326
2025-11-09T12:15:00Z,120413,12.54,2025-11-09T12:01:10Z,0.529,0.171,4.974,0.171,4.974,0.031090909090909093,40.9532
2025-11-09T12:30:00Z,120414,12.53,2025-11-09T12:17:55Z,0.537,0.172,4.945,0.172,4.945,0.03127272727272727,40.900999999999996
2025-11-09T12:45:00Z,120415,12.55,2025-11-09T12:42:45Z,0.542,0.172,4.387,0.172,4.387,0.03127272727272727,39.8966
2025-11-09T13:00:00Z,120416,12.55,2025-11-09T12:57:00Z,0.542,0.174,4.322,0.174,4.322,0.031636363636363636,39.7796
2025-11-09T13:15:00Z,120417,12.55,2025-11-09T13:13:55Z,0.558,0.176,4.375,0.176,4.375,0.032,39.875
2025-11-09T13:30:00Z,120418,12.56,2025-11-09T13:27:35Z,0.568,0.177,4.379,0.177,4.379,0.03218181818181818,39.8822
2025-11-09T13:45:00Z,120419,12.55,2025-11-09T13:34:05Z,0.596,0.178,4.438,0.178,4.438,0.032363636363636365,39.9884
2025-11-09T14:00:00Z,120420,12.56,2025-11-09T13:50:50Z,0.62,0.18,4.433,0.18,4.433,0.03272727272727272,39.9794
2025-11-09T14:15:00Z,120421,12.56,2025-11-09T14:09:00Z,0.645,0.181,4.383,0.181,4.383,0.03290909090909091,39.8894
2025-11-09T14:30:00Z,120422,12.55,2025-11-09T14:18:20Z,0.668,0.183,4.391,0.183,4.391,0.03327272727272727,39.9038
2025-11-09T14:45:00Z,120423,12.57,2025-11-09T14:35:00Z,0.671,0.184,4.378,0.184,4.378,0.03345454545454545,39.8804
2025-11-09T15:00:00Z,120424,12.54,2025-11-09T14:50:50Z,0.668,0.184,4.329,0.184,4.329,0.03345454545454545,39.7922
2025-11-09T15:15:00Z,120425,12.55,2025-11-09T15:13:20Z,0.671,0.186,4.277,0.186,4.277,0.03381818181818182,39.6986
2025-11-09T15:30:00Z,120426,12.58,2025-11-09T15:23:45Z,0.671,0.186,4.227,0.186,4.227,0.03381818181818182,39.6086
2025-11-09T15:45:00Z,120427,12.56,2025-11-09T15:40:25Z,0.669,0.187,4.216,0.187,4.216,0.034,39.5888
2025-11-09T16:00:00Z,120428,12.57,2025-11-09T15:57:50Z,0.646,0.187,4.2,0.187,4.2,0.034,39.56
2025-11-09T16:15:00Z,120429,12.58,2025-11-09T16:06:55Z,0.628,0.188,4.18,0.188,4.18,0.03418181818181818,39.524
2025-11-09T16:30:00Z,120430,12.56,2025-11-09T16:28:20Z,0.618,0.189,4.175,0.189,4.175,0.03436363636363637,39.515
2025-11-09T16:45:00Z,120431,12.56,2025-11-09T16:31:45Z,0.607,0.189,4.126,0.189,4.126,0.03436363636363637,39.4268
2025-11-09T17:00:00Z,120432,12.45,2025-11-09T16:55:35Z,0.573,0.189,4.059,0.189,4.059,0.03436363636363637,39.3062
2025-11-09T17:15:00Z,120433,12.55,2025-11-09T17:13:05Z,0.536,0.19,4.027,0.19,4.027,0.034545454545454546,39.2486
2025-11-09T17:30:00Z,120434,12.56,2025-11-09T17:15:20Z,0.499,0.19,3.982,0.19,3.982,0.034545454545454546,39.1676
2025-11-09T17:45:00Z,120435,12.48,2025-11-09T17:37:45Z,0.457,0.191,3.914,0.191,3.914,0.034727272727272725,39.0452
2025-11-09T18:00:00Z,120436,12.55,2025-11-09T17:54:30Z,0.41,0.191,3.841,0.191,3.841,0.034727272727272725,38.9138
2025-11-09T18:15:00Z,120437,12.53,2025-11-09T18:14:50Z,0.364,0.191,3.819,0.191,3.819,0.034727272727272725,38.8742
2025-11-09T18:30:00Z,120438,12.53,2025-11-09T18:16:05Z,0.339,0.191,3.811,0.191,3.811,0.034727272727272725,38.8598
2025-11-09T18:45:00Z,120439,12.52,2025-11-09T18:32:45Z,0.302,0.191,3.751,0.191,3.751,0.034727272727272725,38.7518
2025-11-09T19:00:00Z,120440,12.4,2025-11-09T18:54:25Z,0.228,0.191,3.693,0.191,3.693,0.034727272727272725,38.6474
2025-11-09T19:15:00Z,120441,12.55,2025-11-09T19:05:20Z,0.17,0.191,3.677,0.191,3.677,0.034727272727272725,38.6186
2025-11-09T19:30:00Z,120442,12.54,2025-11-09T19:23:45Z,0.08,0.192,3.7,0.192,3.7,0.03490909090909091,38.660000000000004
2025-11-09T19:45:00Z,120443,12.53,2025-11-09T19:33:25Z,-0.045,0.191,3.684,0.191,3.684,0.034727272727272725,38.6312
2025-11-09T20:00:00Z,120444,12.55,2025-11-09T19:52:50Z,-0.201,0.191,3.694,0.191,3.694,0.034727272727272725,38.6492
2025-11-09T20:15:00Z,120445,12.54,2025-11-09T20:07:00Z,-0.297,0.191,3.673,0.191,3.673,0.034727272727272725,38.6114
2025-11-09T20:30:00Z,120446,12.52,2025-11-09T20:25:55Z,-0.372,0.192,3.729,0.192,3.729,0.03490909090909091,38.7122
2025-11-09T20:45:00Z,120447,12.52,2025-11-09T20:43:40Z,-0.483,0.192,3.833,0.192,3.833,0.03490909090909091,38.8994
2025-11-09T21:00:00Z,120448,12.53,2025-11-09T21:00:00Z,-0.608,0.192,3.847,0.192,3.847,0.03490909090909091,38.9246
2025-11-09T21:15:00Z,120449,12.53,2025-11-09T21:10:55Z,-0.611,0.192,3.845,0.192,3.845,0.03490909090909091,38.921
2025-11-09T21:30:00Z,120450,12.55,2025-11-09T21:15:05Z,-0.568,0.191,3.797,0.191,3.797,0.034727272727272725,38.8346
2025-11-09T21:45:00Z,120451,12.52,2025-11-09T21:38:25Z,-0.534,0.191,3.733,0.191,3.733,0.034727272727272725,38.7194
2025-11-09T22:00:00Z,120452,12.55,2025-11-09T21:56:40Z,-0.522,0.191,3.72,0.191,3.72,0.034727272727272725,38.696
2025-11-09T22:15:00Z,120453,12.53,2025-11-09T22:05:55Z,-0.522,0.191,3.713,0.191,3.713,0.034727272727272725,38.6834
2025-11-09T22:30:00Z,120454,12.53,2025-11-09T22:19:45Z,-0.522,0.192,3.738,0.192,3.738,0.03490909090909091,38.7284
2025-11-09T22:45:00Z,120455,12.43,2025-11-09T22:33:25Z,-0.552,0.192,3.741,0.192,3.741,0.03490909090909091,38.7338
2025-11-09T23:00:00Z,120456,12.54,2025-11-09T22:54:25Z,-0.628,0.191,3.715,0.191,3.715,0.034727272727272725,38.687
2025-11-09T23:15:00Z,120457,12.53,2025-11-09T23:08:35Z,-0.739,0.191,3.685,0.191,3.685,0.034727272727272725,38.633
2025-11-09T23:30:00Z,120458,12.53,2025-11-09T23:17:10Z,-0.855,0.191,3.669,0.191,3.669,0.034727272727272725,38.6042
2025-11-09T23:45:00Z,120459,12.53,2025-11-09T23:35:20Z,-0.976,0.191,3.668,0.191,3.668,0.034727272727272725,38.6024
2025-11-10T00:15:00Z,120461,12.53,2025-11-10T00:08:10Z,-1.138,0.191,3.605,0.191,3.605,0.034727272727272725,38.489
2025-11-10T00:30:00Z,120462,12.52,2025-11-10T00:21:00Z,-1.196,0.19,3.545,0.19,3.545,0.034545454545454546,38.381
2025-11-10T00:45:00Z,120463,12.53,2025-11-10T00:41:05Z,-1.228,0.19,3.485,0.19,3.485,0.034545454545454546,38.272999999999996
2025-11-10T01:00:00Z,120464,12.53,2025-11-10T00:58:50Z,-1.258,0.19,3.44,0.19,3.44,0.034545454545454546,38.192
2025-11-10T01:15:00Z,120465,12.52,2025-11-10T01:00:35Z,-1.268,0.19,3.411,0.19,3.411,0.034545454545454546,38.1398
2025-11-10T01:30:00Z,120466,12.52,2025-11-10T01:19:50Z,-1.268,0.19,3.406,0.19,3.406,0.034545454545454546,38.1308
2025-11-10T01:45:00Z,120467,12.52,2025-11-10T01:31:00Z,-1.268,0.19,3.379,0.19,3.379,0.034545454545454546,38.0822
2025-11-10T02:00:00Z,120468,12.51,2025-11-10T01:50:15Z,-1.268,0.19,3.27,0.19,3.27,0.034545454545454546,37.886
2025-11-10T02:15:00Z,120469,12.53,2025-11-10T02:07:20Z,-1.268,0.19,3.189,0.19,3.189,0.034545454545454546,37.7402
2025-11-10T02:30:00Z,120470,12.51,2025-11-10T02:26:05Z,-1.289,0.19,3.128,0.19,3.128,0.034545454545454546,37.6304
2025-11-10T02:45:00Z,120471,12.51,2025-11-10T02:37:30Z,-1.318,0.19,2.98,0.19,2.98,0.034545454545454546,37.364
2025-11-10T03:00:00Z,120472,12.52,2025-11-10T02:53:35Z,-1.353,0.19,2.928,0.19,2.928,0.034545454545454546,37.2704
2025-11-10T03:15:00Z,120473,12.51,2025-11-10T03:03:15Z,-1.397,0.19,2.895,0.19,2.895,0.034545454545454546,37.211
2025-11-10T03:30:00Z,120474,12.54,2025-11-10T03:19:05Z,-1.476,0.19,2.892,0.19,2.892,0.034545454545454546,37.2056
2025-11-10T03:45:00Z,120475,12.53,2025-11-10T03:38:30Z,-1.578,0.19,2.892,0.19,2.892,0.034545454545454546,37.2056
2025-11-10T04:00:00Z,120476,12.54,2025-11-10T03:58:25Z,-1.684,0.19,2.845,0.19,2.845,0.034545454545454546,37.121
2025-11-10T04:15:00Z,120477,12.53,2025-11-10T04:06:25Z,-1.802,0.19,2.724,0.19,2.724,0.034545454545454546,36.9032
2025-11-10T04:30:00Z,120478,12.51,2025-11-10T04:25:00Z,-1.953,0.189,2.592,0.189,2.592,0.03436363636363637,36.6656
2025-11-10T04:45:00Z,120479,12.51,2025-11-10T04:43:30Z,-2.114,0.189,2.525,0.189,2.525,0.03436363636363637,36.545
2025-11-10T05:00:00Z,120480,12.54,2025-11-10T04:49:10Z,-2.225,0.189,2.478,0.189,2.478,0.03436363636363637,36.4604
2025-11-10T05:15:00Z,120481,12.52,2025-11-10T05:11:00Z,-2.319,0.189,2.446,0.189,2.446,0.03436363636363637,36.4028
2025-11-10T05:30:00Z,120482,12.52,2025-11-10T05:22:55Z,-2.429,0.189,2.399,0.189,2.399,0.03436363636363637,36.3182
2025-11-10T05:45:00Z,120483,12.5,2025-11-10T05:38:30Z,-2.594,0.189,2.315,0.189,2.315,0.03436363636363637,36.167
2025-11-10T06:00:00Z,120484,12.5,2025-11-10T05:49:10Z,-2.794,0.188,2.222,0.188,2.222,0.03418181818181818,35.9996
2025-11-10T06:15:00Z,120485,12.5,2025-11-10T06:00:15Z,-3.002,0.188,2.131,0.188,2.131,0.03418181818181818,35.8358
2025-11-10T06:30:00Z,120486,12.51,2025-11-10T06:16:45Z,-3.192,0.188,2.047,0.188,2.047,0.03418181818181818,35.6846
2025-11-10T06:45:00Z,120487,12.5,2025-11-10T06:33:35Z,-3.345,0.187,1.995,0.187,1.995,0.034,35.591
2025-11-10T07:00:00Z,120488,12.52,2025-11-10T06:46:50Z,-3.47,0.187,1.949,0.187,1.949,0.034,35.5082
2025-11-10T07:15:00Z,120489,12.52,2025-11-10T07:10:05Z,-3.599,0.187,1.893,0.187,1.893,0.034,35.4074
2025-11-10T07:30:00Z,120490,12.51,2025-11-10T07:28:30Z,-3.701,0.187,1.878,0.187,1.878,0.034,35.3804
2025-11-10T07:45:00Z,120491,12.52,2025-11-10T07:38:55Z,-3.816,0.186,1.861,0.186,1.861,0.03381818181818182,35.3498
2025-11-10T08:00:00Z,120492,12.5,2025-11-10T07:56:00Z,-4.056,0.186,1.831,0.186,1.831,0.03381818181818182,35.2958
2025-11-10T08:15:00Z,120493,12.51,2025-11-10T08:07:20Z,-4.35,0.186,1.769,0.186,1.769,0.03381818181818182,35.1842
2025-11-10T08:30:00Z,120494,12.51,2025-11-10T08:23:35Z,-4.635,0.186,1.747,0.186,1.747,0.03381818181818182,35.1446
2025-11-10T08:45:00Z,120495,12.53,2025-11-10T08:43:05Z,-4.905,0.186,1.707,0.186,1.707,0.03381818181818182,35.0726
2025-11-10T09:00:00Z,120496,12.51,2025-11-10T08:55:20Z,-5.224,0.185,1.69,0.185,1.69,0.03363636363636364,35.042
2025-11-10T09:15:00Z,120497,12.52,2025-11-10T09:07:25Z,-5.55,0.185,1.678,0.185,1.678,0.03363636363636364,35.0204
2025-11-10T09:30:00Z,120498,12.52,2025-11-10T09:18:30Z,-5.838,0.185,1.659,0.185,1.659,0.03363636363636364,34.9862
2025-11-10T09:45:00Z,120499,12.49,2025-11-10T09:31:05Z,-6.048,0.184,1.626,0.184,1.626,0.03345454545454545,34.9268
2025-11-10T10:00:00Z,120500,12.54,2025-11-10T09:45:10Z,-6.17,0.184,1.639,0.184,1.639,0.03345454545454545,34.9502
2025-11-10T10:15:00Z,120501,12.51,2025-11-10T10:12:20Z,-6.182,0.185,1.693,0.185,1.693,0.03363636363636364,35.0474
2025-11-10T10:30:00Z,120502,12.54,2025-11-10T10:25:10Z,-6.128,0.185,1.745,0.185,1.745,0.03363636363636364,35.141
2025-11-10T10:45:00Z,120503,12.52,2025-11-10T10:34:15Z,-6.024,0.185,1.81,0.185,1.81,0.03363636363636364,35.258
2025-11-10T11:00:00Z,120504,12.54,2025-11-10T10:59:45Z,-5.705,0.185,1.91,0.185,1.91,0.03363636363636364,35.438
2025-11-10T11:15:00Z,120505,12.56,2025-11-10T11:00:40Z,-5.128,0.184,1.969,0.184,1.969,0.03345454545454545,35.544200000000004
2025-11-10T11:30:00Z,120506,12.47,2025-11-10T11:28:10Z,-4.333,0.184,1.995,0.184,1.995,0.03345454545454545,35.591
2025-11-10T11:45:00Z,120507,12.55,2025-11-10T11:44:20Z,-3.847,0.184,2.004,0.184,2.004,0.03345454545454545,35.6072
2025-11-10T12:00:00Z,120508,12.57,2025-11-10T11:58:30Z,-3.526,0.184,2.002,0.184,2.002,0.03345454545454545,35.6036
2025-11-10T12:15:00Z,120509,12.56,2025-11-10T12:09:55Z,-3.591,0.183,1.995,0.183,1.995,0.03327272727272727,35.591
2025-11-10T12:30:00Z,120510,12.6,2025-11-10T12:25:10Z,-3.486,0.183,1.984,0.183,1.984,0.03327272727272727,35.5712
2025-11-10T12:45:00Z,120511,12.61,2025-11-10T12:31:10Z,-3.047,0.183,1.969,0.183,1.969,0.03327272727272727,35.544200000000004
2025-11-10T13:00:00Z,120512,12.63,2025-11-10T12:45:05Z,-2.94,0.183,1.953,0.183,1.953,0.03327272727272727,35.5154
2025-11-10T13:15:00Z,120513,12.66,2025-11-10T13:02:30Z,-2.773,0.183,1.938,0.183,1.938,0.03327272727272727,35.4884
2025-11-10T13:30:00Z,120514,12.7,2025-11-10T13:15:50Z,-2.515,0.183,1.922,0.183,1.922,0.03327272727272727,35.4596
2025-11-10T13:45:00Z,120515,12.82,2025-11-10T13:30:15Z,-1.897,0.183,1.904,0.183,1.904,0.03327272727272727,35.4272
2025-11-10T14:00:00Z,120516,12.91,2025-11-10T13:45:40Z,-1.21,0.183,1.885,0.183,1.885,0.03327272727272727,35.393
2025-11-10T01:15:00Z,120465,12.52,2025-11-10T01:00:35Z,-1.268,0.19,3.411,0.19,3.411,0.034545454545454546,38.1398
2025-11-10T01:30:00Z,120466,12.52,2025-11-10T01:19:50Z,-1.268,0.19,3.406,0.19,3.406,0.034545454545454546,38.1308
2025-11-10T01:45:00Z,120467,12.52,2025-11-10T01:31:00Z,-1.268,0.19,3.379,0.19,3.379,0.034545454545454546,38.0822
2025-11-10T02:00:00Z,120468,12.51,2025-11-10T01:50:15Z,-1.268,0.19,3.27,0.19,3.27,0.034545454545454546,37.886
2025-11-10T02:15:00Z,120469,12.53,2025-11-10T02:07:20Z,-1.268,0.19,3.189,0.19,3.189,0.034545454545454546,37.7402
2025-11-10T02:30:00Z,120470,12.51,2025-11-10T02:26:05Z,-1.289,0.19,3.128,0.19,3.128,0.034545454545454546,37.6304
2025-11-10T02:45:00Z,120471,12.51,2025-11-10T02:37:30Z,-1.318,0.19,2.98,0.19,2.98,0.034545454545454546,37.364
2025-11-10T03:00:00Z,120472,12.52,2025-11-10T02:53:35Z,-1.353,0.19,2.928,0.19,2.928,0.034545454545454546,37.2704
2025-11-10T03:15:00Z,120473,12.51,2025-11-10T03:03:15Z,-1.397,0.19,2.895,0.19,2.895,0.034545454545454546,37.211
2025-11-10T03:30:00Z,120474,12.54,2025-11-10T03:19:05Z,-1.476,0.19,2.892,0.19,2.892,0.034545454545454546,37.2056
2025-11-10T03:45:00Z,120475,12.53,2025-11-10T03:38:30Z,-1.578,0.19,2.892,0.19,2.892,0.034545454545454546,37.2056
2025-11-10T04:00:00Z,120476,12.54,2025-11-10T03:58:25Z,-1.684,0.19,2.845,0.19,2.845,0.034545454545454546,37.121
2025-11-10T04:15:00Z,120477,12.53,2025-11-10T04:06:25Z,-1.802,0.19,2.724,0.19,2.724,0.034545454545454546,36.9032
2025-11-10T04:30:00Z,120478,12.51,2025-11-10T04:25:00Z,-1.953,0.189,2.592,0.189,2.592,0.03436363636363637,36.6656
2025-11-10T04:45:00Z,120479,12.51,2025-11-10T04:43:30Z,-2.114,0.189,2.525,0.189,2.525,0.03436363636363637,36.545
2025-11-10T05:00:00Z,120480,12.54,2025-11-10T04:49:10Z,-2.225,0.189,2.478,0.189,2.478,0.03436363636363637,36.4604
2025-11-10T05:15:00Z,120481,12.52,2025-11-10T05:11:00Z,-2.319,0.189,2.446,0.189,2.446,0.03436363636363637,36.4028
2025-11-10T05:30:00Z,120482,12.52,2025-11-10T05:22:55Z,-2.429,0.189,2.399,0.189,2.399,0.03436363636363637,36.3182
2025-11-10T05:45:00Z,120483,12.5,2025-11-10T05:38:30Z,-2.594,0.189,2.315,0.189,2.315,0.03436363636363637,36.167
2025-11-10T06:00:00Z,120484,12.5,2025-11-10T05:49:10Z,-2.794,0.188,2.222,0.188,2.222,0.03418181818181818,35.9996
2025-11-10T06:15:00Z,120485,12.5,2025-11-10T06:00:15Z,-3.002,0.188,2.131,0.188,2.131,0.03418181818181818,35.8358
2025-11-10T06:30:00Z,120486,12.51,2025-11-10T06:16:45Z,-3.192,0.188,2.047,0.188,2.047,0.03418181818181818,35.6846
2025-11-10T06:45:00Z,120487,12.5,2025-11-10T06:33:35Z,-3.345,0.187,1.995,0.187,1.995,0.034,35.591
2025-11-10T07:00:00Z,120488,12.52,2025-11-10T06:46:50Z,-3.47,0.187,1.949,0.187,1.949,0.034,35.5082
2025-11-10T07:15:00Z,120489,12.52,2025-11-10T07:10:05Z,-3.599,0.187,1.893,0.187,1.893,0.034,35.4074
2025-11-10T07:30:00Z,120490,12.51,2025-11-10T07:28:30Z,-3.701,0.187,1.878,0.187,1.878,0.034,35.3804
2025-11-10T07:45:00Z,120491,12.52,2025-11-10T07:38:55Z,-3.816,0.186,1.861,0.186,1.861,0.03381818181818182,35.3498
2025-11-10T08:00:00Z,120492,12.5,2025-11-10T07:56:00Z,-4.056,0.186,1.831,0.186,1.831,0.03381818181818182,35.2958
2025-11-10T08:15:00Z,120493,12.51,2025-11-10T08:07:20Z,-4.35,0.186,1.769,0.186,1.769,0.03381818181818182,35.1842
2025-11-10T08:30:00Z,120494,12.51,2025-11-10T08:23:35Z,-4.635,0.186,1.747,0.186,1.747,0.03381818181818182,35.1446
2025-11-10T08:45:00Z,120495,12.53,2025-11-10T08:43:05Z,-4.905,0.186,1.707,0.186,1.707,0.03381818181818182,35.0726
2025-11-10T09:00:00Z,120496,12.51,2025-11-10T08:55:20Z,-5.224,0.185,1.69,0.185,1.69,0.03363636363636364,35.042
2025-11-10T09:15:00Z,120497,12.52,2025-11-10T09:07:25Z,-5.55,0.185,1.678,0.185,1.678,0.03363636363636364,35.0204
2025-11-10T09:30:00Z,120498,12.52,2025-11-10T09:18:30Z,-5.838,0.185,1.659,0.185,1.659,0.03363636363636364,34.9862
2025-11-10T09:45:00Z,120499,12.49,2025-11-10T09:31:05Z,-6.048,0.184,1.626,0.184,1.626,0.03345454545454545,34.9268
2025-11-10T10:00:00Z,120500,12.54,2025-11-10T09:45:10Z,-6.17,0.184,1.639,0.184,1.639,0.03345454545454545,34.9502
2025-11-10T10:15:00Z,120501,12.51,2025-11-10T10:12:20Z,-6.182,0.185,1.693,0.185,1.693,0.03363636363636364,35.0474
2025-11-10T10:30:00Z,120502,12.54,2025-11-10T10:25:10Z,-6.128,0.185,1.745,0.185,1.745,0.03363636363636364,35.141
2025-11-10T10:45:00Z,120503,12.52,2025-11-10T10:34:15Z,-6.024,0.185,1.81,0.185,1.81,0.03363636363636364,35.258
2025-11-10T11:00:00Z,120504,12.54,2025-11-10T10:59:45Z,-5.705,0.185,1.91,0.185,1.91,0.03363636363636364,35.438
2025-11-10T11:15:00Z,120505,12.56,2025-11-10T11:00:40Z,-5.128,0.184,1.969,0.184,1.969,0.03345454545454545,35.544200000000004
2025-11-10T11:30:00Z,120506,12.47,2025-11-10T11:28:10Z,-4.333,0.184,1.995,0.184,1.995,0.03345454545454545,35.591
2025-11-10T11:45:00Z,120507,12.55,2025-11-10T11:44:20Z,-3.847,0.184,2.004,0.184,2.004,0.03345454545454545,35.6072
2025-11-10T12:00:00Z,120508,12.57,2025-11-10T11:58:30Z,-3.526,0.184,2.002,0.184,2.002,0.03345454545454545,35.6036
2025-11-10T12:15:00Z,120509,12.56,2025-11-10T12:09:55Z,-3.591,0.183,1.995,0.183,1.995,0.03327272727272727,35.591
2025-11-10T12:30:00Z,120510,12.6,2025-11-10T12:25:10Z,-3.486,0.183,1.984,0.183,1.984,0.03327272727272727,35.5712
2025-11-10T12:45:00Z,120511,12.61,2025-11-10T12:31:10Z,-3.047,0.183,1.969,0.183,1.969,0.03327272727272727,35.544200000000004
2025-11-10T13:00:00Z,120512,12.63,2025-11-10T12:45:05Z,-2.94,0.183,1.953,0.183,1.953,0.03327272727272727,35.5154
2025-11-10T13:15:00Z,120513,12.66,2025-11-10T13:02:30Z,-2.773,0.183,1.938,0.183,1.938,0.03327272727272727,35.4884
2025-11-10T13:30:00Z,120514,12.7,2025-11-10T13:15:50Z,-2.515,0.183,1.922,0.183,1.922,0.03327272727272727,35.4596
2025-11-10T13:45:00Z,120515,12.82,2025-11-10T13:30:15Z,-1.897,0.183,1.904,0.183,1.904,0.03327272727272727,35.4272
2025-11-10T14:00:00Z,120516,12.91,2025-11-10T13:45:40Z,-1.21,0.183,1.885,0.183,1.885,0.03327272727272727,35.393
2025-11-10T14:15:00Z,120517,12.91,2025-11-10T14:01:40Z,-0.661,0.183,1.866,0.183,1.866,0.03327272727272727,35.3588
2025-11-10T14:30:00Z,120518,12.91,2025-11-10T14:28:15Z,-0.42,0.183,1.848,0.183,1.848,0.03327272727272727,35.3264
2025-11-10T14:45:00Z,120519,13,2025-11-10T14:30:30Z,0.139,0.183,1.833,0.183,1.833,0.03327272727272727,35.2994
2025-11-10T15:00:00Z,120520,13.13,2025-11-10T14:46:10Z,0.903,0.183,1.82,0.183,1.82,0.03327272727272727,35.275999999999996
2025-11-10T15:15:00Z,120521,13.8,2025-11-10T15:11:10Z,1.77,0.184,1.814,0.184,1.814,0.03345454545454545,35.2652
2025-11-10T15:30:00Z,120522,13.96,2025-11-10T15:21:40Z,2.028,0.184,1.802,0.184,1.802,0.03345454545454545,35.2436
2025-11-10T15:45:00Z,120523,13.99,2025-11-10T15:38:55Z,1.569,0.184,1.8,0.184,1.8,0.03345454545454545,35.24
2025-11-10T16:00:00Z,120524,14.01,2025-11-10T15:58:55Z,1.058,0.183,1.795,0.183,1.795,0.03327272727272727,35.231
2025-11-10T16:15:00Z,120525,13.82,2025-11-10T16:12:20Z,0.586,0.183,1.785,0.183,1.785,0.03327272727272727,35.213
2025-11-10T16:30:00Z,120526,13.83,2025-11-10T16:19:40Z,0.078,0.183,1.775,0.183,1.775,0.03327272727272727,35.195
2025-11-10T16:45:00Z,120527,13.75,2025-11-10T16:43:45Z,-0.227,0.183,1.771,0.183,1.771,0.03327272727272727,35.1878
2025-11-10T17:00:00Z,120528,13.75,2025-11-10T16:47:35Z,-0.505,0.182,1.763,0.182,1.763,0.033090909090909094,35.1734
2025-11-10T16:15:00Z,120529,13.79,2025-11-10T16:14:40Z,-0.568,0.183,1.749,0.183,1.749,0.03327272727272727,35.1482
2025-11-10T16:30:00Z,120530,13.63,2025-11-10T16:28:05Z,-0.752,0.183,1.737,0.183,1.737,0.03327272727272727,35.1266
2025-11-10T16:45:00Z,120531,13.44,2025-11-10T16:43:45Z,-1.116,0.182,1.724,0.182,1.724,0.033090909090909094,35.1032
2025-11-10T17:00:00Z,120532,13.32,2025-11-10T16:55:55Z,-1.54,0.181,1.705,0.181,1.705,0.03290909090909091,35.069
2025-11-10T17:15:00Z,120533,13.14,2025-11-10T17:08:50Z,-2.004,0.181,1.686,0.181,1.686,0.03290909090909091,35.0348
2025-11-10T17:30:00Z,120534,13.15,2025-11-10T17:30:00Z,-2.431,0.181,1.669,0.181,1.669,0.03290909090909091,35.0042
2025-11-10T17:45:00Z,120535,13.1,2025-11-10T17:41:05Z,-2.905,0.18,1.654,0.18,1.654,0.03272727272727272,34.977199999999996
2025-11-10T18:00:00Z,120536,13.04,2025-11-10T17:56:05Z,-3.416,0.18,1.639,0.18,1.639,0.03272727272727272,34.9502
2025-11-10T18:15:00Z,120537,13.01,2025-11-10T18:04:05Z,-3.861,0.18,1.625,0.18,1.625,0.03272727272727272,34.925
2025-11-10T18:30:00Z,120538,12.99,2025-11-10T18:25:25Z,-4.216,0.18,1.608,0.18,1.608,0.03272727272727272,34.8944
2025-11-10T18:45:00Z,120539,12.97,2025-11-10T18:41:25Z,-4.529,0.179,1.593,0.179,1.593,0.032545454545454544,34.8674
2025-11-10T19:00:00Z,120540,12.9,2025-11-10T18:53:30Z,-4.792,0.179,1.579,0.179,1.579,0.032545454545454544,34.8422
2025-11-10T19:15:00Z,120541,12.9,2025-11-10T19:13:25Z,-4.927,0.179,1.566,0.179,1.566,0.032545454545454544,34.8188
2025-11-10T19:30:00Z,120542,12.86,2025-11-10T19:29:40Z,-4.896,0.179,1.552,0.179,1.552,0.032545454545454544,34.7936
2025-11-10T19:45:00Z,120543,12.7,2025-11-10T19:31:05Z,-4.791,0.179,1.543,0.179,1.543,0.032545454545454544,34.7774
2025-11-10T20:00:00Z,120544,12.84,2025-11-10T19:54:15Z,-4.644,0.178,1.534,0.178,1.534,0.032363636363636365,34.7612
2025-11-10T20:15:00Z,120545,12.84,2025-11-10T20:02:15Z,-4.491,0.178,1.528,0.178,1.528,0.032363636363636365,34.7504
2025-11-10T20:30:00Z,120546,12.82,2025-11-10T20:28:25Z,-4.238,0.178,1.522,0.178,1.522,0.032363636363636365,34.7396
2025-11-10T20:45:00Z,120547,12.7,2025-11-10T20:37:15Z,-3.996,0.178,1.518,0.178,1.518,0.032363636363636365,34.7324
2025-11-10T21:00:00Z,120548,12.79,2025-11-10T20:57:25Z,-3.801,0.178,1.515,0.178,1.515,0.032363636363636365,34.727
2025-11-10T21:15:00Z,120549,12.69,2025-11-10T21:05:15Z,-3.683,0.178,1.503,0.178,1.503,0.032363636363636365,34.7054
2025-11-10T21:30:00Z,120550,12.74,2025-11-10T21:21:10Z,-3.587,0.177,1.31,0.177,1.31,0.03218181818181818,34.358
2025-11-10T21:45:00Z,120551,12.77,2025-11-10T21:40:55Z,-3.504,0.178,1.063,0.178,1.063,0.032363636363636365,33.9134
2025-11-10T22:00:00Z,120552,12.76,2025-11-10T21:55:05Z,-3.436,0.178,0.992,0.178,0.992,0.032363636363636365,33.7856
2025-11-10T22:15:00Z,120553,12.73,2025-11-10T22:04:55Z,-3.387,0.178,1.014,0.178,1.014,0.032363636363636365,33.8252
2025-11-10T22:30:00Z,120554,12.74,2025-11-10T22:26:50Z,-3.322,0.177,0.974,0.177,0.974,0.03218181818181818,33.7532
2025-11-10T22:45:00Z,120555,12.71,2025-11-10T22:40:40Z,-3.27,0.177,0.952,0.177,0.952,0.03218181818181818,33.7136
2025-11-10T23:00:00Z,120556,12.64,2025-11-10T22:47:10Z,-3.209,0.177,0.951,0.177,0.951,0.03218181818181818,33.7118
2025-11-10T23:15:00Z,120557,12.72,2025-11-10T23:11:10Z,-3.151,0.177,0.984,0.177,0.984,0.03218181818181818,33.7712
2025-11-10T23:30:00Z,120558,12.7,2025-11-10T23:20:30Z,-3.102,0.177,1.032,0.177,1.032,0.03218181818181818,33.8576
2025-11-10T23:45:00Z,120559,12.7,2025-11-10T23:36:45Z,-3.026,0.177,1.09,0.177,1.09,0.03218181818181818,33.962
2025-11-11T00:15:00Z,120561,12.69,2025-11-11T00:13:30Z,-2.891,0.177,1.242,0.177,1.242,0.03218181818181818,34.2356
2025-11-11T00:30:00Z,120562,12.68,2025-11-11T00:28:05Z,-2.845,0.177,1.308,0.177,1.308,0.03218181818181818,34.3544
2025-11-11T00:45:00Z,120563,12.66,2025-11-11T00:41:15Z,-2.781,0.177,1.354,0.177,1.354,0.03218181818181818,34.4372
2025-11-11T01:00:00Z,120564,12.65,2025-11-11T00:59:20Z,-2.721,0.177,1.385,0.177,1.385,0.03218181818181818,34.493
2025-11-11T01:15:00Z,120565,12.65,2025-11-11T01:10:50Z,-2.609,0.177,1.407,0.177,1.407,0.03218181818181818,34.5326
2025-11-11T01:30:00Z,120566,12.64,2025-11-11T01:19:35Z,-2.47,0.178,1.425,0.178,1.425,0.032363636363636365,34.565
2025-11-11T01:45:00Z,120567,12.62,2025-11-11T01:42:45Z,-2.352,0.177,1.44,0.177,1.44,0.03218181818181818,34.592
2025-11-11T02:00:00Z,120568,12.48,2025-11-11T01:47:40Z,-2.251,0.177,1.452,0.177,1.452,0.03218181818181818,34.6136
2025-11-11T02:15:00Z,120569,12.54,2025-11-11T02:05:40Z,-2.227,0.177,1.462,0.177,1.462,0.03218181818181818,34.6316
2025-11-11T02:30:00Z,120570,12.5,2025-11-11T02:29:55Z,-2.367,0.177,1.468,0.177,1.468,0.03218181818181818,34.6424
2025-11-11T02:45:00Z,120571,12.59,2025-11-11T02:32:30Z,-2.387,0.177,1.474,0.177,1.474,0.03218181818181818,34.6532
2025-11-11T03:00:00Z,120572,12.58,2025-11-11T02:51:10Z,-2.307,0.177,1.477,0.177,1.477,0.03218181818181818,34.6586
2025-11-11T03:15:00Z,120573,12.56,2025-11-11T03:08:05Z,-2.202,0.177,1.479,0.177,1.479,0.03218181818181818,34.6622
2025-11-11T03:30:00Z,120574,12.57,2025-11-11T03:21:20Z,-2.129,0.177,1.482,0.177,1.482,0.03218181818181818,34.6676
2025-11-11T03:45:00Z,120575,12.54,2025-11-11T03:37:05Z,-2.085,0.177,1.485,0.177,1.485,0.03218181818181818,34.673
2025-11-11T04:00:00Z,120576,12.48,2025-11-11T03:50:10Z,-2.036,0.176,1.488,0.176,1.488,0.032,34.678399999999996
2025-11-11T04:15:00Z,120577,12.53,2025-11-11T04:01:50Z,-1.982,0.176,1.494,0.176,1.494,0.032,34.6892
2025-11-11T04:30:00Z,120578,12.53,2025-11-11T04:25:10Z,-1.927,0.176,1.495,0.176,1.495,0.032,34.691
2025-11-11T04:45:00Z,120579,12.51,2025-11-11T04:30:35Z,-1.857,0.176,1.497,0.176,1.497,0.032,34.6946
2025-11-11T05:00:00Z,120580,12.5,2025-11-11T04:46:20Z,-1.789,0.176,1.504,0.176,1.504,0.032,34.7072
2025-11-11T05:15:00Z,120581,12.5,2025-11-11T05:07:35Z,-1.758,0.176,1.51,0.176,1.51,0.032,34.718
2025-11-11T05:30:00Z,120582,12.39,2025-11-11T05:29:35Z,-1.758,0.176,1.514,0.176,1.514,0.032,34.7252
2025-11-11T05:45:00Z,120583,12.48,2025-11-11T05:37:15Z,-1.805,0.176,1.517,0.176,1.517,0.032,34.7306
2025-11-11T06:00:00Z,120584,12.48,2025-11-11T05:52:55Z,-2.085,0.176,1.516,0.176,1.516,0.032,34.7288
2025-11-11T06:15:00Z,120585,12.51,2025-11-11T06:11:45Z,-2.508,0.175,1.511,0.175,1.511,0.031818181818181815,34.7198
2025-11-11T06:30:00Z,120586,12.51,2025-11-11T06:20:30Z,-2.925,0.175,1.502,0.175,1.502,0.031818181818181815,34.7036
2025-11-11T06:45:00Z,120587,12.48,2025-11-11T06:32:25Z,-3.308,0.175,1.492,0.175,1.492,0.031818181818181815,34.6856
2025-11-11T07:00:00Z,120588,12.5,2025-11-11T06:58:20Z,-3.614,0.174,1.48,0.174,1.48,0.031636363636363636,34.664
2025-11-11T07:15:00Z,120589,12.41,2025-11-11T07:07:10Z,-3.857,0.174,1.468,0.174,1.468,0.031636363636363636,34.6424
2025-11-11T07:30:00Z,120590,12.51,2025-11-11T07:16:15Z,-4.086,0.173,1.458,0.173,1.458,0.03145454545454545,34.6244
2025-11-11T07:45:00Z,120591,12.5,2025-11-11T07:37:35Z,-4.255,0.173,1.446,0.173,1.446,0.03145454545454545,34.6028
2025-11-11T08:00:00Z,120592,12.51,2025-11-11T07:52:00Z,-4.33,0.173,1.434,0.173,1.434,0.03145454545454545,34.5812
2025-11-11T08:15:00Z,120593,12.54,2025-11-11T08:00:50Z,-4.289,0.173,1.425,0.173,1.425,0.03145454545454545,34.565
2025-11-11T08:30:00Z,120594,12.54,2025-11-11T08:23:35Z,-4.161,0.172,1.417,0.172,1.417,0.03127272727272727,34.5506
2025-11-11T08:45:00Z,120595,12.58,2025-11-11T08:40:40Z,-3.96,0.172,1.413,0.172,1.413,0.03127272727272727,34.5434
2025-11-11T09:00:00Z,120596,12.6,2025-11-11T08:51:25Z,-3.665,0.172,1.411,0.172,1.411,0.03127272727272727,34.5398
2025-11-11T09:15:00Z,120597,12.53,2025-11-11T09:02:05Z,-3.341,0.172,1.412,0.172,1.412,0.03127272727272727,34.5416
2025-11-11T09:30:00Z,120598,12.61,2025-11-11T09:24:50Z,-2.982,0.172,1.413,0.172,1.413,0.03127272727272727,34.5434
2025-11-11T09:45:00Z,120599,12.74,2025-11-11T09:35:45Z,-2.592,0.172,1.416,0.172,1.416,0.03127272727272727,34.5488
2025-11-11T10:00:00Z,120600,12.76,2025-11-11T09:45:30Z,-2.21,0.172,1.419,0.172,1.419,0.03127272727272727,34.5542
2025-11-11T10:15:00Z,120601,12.84,2025-11-11T10:03:45Z,-1.807,0.172,1.421,0.172,1.421,0.03127272727272727,34.5578
2025-11-11T10:30:00Z,120602,12.75,2025-11-11T10:19:45Z,-1.336,0.172,1.423,0.172,1.423,0.03127272727272727,34.5614
2025-11-11T10:45:00Z,120603,12.82,2025-11-11T10:33:15Z,-0.743,0.172,1.422,0.172,1.422,0.03127272727272727,34.5596
2025-11-11T11:00:00Z,120604,12.95,2025-11-11T10:46:25Z,-0.23,0.172,1.419,0.172,1.419,0.03127272727272727,34.5542
2025-11-11T11:15:00Z,120605,13.03,2025-11-11T11:00:10Z,0.024,0.172,1.415,0.172,1.415,0.03127272727272727,34.547
2025-11-11T11:30:00Z,120606,13.33,2025-11-11T11:16:10Z,0.153,0.172,1.415,0.172,1.415,0.03127272727272727,34.547
2025-11-11T11:45:00Z,120607,13.55,2025-11-11T11:34:10Z,0.404,0.173,1.43,0.173,1.43,0.03145454545454545,34.574
2025-11-11T12:00:00Z,120608,13.68,2025-11-11T11:56:55Z,0.549,0.173,1.446,0.173,1.446,0.03145454545454545,34.6028
2025-11-11T12:15:00Z,120609,13.77,2025-11-11T12:03:35Z,0.617,0.174,1.462,0.174,1.462,0.031636363636363636,34.6316
2025-11-11T12:30:00Z,120610,13.7,2025-11-11T12:18:30Z,0.631,0.174,1.477,0.174,1.477,0.031636363636363636,34.6586
2025-11-11T12:45:00Z,120611,13.86,2025-11-11T12:43:50Z,0.695,0.174,1.501,0.174,1.501,0.031636363636363636,34.7018
2025-11-11T13:00:00Z,120612,13.93,2025-11-11T12:48:45Z,0.821,0.175,1.531,0.175,1.531,0.031818181818181815,34.7558
2025-11-11T13:15:00Z,120613,13.8,2025-11-11T13:09:10Z,0.859,0.174,1.554,0.174,1.554,0.031636363636363636,34.797200000000004
2025-11-11T13:30:00Z,120614,13.85,2025-11-11T13:16:05Z,0.863,0.175,1.572,0.175,1.572,0.031818181818181815,34.8296
2025-11-11T13:45:00Z,120615,13.66,2025-11-11T13:42:40Z,0.841,0.175,1.586,0.175,1.586,0.031818181818181815,34.8548
2025-11-11T14:00:00Z,120616,13.73,2025-11-11T13:47:20Z,0.745,0.174,1.578,0.174,1.578,0.031636363636363636,34.8404
2025-11-11T14:15:00Z,120617,13.79,2025-11-11T14:04:05Z,0.686,0.174,1.576,0.174,1.576,0.031636363636363636,34.8368
2025-11-11T14:30:00Z,120618,13.68,2025-11-11T14:25:40Z,0.742,0.174,1.571,0.174,1.571,0.031636363636363636,34.827799999999996
2025-11-11T14:45:00Z,120619,13.64,2025-11-11T14:44:30Z,0.786,0.175,1.498,0.175,1.498,0.031818181818181815,34.6964
2025-11-11T15:00:00Z,120620,13.49,2025-11-11T14:48:35Z,0.744,0.174,1.349,0.174,1.349,0.031636363636363636,34.4282
2025-11-11T15:15:00Z,120621,13.38,2025-11-11T15:08:50Z,0.629,0.174,1.176,0.174,1.176,0.031636363636363636,34.1168
2025-11-11T15:30:00Z,120622,13.42,2025-11-11T15:25:45Z,0.496,0.174,1.049,0.174,1.049,0.031636363636363636,33.8882
2025-11-11T15:45:00Z,120623,13.28,2025-11-11T15:34:40Z,0.394,0.173,0.983,0.173,0.983,0.03145454545454545,33.7694
2025-11-11T16:00:00Z,120624,13.34,2025-11-11T15:49:25Z,0.309,0.174,0.987,0.174,0.987,0.031636363636363636,33.7766
2025-11-11T16:15:00Z,120625,13.36,2025-11-11T16:01:25Z,0.255,0.174,1.056,0.174,1.056,0.031636363636363636,33.900800000000004
2025-11-11T16:30:00Z,120626,13.38,2025-11-11T16:29:45Z,0.24,0.174,1.153,0.174,1.153,0.031636363636363636,34.0754
2025-11-11T16:45:00Z,120627,13.34,2025-11-11T16:31:50Z,0.141,0.175,1.218,0.175,1.218,0.031818181818181815,34.1924
2025-11-11T17:00:00Z,120628,13.23,2025-11-11T16:50:15Z,-0.042,0.174,1.268,0.174,1.268,0.031636363636363636,34.2824
2025-11-11T17:15:00Z,120629,13.24,2025-11-11T17:14:25Z,-0.2,0.175,1.311,0.175,1.311,0.031818181818181815,34.3598
2025-11-11T17:30:00Z,120630,13.13,2025-11-11T17:28:35Z,-0.382,0.175,1.348,0.175,1.348,0.031818181818181815,34.4264
2025-11-11T17:45:00Z,120631,13.07,2025-11-11T17:39:35Z,-0.54,0.174,1.386,0.174,1.386,0.031636363636363636,34.4948
2025-11-11T18:00:00Z,120632,13,2025-11-11T17:54:45Z,-0.661,0.175,1.442,0.175,1.442,0.031818181818181815,34.5956
2025-11-11T18:15:00Z,120633,12.99,2025-11-11T18:13:05Z,-0.749,0.175,1.502,0.175,1.502,0.031818181818181815,34.7036
2025-11-11T18:30:00Z,120634,12.97,2025-11-11T18:18:25Z,-0.883,0.175,1.546,0.175,1.546,0.031818181818181815,34.7828
2025-11-11T18:45:00Z,120635,12.79,2025-11-11T18:40:45Z,-0.892,0.175,1.582,0.175,1.582,0.031818181818181815,34.8476
2025-11-11T19:00:00Z,120636,12.91,2025-11-11T18:53:30Z,-0.892,0.174,1.601,0.174,1.601,0.031636363636363636,34.8818
2025-11-11T19:15:00Z,120637,12.92,2025-11-11T19:09:25Z,-0.871,0.174,1.621,0.174,1.621,0.031636363636363636,34.9178
2025-11-11T19:30:00Z,120638,12.89,2025-11-11T19:24:45Z,-0.886,0.175,1.633,0.175,1.633,0.031818181818181815,34.9394
2025-11-11T19:45:00Z,120639,12.87,2025-11-11T19:39:40Z,-0.946,0.175,1.637,0.175,1.637,0.031818181818181815,34.946600000000004
2025-11-11T20:00:00Z,120640,12.82,2025-11-11T19:56:05Z,-0.947,0.175,1.64,0.175,1.64,0.031818181818181815,34.952
2025-11-11T20:15:00Z,120641,12.86,2025-11-11T20:07:20Z,-0.938,0.175,1.642,0.175,1.642,0.031818181818181815,34.9556
2025-11-11T20:30:00Z,120642,12.83,2025-11-11T20:27:10Z,-0.927,0.174,1.643,0.174,1.643,0.031636363636363636,34.9574
2025-11-11T20:45:00Z,120643,12.84,2025-11-11T20:33:55Z,-0.905,0.174,1.642,0.174,1.642,0.031636363636363636,34.9556
2025-11-11T21:00:00Z,120644,12.84,2025-11-11T20:47:45Z,-0.932,0.174,1.637,0.174,1.637,0.031636363636363636,34.946600000000004
2025-11-11T21:15:00Z,120645,12.85,2025-11-11T21:01:05Z,-1.014,0.174,1.629,0.174,1.629,0.031636363636363636,34.9322
2025-11-11T21:30:00Z,120646,12.84,2025-11-11T21:21:25Z,-1.108,0.173,1.621,0.173,1.621,0.03145454545454545,34.9178
2025-11-11T21:45:00Z,120647,12.82,2025-11-11T21:40:10Z,-1.016,0.173,1.624,0.173,1.624,0.03145454545454545,34.9232
2025-11-11T22:00:00Z,120648,12.8,2025-11-11T21:45:05Z,-0.784,0.173,1.637,0.173,1.637,0.03145454545454545,34.946600000000004
2025-11-11T22:15:00Z,120649,12.79,2025-11-11T22:14:00Z,-0.561,0.173,1.653,0.173,1.653,0.03145454545454545,34.9754
2025-11-11T22:30:00Z,120650,12.81,2025-11-11T22:29:05Z,-0.372,0.174,1.668,0.174,1.668,0.031636363636363636,35.0024
2025-11-11T22:45:00Z,120651,12.79,2025-11-11T22:41:30Z,-0.208,0.173,1.688,0.173,1.688,0.03145454545454545,35.0384
2025-11-11T23:00:00Z,120652,12.79,2025-11-11T22:57:10Z,-0.063,0.173,1.706,0.173,1.706,0.03145454545454545,35.0708
2025-11-11T23:15:00Z,120653,12.79,2025-11-11T23:09:55Z,0.079,0.173,1.72,0.173,1.72,0.03145454545454545,35.096000000000004
2025-11-11T23:30:00Z,120654,12.79,2025-11-11T23:25:25Z,0.23,0.173,1.745,0.173,1.745,0.03145454545454545,35.141
2025-11-11T23:45:00Z,120655,12.77,2025-11-11T23:34:55Z,0.41,0.173,1.771,0.173,1.771,0.03145454545454545,35.1878
2025-11-12T00:15:00Z,120657,12.54,2025-11-12T00:13:50Z,0.99,0.174,1.821,0.174,1.821,0.031636363636363636,35.2778
2025-11-12T00:30:00Z,120658,12.74,2025-11-12T00:29:40Z,1.3,0.174,1.849,0.174,1.849,0.031636363636363636,35.3282
2025-11-12T00:45:00Z,120659,12.63,2025-11-12T00:44:05Z,1.526,0.174,1.873,0.174,1.873,0.031636363636363636,35.3714
2025-11-12T01:00:00Z,120660,12.74,2025-11-12T00:48:40Z,1.685,0.173,1.896,0.173,1.896,0.03145454545454545,35.4128
2025-11-12T01:15:00Z,120661,12.62,2025-11-12T01:10:10Z,1.79,0.173,1.917,0.173,1.917,0.03145454545454545,35.4506
2025-11-12T01:30:00Z,120662,12.64,2025-11-12T01:17:25Z,1.862,0.174,1.934,0.174,1.934,0.031636363636363636,35.4812
2025-11-12T01:45:00Z,120663,12.6,2025-11-12T01:38:45Z,1.902,0.173,1.928,0.173,1.928,0.03145454545454545,35.4704
2025-11-12T02:00:00Z,120664,12.72,2025-11-12T01:55:45Z,1.927,0.173,1.916,0.173,1.916,0.03145454545454545,35.4488
2025-11-12T02:15:00Z,120665,12.66,2025-11-12T02:02:15Z,1.949,0.173,1.897,0.173,1.897,0.03145454545454545,35.4146
2025-11-12T02:30:00Z,120666,12.7,2025-11-12T02:27:15Z,1.935,0.173,1.867,0.173,1.867,0.03145454545454545,35.3606
2025-11-12T02:45:00Z,120667,12.71,2025-11-12T02:41:55Z,1.897,0.172,1.825,0.172,1.825,0.03127272727272727,35.285
2025-11-12T03:00:00Z,120668,12.67,2025-11-12T02:49:35Z,1.837,0.172,1.778,0.172,1.778,0.03127272727272727,35.2004
2025-11-12T03:15:00Z,120669,12.71,2025-11-12T03:02:20Z,1.789,0.172,1.736,0.172,1.736,0.03127272727272727,35.1248
2025-11-12T03:30:00Z,120670,12.68,2025-11-12T03:29:40Z,1.739,0.172,1.7,0.172,1.7,0.03127272727272727,35.06
2025-11-12T03:45:00Z,120671,12.68,2025-11-12T03:44:50Z,1.763,0.171,1.675,0.171,1.675,0.031090909090909093,35.015
2025-11-12T04:00:00Z,120672,12.66,2025-11-12T03:51:45Z,1.788,0.171,1.655,0.171,1.655,0.031090909090909093,34.979
2025-11-12T04:15:00Z,120673,12.68,2025-11-12T04:11:40Z,1.792,0.171,1.662,0.171,1.662,0.031090909090909093,34.9916
2025-11-12T04:30:00Z,120674,12.57,2025-11-12T04:23:50Z,1.778,0.172,1.718,0.172,1.718,0.03127272727272727,35.0924
2025-11-12T04:45:00Z,120675,12.63,2025-11-12T04:32:35Z,1.778,0.172,1.811,0.172,1.811,0.03127272727272727,35.2598
2025-11-12T05:00:00Z,120676,12.65,2025-11-12T04:53:05Z,1.797,0.172,1.924,0.172,1.924,0.03127272727272727,35.4632
2025-11-12T05:15:00Z,120677,12.66,2025-11-12T05:02:15Z,1.816,0.172,2.029,0.172,2.029,0.03127272727272727,35.6522
2025-11-12T05:30:00Z,120678,12.64,2025-11-12T05:29:50Z,1.806,0.172,2.11,0.172,2.11,0.03127272727272727,35.798
2025-11-12T05:45:00Z,120679,12.64,2025-11-12T05:31:10Z,1.818,0.172,2.167,0.172,2.167,0.03127272727272727,35.9006
2025-11-12T06:00:00Z,120680,12.62,2025-11-12T05:49:50Z,1.85,0.173,2.207,0.173,2.207,0.03145454545454545,35.9726
2025-11-12T06:15:00Z,120681,12.63,2025-11-12T06:08:40Z,1.94,0.173,2.239,0.173,2.239,0.03145454545454545,36.0302
2025-11-12T06:30:00Z,120682,12.61,2025-11-12T06:28:20Z,2.046,0.173,2.278,0.173,2.278,0.03145454545454545,36.1004
2025-11-12T06:45:00Z,120683,12.6,2025-11-12T06:35:50Z,2.148,0.173,2.318,0.173,2.318,0.03145454545454545,36.1724
2025-11-12T07:00:00Z,120684,12.6,2025-11-12T06:49:40Z,2.25,0.173,2.364,0.173,2.364,0.03145454545454545,36.2552
2025-11-12T07:15:00Z,120685,12.57,2025-11-12T07:10:45Z,2.334,0.173,2.397,0.173,2.397,0.03145454545454545,36.3146
2025-11-12T07:30:00Z,120686,12.58,2025-11-12T07:24:10Z,2.423,0.173,2.449,0.173,2.449,0.03145454545454545,36.4082
2025-11-12T07:45:00Z,120687,12.57,2025-11-12T07:35:30Z,2.515,0.173,2.489,0.173,2.489,0.03145454545454545,36.480199999999996
2025-11-12T08:00:00Z,120688,12.57,2025-11-12T07:50:10Z,2.603,0.173,2.53,0.173,2.53,0.03145454545454545,36.554
2025-11-12T08:15:00Z,120689,12.48,2025-11-12T08:01:00Z,2.726,0.174,2.577,0.174,2.577,0.031636363636363636,36.6386
2025-11-12T08:30:00Z,120690,12.64,2025-11-12T08:19:50Z,2.77,0.173,2.615,0.173,2.615,0.03145454545454545,36.707
2025-11-12T08:45:00Z,120691,12.62,2025-11-12T08:30:55Z,2.902,0.174,2.67,0.174,2.67,0.031636363636363636,36.806
2025-11-12T09:00:00Z,120692,12.71,2025-11-12T08:46:20Z,3.126,0.174,2.758,0.174,2.758,0.031636363636363636,36.9644
2025-11-12T09:15:00Z,120693,12.8,2025-11-12T09:02:15Z,3.365,0.174,2.841,0.174,2.841,0.031636363636363636,37.1138
2025-11-12T09:30:00Z,120694,12.85,2025-11-12T09:22:30Z,3.655,0.175,2.922,0.175,2.922,0.031818181818181815,37.2596
2025-11-12T09:45:00Z,120695,12.9,2025-11-12T09:37:35Z,3.996,0.176,2.967,0.176,2.967,0.032,37.3406
2025-11-12T10:00:00Z,120696,12.91,2025-11-12T09:50:35Z,4.321,0.176,2.981,0.176,2.981,0.032,37.3658
2025-11-12T10:15:00Z,120697,13.07,2025-11-12T10:02:15Z,4.776,0.176,3.049,0.176,3.049,0.032,37.4882
2025-11-12T10:30:00Z,120698,13.17,2025-11-12T10:17:35Z,5.135,0.177,3.214,0.177,3.214,0.03218181818181818,37.7852
2025-11-12T10:45:00Z,120699,13.2,2025-11-12T10:33:35Z,5.321,0.178,3.332,0.178,3.332,0.032363636363636365,37.9976
2025-11-12T11:00:00Z,120700,13.25,2025-11-12T10:59:45Z,5.493,0.179,3.45,0.179,3.45,0.032545454545454544,38.21
2025-11-12T11:15:00Z,120701,13.09,2025-11-12T11:02:10Z,5.537,0.179,3.525,0.179,3.525,0.032545454545454544,38.345
2025-11-12T11:30:00Z,120702,13.36,2025-11-12T11:15:15Z,5.649,0.18,3.615,0.18,3.615,0.03272727272727272,38.507
2025-11-12T11:45:00Z,120703,13.39,2025-11-12T11:36:05Z,5.962,0.181,3.753,0.181,3.753,0.03290909090909091,38.7554
2025-11-12T12:00:00Z,120704,13.46,2025-11-12T11:55:15Z,6.221,0.181,3.864,0.181,3.864,0.03290909090909091,38.9552
2025-11-12T12:15:00Z,120705,13.45,2025-11-12T12:04:20Z,6.575,0.182,3.866,0.182,3.866,0.033090909090909094,38.958800000000004
2025-11-12T12:30:00Z,120706,13.44,2025-11-12T12:29:40Z,7.084,0.183,3.929,0.183,3.929,0.03327272727272727,39.0722
2025-11-12T12:45:00Z,120707,13.45,2025-11-12T12:41:55Z,7.32,0.184,3.989,0.184,3.989,0.03345454545454545,39.1802
2025-11-12T13:00:00Z,120708,13.54,2025-11-12T12:49:15Z,7.598,0.186,4.017,0.186,4.017,0.03381818181818182,39.2306
2025-11-12T13:15:00Z,120709,13.67,2025-11-12T13:02:10Z,8.38,0.187,4.122,0.187,4.122,0.034,39.4196
2025-11-12T13:30:00Z,120710,13.98,2025-11-12T13:19:35Z,9.12,0.188,4.234,0.188,4.234,0.03418181818181818,39.6212
2025-11-12T13:45:00Z,120711,14.25,2025-11-12T13:38:40Z,10.08,0.188,4.283,0.188,4.283,0.03418181818181818,39.7094
2025-11-12T14:00:00Z,120712,14.34,2025-11-12T13:59:45Z,10.87,0.189,4.284,0.189,4.284,0.03436363636363637,39.7112
2025-11-12T14:15:00Z,120713,14.3,2025-11-12T14:14:45Z,11.83,0.188,4.237,0.188,4.237,0.03418181818181818,39.6266
2025-11-12T14:30:00Z,120714,13.87,2025-11-12T14:24:45Z,12.46,0.188,4.257,0.188,4.257,0.03418181818181818,39.6626
2025-11-12T14:45:00Z,120715,13.89,2025-11-12T14:35:10Z,12.15,0.189,4.378,0.189,4.378,0.03436363636363637,39.8804
2025-11-12T15:00:00Z,120716,13.63,2025-11-12T14:57:10Z,11.69,0.188,4.424,0.188,4.424,0.03418181818181818,39.9632
2025-11-12T15:15:00Z,120717,13.53,2025-11-12T15:06:30Z,10.75,0.188,4.426,0.188,4.426,0.03418181818181818,39.9668
2025-11-12T15:30:00Z,120718,13.54,2025-11-12T15:17:10Z,10.16,0.188,4.399,0.188,4.399,0.03418181818181818,39.9182
2025-11-12T15:45:00Z,120719,13.64,2025-11-12T15:33:10Z,10.34,0.188,4.408,0.188,4.408,0.03418181818181818,39.934400000000004
2025-11-12T16:00:00Z,120720,14.39,2025-11-12T15:45:30Z,10.74,0.188,4.411,0.188,4.411,0.03418181818181818,39.9398
2025-11-12T16:15:00Z,120721,13.83,2025-11-12T16:14:55Z,10.93,0.189,4.354,0.189,4.354,0.03436363636363637,39.8372
2025-11-12T16:30:00Z,120722,13.52,2025-11-12T16:26:30Z,10.35,0.188,4.282,0.188,4.282,0.03418181818181818,39.7076
2025-11-12T16:45:00Z,120723,13.39,2025-11-12T16:44:55Z,9.31,0.187,4.217,0.187,4.217,0.034,39.5906
2025-11-12T17:00:00Z,120724,13.28,2025-11-12T16:59:25Z,8.39,0.187,4.157,0.187,4.157,0.034,39.4826
2025-11-12T17:15:00Z,120725,13.16,2025-11-12T17:14:30Z,7.658,0.186,4.096,0.186,4.096,0.03381818181818182,39.3728
2025-11-12T17:30:00Z,120726,13.11,2025-11-12T17:23:40Z,7.056,0.185,4.026,0.185,4.026,0.03363636363636364,39.2468
2025-11-12T17:45:00Z,120727,13.06,2025-11-12T17:40:15Z,6.471,0.185,3.93,0.185,3.93,0.03363636363636364,39.074
2025-11-12T18:00:00Z,120728,13.05,2025-11-12T17:56:15Z,5.91,0.184,3.832,0.184,3.832,0.03345454545454545,38.8976
2025-11-12T18:15:00Z,120729,13.01,2025-11-12T18:02:20Z,5.396,0.184,3.736,0.184,3.736,0.03345454545454545,38.7248
2025-11-12T18:30:00Z,120730,12.98,2025-11-12T18:29:40Z,4.981,0.184,3.67,0.184,3.67,0.03345454545454545,38.606
2025-11-12T18:45:00Z,120731,12.99,2025-11-12T18:35:15Z,4.627,0.183,3.635,0.183,3.635,0.03327272727272727,38.543
2025-11-12T19:00:00Z,120732,12.95,2025-11-12T18:54:00Z,4.228,0.183,3.574,0.183,3.574,0.03327272727272727,38.4332
2025-11-12T19:15:00Z,120733,12.91,2025-11-12T19:13:40Z,3.807,0.183,3.48,0.183,3.48,0.03327272727272727,38.264
2025-11-12T19:30:00Z,120734,12.94,2025-11-12T19:28:20Z,3.464,0.183,3.409,0.183,3.409,0.03327272727272727,38.1362
2025-11-12T19:45:00Z,120735,12.92,2025-11-12T19:43:50Z,3.204,0.183,3.372,0.183,3.372,0.03327272727272727,38.0696
2025-11-12T20:00:00Z,120736,12.92,2025-11-12T19:57:10Z,2.961,0.183,3.331,0.183,3.331,0.03327272727272727,37.9958
2025-11-12T20:15:00Z,120737,12.91,2025-11-12T20:02:10Z,2.827,0.182,3.299,0.182,3.299,0.033090909090909094,37.9382
2025-11-12T20:30:00Z,120738,12.89,2025-11-12T20:29:50Z,2.795,0.182,3.295,0.182,3.295,0.033090909090909094,37.931
2025-11-12T20:45:00Z,120739,12.9,2025-11-12T20:34:30Z,2.848,0.183,3.303,0.183,3.303,0.03327272727272727,37.9454
2025-11-12T21:00:00Z,120740,12.88,2025-11-12T20:57:15Z,2.892,0.183,3.296,0.183,3.296,0.03327272727272727,37.9328
2025-11-12T21:15:00Z,120741,12.88,2025-11-12T21:02:10Z,2.948,0.182,3.291,0.182,3.291,0.033090909090909094,37.9238
2025-11-12T21:30:00Z,120742,12.88,2025-11-12T21:22:30Z,3.006,0.182,3.286,0.182,3.286,0.033090909090909094,37.9148
2025-11-12T21:45:00Z,120743,12.87,2025-11-12T21:42:05Z,3.103,0.182,3.289,0.182,3.289,0.033090909090909094,37.9202
2025-11-12T22:00:00Z,120744,12.86,2025-11-12T21:51:50Z,3.277,0.183,3.307,0.183,3.307,0.03327272727272727,37.9526
2025-11-12T22:15:00Z,120745,12.86,2025-11-12T22:02:20Z,3.45,0.183,3.323,0.183,3.323,0.03327272727272727,37.9814
2025-11-12T22:30:00Z,120746,12.86,2025-11-12T22:16:45Z,3.542,0.183,3.319,0.183,3.319,0.03327272727272727,37.974199999999996
2025-11-12T22:45:00Z,120747,12.85,2025-11-12T22:39:50Z,3.537,0.182,3.294,0.182,3.294,0.033090909090909094,37.9292
2025-11-12T23:00:00Z,120748,12.83,2025-11-12T22:59:25Z,3.449,0.182,3.265,0.182,3.265,0.033090909090909094,37.877
2025-11-12T23:15:00Z,120749,12.83,2025-11-12T23:02:05Z,3.304,0.182,3.234,0.182,3.234,0.033090909090909094,37.8212
2025-11-12T23:30:00Z,120750,12.85,2025-11-12T23:29:40Z,3.125,0.182,3.202,0.182,3.202,0.033090909090909094,37.7636
2025-11-12T23:45:00Z,120751,12.83,2025-11-12T23:39:25Z,2.919,0.182,3.145,0.182,3.145,0.033090909090909094,37.661
2025-11-13T00:15:00Z,120753,12.7,2025-11-13T00:13:15Z,2.526,0.181,3.042,0.181,3.042,0.03290909090909091,37.4756
2025-11-13T00:30:00Z,120754,12.79,2025-11-13T00:23:55Z,2.501,0.181,3.022,0.181,3.022,0.03290909090909091,37.4396
2025-11-13T00:45:00Z,120755,12.79,2025-11-13T00:32:20Z,2.544,0.181,3.002,0.181,3.002,0.03290909090909091,37.4036
2025-11-13T01:00:00Z,120756,12.79,2025-11-13T00:59:20Z,2.548,0.181,2.978,0.181,2.978,0.03290909090909091,37.3604
2025-11-13T01:15:00Z,120757,12.79,2025-11-13T01:04:15Z,2.457,0.181,2.927,0.181,2.927,0.03290909090909091,37.2686
2025-11-13T01:30:00Z,120758,12.82,2025-11-13T01:23:35Z,2.259,0.181,2.855,0.181,2.855,0.03290909090909091,37.139
2025-11-13T01:45:00Z,120759,12.79,2025-11-13T01:44:45Z,2.04,0.18,2.782,0.18,2.782,0.03272727272727272,37.0076
2025-11-13T02:00:00Z,120760,12.71,2025-11-13T01:50:10Z,1.883,0.18,2.715,0.18,2.715,0.03272727272727272,36.887
2025-11-13T02:15:00Z,120761,12.79,2025-11-13T02:02:10Z,1.756,0.18,2.663,0.18,2.663,0.03272727272727272,36.7934
2025-11-13T02:30:00Z,120762,12.8,2025-11-13T02:29:40Z,1.581,0.18,2.627,0.18,2.627,0.03272727272727272,36.7286
2025-11-13T02:45:00Z,120763,12.81,2025-11-13T02:30:45Z,1.418,0.18,2.612,0.18,2.612,0.03272727272727272,36.7016
2025-11-13T03:00:00Z,120764,12.76,2025-11-13T02:57:20Z,1.363,0.18,2.609,0.18,2.609,0.03272727272727272,36.6962
2025-11-13T03:15:00Z,120765,12.77,2025-11-13T03:02:35Z,1.352,0.179,2.592,0.179,2.592,0.032545454545454544,36.6656
2025-11-13T03:30:00Z,120766,12.78,2025-11-13T03:29:15Z,1.312,0.179,2.565,0.179,2.565,0.032545454545454544,36.617
2025-11-13T03:45:00Z,120767,12.77,2025-11-13T03:30:30Z,1.156,0.179,2.527,0.179,2.527,0.032545454545454544,36.5486
2025-11-13T04:00:00Z,120768,12.76,2025-11-13T03:57:20Z,0.898,0.179,2.436,0.179,2.436,0.032545454545454544,36.3848
2025-11-13T04:15:00Z,120769,12.76,2025-11-13T04:10:30Z,0.694,0.179,2.376,0.179,2.376,0.032545454545454544,36.2768
2025-11-13T04:30:00Z,120770,12.6,2025-11-13T04:29:50Z,0.562,0.179,2.285,0.179,2.285,0.032545454545454544,36.113
2025-11-13T04:45:00Z,120771,12.76,2025-11-13T04:36:20Z,0.473,0.179,2.196,0.179,2.196,0.032545454545454544,35.9528
2025-11-13T05:00:00Z,120772,12.76,2025-11-13T04:52:20Z,0.398,0.179,2.116,0.179,2.116,0.032545454545454544,35.8088
2025-11-13T05:15:00Z,120773,12.75,2025-11-13T05:13:35Z,0.359,0.179,2.058,0.179,2.058,0.032545454545454544,35.7044
2025-11-13T05:30:00Z,120774,12.74,2025-11-13T05:29:40Z,0.277,0.178,2.009,0.178,2.009,0.032363636363636365,35.6162
2025-11-13T05:45:00Z,120775,12.74,2025-11-13T05:32:20Z,0.148,0.178,1.954,0.178,1.954,0.032363636363636365,35.5172
2025-11-13T06:00:00Z,120776,12.72,2025-11-13T05:57:15Z,0.036,0.178,1.892,0.178,1.892,0.032363636363636365,35.4056
2025-11-13T06:15:00Z,120777,12.72,2025-11-13T06:13:45Z,-0.065,0.178,1.843,0.178,1.843,0.032363636363636365,35.3174
2025-11-13T06:30:00Z,120778,12.72,2025-11-13T06:29:40Z,-0.205,0.178,1.826,0.178,1.826,0.032363636363636365,35.2868
2025-11-13T06:45:00Z,120779,12.75,2025-11-13T06:39:00Z,-0.469,0.178,1.818,0.178,1.818,0.032363636363636365,35.2724
2025-11-13T07:00:00Z,120780,12.73,2025-11-13T06:57:10Z,-0.696,0.177,1.768,0.177,1.768,0.03218181818181818,35.1824
2025-11-13T07:15:00Z,120781,12.71,2025-11-13T07:02:10Z,-0.776,0.177,1.714,0.177,1.714,0.03218181818181818,35.0852
2025-11-13T07:30:00Z,120782,12.72,2025-11-13T07:29:50Z,-0.817,0.177,1.683,0.177,1.683,0.03218181818181818,35.0294
2025-11-13T07:45:00Z,120783,12.73,2025-11-13T07:32:15Z,-0.87,0.177,1.676,0.177,1.676,0.03218181818181818,35.0168
2025-11-13T08:00:00Z,120784,12.76,2025-11-13T07:47:35Z,-0.822,0.177,1.691,0.177,1.691,0.03218181818181818,35.0438
2025-11-13T08:15:00Z,120785,12.75,2025-11-13T08:04:30Z,-0.624,0.177,1.724,0.177,1.724,0.03218181818181818,35.1032
2025-11-13T08:30:00Z,120786,12.77,2025-11-13T08:29:55Z,-0.352,0.177,1.794,0.177,1.794,0.03218181818181818,35.2292
2025-11-13T08:45:00Z,120787,12.79,2025-11-13T08:30:05Z,0.073,0.177,1.889,0.177,1.889,0.03218181818181818,35.4002
2025-11-13T09:00:00Z,120788,12.8,2025-11-13T08:57:40Z,0.645,0.177,1.993,0.177,1.993,0.03218181818181818,35.5874
2025-11-13T09:15:00Z,120789,12.81,2025-11-13T09:02:55Z,1.292,0.177,2.103,0.177,2.103,0.03218181818181818,35.7854
2025-11-13T09:30:00Z,120790,12.86,2025-11-13T09:15:05Z,1.973,0.177,2.226,0.177,2.226,0.03218181818181818,36.0068
2025-11-13T09:45:00Z,120791,12.87,2025-11-13T09:34:10Z,2.848,0.177,2.362,0.177,2.362,0.03218181818181818,36.2516
2025-11-13T10:00:00Z,120792,12.85,2025-11-13T09:53:55Z,4.082,0.178,2.533,0.178,2.533,0.032363636363636365,36.5594
2025-11-13T10:15:00Z,120793,12.89,2025-11-13T10:09:30Z,5.43,0.179,2.752,0.179,2.752,0.032545454545454544,36.9536
2025-11-13T10:30:00Z,120794,12.87,2025-11-13T10:29:40Z,6.868,0.18,2.978,0.18,2.978,0.03272727272727272,37.3604
2025-11-13T10:45:00Z,120795,12.91,2025-11-13T10:30:15Z,8.07,0.18,3.169,0.18,3.169,0.03272727272727272,37.7042
2025-11-13T11:00:00Z,120796,12.92,2025-11-13T10:45:10Z,8.95,0.18,3.332,0.18,3.332,0.03272727272727272,37.9976
2025-11-13T11:15:00Z,120797,12.97,2025-11-13T11:02:10Z,9.09,0.181,3.452,0.181,3.452,0.03290909090909091,38.2136
2025-11-13T11:30:00Z,120798,13.08,2025-11-13T11:19:55Z,9.1,0.181,3.537,0.181,3.537,0.03290909090909091,38.3666
2025-11-13T11:45:00Z,120799,13.12,2025-11-13T11:30:35Z,9.36,0.18,3.622,0.18,3.622,0.03272727272727272,38.5196
2025-11-13T12:00:00Z,120800,13.16,2025-11-13T11:45:05Z,9.41,0.18,3.73,0.18,3.73,0.03272727272727272,38.714
2025-11-13T12:15:00Z,120801,13.28,2025-11-13T12:00:05Z,9.61,0.18,3.848,0.18,3.848,0.03272727272727272,38.9264
2025-11-13T12:30:00Z,120802,13.39,2025-11-13T12:15:55Z,9.98,0.181,3.984,0.181,3.984,0.03290909090909091,39.1712
2025-11-13T12:45:00Z,120803,13.7,2025-11-13T12:31:55Z,10.72,0.181,4.136,0.181,4.136,0.03290909090909091,39.4448
2025-11-13T13:00:00Z,120804,13.74,2025-11-13T13:00:00Z,11.24,0.181,4.264,0.181,4.264,0.03290909090909091,39.675200000000004
2025-11-13T13:15:00Z,120805,13.65,2025-11-13T13:02:20Z,11.71,0.182,4.357,0.182,4.357,0.033090909090909094,39.8426
2025-11-13T13:30:00Z,120806,13.83,2025-11-13T13:18:20Z,11.86,0.182,4.434,0.182,4.434,0.033090909090909094,39.9812
2025-11-13T13:45:00Z,120807,14.32,2025-11-13T13:40:55Z,12.4,0.182,4.533,0.182,4.533,0.033090909090909094,40.159400000000005
2025-11-13T14:00:00Z,120808,14.34,2025-11-13T13:49:15Z,13.15,0.182,4.643,0.182,4.643,0.033090909090909094,40.3574
2025-11-13T14:15:00Z,120809,14.33,2025-11-13T14:07:55Z,14.24,0.182,4.759,0.182,4.759,0.033090909090909094,40.5662
2025-11-13T14:30:00Z,120810,13.92,2025-11-13T14:25:20Z,14.94,0.183,4.915,0.183,4.915,0.03327272727272727,40.847
2025-11-13T14:45:00Z,120811,13.92,2025-11-13T14:34:10Z,14.24,0.182,4.938,0.182,4.938,0.033090909090909094,40.888400000000004
2025-11-13T15:00:00Z,120812,13.74,2025-11-13T14:55:00Z,13.61,0.181,4.896,0.181,4.896,0.03290909090909091,40.812799999999996
2025-11-13T15:15:00Z,120813,13.64,2025-11-13T15:06:35Z,12.83,0.181,4.893,0.181,4.893,0.03290909090909091,40.8074
2025-11-13T15:30:00Z,120814,13.67,2025-11-13T15:16:25Z,12.4,0.181,4.887,0.181,4.887,0.03290909090909091,40.7966
2025-11-13T15:45:00Z,120815,13.75,2025-11-13T15:32:00Z,12.72,0.181,4.875,0.181,4.875,0.03290909090909091,40.775
2025-11-13T16:00:00Z,120816,13.96,2025-11-13T15:58:35Z,13.14,0.181,4.854,0.181,4.854,0.03290909090909091,40.7372
2025-11-13T16:15:00Z,120817,13.74,2025-11-13T16:14:40Z,13.05,0.18,4.793,0.18,4.793,0.03272727272727272,40.6274
2025-11-13T16:30:00Z,120818,13.53,2025-11-13T16:27:35Z,12.26,0.18,4.721,0.18,4.721,0.03272727272727272,40.4978
2025-11-13T16:45:00Z,120819,13.39,2025-11-13T16:43:45Z,11.19,0.179,4.618,0.179,4.618,0.032545454545454544,40.3124
2025-11-13T17:00:00Z,120820,13.26,2025-11-13T16:57:40Z,10.2,0.179,4.507,0.179,4.507,0.032545454545454544,40.1126
2025-11-13T17:15:00Z,120821,13.16,2025-11-13T17:13:50Z,9.36,0.179,4.382,0.179,4.382,0.032545454545454544,39.8876
2025-11-13T17:30:00Z,120822,13.08,2025-11-13T17:29:45Z,8.64,0.178,4.255,0.178,4.255,0.032363636363636365,39.659
2025-11-13T17:45:00Z,120823,13.05,2025-11-13T17:39:25Z,7.966,0.178,4.125,0.178,4.125,0.032363636363636365,39.425
2025-11-13T18:00:00Z,120824,13.03,2025-11-13T17:53:40Z,7.279,0.178,3.969,0.178,3.969,0.032363636363636365,39.1442
2025-11-13T18:15:00Z,120825,13,2025-11-13T18:02:15Z,6.512,0.177,3.805,0.177,3.805,0.03218181818181818,38.849000000000004
2025-11-13T18:30:00Z,120826,12.99,2025-11-13T18:29:25Z,5.664,0.177,3.659,0.177,3.659,0.03218181818181818,38.5862
2025-11-13T18:45:00Z,120827,12.97,2025-11-13T18:30:05Z,4.83,0.176,3.527,0.176,3.527,0.032,38.3486
2025-11-13T19:00:00Z,120828,12.95,2025-11-13T18:59:25Z,4.046,0.176,3.393,0.176,3.393,0.032,38.1074
2025-11-13T19:15:00Z,120829,12.95,2025-11-13T19:03:50Z,3.359,0.176,3.269,0.176,3.269,0.032,37.8842
2025-11-13T19:30:00Z,120830,12.93,2025-11-13T19:23:30Z,2.704,0.176,3.159,0.176,3.159,0.032,37.6862
2025-11-13T19:45:00Z,120831,12.93,2025-11-13T19:39:30Z,2.148,0.175,3.05,0.175,3.05,0.031818181818181815,37.49
2025-11-13T20:00:00Z,120832,12.9,2025-11-13T19:57:10Z,1.703,0.175,2.954,0.175,2.954,0.031818181818181815,37.3172
2025-11-13T20:15:00Z,120833,12.9,2025-11-13T20:14:10Z,1.252,0.175,2.864,0.175,2.864,0.031818181818181815,37.1552
2025-11-13T20:30:00Z,120834,12.89,2025-11-13T20:29:40Z,0.794,0.175,2.767,0.175,2.767,0.031818181818181815,36.9806
2025-11-13T20:45:00Z,120835,12.88,2025-11-13T20:43:30Z,0.343,0.174,2.678,0.174,2.678,0.031636363636363636,36.8204
2025-11-13T21:00:00Z,120836,12.86,2025-11-13T20:53:55Z,-0.02,0.174,2.612,0.174,2.612,0.031636363636363636,36.7016
2025-11-13T21:15:00Z,120837,12.87,2025-11-13T21:07:30Z,-0.228,0.174,2.599,0.174,2.599,0.031636363636363636,36.678200000000004
2025-11-13T21:30:00Z,120838,12.86,2025-11-13T21:23:30Z,-0.463,0.174,2.549,0.174,2.549,0.031636363636363636,36.5882
2025-11-13T21:45:00Z,120839,12.85,2025-11-13T21:31:30Z,-0.715,0.173,2.482,0.173,2.482,0.03145454545454545,36.4676
2025-11-13T22:00:00Z,120840,12.84,2025-11-13T21:57:10Z,-0.901,0.173,2.437,0.173,2.437,0.03145454545454545,36.3866
2025-11-13T22:15:00Z,120841,12.86,2025-11-13T22:14:25Z,-1.047,0.173,2.401,0.173,2.401,0.03145454545454545,36.321799999999996
2025-11-13T22:30:00Z,120842,12.84,2025-11-13T22:29:40Z,-1.146,0.173,2.355,0.173,2.355,0.03145454545454545,36.239
2025-11-13T22:45:00Z,120843,12.85,2025-11-13T22:44:00Z,-1.178,0.173,2.35,0.173,2.35,0.03145454545454545,36.230000000000004
2025-11-13T23:00:00Z,120844,12.67,2025-11-13T22:57:10Z,-1.044,0.173,2.416,0.173,2.416,0.03145454545454545,36.3488
2025-11-13T23:15:00Z,120845,12.81,2025-11-13T23:02:15Z,-0.671,0.174,2.566,0.174,2.566,0.031636363636363636,36.6188
2025-11-13T23:30:00Z,120846,12.81,2025-11-13T23:29:50Z,-0.224,0.174,2.734,0.174,2.734,0.031636363636363636,36.9212
2025-11-13T23:45:00Z,120847,12.83,2025-11-13T23:43:30Z,0.237,0.174,2.88,0.174,2.88,0.031636363636363636,37.184
2025-11-14T00:15:00Z,120849,12.79,2025-11-14T00:02:10Z,1.033,0.175,3.11,0.175,3.11,0.031818181818181815,37.598
2025-11-14T00:30:00Z,120850,12.81,2025-11-14T00:28:05Z,1.3,0.175,3.181,0.175,3.181,0.031818181818181815,37.7258
2025-11-14T00:45:00Z,120851,12.81,2025-11-14T00:37:20Z,1.545,0.175,3.241,0.175,3.241,0.031818181818181815,37.8338
2025-11-14T01:00:00Z,120852,12.77,2025-11-14T00:57:15Z,1.74,0.175,3.301,0.175,3.301,0.031818181818181815,37.9418
2025-11-14T01:15:00Z,120853,12.81,2025-11-14T01:11:40Z,1.92,0.175,3.354,0.175,3.354,0.031818181818181815,38.0372
2025-11-14T01:30:00Z,120854,12.8,2025-11-14T01:25:40Z,2.092,0.175,3.411,0.175,3.411,0.031818181818181815,38.1398
2025-11-14T01:45:00Z,120855,12.79,2025-11-14T01:37:10Z,2.234,0.175,3.459,0.175,3.459,0.031818181818181815,38.2262
2025-11-14T02:00:00Z,120856,12.71,2025-11-14T01:57:15Z,2.354,0.175,3.498,0.175,3.498,0.031818181818181815,38.2964
2025-11-14T02:15:00Z,120857,12.77,2025-11-14T02:01:45Z,2.431,0.175,3.528,0.175,3.528,0.031818181818181815,38.3504
2025-11-14T02:30:00Z,120858,12.77,2025-11-14T02:29:45Z,2.493,0.175,3.549,0.175,3.549,0.031818181818181815,38.3882
2025-11-14T02:45:00Z,120859,12.76,2025-11-14T02:41:45Z,2.546,0.175,3.573,0.175,3.573,0.031818181818181815,38.4314
2025-11-14T03:00:00Z,120860,12.76,2025-11-14T02:57:20Z,2.579,0.175,3.588,0.175,3.588,0.031818181818181815,38.4584
2025-11-14T03:15:00Z,120861,12.77,2025-11-14T03:08:25Z,2.569,0.175,3.587,0.175,3.587,0.031818181818181815,38.4566
2025-11-14T03:30:00Z,120862,12.76,2025-11-14T03:19:05Z,2.552,0.175,3.584,0.175,3.584,0.031818181818181815,38.4512
2025-11-14T03:45:00Z,120863,12.74,2025-11-14T03:43:05Z,2.521,0.175,3.571,0.175,3.571,0.031818181818181815,38.4278
2025-11-14T04:00:00Z,120864,12.74,2025-11-14T03:51:05Z,2.428,0.175,3.536,0.175,3.536,0.031818181818181815,38.3648
2025-11-14T04:15:00Z,120865,12.76,2025-11-14T04:12:25Z,2.206,0.175,3.458,0.175,3.458,0.031818181818181815,38.2244
2025-11-14T04:30:00Z,120866,12.75,2025-11-14T04:23:05Z,1.842,0.174,3.326,0.174,3.326,0.031636363636363636,37.9868
2025-11-14T04:45:00Z,120867,12.73,2025-11-14T04:40:30Z,1.469,0.174,3.195,0.174,3.195,0.031636363636363636,37.751
2025-11-14T05:00:00Z,120868,12.73,2025-11-14T04:57:10Z,1.199,0.174,3.115,0.174,3.115,0.031636363636363636,37.607
2025-11-14T05:15:00Z,120869,12.74,2025-11-14T05:03:05Z,0.914,0.174,3.015,0.174,3.015,0.031636363636363636,37.427
2025-11-14T05:30:00Z,120870,12.74,2025-11-14T05:24:25Z,0.563,0.173,2.869,0.173,2.869,0.03145454545454545,37.1642
2025-11-14T05:45:00Z,120871,12.75,2025-11-14T05:36:25Z,0.19,0.173,2.713,0.173,2.713,0.03145454545454545,36.8834
2025-11-14T06:00:00Z,120872,12.71,2025-11-14T05:57:20Z,-0.166,0.173,2.582,0.173,2.582,0.03145454545454545,36.6476
2025-11-14T06:15:00Z,120873,12.66,2025-11-14T06:02:20Z,-0.494,0.172,2.471,0.172,2.471,0.03127272727272727,36.4478
2025-11-14T06:30:00Z,120874,12.71,2025-11-14T06:24:50Z,-0.796,0.172,2.367,0.172,2.367,0.03127272727272727,36.2606
2025-11-14T06:45:00Z,120875,12.73,2025-11-14T06:30:20Z,-1.051,0.172,2.273,0.172,2.273,0.03127272727272727,36.0914
2025-11-14T07:00:00Z,120876,12.69,2025-11-14T06:57:15Z,-1.223,0.172,2.185,0.172,2.185,0.03127272727272727,35.933
2025-11-14T07:15:00Z,120877,12.7,2025-11-14T07:02:10Z,-1.326,0.171,2.119,0.171,2.119,0.031090909090909093,35.8142
2025-11-14T07:30:00Z,120878,12.7,2025-11-14T07:18:10Z,-1.38,0.171,2.083,0.171,2.083,0.031090909090909093,35.7494
2025-11-14T07:45:00Z,120879,12.72,2025-11-14T07:30:20Z,-1.436,0.171,2.074,0.171,2.074,0.031090909090909093,35.7332
2025-11-14T08:00:00Z,120880,12.69,2025-11-14T07:52:15Z,-1.473,0.171,2.085,0.171,2.085,0.031090909090909093,35.753
2025-11-14T08:15:00Z,120881,12.72,2025-11-14T08:03:30Z,-1.436,0.171,2.094,0.171,2.094,0.031090909090909093,35.7692
2025-11-14T08:30:00Z,120882,12.75,2025-11-14T08:24:00Z,-1.215,0.171,2.143,0.171,2.143,0.031090909090909093,35.8574
2025-11-14T08:45:00Z,120883,12.75,2025-11-14T08:32:00Z,-0.798,0.171,2.25,0.171,2.25,0.031090909090909093,36.05
2025-11-14T09:00:00Z,120884,12.77,2025-11-14T08:57:15Z,-0.041,0.171,2.403,0.171,2.403,0.031090909090909093,36.3254
2025-11-14T09:15:00Z,120885,12.77,2025-11-14T09:00:15Z,0.991,0.172,2.598,0.172,2.598,0.03127272727272727,36.6764
2025-11-14T09:30:00Z,120886,12.81,2025-11-14T09:16:25Z,2.093,0.172,2.81,0.172,2.81,0.03127272727272727,37.058
2025-11-14T09:45:00Z,120887,12.84,2025-11-14T09:30:40Z,3.354,0.173,3.009,0.173,3.009,0.03145454545454545,37.4162
2025-11-14T10:00:00Z,120888,12.87,2025-11-14T09:52:00Z,4.869,0.173,3.187,0.173,3.187,0.03145454545454545,37.7366
2025-11-14T10:15:00Z,120889,12.86,2025-11-14T10:10:15Z,6.45,0.173,3.353,0.173,3.353,0.03145454545454545,38.0354
2025-11-14T10:30:00Z,120890,12.9,2025-11-14T10:18:40Z,8.16,0.174,3.52,0.174,3.52,0.031636363636363636,38.336
2025-11-14T10:45:00Z,120891,12.92,2025-11-14T10:32:00Z,9.65,0.174,3.688,0.174,3.688,0.031636363636363636,38.6384
2025-11-14T11:00:00Z,120892,12.98,2025-11-14T10:45:20Z,10.94,0.174,3.864,0.174,3.864,0.031636363636363636,38.9552
2025-11-14T11:15:00Z,120893,13.01,2025-11-14T11:02:10Z,11.37,0.175,4.046,0.175,4.046,0.031818181818181815,39.2828
2025-11-14T11:30:00Z,120894,13.12,2025-11-14T11:20:00Z,11.66,0.175,4.219,0.175,4.219,0.031818181818181815,39.5942
2025-11-14T11:45:00Z,120895,13.17,2025-11-14T11:30:40Z,12.14,0.175,4.385,0.175,4.385,0.031818181818181815,39.893
2025-11-14T12:00:00Z,120896,13.2,2025-11-14T11:45:10Z,12.44,0.175,4.549,0.175,4.549,0.031818181818181815,40.1882
2025-11-14T12:15:00Z,120897,13.27,2025-11-14T12:07:25Z,12.84,0.175,4.699,0.175,4.699,0.031818181818181815,40.4582
2025-11-14T12:30:00Z,120898,13.42,2025-11-14T12:16:00Z,13.29,0.176,4.861,0.176,4.861,0.032,40.7498
2025-11-14T12:45:00Z,120899,13.58,2025-11-14T12:33:45Z,14.07,0.176,5.101,0.176,5.101,0.032,41.181799999999996
2025-11-14T13:00:00Z,120900,13.75,2025-11-14T13:00:00Z,14.61,0.176,5.294,0.176,5.294,0.032,41.5292
2025-11-14T13:15:00Z,120901,13.61,2025-11-14T13:02:10Z,15.21,0.177,5.461,0.177,5.461,0.03218181818181818,41.8298
2025-11-14T13:30:00Z,120902,13.74,2025-11-14T13:19:25Z,15.5,0.177,5.653,0.177,5.653,0.03218181818181818,42.175399999999996
2025-11-14T13:45:00Z,120903,14.2,2025-11-14T13:38:30Z,16.13,0.177,5.806,0.177,5.806,0.03218181818181818,42.4508
2025-11-14T14:00:00Z,120904,14.22,2025-11-14T13:59:40Z,17.06,0.177,5.976,0.177,5.976,0.03218181818181818,42.7568
2025-11-14T14:15:00Z,120905,14.19,2025-11-14T14:09:05Z,18.37,0.178,6.148,0.178,6.148,0.032363636363636365,43.0664
2025-11-14T14:30:00Z,120906,14.12,2025-11-14T14:26:55Z,19.56,0.178,6.316,0.178,6.316,0.032363636363636365,43.3688
2025-11-14T14:45:00Z,120907,13.89,2025-11-14T14:34:40Z,19.73,0.178,6.463,0.178,6.463,0.032363636363636365,43.6334
2025-11-14T15:00:00Z,120908,13.67,2025-11-14T14:55:40Z,19.39,0.178,6.547,0.178,6.547,0.032363636363636365,43.7846
2025-11-14T15:15:00Z,120909,13.56,2025-11-14T15:02:20Z,18.58,0.178,6.605,0.178,6.605,0.032363636363636365,43.889
2025-11-14T15:30:00Z,120910,13.69,2025-11-14T15:16:50Z,18.06,0.178,6.662,0.178,6.662,0.032363636363636365,43.9916
2025-11-14T15:45:00Z,120911,13.72,2025-11-14T15:32:25Z,18.1,0.178,6.7,0.178,6.7,0.032363636363636365,44.06
2025-11-14T16:00:00Z,120912,13.79,2025-11-14T15:59:35Z,18.46,0.178,6.78,0.178,6.78,0.032363636363636365,44.204
2025-11-14T16:15:00Z,120913,13.78,2025-11-14T16:09:35Z,18.68,0.178,6.859,0.178,6.859,0.032363636363636365,44.346199999999996
2025-11-14T16:30:00Z,120914,13.44,2025-11-14T16:29:50Z,18.26,0.178,6.835,0.178,6.835,0.032363636363636365,44.303
2025-11-14T16:45:00Z,120915,13.36,2025-11-14T16:44:55Z,17.32,0.178,6.689,0.178,6.689,0.032363636363636365,44.0402
2025-11-14T17:00:00Z,120916,13.25,2025-11-14T16:59:45Z,16.32,0.177,6.518,0.177,6.518,0.03218181818181818,43.7324
2025-11-14T17:15:00Z,120917,13.16,2025-11-14T17:14:45Z,15.27,0.177,6.34,0.177,6.34,0.03218181818181818,43.412
2025-11-14T17:30:00Z,120918,13.06,2025-11-14T17:29:45Z,14.13,0.177,6.157,0.177,6.157,0.03218181818181818,43.0826
2025-11-14T17:45:00Z,120919,13.05,2025-11-14T17:45:00Z,12.95,0.177,5.974,0.177,5.974,0.03218181818181818,42.7532
2025-11-14T18:00:00Z,120920,13.01,2025-11-14T18:00:00Z,11.75,0.176,5.791,0.176,5.791,0.032,42.4238
2025-11-14T18:15:00Z,120921,12.98,2025-11-14T18:09:45Z,10.64,0.176,5.622,0.176,5.622,0.032,42.1196
2025-11-14T18:30:00Z,120922,12.99,2025-11-14T18:30:00Z,9.61,0.175,5.473,0.175,5.473,0.031818181818181815,41.8514
2025-11-14T18:45:00Z,120923,12.98,2025-11-14T18:40:55Z,8.69,0.175,5.342,0.175,5.342,0.031818181818181815,41.6156
2025-11-14T19:00:00Z,120924,12.93,2025-11-14T18:57:15Z,7.93,0.175,5.229,0.175,5.229,0.031818181818181815,41.4122
2025-11-14T19:15:00Z,120925,12.94,2025-11-14T19:02:10Z,7.257,0.174,5.134,0.174,5.134,0.031636363636363636,41.2412
2025-11-14T19:30:00Z,120926,12.92,2025-11-14T19:30:00Z,6.672,0.174,5.051,0.174,5.051,0.031636363636363636,41.0918
2025-11-14T19:45:00Z,120927,12.9,2025-11-14T19:30:05Z,6.151,0.174,4.975,0.174,4.975,0.031636363636363636,40.955
2025-11-14T20:00:00Z,120928,12.9,2025-11-14T19:57:30Z,5.725,0.174,4.907,0.174,4.907,0.031636363636363636,40.8326
2025-11-14T20:15:00Z,120929,12.9,2025-11-14T20:00:55Z,5.368,0.174,4.843,0.174,4.843,0.031636363636363636,40.7174
2025-11-14T20:30:00Z,120930,12.89,2025-11-14T20:29:40Z,5.078,0.174,4.788,0.174,4.788,0.031636363636363636,40.6184
2025-11-14T20:45:00Z,120931,12.87,2025-11-14T20:44:00Z,4.846,0.174,4.745,0.174,4.745,0.031636363636363636,40.541
2025-11-14T21:00:00Z,120932,12.87,2025-11-14T20:57:10Z,4.642,0.173,4.704,0.173,4.704,0.03145454545454545,40.4672
2025-11-14T21:15:00Z,120933,12.87,2025-11-14T21:02:15Z,4.474,0.173,4.667,0.173,4.667,0.03145454545454545,40.4006
2025-11-14T21:30:00Z,120934,12.85,2025-11-14T21:29:40Z,4.349,0.173,4.635,0.173,4.635,0.03145454545454545,40.343
2025-11-14T21:45:00Z,120935,12.87,2025-11-14T21:36:55Z,4.263,0.173,4.616,0.173,4.616,0.03145454545454545,40.3088
2025-11-14T22:00:00Z,120936,12.85,2025-11-14T21:57:10Z,4.221,0.173,4.61,0.173,4.61,0.03145454545454545,40.298
2025-11-14T22:15:00Z,120937,12.84,2025-11-14T22:02:10Z,4.199,0.173,4.614,0.173,4.614,0.03145454545454545,40.3052
2025-11-14T22:30:00Z,120938,12.84,2025-11-14T22:29:40Z,4.213,0.173,4.621,0.173,4.621,0.03145454545454545,40.317800000000005
2025-11-14T22:45:00Z,120939,12.82,2025-11-14T22:34:00Z,4.234,0.173,4.627,0.173,4.627,0.03145454545454545,40.3286
2025-11-14T23:00:00Z,120940,12.77,2025-11-14T22:57:10Z,4.256,0.173,4.634,0.173,4.634,0.03145454545454545,40.3412
2025-11-14T23:15:00Z,120941,12.84,2025-11-14T23:09:00Z,4.292,0.173,4.638,0.173,4.638,0.03145454545454545,40.3484
2025-11-14T23:30:00Z,120942,12.82,2025-11-14T23:20:55Z,4.354,0.173,4.645,0.173,4.645,0.03145454545454545,40.361
2025-11-14T23:45:00Z,120943,12.83,2025-11-14T23:37:00Z,4.41,0.173,4.653,0.173,4.653,0.03145454545454545,40.3754
2025-11-15T00:15:00Z,120945,12.83,2025-11-15T00:12:55Z,4.526,0.173,4.671,0.173,4.671,0.03145454545454545,40.4078
2025-11-15T00:30:00Z,120946,12.81,2025-11-15T00:24:00Z,4.607,0.173,4.683,0.173,4.683,0.03145454545454545,40.4294
2025-11-15T00:45:00Z,120947,12.82,2025-11-15T00:40:05Z,4.736,0.174,4.7,0.174,4.7,0.031636363636363636,40.46
2025-11-15T01:00:00Z,120948,12.78,2025-11-15T00:57:10Z,4.862,0.174,4.711,0.174,4.711,0.031636363636363636,40.4798
2025-11-15T01:15:00Z,120949,12.81,2025-11-15T01:08:30Z,4.962,0.174,4.731,0.174,4.731,0.031636363636363636,40.5158
2025-11-15T01:30:00Z,120950,12.78,2025-11-15T01:29:50Z,5.07,0.174,4.749,0.174,4.749,0.031636363636363636,40.5482
2025-11-15T01:45:00Z,120951,12.8,2025-11-15T01:32:35Z,5.179,0.174,4.765,0.174,4.765,0.031636363636363636,40.577
2025-11-15T02:00:00Z,120952,12.79,2025-11-15T01:57:10Z,5.261,0.174,4.773,0.174,4.773,0.031636363636363636,40.5914
2025-11-15T02:15:00Z,120953,12.77,2025-11-15T02:02:10Z,5.41,0.174,4.796,0.174,4.796,0.031636363636363636,40.6328
2025-11-15T02:30:00Z,120954,12.77,2025-11-15T02:23:10Z,5.62,0.174,4.833,0.174,4.833,0.031636363636363636,40.6994
2025-11-15T02:45:00Z,120955,12.78,2025-11-15T02:44:05Z,5.822,0.174,4.872,0.174,4.872,0.031636363636363636,40.7696
2025-11-15T03:00:00Z,120956,12.76,2025-11-15T02:57:20Z,6.045,0.174,4.91,0.174,4.91,0.031636363636363636,40.838
2025-11-15T03:15:00Z,120957,12.74,2025-11-15T03:02:10Z,6.324,0.174,4.95,0.174,4.95,0.031636363636363636,40.91
2025-11-15T03:30:00Z,120958,12.76,2025-11-15T03:16:30Z,6.906,0.174,5.022,0.174,5.022,0.031636363636363636,41.0396
2025-11-15T03:45:00Z,120959,12.75,2025-11-15T03:43:10Z,7.512,0.174,5.112,0.174,5.112,0.031636363636363636,41.2016
2025-11-15T04:00:00Z,120960,12.73,2025-11-15T03:57:15Z,8.13,0.175,5.201,0.175,5.201,0.031818181818181815,41.3618
2025-11-15T04:15:00Z,120961,12.75,2025-11-15T04:03:30Z,8.71,0.175,5.288,0.175,5.288,0.031818181818181815,41.5184
2025-11-15T04:30:00Z,120962,12.73,2025-11-15T04:20:30Z,9.29,0.175,5.42,0.175,5.42,0.031818181818181815,41.756
2025-11-15T04:45:00Z,120963,12.73,2025-11-15T04:31:10Z,9.85,0.176,5.602,0.176,5.602,0.032,42.083600000000004
2025-11-15T05:00:00Z,120964,12.72,2025-11-15T04:57:10Z,10.23,0.176,5.75,0.176,5.75,0.032,42.35
2025-11-15T05:15:00Z,120965,12.74,2025-11-15T05:08:30Z,10.54,0.176,5.845,0.176,5.845,0.032,42.521
2025-11-15T05:30:00Z,120966,12.68,2025-11-15T05:19:35Z,10.83,0.176,5.962,0.176,5.962,0.032,42.7316
2025-11-15T05:45:00Z,120967,12.7,2025-11-15T05:36:00Z,11.06,0.177,6.076,0.177,6.076,0.03218181818181818,42.9368
2025-11-15T06:00:00Z,120968,12.71,2025-11-15T05:54:05Z,11.2,0.177,6.213,0.177,6.213,0.03218181818181818,43.1834
2025-11-15T06:15:00Z,120969,12.73,2025-11-15T06:04:30Z,11.26,0.177,6.304,0.177,6.304,0.03218181818181818,43.3472
2025-11-15T06:30:00Z,120970,12.61,2025-11-15T06:29:40Z,11.36,0.177,6.395,0.177,6.395,0.03218181818181818,43.510999999999996
2025-11-15T06:45:00Z,120971,12.73,2025-11-15T06:39:10Z,11.49,0.177,6.481,0.177,6.481,0.03218181818181818,43.665800000000004
2025-11-15T07:00:00Z,120972,12.71,2025-11-15T06:57:10Z,11.58,0.178,6.542,0.178,6.542,0.032363636363636365,43.7756
2025-11-15T07:15:00Z,120973,12.7,2025-11-15T07:02:10Z,11.66,0.178,6.629,0.178,6.629,0.032363636363636365,43.932199999999995
2025-11-15T07:30:00Z,120974,12.72,2025-11-15T07:19:10Z,11.77,0.178,6.763,0.178,6.763,0.032363636363636365,44.1734
2025-11-15T07:45:00Z,120975,12.69,2025-11-15T07:37:00Z,11.88,0.178,6.862,0.178,6.862,0.032363636363636365,44.351600000000005
2025-11-15T08:00:00Z,120976,12.72,2025-11-15T07:57:35Z,12.01,0.178,6.983,0.178,6.983,0.032363636363636365,44.5694
2025-11-15T08:15:00Z,120977,12.73,2025-11-15T08:02:35Z,12.15,0.179,7.181,0.179,7.181,0.032545454545454544,44.9258
2025-11-15T08:30:00Z,120978,12.67,2025-11-15T08:26:35Z,12.31,0.179,7.351,0.179,7.351,0.032545454545454544,45.2318
2025-11-15T08:45:00Z,120979,12.76,2025-11-15T08:38:30Z,12.48,0.179,7.518,0.179,7.518,0.032545454545454544,45.532399999999996
2025-11-15T09:00:00Z,120980,12.68,2025-11-15T08:47:45Z,12.66,0.179,7.734,0.179,7.734,0.032545454545454544,45.9212
2025-11-15T09:15:00Z,120981,12.84,2025-11-15T09:02:20Z,12.85,0.179,7.959,0.179,7.959,0.032545454545454544,46.3262
2025-11-15T09:30:00Z,120982,12.76,2025-11-15T09:29:50Z,13.06,0.18,8.15,0.18,8.15,0.03272727272727272,46.67
2025-11-15T09:45:00Z,120983,12.82,2025-11-15T09:34:05Z,13.31,0.18,8.35,0.18,8.35,0.03272727272727272,47.03
2025-11-15T10:00:00Z,120984,12.99,2025-11-15T09:47:35Z,13.54,0.18,8.61,0.18,8.61,0.03272727272727272,47.498
2025-11-15T10:15:00Z,120985,12.94,2025-11-15T10:01:40Z,13.79,0.181,8.88,0.181,8.88,0.03290909090909091,47.984
2025-11-15T10:30:00Z,120986,13.06,2025-11-15T10:23:00Z,14.11,0.181,9.09,0.181,9.09,0.03290909090909091,48.362
2025-11-15T10:45:00Z,120987,13.1,2025-11-15T10:33:35Z,14.54,0.181,9.25,0.181,9.25,0.03290909090909091,48.65
2025-11-15T11:00:00Z,120988,13.08,2025-11-15T10:52:30Z,14.93,0.182,9.42,0.182,9.42,0.033090909090909094,48.956
2025-11-15T11:15:00Z,120989,13.09,2025-11-15T11:02:15Z,15.31,0.182,9.72,0.182,9.72,0.033090909090909094,49.496
2025-11-15T11:30:00Z,120990,13.07,2025-11-15T11:28:35Z,15.62,0.182,9.95,0.182,9.95,0.033090909090909094,49.91
2025-11-15T11:45:00Z,120991,13.07,2025-11-15T11:37:50Z,15.88,0.182,10.17,0.182,10.17,0.033090909090909094,50.306
2025-11-15T12:00:00Z,120992,13.05,2025-11-15T11:49:25Z,16.07,0.182,10.31,0.182,10.31,0.033090909090909094,50.558
2025-11-15T12:15:00Z,120993,13.04,2025-11-15T12:04:30Z,16.29,0.182,10.4,0.182,10.4,0.033090909090909094,50.72
2025-11-15T12:30:00Z,120994,13.11,2025-11-15T12:26:20Z,16.64,0.184,10.63,0.184,10.63,0.03345454545454545,51.134
2025-11-15T12:45:00Z,120995,13.13,2025-11-15T12:36:20Z,16.93,0.184,10.92,0.184,10.92,0.03345454545454545,51.656
2025-11-15T13:00:00Z,120996,13.18,2025-11-15T12:47:10Z,17.17,0.184,11.14,0.184,11.14,0.03345454545454545,52.052
2025-11-15T13:15:00Z,120997,13.21,2025-11-15T13:01:00Z,17.41,0.184,11.3,0.184,11.3,0.03345454545454545,52.34
2025-11-15T13:30:00Z,120998,13.31,2025-11-15T13:27:00Z,17.71,0.185,11.49,0.185,11.49,0.03363636363636364,52.682
2025-11-15T13:45:00Z,120999,13.38,2025-11-15T13:30:45Z,17.97,0.186,11.71,0.186,11.71,0.03381818181818182,53.078
2025-11-15T14:00:00Z,121000,13.24,2025-11-15T13:57:25Z,18.08,0.186,11.7,0.186,11.7,0.03381818181818182,53.06
2025-11-15T14:15:00Z,121001,13.16,2025-11-15T14:04:20Z,18.01,0.185,11.67,0.185,11.67,0.03363636363636364,53.006
2025-11-15T14:30:00Z,121002,13.11,2025-11-15T14:29:50Z,17.96,0.186,11.71,0.186,11.71,0.03381818181818182,53.078
2025-11-15T14:45:00Z,121003,13.11,2025-11-15T14:32:05Z,17.87,0.185,11.72,0.185,11.72,0.03363636363636364,53.096000000000004
2025-11-15T15:00:00Z,121004,13.37,2025-11-15T14:58:45Z,18.01,0.185,11.73,0.185,11.73,0.03363636363636364,53.114000000000004
2025-11-15T15:15:00Z,121005,13.24,2025-11-15T15:14:45Z,18.14,0.185,11.88,0.185,11.88,0.03363636363636364,53.384
2025-11-15T15:30:00Z,121006,13.21,2025-11-15T15:20:55Z,18.12,0.185,11.92,0.185,11.92,0.03363636363636364,53.456
2025-11-15T15:45:00Z,121007,13.16,2025-11-15T15:44:05Z,18.07,0.185,11.91,0.185,11.91,0.03363636363636364,53.438
2025-11-15T16:00:00Z,121008,13.11,2025-11-15T15:57:20Z,17.96,0.185,11.87,0.185,11.87,0.03363636363636364,53.366
2025-11-15T16:15:00Z,121009,13.08,2025-11-15T16:13:25Z,17.77,0.185,11.81,0.185,11.81,0.03363636363636364,53.258
2025-11-15T16:30:00Z,121010,13.05,2025-11-15T16:24:00Z,17.52,0.185,11.72,0.185,11.72,0.03363636363636364,53.096000000000004
2025-11-15T16:45:00Z,121011,13.04,2025-11-15T16:45:00Z,17.27,0.185,11.61,0.185,11.61,0.03363636363636364,52.897999999999996
2025-11-15T17:00:00Z,121012,13.02,2025-11-15T16:58:45Z,16.9,0.185,11.41,0.185,11.41,0.03363636363636364,52.538
2025-11-15T17:15:00Z,121013,12.95,2025-11-15T17:02:15Z,16.36,0.184,11.13,0.184,11.13,0.03345454545454545,52.034
2025-11-15T17:30:00Z,121014,12.91,2025-11-15T17:29:55Z,15.79,0.183,10.85,0.183,10.85,0.03327272727272727,51.53
2025-11-15T17:45:00Z,121015,12.92,2025-11-15T17:35:10Z,15.19,0.183,10.59,0.183,10.59,0.03327272727272727,51.062
2025-11-15T18:00:00Z,121016,12.9,2025-11-15T17:57:05Z,14.64,0.182,10.36,0.182,10.36,0.033090909090909094,50.647999999999996
2025-11-15T18:15:00Z,121017,12.87,2025-11-15T18:01:50Z,14.2,0.181,10.19,0.181,10.19,0.03290909090909091,50.342
2025-11-15T18:30:00Z,121018,12.87,2025-11-15T18:26:45Z,13.83,0.181,10.05,0.181,10.05,0.03290909090909091,50.09
2025-11-15T18:45:00Z,121019,12.8,2025-11-15T18:44:20Z,13.48,0.18,9.9,0.18,9.9,0.03272727272727272,49.82
2025-11-15T19:00:00Z,121020,12.83,2025-11-15T18:58:45Z,13.08,0.18,9.74,0.18,9.74,0.03272727272727272,49.532
2025-11-15T19:15:00Z,121021,12.81,2025-11-15T19:03:10Z,12.63,0.18,9.56,0.18,9.56,0.03272727272727272,49.208
2025-11-15T19:30:00Z,121022,12.78,2025-11-15T19:29:40Z,12.19,0.179,9.39,0.179,9.39,0.032545454545454544,48.902
2025-11-15T19:45:00Z,121023,12.78,2025-11-15T19:44:05Z,11.8,0.179,9.24,0.179,9.24,0.032545454545454544,48.632
2025-11-15T20:00:00Z,121024,12.77,2025-11-15T19:53:50Z,11.46,0.179,9.15,0.179,9.15,0.032545454545454544,48.47
2025-11-15T20:15:00Z,121025,12.76,2025-11-15T20:02:10Z,11.29,0.179,9.11,0.179,9.11,0.032545454545454544,48.397999999999996
2025-11-15T20:30:00Z,121026,12.77,2025-11-15T20:15:10Z,11.26,0.179,9.1,0.179,9.1,0.032545454545454544,48.379999999999995
2025-11-15T20:45:00Z,121027,12.74,2025-11-15T20:30:55Z,11.19,0.179,9.04,0.179,9.04,0.032545454545454544,48.272
2025-11-15T21:00:00Z,121028,12.73,2025-11-15T20:57:15Z,11.01,0.178,8.93,0.178,8.93,0.032363636363636365,48.074
2025-11-15T21:15:00Z,121029,12.72,2025-11-15T21:02:15Z,10.91,0.178,8.87,0.178,8.87,0.032363636363636365,47.966
2025-11-15T21:30:00Z,121030,12.72,2025-11-15T21:29:45Z,10.82,0.178,8.81,0.178,8.81,0.032363636363636365,47.858000000000004
2025-11-15T21:45:00Z,121031,12.72,2025-11-15T21:45:00Z,10.73,0.179,8.75,0.179,8.75,0.032545454545454544,47.75
2025-11-15T22:00:00Z,121032,12.71,2025-11-15T21:55:30Z,10.63,0.178,8.65,0.178,8.65,0.032363636363636365,47.57
2025-11-15T22:15:00Z,121033,12.73,2025-11-15T22:07:10Z,10.49,0.178,8.54,0.178,8.54,0.032363636363636365,47.372
2025-11-15T22:30:00Z,121034,12.69,2025-11-15T22:24:10Z,10.31,0.177,8.43,0.177,8.43,0.03218181818181818,47.174
2025-11-15T22:45:00Z,121035,12.7,2025-11-15T22:33:00Z,10.12,0.177,8.33,0.177,8.33,0.03218181818181818,46.994
2025-11-15T23:00:00Z,121036,12.71,2025-11-15T22:57:30Z,9.96,0.176,8.26,0.176,8.26,0.032,46.868
2025-11-15T23:15:00Z,121037,12.69,2025-11-15T23:02:10Z,9.78,0.176,8.2,0.176,8.2,0.032,46.76
2025-11-15T23:30:00Z,121038,12.69,2025-11-15T23:25:10Z,9.58,0.175,8.14,0.175,8.14,0.031818181818181815,46.652
2025-11-15T23:45:00Z,121039,12.69,2025-11-15T23:31:15Z,9.34,0.175,8.07,0.175,8.07,0.031818181818181815,46.525999999999996
2025-11-16T00:15:00Z,121041,12.69,2025-11-16T00:11:40Z,9.02,0.175,7.987,0.175,7.987,0.031818181818181815,46.376599999999996
2025-11-16T00:30:00Z,121042,12.68,2025-11-16T00:29:40Z,8.95,0.175,7.951,0.175,7.951,0.031818181818181815,46.3118
2025-11-16T00:45:00Z,121043,12.69,2025-11-16T00:43:45Z,8.89,0.175,7.911,0.175,7.911,0.031818181818181815,46.2398
2025-11-16T01:00:00Z,121044,12.68,2025-11-16T00:47:50Z,8.84,0.175,7.865,0.175,7.865,0.031818181818181815,46.157
2025-11-16T01:15:00Z,121045,12.68,2025-11-16T01:07:40Z,8.79,0.176,7.82,0.176,7.82,0.032,46.076
2025-11-16T01:30:00Z,121046,12.68,2025-11-16T01:15:40Z,8.83,0.177,7.765,0.177,7.765,0.03218181818181818,45.977
2025-11-16T01:45:00Z,121047,12.68,2025-11-16T01:44:05Z,8.88,0.177,7.693,0.177,7.693,0.03218181818181818,45.8474
2025-11-16T02:00:00Z,121048,12.68,2025-11-16T01:45:15Z,8.8,0.176,7.589,0.176,7.589,0.032,45.6602
2025-11-16T02:15:00Z,121049,12.68,2025-11-16T02:02:15Z,8.65,0.175,7.478,0.175,7.478,0.031818181818181815,45.4604
2025-11-16T02:30:00Z,121050,12.67,2025-11-16T02:19:15Z,8.45,0.174,7.377,0.174,7.377,0.031636363636363636,45.2786
2025-11-16T02:45:00Z,121051,12.69,2025-11-16T02:34:40Z,8.18,0.174,7.237,0.174,7.237,0.031636363636363636,45.0266
2025-11-16T03:00:00Z,121052,12.67,2025-11-16T02:57:15Z,7.863,0.173,7.059,0.173,7.059,0.03145454545454545,44.706199999999995
2025-11-16T03:15:00Z,121053,12.68,2025-11-16T03:05:05Z,7.457,0.173,6.865,0.173,6.865,0.03145454545454545,44.357
2025-11-16T03:30:00Z,121054,12.64,2025-11-16T03:18:15Z,7.079,0.172,6.685,0.172,6.685,0.03127272727272727,44.033
2025-11-16T03:45:00Z,121055,12.67,2025-11-16T03:41:25Z,6.731,0.173,6.544,0.173,6.544,0.03145454545454545,43.7792
2025-11-16T04:00:00Z,121056,12.67,2025-11-16T03:54:20Z,6.437,0.172,6.41,0.172,6.41,0.03127272727272727,43.538
2025-11-16T04:15:00Z,121057,12.62,2025-11-16T04:10:25Z,6.192,0.172,6.262,0.172,6.262,0.03127272727272727,43.2716
2025-11-16T04:30:00Z,121058,12.65,2025-11-16T04:29:45Z,5.985,0.172,6.134,0.172,6.134,0.03127272727272727,43.0412
2025-11-16T04:45:00Z,121059,12.66,2025-11-16T04:33:00Z,5.731,0.171,6.032,0.171,6.032,0.031090909090909093,42.8576
2025-11-16T05:00:00Z,121060,12.64,2025-11-16T04:50:10Z,5.438,0.172,5.914,0.172,5.914,0.03127272727272727,42.6452
2025-11-16T05:15:00Z,121061,12.57,2025-11-16T05:10:05Z,5.186,0.171,5.744,0.171,5.744,0.031090909090909093,42.3392
2025-11-16T05:30:00Z,121062,12.66,2025-11-16T05:20:45Z,4.941,0.17,5.59,0.17,5.59,0.030909090909090914,42.062
2025-11-16T05:45:00Z,121063,12.53,2025-11-16T05:33:20Z,4.715,0.169,5.453,0.169,5.453,0.030727272727272728,41.8154
2025-11-16T06:00:00Z,121064,12.66,2025-11-16T05:57:15Z,4.465,0.169,5.349,0.169,5.349,0.030727272727272728,41.6282
2025-11-16T06:15:00Z,121065,12.64,2025-11-16T06:14:20Z,4.214,0.169,5.255,0.169,5.255,0.030727272727272728,41.459
2025-11-16T06:30:00Z,121066,12.68,2025-11-16T06:15:40Z,3.96,0.168,5.164,0.168,5.164,0.030545454545454546,41.2952
2025-11-16T06:45:00Z,121067,12.68,2025-11-16T06:31:00Z,3.723,0.167,5.073,0.167,5.073,0.030363636363636367,41.1314
2025-11-16T07:00:00Z,121068,12.65,2025-11-16T06:55:15Z,3.479,0.167,4.996,0.167,4.996,0.030363636363636367,40.9928
2025-11-16T07:15:00Z,121069,12.63,2025-11-16T07:02:15Z,3.228,0.167,4.928,0.167,4.928,0.030363636363636367,40.870400000000004
2025-11-16T07:30:00Z,121070,12.66,2025-11-16T07:18:20Z,2.965,0.166,4.867,0.166,4.867,0.030181818181818185,40.7606
2025-11-16T07:45:00Z,121071,12.59,2025-11-16T07:33:20Z,2.748,0.166,4.806,0.166,4.806,0.030181818181818185,40.650800000000004
2025-11-16T08:00:00Z,121072,12.66,2025-11-16T07:57:15Z,2.618,0.165,4.747,0.165,4.747,0.03,40.5446
2025-11-16T08:15:00Z,121073,12.67,2025-11-16T08:01:00Z,2.555,0.166,4.695,0.166,4.695,0.030181818181818185,40.451
2025-11-16T08:30:00Z,121074,12.68,2025-11-16T08:15:15Z,2.595,0.165,4.652,0.165,4.652,0.03,40.373599999999996
2025-11-16T08:45:00Z,121075,12.69,2025-11-16T08:33:55Z,2.7,0.165,4.627,0.165,4.627,0.03,40.3286
2025-11-16T09:00:00Z,121076,12.6,2025-11-16T08:58:25Z,2.976,0.165,4.616,0.165,4.616,0.03,40.3088
2025-11-16T09:15:00Z,121077,12.71,2025-11-16T09:00:10Z,3.294,0.165,4.599,0.165,4.599,0.03,40.2782
2025-11-16T09:30:00Z,121078,12.73,2025-11-16T09:24:20Z,3.569,0.166,4.585,0.166,4.585,0.030181818181818185,40.253
2025-11-16T09:45:00Z,121079,12.77,2025-11-16T09:45:00Z,3.97,0.166,4.568,0.166,4.568,0.030181818181818185,40.2224
2025-11-16T10:00:00Z,121080,12.65,2025-11-16T09:57:10Z,4.485,0.166,4.564,0.166,4.564,0.030181818181818185,40.215199999999996
2025-11-16T10:15:00Z,121081,12.81,2025-11-16T10:01:55Z,5.138,0.166,4.565,0.166,4.565,0.030181818181818185,40.217
2025-11-16T10:30:00Z,121082,12.8,2025-11-16T10:29:40Z,5.951,0.166,4.549,0.166,4.549,0.030181818181818185,40.1882
2025-11-16T10:45:00Z,121083,12.82,2025-11-16T10:31:15Z,6.66,0.166,4.558,0.166,4.558,0.030181818181818185,40.2044
2025-11-16T11:00:00Z,121084,12.87,2025-11-16T10:45:10Z,7.281,0.166,4.578,0.166,4.578,0.030181818181818185,40.2404
2025-11-16T11:15:00Z,121085,12.9,2025-11-16T11:02:25Z,7.169,0.166,4.597,0.166,4.597,0.030181818181818185,40.2746
2025-11-16T11:30:00Z,121086,12.94,2025-11-16T11:23:35Z,6.951,0.165,4.618,0.165,4.618,0.03,40.3124
2025-11-16T11:45:00Z,121087,13.01,2025-11-16T11:30:05Z,6.907,0.165,4.644,0.165,4.644,0.03,40.3592
2025-11-16T12:00:00Z,121088,13.05,2025-11-16T11:45:15Z,6.964,0.165,4.671,0.165,4.671,0.03,40.4078
2025-11-16T12:15:00Z,121089,13.15,2025-11-16T12:06:00Z,7.11,0.165,4.717,0.165,4.717,0.03,40.4906
2025-11-16T12:30:00Z,121090,13.36,2025-11-16T12:15:05Z,7.348,0.165,4.757,0.165,4.757,0.03,40.5626
2025-11-16T12:45:00Z,121091,13.46,2025-11-16T12:33:40Z,7.902,0.164,4.793,0.164,4.793,0.02981818181818182,40.6274
2025-11-16T13:00:00Z,121092,13.74,2025-11-16T12:57:40Z,8.15,0.164,4.847,0.164,4.847,0.02981818181818182,40.7246
2025-11-16T13:15:00Z,121093,13.55,2025-11-16T13:05:00Z,8.37,0.164,4.87,0.164,4.87,0.02981818181818182,40.766
2025-11-16T13:30:00Z,121094,14.06,2025-11-16T13:27:05Z,8.39,0.165,4.88,0.165,4.88,0.03,40.784
2025-11-16T13:45:00Z,121095,13.7,2025-11-16T13:34:20Z,8.68,0.163,4.904,0.163,4.904,0.029636363636363638,40.8272
2025-11-16T14:00:00Z,121096,13.75,2025-11-16T13:46:15Z,9.3,0.164,4.957,0.164,4.957,0.02981818181818182,40.9226
2025-11-16T14:15:00Z,121097,13.65,2025-11-16T14:09:15Z,10.14,0.164,4.997,0.164,4.997,0.02981818181818182,40.9946
2025-11-16T14:30:00Z,121098,13.76,2025-11-16T14:29:55Z,10.29,0.164,5.001,0.164,5.001,0.02981818181818182,41.0018
2025-11-16T14:45:00Z,121099,13.76,2025-11-16T14:36:35Z,9.9,0.163,4.98,0.163,4.98,0.029636363636363638,40.964
2025-11-16T15:00:00Z,121100,13.66,2025-11-16T14:54:45Z,9.48,0.163,4.968,0.163,4.968,0.029636363636363638,40.9424
2025-11-16T15:15:00Z,121101,13.63,2025-11-16T15:06:50Z,8.83,0.162,4.94,0.162,4.94,0.029454545454545455,40.891999999999996
2025-11-16T15:30:00Z,121102,13.7,2025-11-16T15:15:45Z,8.42,0.162,4.92,0.162,4.92,0.029454545454545455,40.856
2025-11-16T15:45:00Z,121103,13.66,2025-11-16T15:33:20Z,8.14,0.163,4.873,0.163,4.873,0.029636363636363638,40.7714
2025-11-16T16:00:00Z,121104,14.09,2025-11-16T15:46:50Z,8.06,0.161,4.812,0.161,4.812,0.029272727272727273,40.6616
2025-11-16T16:15:00Z,121105,13.87,2025-11-16T16:10:50Z,7.943,0.161,4.756,0.161,4.756,0.029272727272727273,40.5608
2025-11-16T16:30:00Z,121106,13.55,2025-11-16T16:29:30Z,7.356,0.161,4.687,0.161,4.687,0.029272727272727273,40.4366
2025-11-16T16:45:00Z,121107,13.35,2025-11-16T16:44:20Z,6.573,0.16,4.619,0.16,4.619,0.02909090909090909,40.3142
2025-11-16T17:00:00Z,121108,13.25,2025-11-16T16:58:20Z,5.826,0.16,4.539,0.16,4.539,0.02909090909090909,40.1702
2025-11-16T17:15:00Z,121109,13.16,2025-11-16T17:14:50Z,5.198,0.159,4.446,0.159,4.446,0.028909090909090912,40.0028
2025-11-16T17:30:00Z,121110,13.09,2025-11-16T17:29:55Z,4.622,0.158,4.352,0.158,4.352,0.028727272727272726,39.833600000000004
2025-11-16T17:45:00Z,121111,13.03,2025-11-16T17:42:45Z,4.118,0.158,4.256,0.158,4.256,0.028727272727272726,39.6608
2025-11-16T18:00:00Z,121112,13.01,2025-11-16T17:57:10Z,3.715,0.157,4.155,0.157,4.155,0.028545454545454544,39.479
2025-11-16T18:15:00Z,121113,12.99,2025-11-16T18:02:15Z,3.387,0.157,4.071,0.157,4.071,0.028545454545454544,39.327799999999996
2025-11-16T18:30:00Z,121114,12.95,2025-11-16T18:30:00Z,3.135,0.157,3.989,0.157,3.989,0.028545454545454544,39.1802
2025-11-16T18:45:00Z,121115,12.95,2025-11-16T18:40:10Z,2.95,0.156,3.91,0.156,3.91,0.028363636363636365,39.038
2025-11-16T19:00:00Z,121116,12.92,2025-11-16T18:52:30Z,2.729,0.155,3.836,0.155,3.836,0.028181818181818183,38.9048
2025-11-16T19:15:00Z,121117,12.91,2025-11-16T19:02:40Z,2.452,0.154,3.774,0.154,3.774,0.027999999999999997,38.7932
2025-11-16T19:30:00Z,121118,12.83,2025-11-16T19:15:40Z,2.182,0.154,3.709,0.154,3.709,0.027999999999999997,38.6762
2025-11-16T19:45:00Z,121119,12.91,2025-11-16T19:41:25Z,1.958,0.154,3.644,0.154,3.644,0.027999999999999997,38.5592
2025-11-16T20:00:00Z,121120,12.9,2025-11-16T19:48:30Z,1.732,0.153,3.585,0.153,3.585,0.02781818181818182,38.453
2025-11-16T20:15:00Z,121121,12.88,2025-11-16T20:02:10Z,1.473,0.153,3.529,0.153,3.529,0.02781818181818182,38.352199999999996
2025-11-16T20:30:00Z,121122,12.87,2025-11-16T20:24:25Z,1.216,0.153,3.474,0.153,3.474,0.02781818181818182,38.2532
2025-11-16T20:45:00Z,121123,12.88,2025-11-16T20:41:00Z,0.973,0.152,3.427,0.152,3.427,0.027636363636363636,38.1686
2025-11-16T21:00:00Z,121124,12.86,2025-11-16T20:57:10Z,0.781,0.152,3.379,0.152,3.379,0.027636363636363636,38.0822
2025-11-16T21:15:00Z,121125,12.85,2025-11-16T21:02:15Z,0.622,0.152,3.335,0.152,3.335,0.027636363636363636,38.003
2025-11-16T21:30:00Z,121126,12.83,2025-11-16T21:30:00Z,0.471,0.151,3.291,0.151,3.291,0.027454545454545454,37.9238
2025-11-16T21:45:00Z,121127,12.86,2025-11-16T21:42:25Z,0.314,0.151,3.249,0.151,3.249,0.027454545454545454,37.8482
2025-11-16T22:00:00Z,121128,12.83,2025-11-16T21:45:05Z,0.077,0.151,3.211,0.151,3.211,0.027454545454545454,37.7798
2025-11-16T22:15:00Z,121129,12.82,2025-11-16T22:14:30Z,-0.338,0.151,3.169,0.151,3.169,0.027454545454545454,37.7042
2025-11-16T22:30:00Z,121130,12.83,2025-11-16T22:17:05Z,-0.972,0.151,3.06,0.151,3.06,0.027454545454545454,37.508
2025-11-16T22:45:00Z,121131,12.82,2025-11-16T22:41:05Z,-1.697,0.15,2.991,0.15,2.991,0.02727272727272727,37.3838
2025-11-16T23:00:00Z,121132,12.81,2025-11-16T22:49:05Z,-2.384,0.15,2.952,0.15,2.952,0.02727272727272727,37.3136
2025-11-16T23:15:00Z,121133,12.79,2025-11-16T23:13:05Z,-2.959,0.15,2.898,0.15,2.898,0.02727272727272727,37.2164
2025-11-16T23:30:00Z,121134,12.8,2025-11-16T23:15:45Z,-3.462,0.149,2.841,0.149,2.841,0.02709090909090909,37.1138
2025-11-16T23:45:00Z,121135,12.81,2025-11-16T23:39:30Z,-3.848,0.149,2.78,0.149,2.78,0.02709090909090909,37.004
2025-11-17T00:15:00Z,121137,12.76,2025-11-17T00:02:15Z,-4.448,0.149,2.67,0.149,2.67,0.02709090909090909,36.806
2025-11-17T00:30:00Z,121138,12.76,2025-11-17T00:27:25Z,-4.682,0.149,2.622,0.149,2.622,0.02709090909090909,36.7196
2025-11-17T00:45:00Z,121139,12.78,2025-11-17T00:35:45Z,-4.878,0.148,2.573,0.148,2.573,0.02690909090909091,36.6314
2025-11-17T01:00:00Z,121140,12.78,2025-11-17T00:46:05Z,-5.051,0.148,2.528,0.148,2.528,0.02690909090909091,36.550399999999996
2025-11-17T01:15:00Z,121141,12.77,2025-11-17T01:13:05Z,-5.196,0.148,2.484,0.148,2.484,0.02690909090909091,36.4712
2025-11-17T01:30:00Z,121142,12.76,2025-11-17T01:18:25Z,-5.307,0.148,2.438,0.148,2.438,0.02690909090909091,36.3884
2025-11-17T01:45:00Z,121143,12.76,2025-11-17T01:43:20Z,-5.38,0.148,2.398,0.148,2.398,0.02690909090909091,36.3164
2025-11-17T02:00:00Z,121144,12.75,2025-11-17T01:50:25Z,-5.447,0.147,2.358,0.147,2.358,0.026727272727272725,36.2444
2025-11-17T02:15:00Z,121145,12.72,2025-11-17T02:02:05Z,-5.512,0.147,2.315,0.147,2.315,0.026727272727272725,36.167
2025-11-17T02:30:00Z,121146,12.74,2025-11-17T02:18:05Z,-5.504,0.147,2.275,0.147,2.275,0.026727272727272725,36.095
2025-11-17T02:45:00Z,121147,12.74,2025-11-17T02:44:50Z,-5.548,0.147,2.238,0.147,2.238,0.026727272727272725,36.0284
2025-11-17T03:00:00Z,121148,12.72,2025-11-17T02:55:20Z,-5.626,0.146,2.201,0.146,2.201,0.026545454545454542,35.9618
2025-11-17T03:15:00Z,121149,12.71,2025-11-17T03:02:10Z,-5.681,0.146,2.164,0.146,2.164,0.026545454545454542,35.8952
2025-11-17T03:30:00Z,121150,12.58,2025-11-17T03:30:00Z,-5.71,0.145,2.133,0.145,2.133,0.026363636363636363,35.8394
2025-11-17T03:45:00Z,121151,12.56,2025-11-17T03:30:25Z,-5.525,0.145,2.104,0.145,2.104,0.026363636363636363,35.7872
2025-11-17T04:00:00Z,121152,12.64,2025-11-17T03:58:35Z,-4.806,0.145,2.089,0.145,2.089,0.026363636363636363,35.7602
2025-11-17T04:15:00Z,121153,12.68,2025-11-17T04:12:40Z,-3.977,0.145,2.077,0.145,2.077,0.026363636363636363,35.7386
2025-11-17T04:30:00Z,121154,12.68,2025-11-17T04:20:40Z,-3.378,0.145,2.062,0.145,2.062,0.026363636363636363,35.7116
2025-11-17T04:45:00Z,121155,12.55,2025-11-17T04:41:35Z,-2.886,0.145,2.045,0.145,2.045,0.026363636363636363,35.681
2025-11-17T05:00:00Z,121156,12.66,2025-11-17T04:45:35Z,-2.55,0.145,2.028,0.145,2.028,0.026363636363636363,35.6504
2025-11-17T05:15:00Z,121157,12.65,2025-11-17T05:09:00Z,-2.453,0.145,2.012,0.145,2.012,0.026363636363636363,35.6216
2025-11-17T05:30:00Z,121158,12.67,2025-11-17T05:30:00Z,-2.823,0.144,1.989,0.144,1.989,0.02618181818181818,35.5802
2025-11-17T05:45:00Z,121159,12.68,2025-11-17T05:43:10Z,-3.387,0.144,1.959,0.144,1.959,0.02618181818181818,35.5262
2025-11-17T06:00:00Z,121160,12.68,2025-11-17T05:48:50Z,-3.97,0.144,1.93,0.144,1.93,0.02618181818181818,35.474000000000004
2025-11-17T06:15:00Z,121161,12.65,2025-11-17T06:02:05Z,-4.504,0.143,1.9,0.143,1.9,0.025999999999999995,35.42
2025-11-17T06:30:00Z,121162,12.67,2025-11-17T06:15:20Z,-4.971,0.143,1.87,0.143,1.87,0.025999999999999995,35.366
2025-11-17T06:45:00Z,121163,12.64,2025-11-17T06:36:40Z,-5.327,0.143,1.841,0.143,1.841,0.025999999999999995,35.3138
2025-11-17T07:00:00Z,121164,12.66,2025-11-17T06:51:35Z,-5.58,0.143,1.808,0.143,1.808,0.025999999999999995,35.254400000000004
2025-11-17T07:15:00Z,121165,12.64,2025-11-17T07:05:30Z,-5.749,0.142,1.779,0.142,1.779,0.025818181818181817,35.2022
2025-11-17T07:30:00Z,121166,12.64,2025-11-17T07:22:30Z,-5.882,0.142,1.752,0.142,1.752,0.025818181818181817,35.1536
2025-11-17T07:45:00Z,121167,12.64,2025-11-17T07:30:20Z,-5.954,0.142,1.726,0.142,1.726,0.025818181818181817,35.1068
2025-11-17T08:00:00Z,121168,12.63,2025-11-17T07:57:15Z,-5.999,0.141,1.704,0.141,1.704,0.025636363636363634,35.0672
2025-11-17T08:15:00Z,121169,12.64,2025-11-17T08:02:05Z,-5.961,0.141,1.686,0.141,1.686,0.025636363636363634,35.0348
2025-11-17T08:30:00Z,121170,12.66,2025-11-17T08:29:45Z,-5.841,0.141,1.672,0.141,1.672,0.025636363636363634,35.0096
2025-11-17T08:45:00Z,121171,12.68,2025-11-17T08:31:00Z,-5.531,0.14,1.663,0.14,1.663,0.02545454545454546,34.9934
2025-11-17T09:00:00Z,121172,12.68,2025-11-17T08:50:55Z,-4.736,0.14,1.663,0.14,1.663,0.02545454545454546,34.9934
2025-11-17T09:15:00Z,121173,12.71,2025-11-17T09:06:55Z,-3.921,0.14,1.666,0.14,1.666,0.02545454545454546,34.9988
2025-11-17T09:30:00Z,121174,12.71,2025-11-17T09:25:35Z,-3.273,0.14,1.675,0.14,1.675,0.02545454545454546,35.015
2025-11-17T09:45:00Z,121175,12.73,2025-11-17T09:33:35Z,-2.414,0.14,1.687,0.14,1.687,0.02545454545454546,35.0366
2025-11-17T10:00:00Z,121176,12.76,2025-11-17T09:57:20Z,-1.227,0.14,1.7,0.14,1.7,0.02545454545454546,35.06
2025-11-17T10:15:00Z,121177,12.68,2025-11-17T10:14:15Z,0.234,0.141,1.717,0.141,1.717,0.025636363636363634,35.0906
2025-11-17T10:30:00Z,121178,12.79,2025-11-17T10:29:45Z,2.032,0.141,1.737,0.141,1.737,0.025636363636363634,35.1266
2025-11-17T10:45:00Z,121179,12.82,2025-11-17T10:30:45Z,3.741,0.141,1.758,0.141,1.758,0.025636363636363634,35.1644
2025-11-17T11:00:00Z,121180,12.83,2025-11-17T10:45:10Z,5.019,0.141,1.78,0.141,1.78,0.025636363636363634,35.204
2025-11-17T11:15:00Z,121181,12.84,2025-11-17T11:02:05Z,5.221,0.142,1.805,0.142,1.805,0.025818181818181817,35.249
2025-11-17T11:30:00Z,121182,12.94,2025-11-17T11:19:35Z,5.233,0.142,1.833,0.142,1.833,0.025818181818181817,35.2994
2025-11-17T11:45:00Z,121183,12.92,2025-11-17T11:35:15Z,5.556,0.142,1.866,0.142,1.866,0.025818181818181817,35.3588
2025-11-17T12:00:00Z,121184,13.04,2025-11-17T11:45:15Z,5.691,0.142,1.906,0.142,1.906,0.025818181818181817,35.4308
2025-11-17T12:15:00Z,121185,13.18,2025-11-17T12:07:20Z,5.817,0.142,1.964,0.142,1.964,0.025818181818181817,35.5352
2025-11-17T12:30:00Z,121186,13.29,2025-11-17T12:15:15Z,6.174,0.142,2.038,0.142,2.038,0.025818181818181817,35.6684
2025-11-17T12:45:00Z,121187,13.55,2025-11-17T12:37:25Z,6.892,0.142,2.126,0.142,2.126,0.025818181818181817,35.8268
2025-11-17T13:00:00Z,121188,13.62,2025-11-17T12:45:25Z,7.064,0.143,2.227,0.143,2.227,0.025999999999999995,36.0086
2025-11-17T13:15:00Z,121189,13.57,2025-11-17T13:02:10Z,7.338,0.143,2.318,0.143,2.318,0.025999999999999995,36.1724
2025-11-17T13:30:00Z,121190,14.17,2025-11-17T13:15:55Z,7.377,0.143,2.4,0.143,2.4,0.025999999999999995,36.32
2025-11-17T13:45:00Z,121191,14.51,2025-11-17T13:40:55Z,7.936,0.143,2.482,0.143,2.482,0.025999999999999995,36.4676
2025-11-17T14:00:00Z,121192,14.48,2025-11-17T13:58:50Z,8.75,0.143,2.566,0.143,2.566,0.025999999999999995,36.6188
2025-11-17T14:15:00Z,121193,14.45,2025-11-17T14:09:10Z,10.11,0.144,2.644,0.144,2.644,0.02618181818181818,36.7592
2025-11-17T14:30:00Z,121194,14.43,2025-11-17T14:29:35Z,11.25,0.144,2.718,0.144,2.718,0.02618181818181818,36.8924
2025-11-17T14:45:00Z,121195,13.96,2025-11-17T14:36:40Z,11.33,0.144,2.781,0.144,2.781,0.02618181818181818,37.0058
2025-11-17T15:00:00Z,121196,13.71,2025-11-17T14:55:05Z,10.68,0.143,2.828,0.143,2.828,0.025999999999999995,37.0904
2025-11-17T15:15:00Z,121197,13.72,2025-11-17T15:09:20Z,9.9,0.143,2.866,0.143,2.866,0.025999999999999995,37.1588
2025-11-17T15:30:00Z,121198,13.7,2025-11-17T15:16:20Z,9.39,0.143,2.904,0.143,2.904,0.025999999999999995,37.227199999999996
2025-11-17T15:45:00Z,121199,13.66,2025-11-17T15:31:50Z,9.17,0.143,2.934,0.143,2.934,0.025999999999999995,37.2812
2025-11-17T16:00:00Z,121200,14.08,2025-11-17T15:51:20Z,9.3,0.143,2.965,0.143,2.965,0.025999999999999995,37.337
2025-11-17T16:15:00Z,121201,13.94,2025-11-17T16:08:45Z,9.2,0.143,2.985,0.143,2.985,0.025999999999999995,37.373
2025-11-17T16:30:00Z,121202,13.57,2025-11-17T16:29:50Z,8.61,0.142,2.996,0.142,2.996,0.025818181818181817,37.3928
2025-11-17T16:45:00Z,121203,13.39,2025-11-17T16:43:20Z,7.851,0.142,2.997,0.142,2.997,0.025818181818181817,37.3946
2025-11-17T17:00:00Z,121204,13.26,2025-11-17T16:57:10Z,7.08,0.142,2.984,0.142,2.984,0.025818181818181817,37.3712
2025-11-17T17:15:00Z,121205,13.17,2025-11-17T17:13:10Z,6.32,0.141,2.947,0.141,2.947,0.025636363636363634,37.3046
2025-11-17T17:30:00Z,121206,13.1,2025-11-17T17:28:15Z,5.593,0.141,2.89,0.141,2.89,0.025636363636363634,37.202
2025-11-17T17:45:00Z,121207,13.07,2025-11-17T17:44:35Z,4.825,0.141,2.828,0.141,2.828,0.025636363636363634,37.0904
2025-11-17T18:00:00Z,121208,13.03,2025-11-17T17:58:30Z,3.931,0.14,2.765,0.14,2.765,0.02545454545454546,36.977000000000004
2025-11-17T18:15:00Z,121209,13,2025-11-17T18:02:05Z,3.036,0.14,2.702,0.14,2.702,0.02545454545454546,36.8636
2025-11-17T18:30:00Z,121210,12.98,2025-11-17T18:29:50Z,2.175,0.139,2.644,0.139,2.644,0.025272727272727273,36.7592
2025-11-17T18:45:00Z,121211,12.96,2025-11-17T18:33:20Z,1.419,0.139,2.593,0.139,2.593,0.025272727272727273,36.6674
2025-11-17T19:00:00Z,121212,12.96,2025-11-17T18:58:15Z,0.727,0.139,2.53,0.139,2.53,0.025272727272727273,36.554
2025-11-17T19:15:00Z,121213,12.93,2025-11-17T19:02:10Z,0.073,0.139,2.46,0.139,2.46,0.025272727272727273,36.428
2025-11-17T19:30:00Z,121214,12.91,2025-11-17T19:25:35Z,-0.51,0.138,2.387,0.138,2.387,0.025090909090909094,36.2966
2025-11-17T19:45:00Z,121215,12.92,2025-11-17T19:43:40Z,-0.996,0.138,2.322,0.138,2.322,0.025090909090909094,36.1796
2025-11-17T20:00:00Z,121216,12.91,2025-11-17T19:59:55Z,-1.406,0.138,2.26,0.138,2.26,0.025090909090909094,36.068
2025-11-17T20:15:00Z,121217,12.88,2025-11-17T20:02:05Z,-1.785,0.138,2.207,0.138,2.207,0.025090909090909094,35.9726
2025-11-17T20:30:00Z,121218,12.86,2025-11-17T20:25:10Z,-2.15,0.137,2.157,0.137,2.157,0.024909090909090912,35.8826
2025-11-17T20:45:00Z,121219,12.86,2025-11-17T20:30:30Z,-2.42,0.137,2.131,0.137,2.131,0.024909090909090912,35.8358
2025-11-17T21:00:00Z,121220,12.87,2025-11-17T20:59:40Z,-2.61,0.137,2.104,0.137,2.104,0.024909090909090912,35.7872
2025-11-17T21:15:00Z,121221,12.84,2025-11-17T21:02:05Z,-2.776,0.137,2.076,0.137,2.076,0.024909090909090912,35.7368
2025-11-17T21:30:00Z,121222,12.84,2025-11-17T21:18:30Z,-2.835,0.136,2.08,0.136,2.08,0.024727272727272733,35.744
2025-11-17T21:45:00Z,121223,12.85,2025-11-17T21:45:00Z,-2.785,0.137,2.091,0.137,2.091,0.024909090909090912,35.7638
2025-11-17T22:00:00Z,121224,12.82,2025-11-17T21:46:05Z,-2.75,0.136,2.079,0.136,2.079,0.024727272727272733,35.7422
2025-11-17T22:15:00Z,121225,12.81,2025-11-17T22:02:05Z,-2.643,0.136,2.075,0.136,2.075,0.024727272727272733,35.735
2025-11-17T22:30:00Z,121226,12.81,2025-11-17T22:18:05Z,-2.379,0.136,2.104,0.136,2.104,0.024727272727272733,35.7872
2025-11-17T22:45:00Z,121227,12.79,2025-11-17T22:39:05Z,-1.964,0.136,2.163,0.136,2.163,0.024727272727272733,35.8934
2025-11-17T23:00:00Z,121228,12.79,2025-11-17T22:57:15Z,-1.426,0.136,2.24,0.136,2.24,0.024727272727272733,36.032000000000004
2025-11-17T23:15:00Z,121229,12.77,2025-11-17T23:14:05Z,-0.822,0.137,2.328,0.137,2.328,0.024909090909090912,36.1904
2025-11-17T23:30:00Z,121230,12.77,2025-11-17T23:24:45Z,-0.289,0.137,2.387,0.137,2.387,0.024909090909090912,36.2966
2025-11-17T23:45:00Z,121231,12.79,2025-11-17T23:35:25Z,0.157,0.137,2.431,0.137,2.431,0.024909090909090912,36.3758
2025-11-18T00:15:00Z,121233,12.76,2025-11-18T00:03:30Z,0.603,0.137,2.504,0.137,2.504,0.024909090909090912,36.5072
2025-11-18T00:30:00Z,121234,12.75,2025-11-18T00:29:45Z,0.481,0.137,2.484,0.137,2.484,0.024909090909090912,36.4712
2025-11-18T00:45:00Z,121235,12.77,2025-11-18T00:41:40Z,0.134,0.136,2.42,0.136,2.42,0.024727272727272733,36.356
2025-11-18T01:00:00Z,121236,12.77,2025-11-18T00:59:05Z,-0.257,0.136,2.365,0.136,2.365,0.024727272727272733,36.257
2025-11-18T01:15:00Z,121237,12.74,2025-11-18T01:02:05Z,-0.592,0.136,2.342,0.136,2.342,0.024727272727272733,36.2156
2025-11-18T01:30:00Z,121238,12.76,2025-11-18T01:22:45Z,-0.768,0.136,2.368,0.136,2.368,0.024727272727272733,36.2624
2025-11-18T01:45:00Z,121239,12.76,2025-11-18T01:44:40Z,-0.813,0.136,2.4,0.136,2.4,0.024727272727272733,36.32
2025-11-18T02:00:00Z,121240,12.72,2025-11-18T01:53:25Z,-0.695,0.136,2.455,0.136,2.455,0.024727272727272733,36.419
2025-11-18T02:15:00Z,121241,12.75,2025-11-18T02:14:05Z,-0.488,0.136,2.508,0.136,2.508,0.024727272727272733,36.5144
2025-11-18T02:30:00Z,121242,12.75,2025-11-18T02:21:40Z,-0.273,0.136,2.558,0.136,2.558,0.024727272727272733,36.6044
2025-11-18T02:45:00Z,121243,12.74,2025-11-18T02:44:45Z,-0.061,0.136,2.607,0.136,2.607,0.024727272727272733,36.6926
2025-11-18T03:00:00Z,121244,12.7,2025-11-18T02:57:10Z,0.134,0.136,2.648,0.136,2.648,0.024727272727272733,36.7664
2025-11-18T03:15:00Z,121245,12.7,2025-11-18T03:02:05Z,0.314,0.136,2.687,0.136,2.687,0.024727272727272733,36.8366
2025-11-18T03:30:00Z,121246,12.69,2025-11-18T03:29:40Z,0.467,0.136,2.726,0.136,2.726,0.024727272727272733,36.9068
2025-11-18T03:45:00Z,121247,12.71,2025-11-18T03:42:45Z,0.595,0.136,2.762,0.136,2.762,0.024727272727272733,36.9716
2025-11-18T04:00:00Z,121248,12.7,2025-11-18T03:59:35Z,0.706,0.136,2.796,0.136,2.796,0.024727272727272733,37.0328
2025-11-18T04:15:00Z,121249,12.67,2025-11-18T04:02:05Z,0.817,0.136,2.83,0.136,2.83,0.024727272727272733,37.094
2025-11-18T04:30:00Z,121250,12.68,2025-11-18T04:16:20Z,0.916,0.136,2.86,0.136,2.86,0.024727272727272733,37.147999999999996
2025-11-18T04:45:00Z,121251,12.68,2025-11-18T04:43:00Z,0.997,0.136,2.89,0.136,2.89,0.024727272727272733,37.202
2025-11-18T05:00:00Z,121252,12.66,2025-11-18T04:51:00Z,1.091,0.136,2.923,0.136,2.923,0.024727272727272733,37.2614
2025-11-18T05:15:00Z,121253,12.64,2025-11-18T05:03:25Z,1.187,0.136,2.953,0.136,2.953,0.024727272727272733,37.3154
2025-11-18T05:30:00Z,121254,12.64,2025-11-18T05:29:40Z,1.27,0.136,2.98,0.136,2.98,0.024727272727272733,37.364
2025-11-18T05:45:00Z,121255,12.64,2025-11-18T05:33:25Z,1.353,0.136,3.012,0.136,3.012,0.024727272727272733,37.4216
2025-11-18T06:00:00Z,121256,12.61,2025-11-18T05:55:00Z,1.438,0.136,3.034,0.136,3.034,0.024727272727272733,37.4612
2025-11-18T06:15:00Z,121257,12.61,2025-11-18T06:03:00Z,1.452,0.136,3.027,0.136,3.027,0.024727272727272733,37.4486
2025-11-18T06:30:00Z,121258,12.64,2025-11-18T06:23:20Z,1.391,0.137,2.887,0.137,2.887,0.024909090909090912,37.196600000000004
2025-11-18T06:45:00Z,121259,12.62,2025-11-18T06:43:00Z,1.291,0.137,2.8,0.137,2.8,0.024909090909090912,37.04
2025-11-18T07:00:00Z,121260,12.63,2025-11-18T06:48:20Z,1.198,0.137,2.873,0.137,2.873,0.024909090909090912,37.1714
2025-11-18T07:15:00Z,121261,12.63,2025-11-18T07:14:30Z,1.109,0.137,2.926,0.137,2.926,0.024909090909090912,37.2668
2025-11-18T07:30:00Z,121262,12.6,2025-11-18T07:23:25Z,1.047,0.138,2.972,0.138,2.972,0.025090909090909094,37.3496
2025-11-18T07:45:00Z,121263,12.6,2025-11-18T07:44:20Z,1.015,0.138,3.025,0.138,3.025,0.025090909090909094,37.445
2025-11-18T08:00:00Z,121264,12.61,2025-11-18T07:57:15Z,1.012,0.138,3.071,0.138,3.071,0.025090909090909094,37.5278
2025-11-18T08:15:00Z,121265,12.59,2025-11-18T08:02:05Z,1.034,0.138,3.117,0.138,3.117,0.025090909090909094,37.6106
2025-11-18T08:30:00Z,121266,12.61,2025-11-18T08:19:00Z,1.09,0.138,3.163,0.138,3.163,0.025090909090909094,37.6934
2025-11-18T08:45:00Z,121267,12.65,2025-11-18T08:42:10Z,1.183,0.138,3.228,0.138,3.228,0.025090909090909094,37.8104
2025-11-18T09:00:00Z,121268,12.64,2025-11-18T08:57:15Z,1.265,0.138,3.28,0.138,3.28,0.025090909090909094,37.903999999999996
2025-11-18T09:15:00Z,121269,12.62,2025-11-18T09:06:05Z,1.305,0.139,3.325,0.139,3.325,0.025272727272727273,37.985
2025-11-18T09:30:00Z,121270,12.66,2025-11-18T09:16:05Z,1.29,0.141,3.37,0.141,3.37,0.025636363636363634,38.066
2025-11-18T09:45:00Z,121271,12.69,2025-11-18T09:32:25Z,1.33,0.144,3.458,0.144,3.458,0.02618181818181818,38.2244
2025-11-18T10:00:00Z,121272,12.67,2025-11-18T09:49:10Z,1.469,0.145,3.572,0.145,3.572,0.026363636363636363,38.4296
2025-11-18T10:15:00Z,121273,12.77,2025-11-18T10:00:10Z,1.645,0.146,3.662,0.146,3.662,0.026545454545454542,38.5916
2025-11-18T10:30:00Z,121274,12.75,2025-11-18T10:17:55Z,1.795,0.147,3.731,0.147,3.731,0.026727272727272725,38.7158
2025-11-18T10:45:00Z,121275,12.82,2025-11-18T10:39:30Z,1.877,0.147,3.776,0.147,3.776,0.026727272727272725,38.7968
2025-11-18T11:00:00Z,121276,12.79,2025-11-18T10:47:05Z,1.906,0.148,3.799,0.148,3.799,0.02690909090909091,38.8382
2025-11-18T11:15:00Z,121277,12.75,2025-11-18T11:10:50Z,1.901,0.149,3.807,0.149,3.807,0.02709090909090909,38.8526
2025-11-18T11:30:00Z,121278,12.61,2025-11-18T11:26:55Z,1.884,0.15,3.802,0.15,3.802,0.02727272727272727,38.8436
2025-11-18T11:45:00Z,121279,12.77,2025-11-18T11:35:30Z,1.914,0.152,3.822,0.152,3.822,0.027636363636363636,38.8796
2025-11-18T12:00:00Z,121280,12.83,2025-11-18T11:50:10Z,2.038,0.153,3.895,0.153,3.895,0.02781818181818182,39.011
2025-11-18T12:15:00Z,121281,12.87,2025-11-18T12:14:35Z,2.198,0.155,3.974,0.155,3.974,0.028181818181818183,39.1532
2025-11-18T12:30:00Z,121282,12.85,2025-11-18T12:29:45Z,2.314,0.156,4.032,0.156,4.032,0.028363636363636365,39.2576
2025-11-18T12:45:00Z,121283,12.85,2025-11-18T12:41:15Z,2.383,0.156,4.07,0.156,4.07,0.028363636363636365,39.326
2025-11-18T13:00:00Z,121284,12.8,2025-11-18T12:45:15Z,2.429,0.157,4.102,0.157,4.102,0.028545454545454544,39.3836
2025-11-18T13:15:00Z,121285,12.81,2025-11-18T13:13:10Z,2.464,0.158,4.131,0.158,4.131,0.028727272727272726,39.4358
2025-11-18T13:30:00Z,121286,12.81,2025-11-18T13:19:50Z,2.492,0.158,4.148,0.158,4.148,0.028727272727272726,39.4664
2025-11-18T13:45:00Z,121287,12.84,2025-11-18T13:31:55Z,2.521,0.158,4.175,0.158,4.175,0.028727272727272726,39.515
2025-11-18T14:00:00Z,121288,12.85,2025-11-18T13:45:15Z,2.614,0.158,4.219,0.158,4.219,0.028727272727272726,39.5942
2025-11-18T14:15:00Z,121289,12.9,2025-11-18T14:02:05Z,2.748,0.158,4.277,0.158,4.277,0.028727272727272726,39.6986
2025-11-18T14:30:00Z,121290,12.88,2025-11-18T14:20:30Z,2.941,0.159,4.352,0.159,4.352,0.028909090909090912,39.833600000000004
2025-11-18T14:45:00Z,121291,12.94,2025-11-18T14:36:45Z,3.086,0.159,4.408,0.159,4.408,0.028909090909090912,39.934400000000004
2025-11-18T15:00:00Z,121292,12.86,2025-11-18T14:55:25Z,3.142,0.16,4.426,0.16,4.426,0.02909090909090909,39.9668
2025-11-18T15:15:00Z,121293,12.87,2025-11-18T15:14:15Z,3.124,0.16,4.414,0.16,4.414,0.02909090909090909,39.9452
2025-11-18T15:30:00Z,121294,12.76,2025-11-18T15:15:50Z,3.106,0.16,4.414,0.16,4.414,0.02909090909090909,39.9452
2025-11-18T15:45:00Z,121295,12.77,2025-11-18T15:44:20Z,3.09,0.16,4.416,0.16,4.416,0.02909090909090909,39.9488
2025-11-18T16:00:00Z,121296,12.74,2025-11-18T15:57:15Z,3.047,0.16,4.395,0.16,4.395,0.02909090909090909,39.911
2025-11-18T16:15:00Z,121297,12.69,2025-11-18T16:12:25Z,3.036,0.16,4.382,0.16,4.382,0.02909090909090909,39.8876
2025-11-18T16:30:00Z,121298,12.71,2025-11-18T16:29:40Z,3.036,0.161,4.385,0.161,4.385,0.029272727272727273,39.893
2025-11-18T16:45:00Z,121299,12.65,2025-11-18T16:38:20Z,3.036,0.161,4.375,0.161,4.375,0.029272727272727273,39.875
2025-11-18T17:00:00Z,121300,12.63,2025-11-18T16:59:55Z,3.017,0.162,4.351,0.162,4.351,0.029454545454545455,39.8318
2025-11-18T17:15:00Z,121301,12.64,2025-11-18T17:10:50Z,2.993,0.162,4.325,0.162,4.325,0.029454545454545455,39.785000000000004
2025-11-18T17:30:00Z,121302,12.6,2025-11-18T17:26:35Z,2.969,0.162,4.31,0.162,4.31,0.029454545454545455,39.758
2025-11-18T17:45:00Z,121303,12.63,2025-11-18T17:34:20Z,2.95,0.162,4.231,0.162,4.231,0.029454545454545455,39.6158
2025-11-18T18:00:00Z,121304,12.61,2025-11-18T17:56:50Z,2.934,0.162,4.177,0.162,4.177,0.029454545454545455,39.5186
2025-11-18T18:15:00Z,121305,12.49,2025-11-18T18:02:05Z,2.908,0.161,4.159,0.161,4.159,0.029272727272727273,39.4862
2025-11-18T18:30:00Z,121306,12.49,2025-11-18T18:23:30Z,2.891,0.161,4.142,0.161,4.142,0.029272727272727273,39.455600000000004
2025-11-18T18:45:00Z,121307,12.6,2025-11-18T18:36:50Z,2.864,0.161,4.119,0.161,4.119,0.029272727272727273,39.4142
2025-11-18T19:00:00Z,121308,12.59,2025-11-18T18:58:15Z,2.832,0.161,4.116,0.161,4.116,0.029272727272727273,39.4088
2025-11-18T19:15:00Z,121309,12.54,2025-11-18T19:08:00Z,2.798,0.162,4.106,0.162,4.106,0.029454545454545455,39.3908
2025-11-18T19:30:00Z,121310,12.6,2025-11-18T19:29:40Z,2.758,0.162,4.092,0.162,4.092,0.029454545454545455,39.3656
2025-11-18T19:45:00Z,121311,12.61,2025-11-18T19:38:10Z,2.711,0.161,4.081,0.161,4.081,0.029272727272727273,39.345800000000004
2025-11-18T20:00:00Z,121312,12.58,2025-11-18T19:46:05Z,2.679,0.161,4.042,0.161,4.042,0.029272727272727273,39.2756
2025-11-18T20:15:00Z,121313,12.58,2025-11-18T20:13:30Z,2.652,0.161,4.037,0.161,4.037,0.029272727272727273,39.2666
2025-11-18T20:30:00Z,121314,12.57,2025-11-18T20:24:25Z,2.632,0.161,4.021,0.161,4.021,0.029272727272727273,39.2378
2025-11-18T20:45:00Z,121315,12.58,2025-11-18T20:31:30Z,2.609,0.161,4.006,0.161,4.006,0.029272727272727273,39.2108
2025-11-18T21:00:00Z,121316,12.59,2025-11-18T20:47:30Z,2.604,0.161,3.986,0.161,3.986,0.029272727272727273,39.1748
2025-11-18T21:15:00Z,121317,12.59,2025-11-18T21:08:50Z,2.596,0.161,3.989,0.161,3.989,0.029272727272727273,39.1802
2025-11-18T21:30:00Z,121318,12.6,2025-11-18T21:16:50Z,2.587,0.161,4.011,0.161,4.011,0.029272727272727273,39.2198
2025-11-18T21:45:00Z,121319,12.61,2025-11-18T21:30:30Z,2.592,0.161,3.996,0.161,3.996,0.029272727272727273,39.1928
2025-11-18T22:00:00Z,121320,12.58,2025-11-18T21:57:20Z,2.595,0.16,3.976,0.16,3.976,0.02909090909090909,39.1568
2025-11-18T22:15:00Z,121321,12.58,2025-11-18T22:03:30Z,2.628,0.16,3.971,0.16,3.971,0.02909090909090909,39.147800000000004
2025-11-18T22:30:00Z,121322,12.6,2025-11-18T22:15:30Z,2.645,0.16,4.003,0.16,4.003,0.02909090909090909,39.2054
2025-11-18T22:45:00Z,121323,12.6,2025-11-18T22:39:30Z,2.652,0.161,4.035,0.161,4.035,0.029272727272727273,39.263
2025-11-18T23:00:00Z,121324,12.57,2025-11-18T22:57:15Z,2.67,0.16,4.022,0.16,4.022,0.02909090909090909,39.2396
2025-11-18T23:15:00Z,121325,12.6,2025-11-18T23:14:10Z,2.685,0.16,3.997,0.16,3.997,0.02909090909090909,39.1946
2025-11-18T23:30:00Z,121326,12.58,2025-11-18T23:29:45Z,2.695,0.16,3.975,0.16,3.975,0.02909090909090909,39.155
2025-11-18T23:45:00Z,121327,12.61,2025-11-18T23:35:00Z,2.695,0.16,3.961,0.16,3.961,0.02909090909090909,39.1298
2025-11-19T00:15:00Z,121329,12.57,2025-11-19T00:02:10Z,2.699,0.16,3.985,0.16,3.985,0.02909090909090909,39.173
2025-11-19T00:30:00Z,121330,12.61,2025-11-19T00:24:50Z,2.695,0.159,3.96,0.159,3.96,0.028909090909090912,39.128
2025-11-19T00:45:00Z,121331,12.49,2025-11-19T00:42:50Z,2.679,0.159,3.947,0.159,3.947,0.028909090909090912,39.1046
2025-11-19T01:00:00Z,121332,12.58,2025-11-19T00:56:50Z,2.654,0.159,3.936,0.159,3.936,0.028909090909090912,39.0848
2025-11-19T01:15:00Z,121333,12.59,2025-11-19T01:07:00Z,2.608,0.159,3.921,0.159,3.921,0.028909090909090912,39.0578
2025-11-19T01:30:00Z,121334,12.58,2025-11-19T01:29:40Z,2.537,0.159,3.891,0.159,3.891,0.028909090909090912,39.0038
2025-11-19T01:45:00Z,121335,12.58,2025-11-19T01:44:20Z,2.466,0.159,3.848,0.159,3.848,0.028909090909090912,38.9264
2025-11-19T02:00:00Z,121336,12.59,2025-11-19T01:55:05Z,2.39,0.159,3.824,0.159,3.824,0.028909090909090912,38.8832
2025-11-19T02:15:00Z,121337,12.56,2025-11-19T02:11:05Z,2.339,0.159,3.834,0.159,3.834,0.028909090909090912,38.9012
2025-11-19T02:30:00Z,121338,12.6,2025-11-19T02:16:55Z,2.309,0.159,3.835,0.159,3.835,0.028909090909090912,38.903
2025-11-19T02:45:00Z,121339,12.58,2025-11-19T02:40:25Z,2.255,0.158,3.809,0.158,3.809,0.028727272727272726,38.8562
2025-11-19T03:00:00Z,121340,12.59,2025-11-19T02:45:45Z,2.188,0.158,3.796,0.158,3.796,0.028727272727272726,38.8328
2025-11-19T03:15:00Z,121341,12.58,2025-11-19T03:04:25Z,2.138,0.158,3.782,0.158,3.782,0.028727272727272726,38.8076
2025-11-19T03:30:00Z,121342,12.55,2025-11-19T03:29:50Z,2.092,0.158,3.784,0.158,3.784,0.028727272727272726,38.8112
2025-11-19T03:45:00Z,121343,12.57,2025-11-19T03:44:25Z,2.052,0.158,3.78,0.158,3.78,0.028727272727272726,38.804
2025-11-19T04:00:00Z,121344,12.55,2025-11-19T03:49:45Z,2.013,0.158,3.765,0.158,3.765,0.028727272727272726,38.777
2025-11-19T04:15:00Z,121345,12.57,2025-11-19T04:02:10Z,1.99,0.158,3.752,0.158,3.752,0.028727272727272726,38.7536
2025-11-19T04:30:00Z,121346,12.57,2025-11-19T04:27:05Z,1.99,0.157,3.727,0.157,3.727,0.028545454545454544,38.7086
2025-11-19T04:45:00Z,121347,12.59,2025-11-19T04:35:05Z,1.978,0.157,3.693,0.157,3.693,0.028545454545454544,38.6474
2025-11-19T05:00:00Z,121348,12.58,2025-11-19T04:48:25Z,1.97,0.157,3.641,0.157,3.641,0.028545454545454544,38.5538
2025-11-19T05:15:00Z,121349,12.58,2025-11-19T05:04:25Z,1.974,0.157,3.606,0.157,3.606,0.028545454545454544,38.4908
2025-11-19T05:30:00Z,121350,12.55,2025-11-19T05:29:50Z,1.996,0.156,3.595,0.156,3.595,0.028363636363636365,38.471000000000004
2025-11-19T05:45:00Z,121351,12.58,2025-11-19T05:44:25Z,2.04,0.157,3.626,0.157,3.626,0.028545454545454544,38.5268
2025-11-19T06:00:00Z,121352,12.56,2025-11-19T05:57:20Z,2.084,0.156,3.622,0.156,3.622,0.028363636363636365,38.5196
2025-11-19T06:15:00Z,121353,12.56,2025-11-19T06:07:45Z,2.116,0.157,3.638,0.157,3.638,0.028545454545454544,38.5484
2025-11-19T06:30:00Z,121354,12.54,2025-11-19T06:30:00Z,2.151,0.156,3.651,0.156,3.651,0.028363636363636365,38.571799999999996
2025-11-19T06:45:00Z,121355,12.57,2025-11-19T06:37:45Z,2.173,0.157,3.699,0.157,3.699,0.028545454545454544,38.6582
2025-11-19T07:00:00Z,121356,12.55,2025-11-19T06:53:45Z,2.195,0.157,3.737,0.157,3.737,0.028545454545454544,38.7266
2025-11-19T07:15:00Z,121357,12.55,2025-11-19T07:13:35Z,2.218,0.156,3.745,0.156,3.745,0.028363636363636365,38.741
2025-11-19T07:30:00Z,121358,12.57,2025-11-19T07:20:25Z,2.245,0.156,3.764,0.156,3.764,0.028363636363636365,38.7752
2025-11-19T07:45:00Z,121359,12.58,2025-11-19T07:30:10Z,2.275,0.156,3.775,0.156,3.775,0.028363636363636365,38.795
2025-11-19T08:00:00Z,121360,12.57,2025-11-19T07:57:15Z,2.32,0.156,3.809,0.156,3.809,0.028363636363636365,38.8562
2025-11-19T08:15:00Z,121361,12.6,2025-11-19T08:01:00Z,2.39,0.156,3.833,0.156,3.833,0.028363636363636365,38.8994
2025-11-19T08:30:00Z,121362,12.62,2025-11-19T08:25:45Z,2.5,0.156,3.865,0.156,3.865,0.028363636363636365,38.957
2025-11-19T08:45:00Z,121363,12.63,2025-11-19T08:40:25Z,2.641,0.156,3.901,0.156,3.901,0.028363636363636365,39.0218
2025-11-19T09:00:00Z,121364,12.66,2025-11-19T08:53:45Z,2.802,0.155,3.939,0.155,3.939,0.028181818181818183,39.0902
2025-11-19T09:15:00Z,121365,12.69,2025-11-19T09:02:20Z,3.013,0.155,4.045,0.155,4.045,0.028181818181818183,39.281
2025-11-19T09:30:00Z,121366,12.6,2025-11-19T09:20:05Z,3.292,0.155,4.21,0.155,4.21,0.028181818181818183,39.578
2025-11-19T09:45:00Z,121367,12.79,2025-11-19T09:30:05Z,3.61,0.156,4.385,0.156,4.385,0.028363636363636365,39.893
2025-11-19T10:00:00Z,121368,12.77,2025-11-19T09:47:45Z,3.96,0.156,4.512,0.156,4.512,0.028363636363636365,40.1216
2025-11-19T10:15:00Z,121369,12.91,2025-11-19T10:01:00Z,4.251,0.156,4.623,0.156,4.623,0.028363636363636365,40.3214
2025-11-19T10:30:00Z,121370,13,2025-11-19T10:17:20Z,4.544,0.156,4.745,0.156,4.745,0.028363636363636365,40.541
2025-11-19T10:45:00Z,121371,13.05,2025-11-19T10:30:40Z,4.821,0.156,4.918,0.156,4.918,0.028363636363636365,40.8524
2025-11-19T11:00:00Z,121372,13.12,2025-11-19T10:46:40Z,5.108,0.157,5.048,0.157,5.048,0.028545454545454544,41.0864
2025-11-19T11:15:00Z,121373,13.18,2025-11-19T11:02:30Z,5.382,0.156,5.111,0.156,5.111,0.028363636363636365,41.199799999999996
2025-11-19T11:30:00Z,121374,13.24,2025-11-19T11:16:00Z,5.616,0.156,5.253,0.156,5.253,0.028363636363636365,41.4554
2025-11-19T11:45:00Z,121375,13.26,2025-11-19T11:31:00Z,5.85,0.157,5.419,0.157,5.419,0.028545454545454544,41.7542
2025-11-19T12:00:00Z,121376,13.31,2025-11-19T11:47:05Z,6.072,0.156,5.564,0.156,5.564,0.028363636363636365,42.0152
2025-11-19T12:15:00Z,121377,13.35,2025-11-19T12:09:20Z,6.368,0.157,5.711,0.157,5.711,0.028545454545454544,42.2798
2025-11-19T12:30:00Z,121378,13.34,2025-11-19T12:16:35Z,6.577,0.157,5.777,0.157,5.777,0.028545454545454544,42.3986
2025-11-19T12:45:00Z,121379,13.44,2025-11-19T12:30:05Z,6.764,0.157,5.833,0.157,5.833,0.028545454545454544,42.4994
2025-11-19T13:00:00Z,121380,13.32,2025-11-19T12:57:45Z,6.913,0.157,5.894,0.157,5.894,0.028545454545454544,42.6092
2025-11-19T13:15:00Z,121381,13.48,2025-11-19T13:02:10Z,7.025,0.157,5.936,0.157,5.936,0.028545454545454544,42.684799999999996
2025-11-19T13:30:00Z,121382,13.5,2025-11-19T13:25:05Z,7.149,0.158,6.03,0.158,6.03,0.028727272727272726,42.854
2025-11-19T13:45:00Z,121383,13.54,2025-11-19T13:30:25Z,7.293,0.157,6.089,0.157,6.089,0.028545454545454544,42.9602
2025-11-19T14:00:00Z,121384,13.53,2025-11-19T13:53:30Z,7.443,0.157,6.228,0.157,6.228,0.028545454545454544,43.2104
2025-11-19T14:15:00Z,121385,13.48,2025-11-19T14:09:30Z,7.563,0.157,6.263,0.157,6.263,0.028545454545454544,43.273399999999995
2025-11-19T14:30:00Z,121386,13.47,2025-11-19T14:28:15Z,7.675,0.157,6.297,0.157,6.297,0.028545454545454544,43.334599999999995
2025-11-19T14:45:00Z,121387,13.33,2025-11-19T14:33:35Z,7.793,0.157,6.35,0.157,6.35,0.028545454545454544,43.43
2025-11-19T15:00:00Z,121388,13.37,2025-11-19T14:57:35Z,7.792,0.157,6.267,0.157,6.267,0.028545454545454544,43.2806
2025-11-19T15:15:00Z,121389,13.32,2025-11-19T15:13:20Z,7.713,0.157,6.176,0.157,6.176,0.028545454545454544,43.1168
2025-11-19T15:30:00Z,121390,13.3,2025-11-19T15:29:55Z,7.618,0.156,6.084,0.156,6.084,0.028363636363636365,42.9512
2025-11-19T15:45:00Z,121391,13.22,2025-11-19T15:44:25Z,7.49,0.156,6.003,0.156,6.003,0.028363636363636365,42.8054
2025-11-19T16:00:00Z,121392,13.19,2025-11-19T15:59:50Z,7.323,0.156,5.931,0.156,5.931,0.028363636363636365,42.675799999999995
2025-11-19T16:15:00Z,121393,13.15,2025-11-19T16:02:45Z,7.164,0.156,5.857,0.156,5.857,0.028363636363636365,42.5426
2025-11-19T16:30:00Z,121394,12.98,2025-11-19T16:23:35Z,7.009,0.156,5.802,0.156,5.802,0.028363636363636365,42.443600000000004
2025-11-19T16:45:00Z,121395,13.04,2025-11-19T16:41:20Z,6.846,0.156,5.742,0.156,5.742,0.028363636363636365,42.3356
2025-11-19T17:00:00Z,121396,12.98,2025-11-19T16:57:15Z,6.673,0.155,5.671,0.155,5.671,0.028181818181818183,42.2078
2025-11-19T17:15:00Z,121397,12.97,2025-11-19T17:06:15Z,6.493,0.155,5.601,0.155,5.601,0.028181818181818183,42.0818
2025-11-19T17:30:00Z,121398,12.92,2025-11-19T17:29:40Z,6.315,0.155,5.534,0.155,5.534,0.028181818181818183,41.9612
2025-11-19T17:45:00Z,121399,12.92,2025-11-19T17:43:35Z,6.133,0.155,5.48,0.155,5.48,0.028181818181818183,41.864000000000004
2025-11-19T18:00:00Z,121400,12.9,2025-11-19T17:59:35Z,5.963,0.154,5.441,0.154,5.441,0.027999999999999997,41.793800000000005
2025-11-19T18:15:00Z,121401,12.88,2025-11-19T18:06:40Z,5.822,0.154,5.413,0.154,5.413,0.027999999999999997,41.7434
2025-11-19T18:30:00Z,121402,12.86,2025-11-19T18:29:45Z,5.699,0.154,5.396,0.154,5.396,0.027999999999999997,41.7128
2025-11-19T18:45:00Z,121403,12.86,2025-11-19T18:42:15Z,5.59,0.154,5.386,0.154,5.386,0.027999999999999997,41.6948
2025-11-19T19:00:00Z,121404,12.82,2025-11-19T18:58:15Z,5.487,0.154,5.376,0.154,5.376,0.027999999999999997,41.6768
2025-11-19T19:15:00Z,121405,12.82,2025-11-19T19:06:15Z,5.396,0.154,5.361,0.154,5.361,0.027999999999999997,41.6498
2025-11-19T19:30:00Z,121406,12.8,2025-11-19T19:29:45Z,5.32,0.154,5.341,0.154,5.341,0.027999999999999997,41.6138
2025-11-19T19:45:00Z,121407,12.8,2025-11-19T19:43:35Z,5.255,0.154,5.319,0.154,5.319,0.027999999999999997,41.574200000000005
2025-11-19T20:00:00Z,121408,12.79,2025-11-19T19:56:00Z,5.201,0.154,5.31,0.154,5.31,0.027999999999999997,41.558
2025-11-19T20:15:00Z,121409,12.78,2025-11-19T20:02:05Z,5.149,0.154,5.303,0.154,5.303,0.027999999999999997,41.5454
2025-11-19T20:30:00Z,121410,12.78,2025-11-19T20:29:40Z,5.1,0.154,5.299,0.154,5.299,0.027999999999999997,41.5382
2025-11-19T20:45:00Z,121411,12.76,2025-11-19T20:30:40Z,5.055,0.153,5.292,0.153,5.292,0.02781818181818182,41.5256
2025-11-19T21:00:00Z,121412,12.74,2025-11-19T20:57:15Z,5.018,0.153,5.282,0.153,5.282,0.02781818181818182,41.5076
2025-11-19T21:15:00Z,121413,12.71,2025-11-19T21:07:40Z,4.993,0.153,5.268,0.153,5.268,0.02781818181818182,41.4824
2025-11-19T21:30:00Z,121414,12.73,2025-11-19T21:29:20Z,4.975,0.153,5.254,0.153,5.254,0.02781818181818182,41.4572
2025-11-19T21:45:00Z,121415,12.74,2025-11-19T21:38:15Z,4.965,0.153,5.252,0.153,5.252,0.02781818181818182,41.4536
2025-11-19T22:00:00Z,121416,12.7,2025-11-19T21:57:20Z,4.951,0.153,5.251,0.153,5.251,0.02781818181818182,41.4518
2025-11-19T22:15:00Z,121417,12.69,2025-11-19T22:07:00Z,4.918,0.153,5.227,0.153,5.227,0.02781818181818182,41.4086
2025-11-19T22:30:00Z,121418,12.63,2025-11-19T22:26:05Z,4.881,0.153,5.191,0.153,5.191,0.02781818181818182,41.3438
2025-11-19T22:45:00Z,121419,12.7,2025-11-19T22:34:05Z,4.872,0.153,5.157,0.153,5.157,0.02781818181818182,41.2826
2025-11-19T23:00:00Z,121420,12.57,2025-11-19T22:57:15Z,4.859,0.153,5.145,0.153,5.145,0.02781818181818182,41.260999999999996
2025-11-19T23:15:00Z,121421,12.66,2025-11-19T23:02:05Z,4.838,0.153,5.147,0.153,5.147,0.02781818181818182,41.2646
2025-11-19T23:30:00Z,121422,12.68,2025-11-19T23:22:15Z,4.819,0.153,5.153,0.153,5.153,0.02781818181818182,41.2754
2025-11-19T23:45:00Z,121423,12.64,2025-11-19T23:43:40Z,4.803,0.153,5.167,0.153,5.167,0.02781818181818182,41.3006
2025-11-20T00:15:00Z,121425,12.63,2025-11-20T00:02:05Z,4.792,0.153,5.187,0.153,5.187,0.02781818181818182,41.336600000000004
2025-11-20T00:30:00Z,121426,12.62,2025-11-20T00:19:35Z,4.769,0.153,5.195,0.153,5.195,0.02781818181818182,41.351
2025-11-20T00:45:00Z,121427,12.59,2025-11-20T00:43:50Z,4.74,0.153,5.205,0.153,5.205,0.02781818181818182,41.369
2025-11-20T01:00:00Z,121428,12.52,2025-11-20T00:57:30Z,4.702,0.153,5.21,0.153,5.21,0.02781818181818182,41.378
2025-11-20T01:15:00Z,121429,12.51,2025-11-20T01:08:35Z,4.632,0.153,5.214,0.153,5.214,0.02781818181818182,41.3852
2025-11-20T01:30:00Z,121430,12.44,2025-11-20T01:29:45Z,4.559,0.153,5.214,0.153,5.214,0.02781818181818182,41.3852
2025-11-20T01:45:00Z,121431,12.58,2025-11-20T01:34:35Z,4.497,0.153,5.207,0.153,5.207,0.02781818181818182,41.3726
2025-11-20T02:00:00Z,121432,12.58,2025-11-20T01:46:45Z,4.456,0.153,5.191,0.153,5.191,0.02781818181818182,41.3438
2025-11-20T02:15:00Z,121433,12.49,2025-11-20T02:00:15Z,4.426,0.153,5.193,0.153,5.193,0.02781818181818182,41.3474
2025-11-20T02:30:00Z,121434,12.48,2025-11-20T02:17:15Z,4.397,0.153,5.196,0.153,5.196,0.02781818181818182,41.3528
2025-11-20T02:45:00Z,121435,12.44,2025-11-20T02:38:10Z,4.378,0.153,5.197,0.153,5.197,0.02781818181818182,41.354600000000005
2025-11-20T03:00:00Z,121436,12.52,2025-11-20T02:56:05Z,4.35,0.153,5.2,0.153,5.2,0.02781818181818182,41.36
2025-11-20T03:15:00Z,121437,12.55,2025-11-20T03:05:05Z,4.33,0.153,5.206,0.153,5.206,0.02781818181818182,41.3708
2025-11-20T03:30:00Z,121438,12.51,2025-11-20T03:25:05Z,4.302,0.153,5.209,0.153,5.209,0.02781818181818182,41.3762
2025-11-20T03:45:00Z,121439,12.59,2025-11-20T03:36:30Z,4.282,0.153,5.21,0.153,5.21,0.02781818181818182,41.378
2025-11-20T04:00:00Z,121440,12.58,2025-11-20T03:49:50Z,4.262,0.153,5.212,0.153,5.212,0.02781818181818182,41.3816
2025-11-20T04:15:00Z,121441,12.59,2025-11-20T04:11:10Z,4.256,0.153,5.216,0.153,5.216,0.02781818181818182,41.3888
2025-11-20T04:30:00Z,121442,12.59,2025-11-20T04:24:30Z,4.256,0.153,5.217,0.153,5.217,0.02781818181818182,41.3906
2025-11-20T04:45:00Z,121443,12.59,2025-11-20T04:32:30Z,4.256,0.153,5.218,0.153,5.218,0.02781818181818182,41.3924
2025-11-20T05:00:00Z,121444,12.57,2025-11-20T04:57:15Z,4.243,0.153,5.218,0.153,5.218,0.02781818181818182,41.3924
2025-11-20T05:15:00Z,121445,12.48,2025-11-20T05:05:10Z,4.236,0.153,5.217,0.153,5.217,0.02781818181818182,41.3906
2025-11-20T05:30:00Z,121446,12.57,2025-11-20T05:29:45Z,4.236,0.153,5.218,0.153,5.218,0.02781818181818182,41.3924
2025-11-20T05:45:00Z,121447,12.59,2025-11-20T05:31:10Z,4.236,0.153,5.213,0.153,5.213,0.02781818181818182,41.3834
2025-11-20T06:00:00Z,121448,12.59,2025-11-20T05:48:20Z,4.236,0.153,5.206,0.153,5.206,0.02781818181818182,41.3708
2025-11-20T06:15:00Z,121449,12.6,2025-11-20T06:00:20Z,4.236,0.153,5.205,0.153,5.205,0.02781818181818182,41.369
2025-11-20T06:30:00Z,121450,12.58,2025-11-20T06:29:45Z,4.236,0.153,5.214,0.153,5.214,0.02781818181818182,41.3852
2025-11-20T06:45:00Z,121451,12.57,2025-11-20T06:44:50Z,4.236,0.153,5.22,0.153,5.22,0.02781818181818182,41.396
2025-11-20T07:00:00Z,121452,12.52,2025-11-20T06:45:55Z,4.236,0.153,5.224,0.153,5.224,0.02781818181818182,41.4032
2025-11-20T07:15:00Z,121453,12.54,2025-11-20T07:12:25Z,4.236,0.153,5.226,0.153,5.226,0.02781818181818182,41.406800000000004
2025-11-20T07:30:00Z,121454,12.47,2025-11-20T07:20:20Z,4.236,0.153,5.225,0.153,5.225,0.02781818181818182,41.405
2025-11-20T07:45:00Z,121455,12.57,2025-11-20T07:42:20Z,4.236,0.153,5.227,0.153,5.227,0.02781818181818182,41.4086
2025-11-20T08:00:00Z,121456,12.55,2025-11-20T07:59:30Z,4.252,0.153,5.234,0.153,5.234,0.02781818181818182,41.4212
2025-11-20T08:15:00Z,121457,12.58,2025-11-20T08:00:05Z,4.268,0.153,5.257,0.153,5.257,0.02781818181818182,41.462599999999995
2025-11-20T08:30:00Z,121458,12.62,2025-11-20T08:16:20Z,4.317,0.153,5.3,0.153,5.3,0.02781818181818182,41.54
2025-11-20T08:45:00Z,121459,12.62,2025-11-20T08:33:25Z,4.378,0.153,5.348,0.153,5.348,0.02781818181818182,41.626400000000004
2025-11-20T09:00:00Z,121460,12.61,2025-11-20T08:57:15Z,4.443,0.152,5.391,0.152,5.391,0.027636363636363636,41.7038
2025-11-20T09:15:00Z,121461,12.63,2025-11-20T09:02:10Z,4.534,0.152,5.455,0.152,5.455,0.027636363636363636,41.819
2025-11-20T09:30:00Z,121462,12.67,2025-11-20T09:16:05Z,4.652,0.152,5.526,0.152,5.526,0.027636363636363636,41.946799999999996
2025-11-20T09:45:00Z,121463,12.69,2025-11-20T09:32:05Z,4.772,0.153,5.622,0.153,5.622,0.02781818181818182,42.1196
2025-11-20T10:00:00Z,121464,12.73,2025-11-20T09:45:25Z,4.892,0.153,5.724,0.153,5.724,0.02781818181818182,42.303200000000004
2025-11-20T10:15:00Z,121465,12.75,2025-11-20T10:12:05Z,5.043,0.153,5.869,0.153,5.869,0.02781818181818182,42.5642
2025-11-20T10:30:00Z,121466,12.75,2025-11-20T10:17:25Z,5.159,0.153,5.925,0.153,5.925,0.02781818181818182,42.665
2025-11-20T10:45:00Z,121467,12.82,2025-11-20T10:33:25Z,5.278,0.153,5.989,0.153,5.989,0.02781818181818182,42.7802
2025-11-20T11:00:00Z,121468,12.87,2025-11-20T10:54:45Z,5.451,0.153,6.111,0.153,6.111,0.02781818181818182,42.9998
2025-11-20T11:15:00Z,121469,12.86,2025-11-20T11:02:05Z,5.618,0.153,6.213,0.153,6.213,0.02781818181818182,43.1834
2025-11-20T11:30:00Z,121470,12.98,2025-11-20T11:15:05Z,5.827,0.153,6.34,0.153,6.34,0.02781818181818182,43.412
2025-11-20T11:45:00Z,121471,13,2025-11-20T11:34:45Z,6.098,0.153,6.479,0.153,6.479,0.02781818181818182,43.6622
2025-11-20T12:00:00Z,121472,13.07,2025-11-20T11:45:10Z,6.364,0.153,6.593,0.153,6.593,0.02781818181818182,43.8674
2025-11-20T12:15:00Z,121473,13.19,2025-11-20T12:10:25Z,6.777,0.153,6.842,0.153,6.842,0.02781818181818182,44.3156
2025-11-20T12:30:00Z,121474,13.26,2025-11-20T12:15:10Z,7.238,0.154,7.082,0.154,7.082,0.027999999999999997,44.7476
2025-11-20T12:45:00Z,121475,13.24,2025-11-20T12:39:35Z,7.585,0.155,7.152,0.155,7.152,0.028181818181818183,44.873599999999996
2025-11-20T13:00:00Z,121476,13.24,2025-11-20T12:46:45Z,7.759,0.154,7.098,0.154,7.098,0.027999999999999997,44.776399999999995
2025-11-20T13:15:00Z,121477,13.23,2025-11-20T13:14:25Z,7.893,0.154,7.071,0.154,7.071,0.027999999999999997,44.7278
2025-11-20T13:30:00Z,121478,13.19,2025-11-20T13:16:15Z,8.01,0.154,7.039,0.154,7.039,0.027999999999999997,44.6702
2025-11-20T13:45:00Z,121479,13.23,2025-11-20T13:30:55Z,8.13,0.154,7.047,0.154,7.047,0.027999999999999997,44.6846
2025-11-20T14:00:00Z,121480,13.22,2025-11-20T13:57:10Z,8.26,0.154,7.123,0.154,7.123,0.027999999999999997,44.8214
2025-11-20T14:15:00Z,121481,13.26,2025-11-20T14:13:20Z,8.4,0.154,7.203,0.154,7.203,0.027999999999999997,44.9654
2025-11-20T14:30:00Z,121482,13.22,2025-11-20T14:22:05Z,8.56,0.154,7.222,0.154,7.222,0.027999999999999997,44.9996
2025-11-20T14:45:00Z,121483,13.23,2025-11-20T14:38:25Z,8.67,0.154,7.229,0.154,7.229,0.027999999999999997,45.0122
2025-11-20T15:00:00Z,121484,13.16,2025-11-20T14:57:15Z,8.72,0.155,7.206,0.155,7.206,0.028181818181818183,44.9708
2025-11-20T15:15:00Z,121485,13.15,2025-11-20T15:02:10Z,8.72,0.154,7.15,0.154,7.15,0.027999999999999997,44.870000000000005
2025-11-20T15:30:00Z,121486,13.13,2025-11-20T15:29:50Z,8.71,0.154,7.117,0.154,7.117,0.027999999999999997,44.8106
2025-11-20T15:45:00Z,121487,13.12,2025-11-20T15:44:45Z,8.72,0.154,7.11,0.154,7.11,0.027999999999999997,44.798
2025-11-20T16:00:00Z,121488,13.09,2025-11-20T15:57:20Z,8.72,0.154,7.064,0.154,7.064,0.027999999999999997,44.715199999999996
2025-11-20T16:15:00Z,121489,13.02,2025-11-20T16:13:45Z,8.7,0.154,7.027,0.154,7.027,0.027999999999999997,44.6486
2025-11-20T16:30:00Z,121490,13,2025-11-20T16:28:10Z,8.67,0.154,6.994,0.154,6.994,0.027999999999999997,44.5892
2025-11-20T16:45:00Z,121491,12.95,2025-11-20T16:44:35Z,8.57,0.154,6.929,0.154,6.929,0.027999999999999997,44.4722
2025-11-20T17:00:00Z,121492,12.88,2025-11-20T16:57:15Z,8.4,0.154,6.85,0.154,6.85,0.027999999999999997,44.33
2025-11-20T17:15:00Z,121493,12.85,2025-11-20T17:14:20Z,8.2,0.153,6.76,0.153,6.76,0.02781818181818182,44.168
2025-11-20T17:30:00Z,121494,12.8,2025-11-20T17:29:45Z,7.97,0.153,6.679,0.153,6.679,0.02781818181818182,44.0222
2025-11-20T17:45:00Z,121495,12.81,2025-11-20T17:43:40Z,7.722,0.153,6.598,0.153,6.598,0.02781818181818182,43.876400000000004
2025-11-20T18:00:00Z,121496,12.76,2025-11-20T17:57:15Z,7.495,0.153,6.526,0.153,6.526,0.02781818181818182,43.7468
2025-11-20T18:15:00Z,121497,12.74,2025-11-20T18:13:00Z,7.278,0.152,6.465,0.152,6.465,0.027636363636363636,43.637
2025-11-20T18:30:00Z,121498,12.72,2025-11-20T18:23:40Z,7.09,0.152,6.422,0.152,6.422,0.027636363636363636,43.5596
2025-11-20T18:45:00Z,121499,12.73,2025-11-20T18:42:40Z,6.931,0.152,6.4,0.152,6.4,0.027636363636363636,43.519999999999996
2025-11-20T19:00:00Z,121500,12.69,2025-11-20T18:58:20Z,6.799,0.152,6.388,0.152,6.388,0.027636363636363636,43.498400000000004
2025-11-20T19:15:00Z,121501,12.68,2025-11-20T19:02:05Z,6.689,0.152,6.376,0.152,6.376,0.027636363636363636,43.4768
2025-11-20T19:30:00Z,121502,12.67,2025-11-20T19:29:40Z,6.598,0.152,6.369,0.152,6.369,0.027636363636363636,43.4642
2025-11-20T19:45:00Z,121503,12.68,2025-11-20T19:43:55Z,6.529,0.152,6.366,0.152,6.366,0.027636363636363636,43.4588
2025-11-20T20:00:00Z,121504,12.63,2025-11-20T19:59:35Z,6.473,0.152,6.361,0.152,6.361,0.027636363636363636,43.449799999999996
2025-11-20T20:15:00Z,121505,12.65,2025-11-20T20:13:00Z,6.435,0.152,6.357,0.152,6.357,0.027636363636363636,43.4426
2025-11-20T20:30:00Z,121506,12.64,2025-11-20T20:21:00Z,6.402,0.152,6.357,0.152,6.357,0.027636363636363636,43.4426
2025-11-20T20:45:00Z,121507,12.64,2025-11-20T20:39:40Z,6.384,0.152,6.359,0.152,6.359,0.027636363636363636,43.446200000000005
2025-11-20T21:00:00Z,121508,12.6,2025-11-20T20:57:15Z,6.373,0.152,6.36,0.152,6.36,0.027636363636363636,43.448
2025-11-20T21:15:00Z,121509,12.6,2025-11-20T21:02:05Z,6.373,0.152,6.363,0.152,6.363,0.027636363636363636,43.4534
2025-11-20T21:30:00Z,121510,12.48,2025-11-20T21:29:45Z,6.392,0.152,6.364,0.152,6.364,0.027636363636363636,43.4552
2025-11-20T21:45:00Z,121511,12.6,2025-11-20T21:43:55Z,6.396,0.152,6.367,0.152,6.367,0.027636363636363636,43.4606
2025-11-20T22:00:00Z,121512,12.61,2025-11-20T21:57:35Z,6.414,0.151,6.37,0.151,6.37,0.027454545454545454,43.466
2025-11-20T22:15:00Z,121513,12.58,2025-11-20T22:02:05Z,6.416,0.152,6.37,0.152,6.37,0.027636363636363636,43.466
2025-11-20T22:30:00Z,121514,12.59,2025-11-20T22:29:40Z,6.416,0.152,6.366,0.152,6.366,0.027636363636363636,43.4588
2025-11-20T22:45:00Z,121515,12.61,2025-11-20T22:30:25Z,6.416,0.152,6.363,0.152,6.363,0.027636363636363636,43.4534
2025-11-20T23:00:00Z,121516,12.59,2025-11-20T22:57:25Z,6.416,0.152,6.362,0.152,6.362,0.027636363636363636,43.4516
2025-11-20T23:15:00Z,121517,12.6,2025-11-20T23:05:40Z,6.416,0.152,6.364,0.152,6.364,0.027636363636363636,43.4552
2025-11-20T23:30:00Z,121518,12.57,2025-11-20T23:29:40Z,6.442,0.152,6.371,0.152,6.371,0.027636363636363636,43.4678
2025-11-20T23:45:00Z,121519,12.47,2025-11-20T23:33:50Z,6.463,0.152,6.379,0.152,6.379,0.027636363636363636,43.4822
2025-11-21T00:15:00Z,121521,12.44,2025-11-21T00:12:35Z,6.536,0.152,6.407,0.152,6.407,0.027636363636363636,43.5326
2025-11-21T00:30:00Z,121522,12.55,2025-11-21T00:29:05Z,6.565,0.152,6.421,0.152,6.421,0.027636363636363636,43.5578
2025-11-21T00:45:00Z,121523,12.56,2025-11-21T00:31:35Z,6.602,0.152,6.431,0.152,6.431,0.027636363636363636,43.5758
2025-11-21T01:00:00Z,121524,12.55,2025-11-21T00:46:40Z,6.635,0.152,6.439,0.152,6.439,0.027636363636363636,43.590199999999996
2025-11-21T01:15:00Z,121525,12.57,2025-11-21T01:10:25Z,6.659,0.152,6.447,0.152,6.447,0.027636363636363636,43.604600000000005
2025-11-21T01:30:00Z,121526,12.55,2025-11-21T01:23:10Z,6.678,0.152,6.454,0.152,6.454,0.027636363636363636,43.6172
2025-11-21T01:45:00Z,121527,12.57,2025-11-21T01:34:30Z,6.697,0.152,6.459,0.152,6.459,0.027636363636363636,43.6262
2025-11-21T02:00:00Z,121528,12.48,2025-11-21T01:46:15Z,6.718,0.152,6.466,0.152,6.466,0.027636363636363636,43.6388
2025-11-21T02:15:00Z,121529,12.55,2025-11-21T02:04:55Z,6.732,0.152,6.474,0.152,6.474,0.027636363636363636,43.6532
2025-11-21T02:30:00Z,121530,12.57,2025-11-21T02:21:30Z,6.744,0.152,6.479,0.152,6.479,0.027636363636363636,43.6622
2025-11-21T02:45:00Z,121531,12.5,2025-11-21T02:36:10Z,6.744,0.152,6.482,0.152,6.482,0.027636363636363636,43.6676
2025-11-21T03:00:00Z,121532,12.44,2025-11-21T02:58:50Z,6.766,0.152,6.488,0.152,6.488,0.027636363636363636,43.678399999999996
2025-11-21T03:15:00Z,121533,12.55,2025-11-21T03:04:40Z,6.798,0.152,6.497,0.152,6.497,0.027636363636363636,43.6946
2025-11-21T03:30:00Z,121534,12.52,2025-11-21T03:19:10Z,6.809,0.152,6.498,0.152,6.498,0.027636363636363636,43.6964
2025-11-21T03:45:00Z,121535,12.47,2025-11-21T03:40:30Z,6.796,0.152,6.492,0.152,6.492,0.027636363636363636,43.6856
2025-11-21T04:00:00Z,121536,12.44,2025-11-21T03:48:50Z,6.787,0.152,6.49,0.152,6.49,0.027636363636363636,43.682
2025-11-21T04:15:00Z,121537,12.48,2025-11-21T04:06:15Z,6.787,0.152,6.493,0.152,6.493,0.027636363636363636,43.6874
2025-11-21T04:30:00Z,121538,12.56,2025-11-21T04:17:40Z,6.798,0.152,6.499,0.152,6.499,0.027636363636363636,43.6982
2025-11-21T04:45:00Z,121539,12.57,2025-11-21T04:43:15Z,6.809,0.152,6.505,0.152,6.505,0.027636363636363636,43.709
2025-11-21T05:00:00Z,121540,12.57,2025-11-21T04:47:45Z,6.813,0.152,6.51,0.152,6.51,0.027636363636363636,43.718
2025-11-21T05:15:00Z,121541,12.43,2025-11-21T05:04:25Z,6.832,0.151,6.514,0.151,6.514,0.027454545454545454,43.7252
2025-11-21T05:30:00Z,121542,12.58,2025-11-21T05:17:55Z,6.849,0.151,6.517,0.151,6.517,0.027454545454545454,43.7306
2025-11-21T05:45:00Z,121543,12.59,2025-11-21T05:33:55Z,6.852,0.151,6.522,0.151,6.522,0.027454545454545454,43.739599999999996
2025-11-21T06:00:00Z,121544,12.58,2025-11-21T05:54:20Z,6.87,0.151,6.528,0.151,6.528,0.027454545454545454,43.7504
2025-11-21T06:15:00Z,121545,12.58,2025-11-21T06:02:10Z,6.897,0.151,6.537,0.151,6.537,0.027454545454545454,43.7666
2025-11-21T06:30:00Z,121546,12.58,2025-11-21T06:22:25Z,6.906,0.151,6.545,0.151,6.545,0.027454545454545454,43.781
2025-11-21T06:45:00Z,121547,12.59,2025-11-21T06:41:05Z,6.918,0.151,6.55,0.151,6.55,0.027454545454545454,43.79
2025-11-21T07:00:00Z,121548,12.54,2025-11-21T06:54:20Z,6.918,0.151,6.554,0.151,6.554,0.027454545454545454,43.797200000000004
2025-11-21T07:15:00Z,121549,12.49,2025-11-21T07:06:00Z,6.92,0.151,6.559,0.151,6.559,0.027454545454545454,43.806200000000004
2025-11-21T07:30:00Z,121550,12.6,2025-11-21T07:27:55Z,6.94,0.151,6.566,0.151,6.566,0.027454545454545454,43.818799999999996
2025-11-21T07:45:00Z,121551,12.59,2025-11-21T07:39:45Z,6.941,0.151,6.574,0.151,6.574,0.027454545454545454,43.8332
2025-11-21T08:00:00Z,121552,12.58,2025-11-21T07:57:10Z,6.962,0.151,6.585,0.151,6.585,0.027454545454545454,43.853
2025-11-21T08:15:00Z,121553,12.56,2025-11-21T08:02:55Z,6.985,0.151,6.607,0.151,6.607,0.027454545454545454,43.8926
2025-11-21T08:30:00Z,121554,12.59,2025-11-21T08:17:30Z,7.036,0.15,6.651,0.15,6.651,0.02727272727272727,43.9718
2025-11-21T08:45:00Z,121555,12.61,2025-11-21T08:41:30Z,7.105,0.15,6.709,0.15,6.709,0.02727272727272727,44.0762
2025-11-21T09:00:00Z,121556,12.65,2025-11-21T08:46:50Z,7.187,0.15,6.76,0.15,6.76,0.02727272727272727,44.168
2025-11-21T09:15:00Z,121557,12.68,2025-11-21T09:00:10Z,7.324,0.15,6.869,0.15,6.869,0.02727272727272727,44.3642
2025-11-21T09:30:00Z,121558,12.75,2025-11-21T09:16:10Z,7.512,0.15,7.009,0.15,7.009,0.02727272727272727,44.6162
2025-11-21T09:45:00Z,121559,12.84,2025-11-21T09:32:10Z,7.733,0.15,7.155,0.15,7.155,0.02727272727272727,44.879
2025-11-21T10:00:00Z,121560,12.9,2025-11-21T09:45:30Z,8.02,0.151,7.324,0.151,7.324,0.027454545454545454,45.1832
2025-11-21T10:15:00Z,121561,12.91,2025-11-21T10:04:05Z,8.3,0.151,7.461,0.151,7.461,0.027454545454545454,45.4298
2025-11-21T10:30:00Z,121562,12.97,2025-11-21T10:17:30Z,8.57,0.151,7.579,0.151,7.579,0.027454545454545454,45.6422
2025-11-21T10:45:00Z,121563,13,2025-11-21T10:30:50Z,8.8,0.151,7.653,0.151,7.653,0.027454545454545454,45.7754
2025-11-21T11:00:00Z,121564,13.07,2025-11-21T10:45:05Z,8.99,0.151,7.714,0.151,7.714,0.027454545454545454,45.8852
2025-11-21T11:15:00Z,121565,13.08,2025-11-21T11:02:10Z,9.22,0.151,7.816,0.151,7.816,0.027454545454545454,46.068799999999996
2025-11-21T11:30:00Z,121566,13.12,2025-11-21T11:18:50Z,9.38,0.151,7.881,0.151,7.881,0.027454545454545454,46.1858
2025-11-21T11:45:00Z,121567,13.22,2025-11-21T11:44:05Z,9.55,0.151,7.969,0.151,7.969,0.027454545454545454,46.3442
2025-11-21T12:00:00Z,121568,13.23,2025-11-21T11:45:55Z,9.76,0.151,8.03,0.151,8.03,0.027454545454545454,46.454
2025-11-21T12:15:00Z,121569,13.18,2025-11-21T12:09:30Z,9.92,0.152,8.09,0.152,8.09,0.027636363636363636,46.562
2025-11-21T12:30:00Z,121570,13.28,2025-11-21T12:15:05Z,10.01,0.151,8.06,0.151,8.06,0.027454545454545454,46.508
2025-11-21T12:45:00Z,121571,13.28,2025-11-21T12:42:00Z,10.14,0.152,8.12,0.152,8.12,0.027636363636363636,46.616
2025-11-21T13:00:00Z,121572,13.32,2025-11-21T12:45:05Z,10.24,0.151,8.16,0.151,8.16,0.027454545454545454,46.688
2025-11-21T13:15:00Z,121573,13.46,2025-11-21T13:14:50Z,10.74,0.153,8.42,0.153,8.42,0.02781818181818182,47.156
2025-11-21T13:30:00Z,121574,13.41,2025-11-21T13:21:50Z,10.9,0.152,8.38,0.152,8.38,0.027636363636363636,47.084
2025-11-21T13:45:00Z,121575,13.54,2025-11-21T13:45:00Z,11.15,0.152,8.44,0.152,8.44,0.027636363636363636,47.192
2025-11-21T14:00:00Z,121576,13.32,2025-11-21T13:58:00Z,11.51,0.153,8.5,0.153,8.5,0.02781818181818182,47.3
2025-11-21T14:15:00Z,121577,13.34,2025-11-21T14:02:00Z,11.25,0.152,8.36,0.152,8.36,0.027636363636363636,47.048
2025-11-21T14:30:00Z,121578,13.36,2025-11-21T14:17:15Z,10.93,0.151,8.31,0.151,8.31,0.027454545454545454,46.958
2025-11-21T14:45:00Z,121579,13.41,2025-11-21T14:44:55Z,10.79,0.152,8.34,0.152,8.34,0.027636363636363636,47.012
2025-11-21T15:00:00Z,121580,13.3,2025-11-21T14:58:55Z,10.72,0.152,8.41,0.152,8.41,0.027636363636363636,47.138
2025-11-21T15:15:00Z,121581,13.23,2025-11-21T15:14:25Z,10.6,0.152,8.32,0.152,8.32,0.027636363636363636,46.976
2025-11-21T15:30:00Z,121582,13.19,2025-11-21T15:17:40Z,10.41,0.151,8.17,0.151,8.17,0.027454545454545454,46.706
2025-11-21T15:45:00Z,121583,13.22,2025-11-21T15:32:05Z,10.25,0.151,8.14,0.151,8.14,0.027454545454545454,46.652
2025-11-21T16:00:00Z,121584,13.18,2025-11-21T15:57:15Z,10.16,0.152,8.17,0.152,8.17,0.027636363636363636,46.706
2025-11-21T16:15:00Z,121585,13.1,2025-11-21T16:04:00Z,9.98,0.151,8.07,0.151,8.07,0.027454545454545454,46.525999999999996
2025-11-21T16:30:00Z,121586,13.07,2025-11-21T16:29:50Z,9.76,0.151,7.97,0.151,7.97,0.027454545454545454,46.346000000000004
2025-11-21T16:45:00Z,121587,13.06,2025-11-21T16:42:50Z,9.55,0.15,7.866,0.15,7.866,0.02727272727272727,46.1588
2025-11-21T17:00:00Z,121588,13.01,2025-11-21T16:57:20Z,9.34,0.15,7.77,0.15,7.77,0.02727272727272727,45.986
2025-11-21T17:15:00Z,121589,12.97,2025-11-21T17:06:25Z,9.13,0.15,7.638,0.15,7.638,0.02727272727272727,45.748400000000004
2025-11-21T17:30:00Z,121590,12.92,2025-11-21T17:29:45Z,8.9,0.15,7.507,0.15,7.507,0.02727272727272727,45.5126
2025-11-21T17:45:00Z,121591,12.93,2025-11-21T17:41:05Z,8.71,0.149,7.416,0.149,7.416,0.02709090909090909,45.3488
2025-11-21T18:00:00Z,121592,12.88,2025-11-21T17:57:15Z,8.57,0.15,7.345,0.15,7.345,0.02727272727272727,45.221000000000004
2025-11-21T18:15:00Z,121593,12.89,2025-11-21T18:07:45Z,8.35,0.151,7.296,0.151,7.296,0.027454545454545454,45.1328
2025-11-21T18:30:00Z,121594,12.86,2025-11-21T18:29:40Z,8.06,0.151,7.265,0.151,7.265,0.027454545454545454,45.077
2025-11-21T18:45:00Z,121595,12.86,2025-11-21T18:38:50Z,7.762,0.151,7.239,0.151,7.239,0.027454545454545454,45.0302
2025-11-21T19:00:00Z,121596,12.86,2025-11-21T18:45:05Z,7.489,0.15,7.202,0.15,7.202,0.02727272727272727,44.9636
2025-11-21T19:15:00Z,121597,12.83,2025-11-21T19:11:45Z,7.239,0.151,7.161,0.151,7.161,0.027454545454545454,44.8898
2025-11-21T19:30:00Z,121598,12.82,2025-11-21T19:17:05Z,7.013,0.151,7.106,0.151,7.106,0.027454545454545454,44.790800000000004
2025-11-21T19:45:00Z,121599,12.82,2025-11-21T19:44:15Z,6.806,0.15,7.05,0.15,7.05,0.02727272727272727,44.69
2025-11-21T20:00:00Z,121600,12.81,2025-11-21T19:57:10Z,6.605,0.15,6.983,0.15,6.983,0.02727272727272727,44.5694
2025-11-21T20:15:00Z,121601,12.79,2025-11-21T20:02:15Z,6.411,0.15,6.919,0.15,6.919,0.02727272727272727,44.4542
2025-11-21T20:30:00Z,121602,12.8,2025-11-21T20:26:25Z,6.264,0.15,6.864,0.15,6.864,0.02727272727272727,44.355199999999996
2025-11-21T20:45:00Z,121603,12.8,2025-11-21T20:37:05Z,6.15,0.15,6.833,0.15,6.833,0.02727272727272727,44.2994
2025-11-21T21:00:00Z,121604,12.77,2025-11-21T20:50:25Z,6.041,0.15,6.81,0.15,6.81,0.02727272727272727,44.257999999999996
2025-11-21T21:15:00Z,121605,12.76,2025-11-21T21:10:50Z,5.965,0.15,6.785,0.15,6.785,0.02727272727272727,44.213
2025-11-21T21:30:00Z,121606,12.75,2025-11-21T21:29:40Z,5.914,0.151,6.776,0.151,6.776,0.027454545454545454,44.196799999999996
2025-11-21T21:45:00Z,121607,12.76,2025-11-21T21:35:45Z,5.855,0.152,6.763,0.152,6.763,0.027636363636363636,44.1734
2025-11-21T22:00:00Z,121608,12.76,2025-11-21T21:49:05Z,5.813,0.154,6.716,0.154,6.716,0.027999999999999997,44.0888
2025-11-21T22:15:00Z,121609,12.71,2025-11-21T22:08:15Z,5.783,0.157,6.654,0.157,6.654,0.028545454545454544,43.977199999999996
2025-11-21T22:30:00Z,121610,12.75,2025-11-21T22:21:50Z,5.725,0.158,6.656,0.158,6.656,0.028727272727272726,43.9808
2025-11-21T22:45:00Z,121611,12.72,2025-11-21T22:38:50Z,5.644,0.159,6.651,0.159,6.651,0.028909090909090912,43.9718
2025-11-21T23:00:00Z,121612,12.7,2025-11-21T22:53:05Z,5.554,0.16,6.646,0.16,6.646,0.02909090909090909,43.9628
2025-11-21T23:15:00Z,121613,12.69,2025-11-21T23:02:25Z,5.499,0.161,6.553,0.161,6.553,0.029272727272727273,43.7954
2025-11-21T23:30:00Z,121614,12.68,2025-11-21T23:29:50Z,5.412,0.161,6.424,0.161,6.424,0.029272727272727273,43.5632
2025-11-21T23:45:00Z,121615,12.7,2025-11-21T23:43:50Z,5.243,0.161,6.323,0.161,6.323,0.029272727272727273,43.3814
2025-11-22T00:15:00Z,121617,12.67,2025-11-22T00:06:45Z,4.876,0.161,6.13,0.161,6.13,0.029272727272727273,43.034
2025-11-22T00:30:00Z,121618,12.68,2025-11-22T00:24:25Z,4.673,0.161,6.063,0.161,6.063,0.029272727272727273,42.913399999999996
2025-11-22T00:45:00Z,121619,12.68,2025-11-22T00:43:05Z,4.446,0.162,5.975,0.162,5.975,0.029454545454545455,42.754999999999995
2025-11-22T01:00:00Z,121620,12.65,2025-11-22T00:58:20Z,4.182,0.162,5.802,0.162,5.802,0.029454545454545455,42.443600000000004
2025-11-22T01:15:00Z,121621,12.51,2025-11-22T01:14:05Z,3.915,0.161,5.614,0.161,5.614,0.029272727272727273,42.105199999999996
2025-11-22T01:30:00Z,121622,12.66,2025-11-22T01:18:00Z,3.698,0.161,5.475,0.161,5.475,0.029272727272727273,41.855000000000004
2025-11-22T01:45:00Z,121623,12.64,2025-11-22T01:34:00Z,3.541,0.161,5.402,0.161,5.402,0.029272727272727273,41.723600000000005
2025-11-22T02:00:00Z,121624,12.62,2025-11-22T01:57:10Z,3.403,0.161,5.33,0.161,5.33,0.029272727272727273,41.594
2025-11-22T02:15:00Z,121625,12.62,2025-11-22T02:02:05Z,3.236,0.16,5.161,0.16,5.161,0.02909090909090909,41.2898
2025-11-22T02:30:00Z,121626,12.6,2025-11-22T02:28:10Z,3.02,0.16,4.972,0.16,4.972,0.02909090909090909,40.949600000000004
2025-11-22T02:45:00Z,121627,12.59,2025-11-22T02:40:40Z,2.744,0.159,4.793,0.159,4.793,0.028909090909090912,40.6274
2025-11-22T03:00:00Z,121628,12.6,2025-11-22T02:51:20Z,2.408,0.159,4.645,0.159,4.645,0.028909090909090912,40.361
2025-11-22T03:15:00Z,121629,12.42,2025-11-22T03:02:10Z,2.006,0.159,4.475,0.159,4.475,0.028909090909090912,40.055
2025-11-22T03:30:00Z,121630,12.6,2025-11-22T03:18:00Z,1.55,0.158,4.29,0.158,4.29,0.028727272727272726,39.722
2025-11-22T03:45:00Z,121631,12.59,2025-11-22T03:35:45Z,1.13,0.158,4.063,0.158,4.063,0.028727272727272726,39.3134
2025-11-22T04:00:00Z,121632,12.61,2025-11-22T03:51:25Z,0.715,0.158,3.865,0.158,3.865,0.028727272727272726,38.957
2025-11-22T04:15:00Z,121633,12.59,2025-11-22T04:11:20Z,0.31,0.157,3.728,0.157,3.728,0.028545454545454544,38.7104
2025-11-22T04:30:00Z,121634,12.6,2025-11-22T04:16:35Z,-0.05,0.157,3.654,0.157,3.654,0.028545454545454544,38.5772
2025-11-22T04:45:00Z,121635,12.58,2025-11-22T04:35:15Z,-0.4,0.157,3.562,0.157,3.562,0.028545454545454544,38.4116
2025-11-22T05:00:00Z,121636,12.56,2025-11-22T04:54:10Z,-0.705,0.156,3.423,0.156,3.423,0.028363636363636365,38.1614
2025-11-22T05:15:00Z,121637,12.59,2025-11-22T05:00:20Z,-0.982,0.156,3.31,0.156,3.31,0.028363636363636365,37.958
2025-11-22T05:30:00Z,121638,12.56,2025-11-22T05:29:40Z,-1.247,0.155,3.225,0.155,3.225,0.028181818181818183,37.805
2025-11-22T05:45:00Z,121639,12.59,2025-11-22T05:44:00Z,-1.492,0.155,3.138,0.155,3.138,0.028181818181818183,37.6484
2025-11-22T06:00:00Z,121640,12.55,2025-11-22T05:57:10Z,-1.718,0.155,3.072,0.155,3.072,0.028181818181818183,37.5296
2025-11-22T06:15:00Z,121641,12.56,2025-11-22T06:02:15Z,-1.962,0.155,3.011,0.155,3.011,0.028181818181818183,37.4198
2025-11-22T06:30:00Z,121642,12.57,2025-11-22T06:26:35Z,-2.188,0.154,2.917,0.154,2.917,0.027999999999999997,37.2506
2025-11-22T06:45:00Z,121643,12.57,2025-11-22T06:30:30Z,-2.378,0.154,2.82,0.154,2.82,0.027999999999999997,37.076
2025-11-22T07:00:00Z,121644,12.57,2025-11-22T06:45:20Z,-2.569,0.154,2.748,0.154,2.748,0.027999999999999997,36.9464
2025-11-22T07:15:00Z,121645,12.54,2025-11-22T07:13:35Z,-2.835,0.154,2.652,0.154,2.652,0.027999999999999997,36.7736
2025-11-22T07:30:00Z,121646,12.53,2025-11-22T07:29:40Z,-3.097,0.153,2.575,0.153,2.575,0.02781818181818182,36.635
2025-11-22T07:45:00Z,121647,12.57,2025-11-22T07:34:55Z,-3.327,0.153,2.509,0.153,2.509,0.02781818181818182,36.5162
2025-11-22T08:00:00Z,121648,12.55,2025-11-22T07:48:15Z,-3.453,0.153,2.463,0.153,2.463,0.02781818181818182,36.4334
2025-11-22T08:15:00Z,121649,12.56,2025-11-22T08:02:20Z,-3.526,0.152,2.452,0.152,2.452,0.027636363636363636,36.4136
2025-11-22T08:30:00Z,121650,12.58,2025-11-22T08:17:35Z,-3.582,0.152,2.444,0.152,2.444,0.027636363636363636,36.3992
2025-11-22T08:45:00Z,121651,12.59,2025-11-22T08:30:50Z,-3.507,0.152,2.47,0.152,2.47,0.027636363636363636,36.446
2025-11-22T09:00:00Z,121652,12.61,2025-11-22T08:46:55Z,-3.014,0.152,2.482,0.152,2.482,0.027636363636363636,36.4676
2025-11-22T09:15:00Z,121653,12.62,2025-11-22T09:02:10Z,-2.479,0.152,2.482,0.152,2.482,0.027636363636363636,36.4676
2025-11-22T09:30:00Z,121654,12.65,2025-11-22T09:16:15Z,-2.008,0.152,2.503,0.152,2.503,0.027636363636363636,36.5054
2025-11-22T09:45:00Z,121655,12.69,2025-11-22T09:38:50Z,-1.389,0.152,2.529,0.152,2.529,0.027636363636363636,36.5522
2025-11-22T10:00:00Z,121656,12.7,2025-11-22T09:57:10Z,-0.305,0.152,2.577,0.152,2.577,0.027636363636363636,36.6386
2025-11-22T10:15:00Z,121657,12.72,2025-11-22T10:04:10Z,0.931,0.152,2.657,0.152,2.657,0.027636363636363636,36.7826
2025-11-22T10:30:00Z,121658,12.73,2025-11-22T10:24:10Z,2.569,0.152,2.812,0.152,2.812,0.027636363636363636,37.0616
2025-11-22T10:45:00Z,121659,12.77,2025-11-22T10:30:35Z,3.9,0.152,2.957,0.152,2.957,0.027636363636363636,37.3226
2025-11-22T11:00:00Z,121660,12.79,2025-11-22T10:57:15Z,4.644,0.153,3.06,0.153,3.06,0.02781818181818182,37.508
2025-11-22T11:15:00Z,121661,12.68,2025-11-22T11:02:25Z,4.703,0.153,3.152,0.153,3.152,0.02781818181818182,37.6736
2025-11-22T11:30:00Z,121662,12.91,2025-11-22T11:15:05Z,4.737,0.153,3.26,0.153,3.26,0.02781818181818182,37.868
2025-11-22T11:45:00Z,121663,12.96,2025-11-22T11:30:05Z,5.24,0.153,3.377,0.153,3.377,0.02781818181818182,38.0786
2025-11-22T12:00:00Z,121664,13.08,2025-11-22T11:45:05Z,5.521,0.153,3.514,0.153,3.514,0.02781818181818182,38.3252
2025-11-22T12:15:00Z,121665,13.24,2025-11-22T12:01:35Z,5.616,0.153,3.67,0.153,3.67,0.02781818181818182,38.606
2025-11-22T12:30:00Z,121666,13.42,2025-11-22T12:15:05Z,5.898,0.153,3.852,0.153,3.852,0.02781818181818182,38.9336
2025-11-22T12:45:00Z,121667,13.61,2025-11-22T12:35:10Z,6.341,0.153,4.011,0.153,4.011,0.02781818181818182,39.2198
2025-11-22T13:00:00Z,121668,13.63,2025-11-22T12:47:10Z,6.59,0.153,4.147,0.153,4.147,0.02781818181818182,39.4646
2025-11-22T13:15:00Z,121669,13.64,2025-11-22T13:05:00Z,6.719,0.153,4.242,0.153,4.242,0.02781818181818182,39.6356
2025-11-22T13:30:00Z,121670,13.69,2025-11-22T13:15:05Z,6.9,0.154,4.335,0.154,4.335,0.027999999999999997,39.803
2025-11-22T13:45:00Z,121671,14.02,2025-11-22T13:40:30Z,7.44,0.154,4.371,0.154,4.371,0.027999999999999997,39.8678
2025-11-22T14:00:00Z,121672,14.42,2025-11-22T13:53:55Z,8.16,0.154,4.383,0.154,4.383,0.027999999999999997,39.8894
2025-11-22T14:15:00Z,121673,14.4,2025-11-22T14:07:50Z,9.47,0.154,4.392,0.154,4.392,0.027999999999999997,39.9056
2025-11-22T14:30:00Z,121674,14.34,2025-11-22T14:26:20Z,10.72,0.154,4.399,0.154,4.399,0.027999999999999997,39.9182
2025-11-22T14:45:00Z,121675,13.99,2025-11-22T14:37:10Z,10.84,0.154,4.42,0.154,4.42,0.027999999999999997,39.956
2025-11-22T15:00:00Z,121676,13.7,2025-11-22T14:57:15Z,10.11,0.154,4.489,0.154,4.489,0.027999999999999997,40.0802
2025-11-22T15:15:00Z,121677,13.68,2025-11-22T15:11:50Z,9.39,0.153,4.5,0.153,4.5,0.02781818181818182,40.1
2025-11-22T15:30:00Z,121678,13.63,2025-11-22T15:17:10Z,8.82,0.153,4.476,0.153,4.476,0.02781818181818182,40.056799999999996
2025-11-22T15:45:00Z,121679,13.59,2025-11-22T15:42:55Z,8.31,0.153,4.459,0.153,4.459,0.02781818181818182,40.0262
2025-11-22T16:00:00Z,121680,13.6,2025-11-22T15:49:10Z,7.799,0.153,4.405,0.153,4.405,0.02781818181818182,39.929
2025-11-22T16:15:00Z,121681,13.53,2025-11-22T16:10:30Z,7.371,0.153,4.336,0.153,4.336,0.02781818181818182,39.8048
2025-11-22T16:30:00Z,121682,13.36,2025-11-22T16:29:10Z,6.949,0.152,4.291,0.152,4.291,0.027636363636363636,39.7238
2025-11-22T16:45:00Z,121683,13.26,2025-11-22T16:42:30Z,6.497,0.152,4.253,0.152,4.253,0.027636363636363636,39.6554
2025-11-22T17:00:00Z,121684,13.2,2025-11-22T16:59:00Z,5.951,0.152,4.184,0.152,4.184,0.027636363636363636,39.5312
2025-11-22T17:15:00Z,121685,13.13,2025-11-22T17:13:55Z,5.326,0.152,4.117,0.152,4.117,0.027636363636363636,39.4106
2025-11-22T17:30:00Z,121686,13.07,2025-11-22T17:28:15Z,4.591,0.152,4.036,0.152,4.036,0.027636363636363636,39.2648
2025-11-22T17:45:00Z,121687,13.04,2025-11-22T17:44:15Z,3.982,0.151,4.021,0.151,4.021,0.027454545454545454,39.2378
2025-11-22T18:00:00Z,121688,13,2025-11-22T17:53:05Z,3.667,0.152,4.114,0.152,4.114,0.027636363636363636,39.4052
2025-11-22T18:15:00Z,121689,13.01,2025-11-22T18:10:35Z,3.536,0.152,4.209,0.152,4.209,0.027636363636363636,39.5762
2025-11-22T18:30:00Z,121690,12.98,2025-11-22T18:15:15Z,3.434,0.152,4.257,0.152,4.257,0.027636363636363636,39.6626
2025-11-22T18:45:00Z,121691,12.95,2025-11-22T18:42:45Z,3.433,0.152,4.323,0.152,4.323,0.027636363636363636,39.7814
2025-11-22T19:00:00Z,121692,12.97,2025-11-22T18:59:00Z,3.553,0.152,4.413,0.152,4.413,0.027636363636363636,39.9434
2025-11-22T19:15:00Z,121693,12.93,2025-11-22T19:10:15Z,3.759,0.152,4.491,0.152,4.491,0.027636363636363636,40.0838
2025-11-22T19:30:00Z,121694,12.89,2025-11-22T19:27:25Z,3.995,0.152,4.547,0.152,4.547,0.027636363636363636,40.1846
2025-11-22T19:45:00Z,121695,12.9,2025-11-22T19:35:20Z,4.22,0.152,4.588,0.152,4.588,0.027636363636363636,40.2584
2025-11-22T20:00:00Z,121696,12.91,2025-11-22T19:51:50Z,4.439,0.152,4.65,0.152,4.65,0.027636363636363636,40.370000000000005
2025-11-22T20:15:00Z,121697,12.91,2025-11-22T20:09:45Z,4.678,0.152,4.675,0.152,4.675,0.027636363636363636,40.415
2025-11-22T20:30:00Z,121698,12.9,2025-11-22T20:15:50Z,4.902,0.152,4.678,0.152,4.678,0.027636363636363636,40.4204
2025-11-22T20:45:00Z,121699,12.89,2025-11-22T20:34:10Z,5.073,0.152,4.687,0.152,4.687,0.027636363636363636,40.4366
2025-11-22T21:00:00Z,121700,12.89,2025-11-22T20:53:40Z,5.256,0.152,4.723,0.152,4.723,0.027636363636363636,40.501400000000004
2025-11-22T21:15:00Z,121701,12.87,2025-11-22T21:00:10Z,5.417,0.152,4.719,0.152,4.719,0.027636363636363636,40.4942
2025-11-22T21:30:00Z,121702,12.88,2025-11-22T21:27:40Z,5.552,0.152,4.706,0.152,4.706,0.027636363636363636,40.4708
2025-11-22T21:45:00Z,121703,12.87,2025-11-22T21:36:50Z,5.626,0.152,4.648,0.152,4.648,0.027636363636363636,40.3664
2025-11-22T22:00:00Z,121704,12.86,2025-11-22T21:55:10Z,5.575,0.151,4.619,0.151,4.619,0.027454545454545454,40.3142
2025-11-22T22:15:00Z,121705,12.74,2025-11-22T22:09:35Z,5.527,0.151,4.627,0.151,4.627,0.027454545454545454,40.3286
2025-11-22T22:30:00Z,121706,12.85,2025-11-22T22:22:40Z,5.528,0.152,4.649,0.152,4.649,0.027636363636363636,40.3682
2025-11-22T22:45:00Z,121707,12.85,2025-11-22T22:35:25Z,5.528,0.152,4.686,0.152,4.686,0.027636363636363636,40.434799999999996
2025-11-22T23:00:00Z,121708,12.85,2025-11-22T22:59:25Z,5.441,0.152,4.656,0.152,4.656,0.027636363636363636,40.3808
2025-11-22T23:15:00Z,121709,12.83,2025-11-22T23:14:20Z,5.243,0.151,4.51,0.151,4.51,0.027454545454545454,40.117999999999995
2025-11-22T23:30:00Z,121710,12.84,2025-11-22T23:18:00Z,4.88,0.151,4.328,0.151,4.328,0.027454545454545454,39.7904
2025-11-22T23:45:00Z,121711,12.82,2025-11-22T23:42:05Z,4.432,0.151,4.163,0.151,4.163,0.027454545454545454,39.4934
2025-11-23T00:15:00Z,121713,12.82,2025-11-23T00:00:45Z,3.677,0.15,3.973,0.15,3.973,0.02727272727272727,39.1514
2025-11-23T00:30:00Z,121714,12.81,2025-11-23T00:22:05Z,3.405,0.15,3.901,0.15,3.901,0.02727272727272727,39.0218
2025-11-23T00:45:00Z,121715,12.84,2025-11-23T00:30:05Z,3.13,0.15,3.84,0.15,3.84,0.02727272727272727,38.912
2025-11-23T01:00:00Z,121716,12.79,2025-11-23T00:57:15Z,2.924,0.149,3.788,0.149,3.788,0.02709090909090909,38.8184
2025-11-23T01:15:00Z,121717,12.79,2025-11-23T01:03:15Z,2.938,0.15,3.797,0.15,3.797,0.02727272727272727,38.8346
2025-11-23T01:30:00Z,121718,12.82,2025-11-23T01:18:05Z,3.092,0.15,3.854,0.15,3.854,0.02727272727272727,38.9372
2025-11-23T01:45:00Z,121719,12.8,2025-11-23T01:42:05Z,3.37,0.15,3.935,0.15,3.935,0.02727272727272727,39.083
2025-11-23T02:00:00Z,121720,12.81,2025-11-23T01:50:05Z,3.676,0.15,4.053,0.15,4.053,0.02727272727272727,39.2954
2025-11-23T02:15:00Z,121721,12.75,2025-11-23T02:04:55Z,4.174,0.151,4.295,0.151,4.295,0.027454545454545454,39.731
2025-11-23T02:30:00Z,121722,12.78,2025-11-23T02:29:50Z,4.588,0.151,4.415,0.151,4.415,0.027454545454545454,39.947
2025-11-23T02:45:00Z,121723,12.8,2025-11-23T02:30:05Z,4.634,0.151,4.353,0.151,4.353,0.027454545454545454,39.8354
2025-11-23T03:00:00Z,121724,12.63,2025-11-23T02:57:20Z,4.517,0.15,4.282,0.15,4.282,0.02727272727272727,39.7076
2025-11-23T03:15:00Z,121725,12.77,2025-11-23T03:02:10Z,4.35,0.15,4.215,0.15,4.215,0.02727272727272727,39.587
2025-11-23T03:30:00Z,121726,12.76,2025-11-23T03:29:40Z,4.201,0.15,4.182,0.15,4.182,0.02727272727272727,39.5276
2025-11-23T03:45:00Z,121727,12.79,2025-11-23T03:39:40Z,4.137,0.15,4.206,0.15,4.206,0.02727272727272727,39.5708
2025-11-23T04:00:00Z,121728,12.79,2025-11-23T03:46:35Z,4.023,0.15,4.155,0.15,4.155,0.02727272727272727,39.479
2025-11-23T04:15:00Z,121729,12.78,2025-11-23T04:08:55Z,3.843,0.15,4.085,0.15,4.085,0.02727272727272727,39.353
2025-11-23T04:30:00Z,121730,12.78,2025-11-23T04:24:00Z,3.684,0.149,4.033,0.149,4.033,0.02709090909090909,39.2594
2025-11-23T04:45:00Z,121731,12.75,2025-11-23T04:44:20Z,3.478,0.149,3.956,0.149,3.956,0.02709090909090909,39.1208
2025-11-23T05:00:00Z,121732,12.74,2025-11-23T04:52:40Z,3.226,0.149,3.866,0.149,3.866,0.02709090909090909,38.958800000000004
2025-11-23T05:15:00Z,121733,12.74,2025-11-23T05:13:40Z,3,0.148,3.772,0.148,3.772,0.02690909090909091,38.7896
2025-11-23T05:30:00Z,121734,12.74,2025-11-23T05:16:20Z,2.762,0.148,3.655,0.148,3.655,0.02690909090909091,38.579
2025-11-23T05:45:00Z,121735,12.75,2025-11-23T05:36:25Z,2.527,0.148,3.543,0.148,3.543,0.02690909090909091,38.3774
2025-11-23T06:00:00Z,121736,12.73,2025-11-23T05:57:15Z,2.349,0.148,3.495,0.148,3.495,0.02690909090909091,38.291
2025-11-23T06:15:00Z,121737,12.73,2025-11-23T06:09:40Z,2.241,0.147,3.487,0.147,3.487,0.026727272727272725,38.2766
2025-11-23T06:30:00Z,121738,12.73,2025-11-23T06:20:20Z,2.232,0.147,3.482,0.147,3.482,0.026727272727272725,38.2676
2025-11-23T06:45:00Z,121739,12.7,2025-11-23T06:34:25Z,2.279,0.148,3.509,0.148,3.509,0.02690909090909091,38.3162
2025-11-23T07:00:00Z,121740,12.7,2025-11-23T06:57:40Z,2.36,0.148,3.534,0.148,3.534,0.02690909090909091,38.3612
2025-11-23T07:15:00Z,121741,12.7,2025-11-23T07:00:20Z,2.41,0.147,3.51,0.147,3.51,0.026727272727272725,38.318
2025-11-23T07:30:00Z,121742,12.7,2025-11-23T07:22:30Z,2.429,0.147,3.49,0.147,3.49,0.026727272727272725,38.282000000000004
2025-11-23T07:45:00Z,121743,12.71,2025-11-23T07:37:40Z,2.461,0.147,3.516,0.147,3.516,0.026727272727272725,38.3288
2025-11-23T08:00:00Z,121744,12.72,2025-11-23T07:53:40Z,2.554,0.147,3.558,0.147,3.558,0.026727272727272725,38.4044
2025-11-23T08:15:00Z,121745,12.73,2025-11-23T08:09:40Z,2.64,0.147,3.581,0.147,3.581,0.026727272727272725,38.4458
2025-11-23T08:30:00Z,121746,12.72,2025-11-23T08:23:35Z,2.675,0.147,3.569,0.147,3.569,0.026727272727272725,38.4242
2025-11-23T08:45:00Z,121747,12.73,2025-11-23T08:31:40Z,2.827,0.147,3.65,0.147,3.65,0.026727272727272725,38.57
2025-11-23T09:00:00Z,121748,12.75,2025-11-23T08:57:15Z,3.335,0.147,3.809,0.147,3.809,0.026727272727272725,38.8562
2025-11-23T09:15:00Z,121749,12.74,2025-11-23T09:11:15Z,3.754,0.147,3.968,0.147,3.968,0.026727272727272725,39.1424
2025-11-23T09:30:00Z,121750,12.79,2025-11-23T09:19:00Z,4.079,0.147,4.121,0.147,4.121,0.026727272727272725,39.4178
2025-11-23T09:45:00Z,121751,12.79,2025-11-23T09:31:25Z,4.505,0.148,4.271,0.148,4.271,0.02690909090909091,39.6878
2025-11-23T10:00:00Z,121752,12.82,2025-11-23T09:57:10Z,5.159,0.149,4.437,0.149,4.437,0.02709090909090909,39.9866
2025-11-23T10:15:00Z,121753,12.83,2025-11-23T10:02:10Z,5.916,0.148,4.584,0.148,4.584,0.02690909090909091,40.2512
2025-11-23T10:30:00Z,121754,12.89,2025-11-23T10:15:40Z,6.944,0.148,4.737,0.148,4.737,0.02690909090909091,40.5266
2025-11-23T10:45:00Z,121755,12.89,2025-11-23T10:33:55Z,7.744,0.149,4.885,0.149,4.885,0.02709090909090909,40.793
2025-11-23T11:00:00Z,121756,12.92,2025-11-23T10:53:00Z,8.14,0.149,4.979,0.149,4.979,0.02709090909090909,40.962199999999996
2025-11-23T11:15:00Z,121757,12.86,2025-11-23T11:08:35Z,8.24,0.149,5.048,0.149,5.048,0.02709090909090909,41.0864
2025-11-23T11:30:00Z,121758,13.02,2025-11-23T11:21:25Z,8.46,0.149,5.122,0.149,5.122,0.02709090909090909,41.2196
2025-11-23T11:45:00Z,121759,13.1,2025-11-23T11:30:10Z,9.01,0.149,5.261,0.149,5.261,0.02709090909090909,41.4698
2025-11-23T12:00:00Z,121760,13.36,2025-11-23T11:45:35Z,9.38,0.149,5.456,0.149,5.456,0.02709090909090909,41.820800000000006
2025-11-23T12:15:00Z,121761,13.43,2025-11-23T12:09:35Z,9.85,0.149,5.556,0.149,5.556,0.02709090909090909,42.0008
2025-11-23T12:30:00Z,121762,13.52,2025-11-23T12:15:35Z,10.27,0.148,5.555,0.148,5.555,0.02690909090909091,41.998999999999995
2025-11-23T12:45:00Z,121763,13.7,2025-11-23T12:30:15Z,11.06,0.149,5.719,0.149,5.719,0.02709090909090909,42.294200000000004
2025-11-23T13:00:00Z,121764,13.55,2025-11-23T12:57:10Z,11.21,0.149,5.984,0.149,5.984,0.02709090909090909,42.7712
2025-11-23T13:15:00Z,121765,13.59,2025-11-23T13:15:00Z,11.02,0.148,5.948,0.148,5.948,0.02690909090909091,42.7064
2025-11-23T13:30:00Z,121766,13.54,2025-11-23T13:15:25Z,11.11,0.149,5.93,0.149,5.93,0.02709090909090909,42.674
2025-11-23T13:45:00Z,121767,14.01,2025-11-23T13:30:05Z,11.63,0.148,5.842,0.148,5.842,0.02690909090909091,42.5156
2025-11-23T14:00:00Z,121768,14.29,2025-11-23T13:52:35Z,12.27,0.148,5.809,0.148,5.809,0.02690909090909091,42.456199999999995
2025-11-23T14:15:00Z,121769,14.3,2025-11-23T14:13:15Z,13.3,0.148,5.789,0.148,5.789,0.02690909090909091,42.4202
2025-11-23T14:30:00Z,121770,14.23,2025-11-23T14:26:35Z,14.2,0.148,5.747,0.148,5.747,0.02690909090909091,42.3446
2025-11-23T14:45:00Z,121771,13.83,2025-11-23T14:41:10Z,14.01,0.148,5.683,0.148,5.683,0.02690909090909091,42.2294
2025-11-23T15:00:00Z,121772,13.6,2025-11-23T14:58:35Z,13.14,0.148,5.622,0.148,5.622,0.02690909090909091,42.1196
2025-11-23T15:15:00Z,121773,13.5,2025-11-23T15:14:35Z,12.44,0.147,5.587,0.147,5.587,0.026727272727272725,42.0566
2025-11-23T15:30:00Z,121774,13.51,2025-11-23T15:15:15Z,11.92,0.147,5.58,0.147,5.58,0.026727272727272725,42.044
2025-11-23T15:45:00Z,121775,13.46,2025-11-23T15:41:15Z,11.41,0.146,5.568,0.146,5.568,0.026545454545454542,42.0224
2025-11-23T16:00:00Z,121776,13.5,2025-11-23T15:49:15Z,10.92,0.146,5.588,0.146,5.588,0.026545454545454542,42.0584
2025-11-23T16:15:00Z,121777,13.43,2025-11-23T16:14:55Z,10.58,0.146,5.557,0.146,5.557,0.026545454545454542,42.0026
2025-11-23T16:30:00Z,121778,13.31,2025-11-23T16:29:50Z,10.27,0.146,5.462,0.146,5.462,0.026545454545454542,41.8316
2025-11-23T16:45:00Z,121779,13.22,2025-11-23T16:44:50Z,9.78,0.145,5.361,0.145,5.361,0.026363636363636363,41.6498
2025-11-23T17:00:00Z,121780,13.15,2025-11-23T16:59:00Z,9.18,0.145,5.24,0.145,5.24,0.026363636363636363,41.432
2025-11-23T17:15:00Z,121781,13.08,2025-11-23T17:09:15Z,8.62,0.145,5.091,0.145,5.091,0.026363636363636363,41.1638
2025-11-23T17:30:00Z,121782,13.05,2025-11-23T17:29:55Z,8.07,0.144,4.934,0.144,4.934,0.02618181818181818,40.8812
2025-11-23T17:45:00Z,121783,13.03,2025-11-23T17:44:50Z,7.436,0.144,4.74,0.144,4.74,0.02618181818181818,40.532
2025-11-23T18:00:00Z,121784,13,2025-11-23T17:46:35Z,6.784,0.143,4.556,0.143,4.556,0.025999999999999995,40.2008
2025-11-23T18:15:00Z,121785,12.98,2025-11-23T18:02:10Z,6.249,0.143,4.444,0.143,4.444,0.025999999999999995,39.9992
2025-11-23T18:30:00Z,121786,12.88,2025-11-23T18:30:00Z,5.767,0.143,4.318,0.143,4.318,0.025999999999999995,39.7724
2025-11-23T18:45:00Z,121787,12.97,2025-11-23T18:43:35Z,5.233,0.143,4.17,0.143,4.17,0.025999999999999995,39.506
2025-11-23T19:00:00Z,121788,12.92,2025-11-23T18:57:40Z,4.551,0.142,4.017,0.142,4.017,0.025818181818181817,39.2306
2025-11-23T19:15:00Z,121789,12.95,2025-11-23T19:02:10Z,3.769,0.142,3.846,0.142,3.846,0.025818181818181817,38.9228
2025-11-23T19:30:00Z,121790,12.95,2025-11-23T19:25:30Z,3.064,0.141,3.693,0.141,3.693,0.025636363636363634,38.6474
2025-11-23T19:45:00Z,121791,12.93,2025-11-23T19:39:25Z,2.724,0.141,3.597,0.141,3.597,0.025636363636363634,38.4746
2025-11-23T20:00:00Z,121792,12.91,2025-11-23T19:57:10Z,2.562,0.14,3.522,0.14,3.522,0.02545454545454546,38.3396
2025-11-23T20:15:00Z,121793,12.75,2025-11-23T20:02:15Z,2.422,0.14,3.443,0.14,3.443,0.02545454545454546,38.1974
2025-11-23T20:30:00Z,121794,12.88,2025-11-23T20:29:40Z,2.229,0.14,3.384,0.14,3.384,0.02545454545454546,38.0912
2025-11-23T20:45:00Z,121795,12.9,2025-11-23T20:34:15Z,2.032,0.14,3.315,0.14,3.315,0.02545454545454546,37.967
2025-11-23T21:00:00Z,121796,12.9,2025-11-23T20:52:10Z,1.59,0.14,3.199,0.14,3.199,0.02545454545454546,37.7582
2025-11-23T21:15:00Z,121797,12.88,2025-11-23T21:07:30Z,1.072,0.139,3.069,0.139,3.069,0.025272727272727273,37.5242
2025-11-23T21:30:00Z,121798,12.88,2025-11-23T21:20:50Z,0.558,0.139,2.942,0.139,2.942,0.025272727272727273,37.2956
2025-11-23T21:45:00Z,121799,12.86,2025-11-23T21:39:30Z,0.081,0.139,2.824,0.139,2.824,0.025272727272727273,37.0832
2025-11-23T22:00:00Z,121800,12.85,2025-11-23T21:57:15Z,-0.302,0.138,2.722,0.138,2.722,0.025090909090909094,36.8996
2025-11-23T22:15:00Z,121801,12.86,2025-11-23T22:03:30Z,-0.537,0.138,2.638,0.138,2.638,0.025090909090909094,36.7484
2025-11-23T22:30:00Z,121802,12.85,2025-11-23T22:16:50Z,-0.758,0.138,2.57,0.138,2.57,0.025090909090909094,36.626
2025-11-23T22:45:00Z,121803,12.82,2025-11-23T22:43:30Z,-1.078,0.138,2.479,0.138,2.479,0.025090909090909094,36.4622
2025-11-23T23:00:00Z,121804,12.83,2025-11-23T22:46:10Z,-1.444,0.137,2.375,0.137,2.375,0.024909090909090912,36.275
2025-11-23T23:15:00Z,121805,12.83,2025-11-23T23:10:10Z,-1.789,0.137,2.244,0.137,2.244,0.024909090909090912,36.0392
2025-11-23T23:30:00Z,121806,12.84,2025-11-23T23:18:10Z,-2.101,0.137,2.129,0.137,2.129,0.024909090909090912,35.8322
2025-11-23T23:45:00Z,121807,12.84,2025-11-23T23:31:40Z,-2.382,0.136,2.064,0.136,2.064,0.024727272727272733,35.7152
2025-11-24T00:15:00Z,121809,12.78,2025-11-24T00:02:10Z,-2.826,0.135,1.905,0.135,1.905,0.024545454545454547,35.429
2025-11-24T00:30:00Z,121810,12.79,2025-11-24T00:29:40Z,-3.014,0.135,1.839,0.135,1.839,0.024545454545454547,35.3102
2025-11-24T00:45:00Z,121811,12.82,2025-11-24T00:35:45Z,-3.154,0.135,1.782,0.135,1.782,0.024545454545454547,35.2076
2025-11-24T01:00:00Z,121812,12.8,2025-11-24T00:54:30Z,-3.297,0.136,1.851,0.136,1.851,0.024727272727272733,35.3318
2025-11-24T01:15:00Z,121813,12.8,2025-11-24T01:03:35Z,-3.451,0.136,1.941,0.136,1.941,0.024727272727272733,35.4938
2025-11-24T01:30:00Z,121814,12.8,2025-11-24T01:25:00Z,-3.611,0.136,1.938,0.136,1.938,0.024727272727272733,35.4884
2025-11-24T01:45:00Z,121815,12.79,2025-11-24T01:41:40Z,-3.736,0.135,1.909,0.135,1.909,0.024545454545454547,35.4362
2025-11-24T02:00:00Z,121816,12.76,2025-11-24T01:57:10Z,-3.849,0.135,1.878,0.135,1.878,0.024545454545454547,35.3804
2025-11-24T02:15:00Z,121817,12.72,2025-11-24T02:03:10Z,-3.954,0.135,1.835,0.135,1.835,0.024545454545454547,35.303
2025-11-24T02:30:00Z,121818,12.78,2025-11-24T02:29:40Z,-4.046,0.134,1.792,0.134,1.792,0.024363636363636365,35.2256
2025-11-24T02:45:00Z,121819,12.78,2025-11-24T02:39:05Z,-4.12,0.134,1.754,0.134,1.754,0.024363636363636365,35.1572
2025-11-24T03:00:00Z,121820,12.73,2025-11-24T02:57:20Z,-4.177,0.134,1.726,0.134,1.726,0.024363636363636365,35.1068
2025-11-24T03:15:00Z,121821,12.77,2025-11-24T03:08:45Z,-4.253,0.133,1.708,0.133,1.708,0.024181818181818186,35.0744
2025-11-24T03:30:00Z,121822,12.75,2025-11-24T03:24:25Z,-4.308,0.133,1.72,0.133,1.72,0.024181818181818186,35.096000000000004
2025-11-24T03:45:00Z,121823,12.75,2025-11-24T03:35:05Z,-4.391,0.134,1.741,0.134,1.741,0.024363636363636365,35.1338
2025-11-24T04:00:00Z,121824,12.74,2025-11-24T03:56:25Z,-4.472,0.134,1.746,0.134,1.746,0.024363636363636365,35.1428
2025-11-24T04:15:00Z,121825,12.71,2025-11-24T04:12:25Z,-4.525,0.134,1.742,0.134,1.742,0.024363636363636365,35.1356
2025-11-24T04:30:00Z,121826,12.72,2025-11-24T04:29:45Z,-4.535,0.134,1.739,0.134,1.739,0.024363636363636365,35.1302
2025-11-24T04:45:00Z,121827,12.71,2025-11-24T04:36:25Z,-4.593,0.133,1.733,0.133,1.733,0.024181818181818186,35.1194
2025-11-24T05:00:00Z,121828,12.73,2025-11-24T04:47:05Z,-4.656,0.133,1.722,0.133,1.722,0.024181818181818186,35.0996
2025-11-24T05:15:00Z,121829,12.57,2025-11-24T05:10:25Z,-4.697,0.133,1.713,0.133,1.713,0.024181818181818186,35.0834
2025-11-24T05:30:00Z,121830,12.57,2025-11-24T05:21:35Z,-4.674,0.133,1.712,0.133,1.712,0.024181818181818186,35.0816
2025-11-24T05:45:00Z,121831,12.68,2025-11-24T05:37:45Z,-4.611,0.133,1.7,0.133,1.7,0.024181818181818186,35.06
2025-11-24T06:00:00Z,121832,12.68,2025-11-24T05:45:50Z,-4.574,0.132,1.681,0.132,1.681,0.024,35.025800000000004
2025-11-24T06:15:00Z,121833,12.71,2025-11-24T06:02:05Z,-4.612,0.132,1.67,0.132,1.67,0.024,35.006
2025-11-24T06:30:00Z,121834,12.68,2025-11-24T06:24:40Z,-4.636,0.132,1.669,0.132,1.669,0.024,35.0042
2025-11-24T06:45:00Z,121835,12.68,2025-11-24T06:35:30Z,-4.593,0.132,1.676,0.132,1.676,0.024,35.0168
2025-11-24T07:00:00Z,121836,12.7,2025-11-24T06:54:10Z,-4.477,0.132,1.684,0.132,1.684,0.024,35.0312
2025-11-24T07:15:00Z,121837,12.68,2025-11-24T07:02:05Z,-4.329,0.132,1.689,0.132,1.689,0.024,35.0402
2025-11-24T07:30:00Z,121838,12.7,2025-11-24T07:27:05Z,-4.179,0.132,1.689,0.132,1.689,0.024,35.0402
2025-11-24T07:45:00Z,121839,12.68,2025-11-24T07:30:40Z,-3.996,0.132,1.694,0.132,1.694,0.024,35.0492
2025-11-24T08:00:00Z,121840,12.67,2025-11-24T07:57:15Z,-3.825,0.132,1.702,0.132,1.702,0.024,35.0636
2025-11-24T08:15:00Z,121841,12.59,2025-11-24T08:14:40Z,-3.604,0.132,1.719,0.132,1.719,0.024,35.0942
2025-11-24T08:30:00Z,121842,12.7,2025-11-24T08:15:20Z,-3.319,0.132,1.742,0.132,1.742,0.024,35.1356
2025-11-24T08:45:00Z,121843,12.76,2025-11-24T08:32:00Z,-2.943,0.132,1.775,0.132,1.775,0.024,35.195
2025-11-24T09:00:00Z,121844,12.78,2025-11-24T08:48:40Z,-2.302,0.132,1.825,0.132,1.825,0.024,35.285
2025-11-24T09:15:00Z,121845,12.85,2025-11-24T09:03:10Z,-1.492,0.132,1.883,0.132,1.883,0.024,35.3894
2025-11-24T09:30:00Z,121846,12.89,2025-11-24T09:29:15Z,-0.78,0.132,1.897,0.132,1.897,0.024,35.4146
2025-11-24T09:45:00Z,121847,12.97,2025-11-24T09:33:00Z,-0.044,0.131,1.893,0.131,1.893,0.023818181818181818,35.4074
2025-11-24T10:00:00Z,121848,13.1,2025-11-24T09:46:40Z,0.706,0.131,1.841,0.131,1.841,0.023818181818181818,35.3138
2025-11-24T10:15:00Z,121849,13.25,2025-11-24T10:02:20Z,1.55,0.131,1.62,0.131,1.62,0.023818181818181818,34.916
2025-11-24T10:30:00Z,121850,13.28,2025-11-24T10:18:15Z,2.154,0.132,1.836,0.132,1.836,0.024,35.3048
2025-11-24T10:45:00Z,121851,13.35,2025-11-24T10:30:30Z,2.604,0.132,2.127,0.132,2.127,0.024,35.8286
2025-11-24T11:00:00Z,121852,13.42,2025-11-24T10:50:25Z,3.051,0.133,2.372,0.133,2.372,0.024181818181818186,36.2696
2025-11-24T11:15:00Z,121853,13.42,2025-11-24T11:02:20Z,3.671,0.133,2.593,0.133,2.593,0.024181818181818186,36.6674
2025-11-24T11:30:00Z,121854,13.65,2025-11-24T11:26:10Z,4.425,0.133,2.802,0.133,2.802,0.024181818181818186,37.0436
2025-11-24T11:45:00Z,121855,13.7,2025-11-24T11:33:40Z,5.119,0.134,2.98,0.134,2.98,0.024363636363636365,37.364
2025-11-24T12:00:00Z,121856,13.72,2025-11-24T11:45:20Z,5.615,0.134,3.173,0.134,3.173,0.024363636363636365,37.7114
2025-11-24T12:15:00Z,121857,13.83,2025-11-24T12:01:50Z,6.15,0.135,3.465,0.135,3.465,0.024545454545454547,38.237
2025-11-24T12:30:00Z,121858,14.17,2025-11-24T12:30:00Z,6.732,0.135,3.766,0.135,3.766,0.024545454545454547,38.7788
2025-11-24T12:45:00Z,121859,13.99,2025-11-24T12:43:05Z,7.421,0.135,4.027,0.135,4.027,0.024545454545454547,39.2486
2025-11-24T13:00:00Z,121860,13.83,2025-11-24T12:59:10Z,7.852,0.135,4.391,0.135,4.391,0.024545454545454547,39.9038
2025-11-24T13:15:00Z,121861,13.63,2025-11-24T13:11:00Z,8.2,0.136,4.786,0.136,4.786,0.024727272727272733,40.6148
2025-11-24T13:30:00Z,121862,13.54,2025-11-24T13:15:45Z,8.39,0.136,5.005,0.136,5.005,0.024727272727272733,41.009
2025-11-24T13:45:00Z,121863,13.51,2025-11-24T13:44:55Z,8.49,0.137,5.134,0.137,5.134,0.024909090909090912,41.2412
2025-11-24T14:00:00Z,121864,13.47,2025-11-24T13:46:05Z,8.54,0.137,5.241,0.137,5.241,0.024909090909090912,41.4338
2025-11-24T14:15:00Z,121865,13.45,2025-11-24T14:06:25Z,8.54,0.137,5.292,0.137,5.292,0.024909090909090912,41.5256
2025-11-24T14:30:00Z,121866,13.4,2025-11-24T14:29:35Z,8.53,0.137,5.346,0.137,5.346,0.024909090909090912,41.6228
2025-11-24T14:45:00Z,121867,13.4,2025-11-24T14:31:05Z,8.5,0.137,5.356,0.137,5.356,0.024909090909090912,41.6408
2025-11-24T15:00:00Z,121868,13.37,2025-11-24T14:57:25Z,8.52,0.137,5.357,0.137,5.357,0.024909090909090912,41.6426
2025-11-24T15:15:00Z,121869,13.35,2025-11-24T15:02:10Z,8.52,0.137,5.355,0.137,5.355,0.024909090909090912,41.639
2025-11-24T15:30:00Z,121870,13.34,2025-11-24T15:26:10Z,8.53,0.137,5.382,0.137,5.382,0.024909090909090912,41.6876
2025-11-24T15:45:00Z,121871,13.28,2025-11-24T15:44:55Z,8.55,0.137,5.417,0.137,5.417,0.024909090909090912,41.7506
2025-11-24T16:00:00Z,121872,13.19,2025-11-24T15:57:10Z,8.52,0.137,5.39,0.137,5.39,0.024909090909090912,41.702
2025-11-24T16:15:00Z,121873,13.15,2025-11-24T16:14:15Z,8.39,0.136,5.301,0.136,5.301,0.024727272727272733,41.5418
2025-11-24T16:30:00Z,121874,13.1,2025-11-24T16:22:15Z,8.18,0.136,5.221,0.136,5.221,0.024727272727272733,41.397800000000004
2025-11-24T16:45:00Z,121875,13.06,2025-11-24T16:43:35Z,7.924,0.136,5.163,0.136,5.163,0.024727272727272733,41.2934
2025-11-24T17:00:00Z,121876,13.03,2025-11-24T16:57:25Z,7.629,0.136,5.116,0.136,5.116,0.024727272727272733,41.2088
2025-11-24T17:15:00Z,121877,12.98,2025-11-24T17:11:55Z,7.269,0.136,5.046,0.136,5.046,0.024727272727272733,41.0828
2025-11-24T17:30:00Z,121878,12.94,2025-11-24T17:29:40Z,6.9,0.136,4.975,0.136,4.975,0.024727272727272733,40.955
2025-11-24T17:45:00Z,121879,12.93,2025-11-24T17:42:15Z,6.589,0.135,4.929,0.135,4.929,0.024545454545454547,40.8722
2025-11-24T18:00:00Z,121880,12.93,2025-11-24T17:57:10Z,6.385,0.135,4.915,0.135,4.915,0.024545454545454547,40.847
2025-11-24T18:15:00Z,121881,12.91,2025-11-24T18:11:35Z,6.232,0.135,4.912,0.135,4.912,0.024545454545454547,40.8416
2025-11-24T18:30:00Z,121882,12.89,2025-11-24T18:21:10Z,6.111,0.135,4.89,0.135,4.89,0.024545454545454547,40.802
2025-11-24T18:45:00Z,121883,12.89,2025-11-24T18:40:30Z,6.025,0.135,4.853,0.135,4.853,0.024545454545454547,40.7354
2025-11-24T19:00:00Z,121884,12.91,2025-11-24T18:59:35Z,6.027,0.135,4.836,0.135,4.836,0.024545454545454547,40.7048
2025-11-24T19:15:00Z,121885,12.85,2025-11-24T19:03:50Z,6.113,0.135,4.836,0.135,4.836,0.024545454545454547,40.7048
2025-11-24T19:30:00Z,121886,12.86,2025-11-24T19:22:40Z,6.205,0.135,4.842,0.135,4.842,0.024545454545454547,40.715599999999995
2025-11-24T19:45:00Z,121887,12.75,2025-11-24T19:34:25Z,6.302,0.135,4.85,0.135,4.85,0.024545454545454547,40.730000000000004
2025-11-24T20:00:00Z,121888,12.88,2025-11-24T19:53:05Z,6.363,0.135,4.857,0.135,4.857,0.024545454545454547,40.742599999999996
2025-11-24T20:15:00Z,121889,12.85,2025-11-24T20:13:30Z,6.373,0.135,4.858,0.135,4.858,0.024545454545454547,40.7444
2025-11-24T20:30:00Z,121890,12.84,2025-11-24T20:24:55Z,6.39,0.135,4.871,0.135,4.871,0.024545454545454547,40.7678
2025-11-24T20:45:00Z,121891,12.85,2025-11-24T20:30:15Z,6.416,0.135,4.886,0.135,4.886,0.024545454545454547,40.7948
2025-11-24T21:00:00Z,121892,12.86,2025-11-24T20:57:45Z,6.397,0.135,4.889,0.135,4.889,0.024545454545454547,40.800200000000004
2025-11-24T21:15:00Z,121893,12.84,2025-11-24T21:02:10Z,6.348,0.135,4.892,0.135,4.892,0.024545454545454547,40.8056
2025-11-24T21:30:00Z,121894,12.85,2025-11-24T21:29:55Z,6.275,0.135,4.902,0.135,4.902,0.024545454545454547,40.8236
2025-11-24T21:45:00Z,121895,12.84,2025-11-24T21:39:15Z,6.189,0.136,4.906,0.136,4.906,0.024727272727272733,40.830799999999996
2025-11-24T22:00:00Z,121896,12.8,2025-11-24T21:57:10Z,6.067,0.136,4.895,0.136,4.895,0.024727272727272733,40.811
2025-11-24T22:15:00Z,121897,12.81,2025-11-24T22:02:10Z,5.852,0.135,4.864,0.135,4.864,0.024545454545454547,40.7552
2025-11-24T22:30:00Z,121898,12.79,2025-11-24T22:19:25Z,5.658,0.135,4.862,0.135,4.862,0.024545454545454547,40.751599999999996
2025-11-24T22:45:00Z,121899,12.82,2025-11-24T22:41:00Z,5.543,0.135,4.884,0.135,4.884,0.024545454545454547,40.7912
2025-11-24T23:00:00Z,121900,12.77,2025-11-24T22:57:10Z,5.506,0.135,4.924,0.135,4.924,0.024545454545454547,40.8632
2025-11-24T23:15:00Z,121901,12.81,2025-11-24T23:12:50Z,5.506,0.136,4.97,0.136,4.97,0.024727272727272733,40.946
2025-11-24T23:30:00Z,121902,12.78,2025-11-24T23:21:50Z,5.492,0.136,4.995,0.136,4.995,0.024727272727272733,40.991
2025-11-24T23:45:00Z,121903,12.79,2025-11-24T23:43:10Z,5.42,0.136,4.993,0.136,4.993,0.024727272727272733,40.9874
2025-11-25T00:15:00Z,121905,12.74,2025-11-25T00:09:20Z,5.19,0.136,4.99,0.136,4.99,0.024727272727272733,40.982
2025-11-25T00:30:00Z,121906,12.75,2025-11-25T00:29:40Z,5.15,0.136,5.009,0.136,5.009,0.024727272727272733,41.0162
2025-11-25T00:45:00Z,121907,12.52,2025-11-25T00:37:15Z,5.168,0.136,5.039,0.136,5.039,0.024727272727272733,41.0702
2025-11-25T01:00:00Z,121908,12.74,2025-11-25T00:57:10Z,5.204,0.136,5.063,0.136,5.063,0.024727272727272733,41.1134
2025-11-25T01:15:00Z,121909,12.71,2025-11-25T01:13:25Z,5.254,0.136,5.084,0.136,5.084,0.024727272727272733,41.1512
2025-11-25T01:30:00Z,121910,12.71,2025-11-25T01:29:45Z,5.321,0.136,5.108,0.136,5.108,0.024727272727272733,41.1944
2025-11-25T01:45:00Z,121911,12.75,2025-11-25T01:33:40Z,5.386,0.136,5.126,0.136,5.126,0.024727272727272733,41.2268
2025-11-25T02:00:00Z,121912,12.71,2025-11-25T01:59:10Z,5.437,0.136,5.137,0.136,5.137,0.024727272727272733,41.2466
2025-11-25T02:15:00Z,121913,12.7,2025-11-25T02:02:05Z,5.477,0.136,5.146,0.136,5.146,0.024727272727272733,41.2628
2025-11-25T02:30:00Z,121914,12.73,2025-11-25T02:24:00Z,5.485,0.136,5.153,0.136,5.153,0.024727272727272733,41.2754
2025-11-25T02:45:00Z,121915,12.69,2025-11-25T02:34:40Z,5.468,0.136,5.15,0.136,5.15,0.024727272727272733,41.269999999999996
2025-11-25T03:00:00Z,121916,12.72,2025-11-25T02:52:10Z,5.457,0.136,5.157,0.136,5.157,0.024727272727272733,41.2826
2025-11-25T03:15:00Z,121917,12.71,2025-11-25T03:10:25Z,5.479,0.136,5.177,0.136,5.177,0.024727272727272733,41.318600000000004
2025-11-25T03:30:00Z,121918,12.67,2025-11-25T03:29:40Z,5.54,0.136,5.206,0.136,5.206,0.024727272727272733,41.3708
2025-11-25T03:45:00Z,121919,12.71,2025-11-25T03:43:15Z,5.619,0.136,5.237,0.136,5.237,0.024727272727272733,41.4266
2025-11-25T04:00:00Z,121920,12.7,2025-11-25T03:53:00Z,5.699,0.136,5.27,0.136,5.27,0.024727272727272733,41.486
2025-11-25T04:15:00Z,121921,12.7,2025-11-25T04:02:10Z,5.811,0.136,5.303,0.136,5.303,0.024727272727272733,41.5454
2025-11-25T04:30:00Z,121922,12.67,2025-11-25T04:29:40Z,5.923,0.137,5.329,0.137,5.329,0.024909090909090912,41.5922
2025-11-25T04:45:00Z,121923,12.7,2025-11-25T04:42:30Z,6.006,0.137,5.334,0.137,5.334,0.024909090909090912,41.6012
2025-11-25T05:00:00Z,121924,12.7,2025-11-25T04:48:30Z,6.112,0.137,5.348,0.137,5.348,0.024909090909090912,41.626400000000004
2025-11-25T05:15:00Z,121925,12.52,2025-11-25T05:02:45Z,6.228,0.137,5.377,0.137,5.377,0.024909090909090912,41.6786
2025-11-25T05:30:00Z,121926,12.69,2025-11-25T05:25:05Z,6.338,0.137,5.409,0.137,5.409,0.024909090909090912,41.7362
2025-11-25T05:45:00Z,121927,12.66,2025-11-25T05:35:55Z,6.389,0.137,5.442,0.137,5.442,0.024909090909090912,41.7956
2025-11-25T06:00:00Z,121928,12.65,2025-11-25T05:57:10Z,6.453,0.137,5.461,0.137,5.461,0.024909090909090912,41.8298
2025-11-25T06:15:00Z,121929,12.64,2025-11-25T06:03:20Z,6.462,0.137,5.482,0.137,5.482,0.024909090909090912,41.867599999999996
2025-11-25T06:30:00Z,121930,12.66,2025-11-25T06:18:45Z,6.328,0.139,5.506,0.139,5.506,0.025272727272727273,41.9108
2025-11-25T06:45:00Z,121931,12.66,2025-11-25T06:34:45Z,6.183,0.142,5.525,0.142,5.525,0.025818181818181817,41.945
2025-11-25T07:00:00Z,121932,12.66,2025-11-25T06:45:25Z,6.048,0.144,5.538,0.144,5.538,0.02618181818181818,41.9684
2025-11-25T07:15:00Z,121933,12.65,2025-11-25T07:06:45Z,5.967,0.146,5.564,0.146,5.564,0.026545454545454542,42.0152
2025-11-25T07:30:00Z,121934,12.67,2025-11-25T07:22:45Z,5.938,0.151,5.581,0.151,5.581,0.027454545454545454,42.0458
2025-11-25T07:45:00Z,121935,12.65,2025-11-25T07:38:45Z,5.909,0.156,5.594,0.156,5.594,0.028363636363636365,42.0692
2025-11-25T08:00:00Z,121936,12.65,2025-11-25T07:57:10Z,5.894,0.166,5.846,0.166,5.846,0.030181818181818185,42.522800000000004
2025-11-25T08:15:00Z,121937,12.64,2025-11-25T08:02:20Z,5.867,0.18,6.104,0.18,6.104,0.03272727272727272,42.9872
2025-11-25T08:30:00Z,121938,12.65,2025-11-25T08:17:50Z,5.844,0.197,5.964,0.197,5.964,0.03581818181818182,42.7352
2025-11-25T08:45:00Z,121939,12.46,2025-11-25T08:37:00Z,5.796,0.211,5.837,0.211,5.837,0.038363636363636364,42.5066
2025-11-25T09:00:00Z,121940,12.65,2025-11-25T08:50:45Z,5.817,0.226,5.779,0.226,5.779,0.04,42.4022
2025-11-25T09:15:00Z,121941,12.66,2025-11-25T09:06:45Z,5.948,0.231,5.791,0.231,5.791,0.041,42.4238
2025-11-25T09:30:00Z,121942,12.68,2025-11-25T09:29:50Z,6.11,0.23,5.844,0.23,5.844,0.04,42.5192
2025-11-25T09:45:00Z,121943,12.67,2025-11-25T09:44:05Z,6.258,0.233,5.905,0.233,5.905,0.04300000000000001,42.629000000000005
2025-11-25T10:00:00Z,121944,12.67,2025-11-25T09:45:50Z,6.38,0.238,5.963,0.238,5.963,0.048,42.7334
2025-11-25T10:15:00Z,121945,12.65,2025-11-25T10:02:05Z,6.496,0.241,6.016,0.241,6.016,0.05,42.8288
2025-11-25T10:30:00Z,121946,12.69,2025-11-25T10:26:45Z,6.617,0.24,6.072,0.24,6.072,0.05,42.9296
2025-11-25T10:45:00Z,121947,12.73,2025-11-25T10:32:05Z,6.781,0.242,6.157,0.242,6.157,0.05,43.0826
2025-11-25T11:00:00Z,121948,12.78,2025-11-25T10:45:25Z,7.005,0.244,6.276,0.244,6.276,0.05,43.2968
2025-11-25T11:15:00Z,121949,12.81,2025-11-25T11:01:25Z,7.304,0.245,6.423,0.245,6.423,0.05,43.5614
2025-11-25T11:30:00Z,121950,12.91,2025-11-25T11:25:25Z,7.65,0.245,6.594,0.245,6.594,0.05,43.8692
2025-11-25T11:45:00Z,121951,12.92,2025-11-25T11:31:45Z,7.934,0.246,6.733,0.246,6.733,0.05,44.1194
2025-11-25T12:00:00Z,121952,12.94,2025-11-25T11:45:50Z,8.2,0.246,6.863,0.246,6.863,0.05,44.3534
2025-11-25T12:15:00Z,121953,12.98,2025-11-25T12:02:10Z,8.47,0.246,6.99,0.246,6.99,0.05,44.582
2025-11-25T12:30:00Z,121954,12.98,2025-11-25T12:29:40Z,8.78,0.246,7.137,0.246,7.137,0.05,44.846599999999995
2025-11-25T12:45:00Z,121955,13.06,2025-11-25T12:32:55Z,9.1,0.247,7.317,0.247,7.317,0.05,45.1706
2025-11-25T13:00:00Z,121956,13.1,2025-11-25T12:56:35Z,9.35,0.245,7.469,0.245,7.469,0.05,45.4442
2025-11-25T13:15:00Z,121957,13.09,2025-11-25T13:02:20Z,9.56,0.246,7.586,0.246,7.586,0.05,45.6548
2025-11-25T13:30:00Z,121958,13.06,2025-11-25T13:19:50Z,9.79,0.244,7.692,0.244,7.692,0.05,45.845600000000005
2025-11-25T13:45:00Z,121959,12.98,2025-11-25T13:33:45Z,10.03,0.244,7.803,0.244,7.803,0.05,46.0454
2025-11-25T14:00:00Z,121960,13.12,2025-11-25T13:45:50Z,10.2,0.244,7.897,0.244,7.897,0.05,46.214600000000004
2025-11-25T14:15:00Z,121961,13.11,2025-11-25T14:14:40Z,10.4,0.245,8.02,0.245,8.02,0.05,46.436
2025-11-25T14:30:00Z,121962,13.03,2025-11-25T14:28:50Z,10.52,0.245,8.09,0.245,8.09,0.05,46.562
2025-11-25T14:45:00Z,121963,12.98,2025-11-25T14:44:10Z,10.56,0.245,8.11,0.245,8.11,0.05,46.598
2025-11-25T15:00:00Z,121964,12.97,2025-11-25T14:52:05Z,10.56,0.246,8.11,0.246,8.11,0.05,46.598
2025-11-25T15:15:00Z,121965,12.85,2025-11-25T15:04:35Z,10.55,0.246,8.11,0.246,8.11,0.05,46.598
2025-11-25T15:30:00Z,121966,12.88,2025-11-25T15:29:45Z,10.53,0.247,8.12,0.247,8.12,0.05,46.616
2025-11-25T15:45:00Z,121967,12.87,2025-11-25T15:31:15Z,10.48,0.247,8.13,0.247,8.13,0.05,46.634
2025-11-25T16:00:00Z,121968,12.82,2025-11-25T15:53:20Z,10.43,0.247,8.1,0.247,8.1,0.05,46.58
2025-11-25T16:15:00Z,121969,12.79,2025-11-25T16:03:15Z,10.39,0.247,8.09,0.247,8.09,0.05,46.562
2025-11-25T16:30:00Z,121970,12.77,2025-11-25T16:29:40Z,10.33,0.248,8.08,0.248,8.08,0.05,46.544
2025-11-25T16:45:00Z,121971,12.73,2025-11-25T16:44:55Z,10.26,0.248,8.07,0.248,8.07,0.05,46.525999999999996
2025-11-25T17:00:00Z,121972,12.72,2025-11-25T16:57:00Z,10.18,0.249,8.06,0.249,8.06,0.05,46.508
2025-11-25T17:15:00Z,121973,12.68,2025-11-25T17:10:15Z,10.11,0.249,8.05,0.249,8.05,0.05,46.49
2025-11-25T17:30:00Z,121974,12.66,2025-11-25T17:28:35Z,10.03,0.249,8.01,0.249,8.01,0.05,46.418
2025-11-25T17:45:00Z,121975,12.67,2025-11-25T17:39:40Z,9.95,0.25,7.973,0.25,7.973,0.05,46.3514
2025-11-25T18:00:00Z,121976,12.66,2025-11-25T17:56:15Z,9.88,0.251,7.936,0.251,7.936,0.05,46.284800000000004
2025-11-25T18:15:00Z,121977,12.65,2025-11-25T18:14:15Z,9.82,0.251,7.908,0.251,7.908,0.05,46.2344
2025-11-25T18:30:00Z,121978,12.65,2025-11-25T18:25:00Z,9.78,0.252,7.872,0.252,7.872,0.05,46.1696
2025-11-25T18:45:00Z,121979,12.65,2025-11-25T18:38:30Z,9.74,0.252,7.87,0.252,7.87,0.05,46.166
2025-11-25T19:00:00Z,121980,12.65,2025-11-25T18:57:50Z,9.73,0.252,7.835,0.252,7.835,0.05,46.103
2025-11-25T19:15:00Z,121981,12.64,2025-11-25T19:09:50Z,9.71,0.252,7.82,0.252,7.82,0.05,46.076
2025-11-25T19:30:00Z,121982,12.63,2025-11-25T19:29:35Z,9.69,0.253,7.831,0.253,7.831,0.05,46.0958
2025-11-25T19:45:00Z,121983,12.49,2025-11-25T19:35:35Z,9.7,0.253,7.819,0.253,7.819,0.05,46.0742
2025-11-25T20:00:00Z,121984,12.52,2025-11-25T19:48:25Z,9.69,0.253,7.782,0.253,7.782,0.05,46.0076
2025-11-25T20:15:00Z,121985,12.64,2025-11-25T20:02:10Z,9.68,0.253,7.776,0.253,7.776,0.05,45.9968
2025-11-25T20:30:00Z,121986,12.62,2025-11-25T20:18:45Z,9.68,0.253,7.775,0.253,7.775,0.05,45.995000000000005
2025-11-25T20:45:00Z,121987,12.63,2025-11-25T20:36:25Z,9.67,0.254,7.76,0.254,7.76,0.05,45.968
2025-11-25T21:00:00Z,121988,12.63,2025-11-25T20:49:15Z,9.64,0.254,7.764,0.254,7.764,0.05,45.9752
2025-11-25T21:15:00Z,121989,12.56,2025-11-25T21:08:25Z,9.63,0.254,7.796,0.254,7.796,0.05,46.0328
2025-11-25T21:30:00Z,121990,12.62,2025-11-25T21:22:45Z,9.6,0.255,7.842,0.255,7.842,0.05,46.1156
2025-11-25T21:45:00Z,121991,12.46,2025-11-25T21:43:30Z,9.54,0.255,7.851,0.255,7.851,0.05,46.1318
2025-11-25T22:00:00Z,121992,12.6,2025-11-25T21:58:15Z,9.49,0.255,7.859,0.255,7.859,0.05,46.1462
2025-11-25T22:15:00Z,121993,12.59,2025-11-25T22:02:40Z,9.45,0.255,7.858,0.255,7.858,0.05,46.1444
2025-11-25T22:30:00Z,121994,12.6,2025-11-25T22:24:30Z,9.43,0.256,7.864,0.256,7.864,0.05,46.1552
2025-11-25T22:45:00Z,121995,12.53,2025-11-25T22:34:05Z,9.41,0.256,7.869,0.256,7.869,0.05,46.1642
2025-11-25T23:00:00Z,121996,12.62,2025-11-25T22:54:15Z,9.4,0.256,7.873,0.256,7.873,0.05,46.1714
2025-11-25T23:15:00Z,121997,12.6,2025-11-25T23:14:05Z,9.39,0.256,7.869,0.256,7.869,0.05,46.1642
2025-11-25T23:30:00Z,121998,12.61,2025-11-25T23:16:10Z,9.39,0.256,7.872,0.256,7.872,0.05,46.1696
2025-11-25T23:45:00Z,121999,12.5,2025-11-25T23:34:10Z,9.41,0.256,7.877,0.256,7.877,0.05,46.1786
2025-11-26T00:15:00Z,122001,12.6,2025-11-26T00:02:10Z,9.44,0.256,7.901,0.256,7.901,0.05,46.2218
2025-11-26T00:30:00Z,122002,12.61,2025-11-26T00:29:40Z,9.47,0.256,7.909,0.256,7.909,0.05,46.2362
2025-11-26T00:45:00Z,122003,12.59,2025-11-26T00:40:00Z,9.5,0.257,7.926,0.257,7.926,0.05,46.2668
2025-11-26T01:00:00Z,122004,12.57,2025-11-26T00:58:20Z,9.52,0.256,7.913,0.256,7.913,0.05,46.2434
2025-11-26T01:15:00Z,122005,12.61,2025-11-26T01:13:55Z,9.55,0.257,7.915,0.257,7.915,0.05,46.247
2025-11-26T01:30:00Z,122006,12.6,2025-11-26T01:29:35Z,9.55,0.257,7.912,0.257,7.912,0.05,46.2416
2025-11-26T01:45:00Z,122007,12.6,2025-11-26T01:37:55Z,9.58,0.257,7.921,0.257,7.921,0.05,46.2578
2025-11-26T02:00:00Z,122008,12.6,2025-11-26T01:53:50Z,9.59,0.258,7.938,0.258,7.938,0.05,46.288399999999996
2025-11-26T02:15:00Z,122009,12.57,2025-11-26T02:03:40Z,9.59,0.257,7.941,0.257,7.941,0.05,46.2938
2025-11-26T02:30:00Z,122010,12.6,2025-11-26T02:28:35Z,9.55,0.258,7.952,0.258,7.952,0.05,46.3136
2025-11-26T02:45:00Z,122011,12.59,2025-11-26T02:31:15Z,9.54,0.257,7.963,0.257,7.963,0.05,46.3334
2025-11-26T03:00:00Z,122012,12.59,2025-11-26T02:49:55Z,9.54,0.258,7.971,0.258,7.971,0.05,46.3478
2025-11-26T03:15:00Z,122013,12.62,2025-11-26T03:13:55Z,9.53,0.258,7.985,0.258,7.985,0.05,46.373000000000005
2025-11-26T03:30:00Z,122014,12.59,2025-11-26T03:29:30Z,9.52,0.259,7.998,0.259,7.998,0.05,46.3964
2025-11-26T03:45:00Z,122015,12.6,2025-11-26T03:37:00Z,9.5,0.259,8.02,0.259,8.02,0.05,46.436
2025-11-26T04:00:00Z,122016,12.5,2025-11-26T03:47:00Z,9.46,0.265,8.04,0.265,8.04,0.05,46.471999999999994
2025-11-26T04:15:00Z,122017,12.57,2025-11-26T04:05:05Z,9.04,0.267,7.957,0.267,7.957,0.05,46.3226
2025-11-26T04:30:00Z,122018,12.59,2025-11-26T04:20:25Z,8.25,0.268,7.805,0.268,7.805,0.05,46.049
2025-11-26T04:45:00Z,122019,12.59,2025-11-26T04:40:55Z,7.276,0.268,7.601,0.268,7.601,0.05,45.6818
2025-11-26T05:00:00Z,122020,12.58,2025-11-26T04:57:30Z,6.387,0.269,7.434,0.269,7.434,0.05,45.3812
2025-11-26T05:15:00Z,122021,12.59,2025-11-26T05:02:10Z,5.671,0.268,7.27,0.268,7.27,0.05,45.086
2025-11-26T05:30:00Z,122022,12.59,2025-11-26T05:29:50Z,5.105,0.269,7.129,0.269,7.129,0.05,44.8322
2025-11-26T05:45:00Z,122023,12.61,2025-11-26T05:44:05Z,4.476,0.268,6.897,0.268,6.897,0.05,44.4146
2025-11-26T06:00:00Z,122024,12.59,2025-11-26T05:59:10Z,4.045,0.267,6.732,0.267,6.732,0.05,44.117599999999996
2025-11-26T06:15:00Z,122025,12.58,2025-11-26T06:04:55Z,3.799,0.267,6.571,0.267,6.571,0.05,43.827799999999996
2025-11-26T06:30:00Z,122026,12.58,2025-11-26T06:15:15Z,3.699,0.268,6.412,0.268,6.412,0.05,43.5416
2025-11-26T06:45:00Z,122027,12.62,2025-11-26T06:31:15Z,3.678,0.267,6.285,0.267,6.285,0.05,43.313
2025-11-26T07:00:00Z,122028,12.61,2025-11-26T06:48:10Z,3.643,0.268,6.162,0.268,6.162,0.05,43.0916
2025-11-26T07:15:00Z,122029,12.57,2025-11-26T07:11:05Z,3.509,0.268,5.99,0.268,5.99,0.05,42.782
2025-11-26T07:30:00Z,122030,12.57,2025-11-26T07:29:40Z,3.283,0.268,5.814,0.268,5.814,0.05,42.465199999999996
2025-11-26T07:45:00Z,122031,12.59,2025-11-26T07:35:45Z,2.982,0.267,5.645,0.267,5.645,0.05,42.161
2025-11-26T08:00:00Z,122032,12.48,2025-11-26T07:57:15Z,2.709,0.266,5.483,0.266,5.483,0.05,41.8694
2025-11-26T08:15:00Z,122033,12.57,2025-11-26T08:02:05Z,2.519,0.266,5.35,0.266,5.35,0.05,41.629999999999995
2025-11-26T08:30:00Z,122034,12.58,2025-11-26T08:18:50Z,2.385,0.266,5.216,0.266,5.216,0.05,41.3888
2025-11-26T08:45:00Z,122035,12.6,2025-11-26T08:30:20Z,2.26,0.265,5.045,0.265,5.045,0.05,41.081
2025-11-26T09:00:00Z,122036,12.59,2025-11-26T08:56:10Z,2.167,0.266,4.947,0.266,4.947,0.05,40.9046
2025-11-26T09:15:00Z,122037,12.6,2025-11-26T09:04:10Z,2.122,0.267,4.814,0.267,4.814,0.05,40.6652
2025-11-26T09:30:00Z,122038,12.61,2025-11-26T09:27:15Z,2.108,0.267,4.732,0.267,4.732,0.05,40.5176
2025-11-26T09:45:00Z,122039,12.62,2025-11-26T09:36:10Z,2.117,0.266,4.669,0.266,4.669,0.05,40.4042
2025-11-26T10:00:00Z,122040,12.63,2025-11-26T09:57:10Z,2.144,0.266,4.612,0.266,4.612,0.05,40.3016
2025-11-26T10:15:00Z,122041,12.62,2025-11-26T10:02:50Z,2.163,0.266,4.563,0.266,4.563,0.05,40.2134
2025-11-26T10:30:00Z,122042,12.67,2025-11-26T10:30:00Z,2.182,0.266,4.524,0.266,4.524,0.05,40.1432
2025-11-26T10:45:00Z,122043,12.65,2025-11-26T10:42:50Z,2.165,0.266,4.531,0.266,4.531,0.05,40.1558
2025-11-26T11:00:00Z,122044,12.64,2025-11-26T10:45:30Z,2.028,0.266,4.482,0.266,4.482,0.05,40.0676
2025-11-26T11:15:00Z,122045,12.73,2025-11-26T11:02:10Z,1.86,0.266,4.351,0.266,4.351,0.05,39.8318
2025-11-26T11:30:00Z,122046,12.82,2025-11-26T11:20:10Z,1.829,0.266,4.388,0.266,4.388,0.05,39.8984
2025-11-26T11:45:00Z,122047,12.82,2025-11-26T11:38:30Z,1.806,0.266,4.384,0.266,4.384,0.05,39.8912
2025-11-26T12:00:00Z,122048,12.81,2025-11-26T11:49:55Z,1.685,0.266,4.382,0.266,4.382,0.05,39.8876
2025-11-26T12:15:00Z,122049,12.85,2025-11-26T12:02:50Z,1.403,0.265,4.33,0.265,4.33,0.05,39.794
2025-11-26T12:30:00Z,122050,12.84,2025-11-26T12:17:55Z,1.121,0.265,4.246,0.265,4.246,0.05,39.6428
2025-11-26T12:45:00Z,122051,12.83,2025-11-26T12:35:35Z,0.874,0.266,4.136,0.266,4.136,0.05,39.4448
2025-11-26T13:00:00Z,122052,12.83,2025-11-26T12:57:15Z,0.662,0.265,4.087,0.265,4.087,0.05,39.3566
2025-11-26T13:15:00Z,122053,12.82,2025-11-26T13:11:15Z,0.564,0.264,4.046,0.264,4.046,0.05,39.2828
2025-11-26T13:30:00Z,122054,12.78,2025-11-26T13:26:55Z,0.521,0.266,3.963,0.266,3.963,0.05,39.1334
2025-11-26T13:45:00Z,122055,12.73,2025-11-26T13:39:35Z,0.507,0.265,3.89,0.265,3.89,0.05,39.002
2025-11-26T14:00:00Z,122056,12.81,2025-11-26T13:51:15Z,0.549,0.264,3.847,0.264,3.847,0.05,38.9246
2025-11-26T14:15:00Z,122057,12.79,2025-11-26T14:02:10Z,0.616,0.264,3.795,0.264,3.795,0.05,38.831
2025-11-26T14:30:00Z,122058,12.78,2025-11-26T14:25:55Z,0.642,0.264,3.716,0.264,3.716,0.05,38.6888
2025-11-26T14:45:00Z,122059,12.78,2025-11-26T14:38:25Z,0.612,0.264,3.616,0.264,3.616,0.05,38.5088
2025-11-26T15:00:00Z,122060,12.73,2025-11-26T14:57:05Z,0.565,0.264,3.573,0.264,3.573,0.05,38.4314
2025-11-26T15:15:00Z,122061,12.68,2025-11-26T15:14:50Z,0.492,0.263,3.473,0.263,3.473,0.05,38.2514
2025-11-26T15:30:00Z,122062,12.65,2025-11-26T15:21:35Z,0.412,0.263,3.408,0.263,3.408,0.05,38.1344
2025-11-26T15:45:00Z,122063,12.64,2025-11-26T15:37:45Z,0.357,0.262,3.348,0.262,3.348,0.05,38.0264
2025-11-26T16:00:00Z,122064,12.62,2025-11-26T15:55:45Z,0.322,0.262,3.296,0.262,3.296,0.05,37.9328
2025-11-26T16:15:00Z,122065,12.59,2025-11-26T16:02:05Z,0.309,0.262,3.175,0.262,3.175,0.05,37.715
2025-11-26T16:30:00Z,122066,12.55,2025-11-26T16:29:35Z,0.309,0.261,3.128,0.261,3.128,0.05,37.6304
2025-11-26T16:45:00Z,122067,12.56,2025-11-26T16:44:05Z,0.309,0.261,3.062,0.261,3.062,0.05,37.5116
2025-11-26T17:00:00Z,122068,12.52,2025-11-26T16:57:05Z,0.295,0.261,3.041,0.261,3.041,0.05,37.4738
2025-11-26T17:15:00Z,122069,12.55,2025-11-26T17:14:40Z,0.272,0.261,2.963,0.261,2.963,0.05,37.3334
2025-11-26T17:30:00Z,122070,12.53,2025-11-26T17:23:45Z,0.2,0.261,2.876,0.261,2.876,0.05,37.1768
2025-11-26T17:45:00Z,122071,12.54,2025-11-26T17:37:05Z,0.089,0.259,2.845,0.259,2.845,0.05,37.121
2025-11-26T18:00:00Z,122072,12.55,2025-11-26T17:53:05Z,-0.06,0.259,2.791,0.259,2.791,0.05,37.0238
2025-11-26T18:15:00Z,122073,12.53,2025-11-26T18:06:25Z,-0.213,0.259,2.743,0.259,2.743,0.05,36.9374
2025-11-26T18:30:00Z,122074,12.52,2025-11-26T18:29:35Z,-0.346,0.259,2.704,0.259,2.704,0.05,36.8672
2025-11-26T18:45:00Z,122075,12.52,2025-11-26T18:32:10Z,-0.444,0.259,2.63,0.259,2.63,0.05,36.734
2025-11-26T19:00:00Z,122076,12.52,2025-11-26T18:55:10Z,-0.537,0.258,2.555,0.258,2.555,0.05,36.599000000000004
2025-11-26T19:15:00Z,122077,12.54,2025-11-26T19:05:05Z,-0.604,0.258,2.486,0.258,2.486,0.05,36.4748
2025-11-26T19:30:00Z,122078,12.53,2025-11-26T19:23:20Z,-0.593,0.259,2.395,0.259,2.395,0.05,36.311
2025-11-26T19:45:00Z,122079,12.53,2025-11-26T19:30:50Z,-0.553,0.259,2.329,0.259,2.329,0.05,36.1922
2025-11-26T20:00:00Z,122080,12.51,2025-11-26T19:50:20Z,-0.567,0.259,2.291,0.259,2.291,0.05,36.1238
2025-11-26T20:15:00Z,122081,12.49,2025-11-26T20:05:50Z,-0.637,0.259,2.26,0.259,2.26,0.05,36.068
2025-11-26T20:30:00Z,122082,12.53,2025-11-26T20:29:40Z,-0.743,0.258,2.178,0.258,2.178,0.05,35.9204
2025-11-26T20:45:00Z,122083,12.53,2025-11-26T20:39:15Z,-0.843,0.258,2.068,0.258,2.068,0.05,35.7224
2025-11-26T21:00:00Z,122084,12.53,2025-11-26T20:53:45Z,-0.943,0.257,2.028,0.257,2.028,0.05,35.6504
2025-11-26T21:15:00Z,122085,12.53,2025-11-26T21:02:20Z,-1.021,0.257,2.018,0.257,2.018,0.05,35.6324
2025-11-26T21:30:00Z,122086,12.55,2025-11-26T21:16:10Z,-1.053,0.256,1.98,0.256,1.98,0.05,35.564
2025-11-26T21:45:00Z,122087,12.53,2025-11-26T21:35:20Z,-1.042,0.256,1.94,0.256,1.94,0.05,35.492
2025-11-26T22:00:00Z,122088,12.52,2025-11-26T21:56:40Z,-1.013,0.256,1.925,0.256,1.925,0.05,35.465
2025-11-26T22:15:00Z,122089,12.51,2025-11-26T22:02:10Z,-0.971,0.256,1.951,0.256,1.951,0.05,35.5118
2025-11-26T22:30:00Z,122090,12.52,2025-11-26T22:28:40Z,-0.924,0.256,1.946,0.256,1.946,0.05,35.5028
2025-11-26T22:45:00Z,122091,12.52,2025-11-26T22:34:55Z,-0.868,0.256,1.903,0.256,1.903,0.05,35.425399999999996
2025-11-26T23:00:00Z,122092,12.51,2025-11-26T22:49:55Z,-0.839,0.255,1.889,0.255,1.889,0.05,35.4002
2025-11-26T23:15:00Z,122093,12.51,2025-11-26T23:02:05Z,-0.784,0.256,1.878,0.256,1.878,0.05,35.3804
2025-11-26T23:30:00Z,122094,12.51,2025-11-26T23:29:45Z,-0.729,0.255,1.881,0.255,1.881,0.05,35.3858
2025-11-26T23:45:00Z,122095,12.54,2025-11-26T23:43:20Z,-0.711,0.254,1.839,0.254,1.839,0.05,35.3102
2025-11-27T00:15:00Z,122097,12.52,2025-11-27T00:02:15Z,-0.774,0.254,1.818,0.254,1.818,0.05,35.2724
2025-11-27T00:30:00Z,122098,12.51,2025-11-27T00:24:10Z,-0.839,0.254,1.812,0.254,1.812,0.05,35.2616
2025-11-27T00:45:00Z,122099,12.51,2025-11-27T00:34:30Z,-0.946,0.254,1.796,0.254,1.796,0.05,35.2328
2025-11-27T01:00:00Z,122100,12.52,2025-11-27T00:57:20Z,-1.05,0.254,1.723,0.254,1.723,0.05,35.1014
2025-11-27T01:15:00Z,122101,12.52,2025-11-27T01:02:10Z,-1.151,0.254,1.715,0.254,1.715,0.05,35.087
2025-11-27T01:30:00Z,122102,12.53,2025-11-27T01:16:40Z,-1.232,0.254,1.69,0.254,1.69,0.05,35.042
2025-11-27T01:45:00Z,122103,12.53,2025-11-27T01:38:00Z,-1.275,0.255,1.686,0.255,1.686,0.05,35.0348
2025-11-27T02:00:00Z,122104,12.53,2025-11-27T01:59:20Z,-1.308,0.255,1.649,0.255,1.649,0.05,34.9682
2025-11-27T02:15:00Z,122105,12.51,2025-11-27T02:02:10Z,-1.302,0.256,1.609,0.256,1.609,0.05,34.8962
2025-11-27T02:30:00Z,122106,12.51,2025-11-27T02:15:10Z,-1.247,0.255,1.576,0.255,1.576,0.05,34.8368
2025-11-27T02:45:00Z,122107,12.54,2025-11-27T02:43:55Z,-1.16,0.255,1.56,0.255,1.56,0.05,34.808
2025-11-27T03:00:00Z,122108,12.52,2025-11-27T02:57:10Z,-1.088,0.255,1.55,0.255,1.55,0.05,34.79
2025-11-27T03:15:00Z,122109,12.51,2025-11-27T03:02:15Z,-1.014,0.255,1.54,0.255,1.54,0.05,34.772
2025-11-27T03:30:00Z,122110,12.54,2025-11-27T03:15:55Z,-0.961,0.254,1.531,0.254,1.531,0.05,34.7558
2025-11-27T03:45:00Z,122111,12.54,2025-11-27T03:33:15Z,-0.927,0.255,1.528,0.255,1.528,0.05,34.7504
2025-11-27T04:00:00Z,122112,12.5,2025-11-27T03:49:10Z,-0.904,0.254,1.503,0.254,1.503,0.05,34.7054
2025-11-27T04:15:00Z,122113,12.52,2025-11-27T04:02:10Z,-0.921,0.254,1.494,0.254,1.494,0.05,34.6892
2025-11-27T04:30:00Z,122114,12.52,2025-11-27T04:29:40Z,-0.938,0.254,1.504,0.254,1.504,0.05,34.7072
2025-11-27T04:45:00Z,122115,12.53,2025-11-27T04:34:55Z,-0.913,0.254,1.479,0.254,1.479,0.05,34.6622
2025-11-27T05:00:00Z,122116,12.53,2025-11-27T04:45:35Z,-0.871,0.254,1.471,0.254,1.471,0.05,34.647800000000004
2025-11-27T05:15:00Z,122117,12.51,2025-11-27T05:02:10Z,-0.861,0.254,1.469,0.254,1.469,0.05,34.6442
2025-11-27T05:30:00Z,122118,12.51,2025-11-27T05:25:35Z,-0.861,0.254,1.48,0.254,1.48,0.05,34.664
2025-11-27T05:45:00Z,122119,12.51,2025-11-27T05:33:35Z,-0.883,0.253,1.44,0.253,1.44,0.05,34.592
2025-11-27T06:00:00Z,122120,12.54,2025-11-27T05:49:45Z,-0.924,0.253,1.422,0.253,1.422,0.05,34.5596
2025-11-27T06:15:00Z,122121,12.51,2025-11-27T06:02:10Z,-0.96,0.253,1.405,0.253,1.405,0.05,34.528999999999996
2025-11-27T06:30:00Z,122122,12.53,2025-11-27T06:26:10Z,-1.007,0.252,1.4,0.252,1.4,0.05,34.52
2025-11-27T06:45:00Z,122123,12.52,2025-11-27T06:36:35Z,-1.069,0.252,1.406,0.252,1.406,0.05,34.5308
2025-11-27T07:00:00Z,122124,12.38,2025-11-27T06:53:30Z,-1.119,0.252,1.403,0.252,1.403,0.05,34.5254
2025-11-27T07:15:00Z,122125,12.54,2025-11-27T07:06:55Z,-1.156,0.251,1.393,0.251,1.393,0.05,34.5074
2025-11-27T07:30:00Z,122126,12.51,2025-11-27T07:19:20Z,-1.22,0.251,1.383,0.251,1.383,0.05,34.4894
2025-11-27T07:45:00Z,122127,12.53,2025-11-27T07:32:30Z,-1.278,0.251,1.378,0.251,1.378,0.05,34.4804
2025-11-27T08:00:00Z,122128,12.53,2025-11-27T07:54:55Z,-1.336,0.251,1.397,0.251,1.397,0.05,34.5146
2025-11-27T08:15:00Z,122129,12.51,2025-11-27T08:02:10Z,-1.389,0.25,1.394,0.25,1.394,0.05,34.5092
2025-11-27T08:30:00Z,122130,12.53,2025-11-27T08:29:40Z,-1.402,0.25,1.385,0.25,1.385,0.05,34.493
2025-11-27T08:45:00Z,122131,12.53,2025-11-27T08:30:25Z,-1.394,0.25,1.409,0.25,1.409,0.05,34.5362
2025-11-27T09:00:00Z,122132,12.55,2025-11-27T08:46:25Z,-1.366,0.25,1.417,0.25,1.417,0.05,34.5506
2025-11-27T09:15:00Z,122133,12.54,2025-11-27T09:02:15Z,-1.264,0.251,1.417,0.251,1.417,0.05,34.5506
2025-11-27T09:30:00Z,122134,12.6,2025-11-27T09:19:05Z,-1.059,0.252,1.418,0.252,1.418,0.05,34.5524
2025-11-27T09:45:00Z,122135,12.61,2025-11-27T09:39:50Z,-0.813,0.251,1.432,0.251,1.432,0.05,34.5776
2025-11-27T10:00:00Z,122136,12.63,2025-11-27T09:45:05Z,-0.621,0.251,1.459,0.251,1.459,0.05,34.6262
2025-11-27T10:15:00Z,122137,12.65,2025-11-27T10:02:45Z,-0.438,0.251,1.48,0.251,1.48,0.05,34.664
2025-11-27T10:30:00Z,122138,12.69,2025-11-27T10:15:35Z,-0.334,0.25,1.554,0.25,1.554,0.05,34.797200000000004
2025-11-27T10:45:00Z,122139,12.72,2025-11-27T10:43:50Z,-0.28,0.25,1.582,0.25,1.582,0.05,34.8476
2025-11-27T11:00:00Z,122140,12.72,2025-11-27T10:49:50Z,-0.253,0.25,1.624,0.25,1.624,0.05,34.9232
2025-11-27T11:15:00Z,122141,12.76,2025-11-27T11:02:30Z,-0.215,0.25,1.652,0.25,1.652,0.05,34.9736
2025-11-27T11:30:00Z,122142,12.76,2025-11-27T11:15:50Z,-0.182,0.249,1.691,0.249,1.691,0.05,35.0438
2025-11-27T11:45:00Z,122143,12.82,2025-11-27T11:30:05Z,-0.141,0.25,1.737,0.25,1.737,0.05,35.1266
2025-11-27T12:00:00Z,122144,12.93,2025-11-27T11:47:50Z,0.028,0.25,1.78,0.25,1.78,0.05,35.204
2025-11-27T12:15:00Z,122145,13.07,2025-11-27T12:00:25Z,0.16,0.251,1.826,0.251,1.826,0.05,35.2868
2025-11-27T12:30:00Z,122146,13.1,2025-11-27T12:16:15Z,0.203,0.25,1.872,0.25,1.872,0.05,35.3696
2025-11-27T12:45:00Z,122147,13.24,2025-11-27T12:30:30Z,0.206,0.251,1.918,0.251,1.918,0.05,35.4524
2025-11-27T13:00:00Z,122148,13.21,2025-11-27T12:59:20Z,0.179,0.251,1.948,0.251,1.948,0.05,35.5064
2025-11-27T13:15:00Z,122149,13.19,2025-11-27T13:07:50Z,0.033,0.251,1.965,0.251,1.965,0.05,35.537
2025-11-27T13:30:00Z,122150,13.14,2025-11-27T13:20:40Z,-0.163,0.252,1.955,0.252,1.955,0.05,35.519
2025-11-27T13:45:00Z,122151,13.15,2025-11-27T13:43:30Z,-0.303,0.252,1.94,0.252,1.94,0.05,35.492
2025-11-27T14:00:00Z,122152,13.1,2025-11-27T13:53:05Z,-0.375,0.252,1.945,0.252,1.945,0.05,35.501
2025-11-27T14:15:00Z,122153,13.11,2025-11-27T14:13:00Z,-0.425,0.253,1.903,0.253,1.903,0.05,35.425399999999996
2025-11-27T14:30:00Z,122154,12.94,2025-11-27T14:29:55Z,-0.485,0.252,1.889,0.252,1.889,0.05,35.4002
2025-11-27T14:45:00Z,122155,13.05,2025-11-27T14:32:15Z,-0.606,0.253,1.882,0.253,1.882,0.05,35.3876
2025-11-27T15:00:00Z,122156,12.91,2025-11-27T14:57:15Z,-0.657,0.254,1.879,0.254,1.879,0.05,35.3822
2025-11-27T15:15:00Z,122157,12.99,2025-11-27T15:13:10Z,-0.677,0.254,1.88,0.254,1.88,0.05,35.384
2025-11-27T15:30:00Z,122158,12.97,2025-11-27T15:28:30Z,-0.715,0.255,1.884,0.255,1.884,0.05,35.3912
2025-11-27T15:45:00Z,122159,12.93,2025-11-27T15:34:30Z,-0.812,0.256,1.845,0.256,1.845,0.05,35.321
2025-11-27T16:00:00Z,122160,12.86,2025-11-27T15:56:35Z,-0.965,0.255,1.813,0.255,1.813,0.05,35.2634
2025-11-27T16:15:00Z,122161,12.83,2025-11-27T16:14:50Z,-1.12,0.256,1.762,0.256,1.762,0.05,35.1716
2025-11-27T16:30:00Z,122162,12.78,2025-11-27T16:20:45Z,-1.263,0.256,1.73,0.256,1.73,0.05,35.114
2025-11-27T16:45:00Z,122163,12.73,2025-11-27T16:44:45Z,-1.383,0.256,1.697,0.256,1.697,0.05,35.0546
2025-11-27T17:00:00Z,122164,12.71,2025-11-27T16:54:30Z,-1.491,0.256,1.634,0.256,1.634,0.05,34.9412
2025-11-27T17:15:00Z,122165,12.68,2025-11-27T17:03:25Z,-1.585,0.255,1.579,0.255,1.579,0.05,34.8422
2025-11-27T17:30:00Z,122166,12.6,2025-11-27T17:29:45Z,-1.666,0.255,1.515,0.255,1.515,0.05,34.727
2025-11-27T17:45:00Z,122167,12.63,2025-11-27T17:43:25Z,-1.742,0.255,1.479,0.255,1.479,0.05,34.6622
2025-11-27T18:00:00Z,122168,12.61,2025-11-27T17:59:25Z,-1.849,0.254,1.438,0.254,1.438,0.05,34.5884
2025-11-27T18:15:00Z,122169,12.57,2025-11-27T18:12:45Z,-1.994,0.254,1.414,0.254,1.414,0.05,34.5452
2025-11-27T18:30:00Z,122170,12.56,2025-11-27T18:18:05Z,-2.133,0.254,1.367,0.254,1.367,0.05,34.4606
2025-11-27T18:45:00Z,122171,12.56,2025-11-27T18:42:35Z,-2.268,0.254,1.332,0.254,1.332,0.05,34.3976
2025-11-27T19:00:00Z,122172,12.54,2025-11-27T18:45:15Z,-2.469,0.253,1.294,0.253,1.294,0.05,34.3292
2025-11-27T19:15:00Z,122173,12.52,2025-11-27T19:02:05Z,-2.833,0.253,1.265,0.253,1.265,0.05,34.277
2025-11-27T19:30:00Z,122174,12.53,2025-11-27T19:29:10Z,-3.127,0.253,1.231,0.253,1.231,0.05,34.2158
2025-11-27T19:45:00Z,122175,12.52,2025-11-27T19:31:50Z,-3.348,0.252,1.228,0.252,1.228,0.05,34.2104
2025-11-27T20:00:00Z,122176,12.55,2025-11-27T19:55:25Z,-3.6,0.252,1.21,0.252,1.21,0.05,34.178
2025-11-27T20:15:00Z,122177,12.51,2025-11-27T20:02:05Z,-3.871,0.251,1.188,0.251,1.188,0.05,34.1384
2025-11-27T20:30:00Z,122178,12.53,2025-11-27T20:28:45Z,-4.18,0.251,1.183,0.251,1.183,0.05,34.1294
2025-11-27T20:45:00Z,122179,12.54,2025-11-27T20:36:10Z,-4.478,0.251,1.166,0.251,1.166,0.05,34.0988
2025-11-27T21:00:00Z,122180,12.51,2025-11-27T20:57:15Z,-4.73,0.251,1.136,0.251,1.136,0.05,34.0448
2025-11-27T21:15:00Z,122181,12.51,2025-11-27T21:00:45Z,-4.868,0.251,1.11,0.251,1.11,0.05,33.998
2025-11-27T21:30:00Z,122182,12.51,2025-11-27T21:29:45Z,-4.973,0.251,1.099,0.251,1.099,0.05,33.9782
2025-11-27T21:45:00Z,122183,12.53,2025-11-27T21:31:50Z,-4.897,0.251,1.094,0.251,1.094,0.05,33.9692
2025-11-27T22:00:00Z,122184,12.52,2025-11-27T21:58:30Z,-4.811,0.251,1.096,0.251,1.096,0.05,33.9728
2025-11-27T22:15:00Z,122185,12.5,2025-11-27T22:11:45Z,-4.664,0.25,1.091,0.25,1.091,0.05,33.9638
2025-11-27T22:30:00Z,122186,12.5,2025-11-27T22:29:40Z,-4.466,0.25,1.062,0.25,1.062,0.05,33.9116
2025-11-27T22:45:00Z,122187,12.52,2025-11-27T22:37:00Z,-4.274,0.251,1.074,0.251,1.074,0.05,33.9332
2025-11-27T23:00:00Z,122188,12.49,2025-11-27T22:57:10Z,-4.072,0.251,1.066,0.251,1.066,0.05,33.9188
2025-11-27T23:15:00Z,122189,12.51,2025-11-27T23:09:40Z,-3.867,0.25,1.064,0.25,1.064,0.05,33.9152
2025-11-27T23:30:00Z,122190,12.49,2025-11-27T23:29:40Z,-3.701,0.25,1.067,0.25,1.067,0.05,33.9206
2025-11-27T23:45:00Z,122191,12.49,2025-11-27T23:33:40Z,-3.536,0.25,1.061,0.25,1.061,0.05,33.9098
2025-11-28T00:15:00Z,122193,12.44,2025-11-28T00:02:05Z,-3.268,0.251,1.023,0.251,1.023,0.05,33.8414
2025-11-28T00:30:00Z,122194,12.51,2025-11-28T00:24:20Z,-3.196,0.25,0.997,0.25,0.997,0.05,33.7946
2025-11-28T00:45:00Z,122195,12.52,2025-11-28T00:33:45Z,-3.147,0.251,1.045,0.251,1.045,0.05,33.881
2025-11-28T01:00:00Z,122196,12.5,2025-11-28T00:57:10Z,-3.116,0.25,1.037,0.25,1.037,0.05,33.8666
2025-11-28T01:15:00Z,122197,12.49,2025-11-28T01:02:10Z,-3.075,0.251,1.06,0.251,1.06,0.05,33.908
2025-11-28T01:30:00Z,122198,12.49,2025-11-28T01:29:40Z,-3.064,0.251,1.068,0.251,1.068,0.05,33.9224
2025-11-28T01:45:00Z,122199,12.51,2025-11-28T01:41:40Z,-3.072,0.251,1.05,0.251,1.05,0.05,33.89
2025-11-28T02:00:00Z,122200,12.5,2025-11-28T01:57:05Z,-3.066,0.25,1.04,0.25,1.04,0.05,33.872
2025-11-28T02:15:00Z,122201,12.5,2025-11-28T02:02:15Z,-2.954,0.251,1.041,0.251,1.041,0.05,33.8738
2025-11-28T02:30:00Z,122202,12.5,2025-11-28T02:29:40Z,-2.847,0.25,1.034,0.25,1.034,0.05,33.8612
2025-11-28T02:45:00Z,122203,12.52,2025-11-28T02:35:40Z,-2.793,0.25,1.02,0.25,1.02,0.05,33.836
2025-11-28T03:00:00Z,122204,12.48,2025-11-28T02:57:05Z,-2.858,0.25,1.006,0.25,1.006,0.05,33.8108
2025-11-28T03:15:00Z,122205,12.5,2025-11-28T03:02:05Z,-3.042,0.25,0.998,0.25,0.998,0.05,33.7964
2025-11-28T03:30:00Z,122206,12.52,2025-11-28T03:19:40Z,-3.233,0.25,1.003,0.25,1.003,0.05,33.8054
2025-11-28T03:45:00Z,122207,12.52,2025-11-28T03:36:35Z,-3.457,0.25,0.991,0.25,0.991,0.05,33.7838
2025-11-28T04:00:00Z,122208,12.52,2025-11-28T03:58:35Z,-3.607,0.25,0.977,0.25,0.977,0.05,33.7586
2025-11-28T04:15:00Z,122209,12.49,2025-11-28T04:02:05Z,-3.606,0.25,0.978,0.25,0.978,0.05,33.7604
2025-11-28T04:30:00Z,122210,12.51,2025-11-28T04:27:55Z,-3.684,0.25,0.963,0.25,0.963,0.05,33.7334
2025-11-28T04:45:00Z,122211,12.5,2025-11-28T04:30:35Z,-3.91,0.25,0.953,0.25,0.953,0.05,33.7154
2025-11-28T05:00:00Z,122212,12.51,2025-11-28T04:46:35Z,-3.956,0.25,0.965,0.25,0.965,0.05,33.737
2025-11-28T05:15:00Z,122213,12.51,2025-11-28T05:07:55Z,-3.928,0.249,0.947,0.249,0.947,0.05,33.7046
2025-11-28T05:30:00Z,122214,12.49,2025-11-28T05:21:15Z,-4.081,0.249,0.927,0.249,0.927,0.05,33.6686
2025-11-28T05:45:00Z,122215,12.5,2025-11-28T05:42:35Z,-4.056,0.249,0.934,0.249,0.934,0.05,33.6812
2025-11-28T06:00:00Z,122216,12.49,2025-11-28T05:47:55Z,-3.793,0.249,0.954,0.249,0.954,0.05,33.7172
2025-11-28T06:15:00Z,122217,12.49,2025-11-28T06:02:05Z,-3.597,0.249,0.973,0.249,0.973,0.05,33.7514
2025-11-28T06:30:00Z,122218,12.51,2025-11-28T06:29:40Z,-3.489,0.249,0.981,0.249,0.981,0.05,33.7658
2025-11-28T06:45:00Z,122219,12.51,2025-11-28T06:35:55Z,-3.46,0.249,0.968,0.249,0.968,0.05,33.7424
2025-11-28T07:00:00Z,122220,12.51,2025-11-28T06:46:35Z,-3.589,0.248,0.957,0.248,0.957,0.05,33.7226
2025-11-28T07:15:00Z,122221,12.49,2025-11-28T07:02:05Z,-3.712,0.248,0.944,0.248,0.944,0.05,33.6992
2025-11-28T07:30:00Z,122222,12.52,2025-11-28T07:17:25Z,-3.72,0.249,0.963,0.249,0.963,0.05,33.7334
2025-11-28T07:45:00Z,122223,12.49,2025-11-28T07:39:40Z,-3.651,0.249,0.975,0.249,0.975,0.05,33.755
2025-11-28T08:00:00Z,122224,12.49,2025-11-28T07:59:05Z,-3.575,0.248,0.973,0.248,0.973,0.05,33.7514
2025-11-28T08:15:00Z,122225,12.33,2025-11-28T08:10:40Z,-3.473,0.248,0.98,0.248,0.98,0.05,33.764
2025-11-28T08:30:00Z,122226,12.47,2025-11-28T08:25:15Z,-3.355,0.248,0.997,0.248,0.997,0.05,33.7946
2025-11-28T08:45:00Z,122227,12.53,2025-11-28T08:33:05Z,-3.249,0.248,0.987,0.248,0.987,0.05,33.7766
2025-11-28T09:00:00Z,122228,12.51,2025-11-28T08:53:40Z,-3.129,0.248,0.999,0.248,0.999,0.05,33.7982
2025-11-28T09:15:00Z,122229,12.51,2025-11-28T09:10:00Z,-2.939,0.248,1.034,0.248,1.034,0.05,33.8612
2025-11-28T09:30:00Z,122230,12.51,2025-11-28T09:25:20Z,-2.745,0.248,1.064,0.248,1.064,0.05,33.9152
2025-11-28T09:45:00Z,122231,12.51,2025-11-28T09:40:50Z,-2.556,0.248,1.066,0.248,1.066,0.05,33.9188
2025-11-28T10:00:00Z,122232,12.54,2025-11-28T09:46:10Z,-2.45,0.247,1.073,0.247,1.073,0.05,33.9314
2025-11-28T10:15:00Z,122233,12.54,2025-11-28T10:12:50Z,-2.094,0.248,1.09,0.248,1.09,0.05,33.962
2025-11-28T10:30:00Z,122234,12.53,2025-11-28T10:15:30Z,-1.718,0.248,1.154,0.248,1.154,0.05,34.0772
2025-11-28T10:45:00Z,122235,12.53,2025-11-28T10:43:05Z,-1.368,0.248,1.18,0.248,1.18,0.05,34.124
2025-11-28T11:00:00Z,122236,12.56,2025-11-28T10:56:25Z,-1.044,0.248,1.224,0.248,1.224,0.05,34.2032
2025-11-28T11:15:00Z,122237,12.56,2025-11-28T11:10:20Z,-0.775,0.248,1.27,0.248,1.27,0.05,34.286
2025-11-28T11:30:00Z,122238,12.57,2025-11-28T11:15:20Z,-0.423,0.248,1.273,0.248,1.273,0.05,34.2914
2025-11-28T11:45:00Z,122239,12.58,2025-11-28T11:41:10Z,0.017,0.249,1.385,0.249,1.385,0.05,34.493
2025-11-28T12:00:00Z,122240,12.59,2025-11-28T11:59:30Z,0.221,0.249,1.458,0.249,1.458,0.05,34.6244
2025-11-28T12:15:00Z,122241,12.59,2025-11-28T12:10:20Z,0.282,0.249,1.478,0.249,1.478,0.05,34.6604
2025-11-28T12:30:00Z,122242,12.62,2025-11-28T12:20:50Z,0.49,0.249,1.546,0.249,1.546,0.05,34.7828
2025-11-28T12:45:00Z,122243,12.63,2025-11-28T12:40:00Z,0.747,0.25,1.642,0.25,1.642,0.05,34.9556
2025-11-28T13:00:00Z,122244,12.64,2025-11-28T12:51:15Z,0.788,0.25,1.682,0.25,1.682,0.05,35.0276
2025-11-28T13:15:00Z,122245,12.63,2025-11-28T13:02:00Z,0.629,0.25,1.725,0.25,1.725,0.05,35.105
2025-11-28T13:30:00Z,122246,12.58,2025-11-28T13:27:00Z,0.525,0.25,1.691,0.25,1.691,0.05,35.0438
2025-11-28T13:45:00Z,122247,12.59,2025-11-28T13:42:35Z,0.296,0.25,1.661,0.25,1.661,0.05,34.9898
2025-11-28T14:00:00Z,122248,12.59,2025-11-28T13:50:35Z,0.132,0.25,1.63,0.25,1.63,0.05,34.934
2025-11-28T14:15:00Z,122249,12.62,2025-11-28T14:05:15Z,0.112,0.25,1.603,0.25,1.603,0.05,34.8854
2025-11-28T14:30:00Z,122250,12.61,2025-11-28T14:20:10Z,0.073,0.25,1.557,0.25,1.557,0.05,34.8026
2025-11-28T14:45:00Z,122251,12.62,2025-11-28T14:31:15Z,0.052,0.25,1.564,0.25,1.564,0.05,34.8152
2025-11-28T15:00:00Z,122252,12.6,2025-11-28T14:49:15Z,0.114,0.251,1.587,0.251,1.587,0.05,34.8566
2025-11-28T15:15:00Z,122253,12.64,2025-11-28T15:03:30Z,0.21,0.251,1.59,0.251,1.59,0.05,34.862
2025-11-28T15:30:00Z,122254,12.6,2025-11-28T15:23:55Z,0.241,0.251,1.59,0.251,1.59,0.05,34.862
2025-11-28T15:45:00Z,122255,12.57,2025-11-28T15:36:25Z,0.158,0.25,1.562,0.25,1.562,0.05,34.8116
2025-11-28T16:00:00Z,122256,12.56,2025-11-28T15:54:40Z,0.026,0.249,1.511,0.249,1.511,0.05,34.7198
2025-11-28T16:15:00Z,122257,12.55,2025-11-28T16:01:45Z,-0.122,0.249,1.49,0.249,1.49,0.05,34.682
2025-11-28T16:30:00Z,122258,12.53,2025-11-28T16:27:05Z,-0.269,0.249,1.44,0.249,1.44,0.05,34.592
2025-11-28T16:45:00Z,122259,12.5,2025-11-28T16:36:05Z,-0.416,0.249,1.366,0.249,1.366,0.05,34.4588
2025-11-28T17:00:00Z,122260,12.53,2025-11-28T16:45:45Z,-0.565,0.249,1.341,0.249,1.341,0.05,34.4138
2025-11-28T17:15:00Z,122261,12.52,2025-11-28T17:07:55Z,-0.687,0.248,1.289,0.248,1.289,0.05,34.3202
2025-11-28T17:30:00Z,122262,12.51,2025-11-28T17:20:55Z,-0.784,0.248,1.276,0.248,1.276,0.05,34.2968
2025-11-28T17:45:00Z,122263,12.51,2025-11-28T17:44:25Z,-0.901,0.248,1.244,0.248,1.244,0.05,34.2392
2025-11-28T18:00:00Z,122264,12.51,2025-11-28T17:49:45Z,-0.975,0.247,1.225,0.247,1.225,0.05,34.205
2025-11-28T18:15:00Z,122265,12.52,2025-11-28T18:02:40Z,-1.094,0.247,1.241,0.247,1.241,0.05,34.2338
2025-11-28T18:30:00Z,122266,12.52,2025-11-28T18:16:25Z,-1.257,0.247,1.23,0.247,1.23,0.05,34.214
2025-11-28T18:45:00Z,122267,12.52,2025-11-28T18:35:35Z,-1.405,0.247,1.227,0.247,1.227,0.05,34.2086
2025-11-28T19:00:00Z,122268,12.52,2025-11-28T18:51:55Z,-1.503,0.246,1.22,0.246,1.22,0.05,34.196
2025-11-28T19:15:00Z,122269,12.51,2025-11-28T19:11:30Z,-1.537,0.246,1.176,0.246,1.176,0.05,34.1168
2025-11-28T19:30:00Z,122270,12.52,2025-11-28T19:28:55Z,-1.485,0.246,1.109,0.246,1.109,0.05,33.9962
2025-11-28T19:45:00Z,122271,12.48,2025-11-28T19:30:35Z,-1.502,0.246,1.152,0.246,1.152,0.05,34.0736
2025-11-28T20:00:00Z,122272,12.4,2025-11-28T19:56:40Z,-1.624,0.246,1.166,0.246,1.166,0.05,34.0988
2025-11-28T20:15:00Z,122273,12.52,2025-11-28T20:11:05Z,-1.765,0.246,1.161,0.246,1.161,0.05,34.0898
2025-11-28T20:30:00Z,122274,12.4,2025-11-28T20:25:25Z,-1.885,0.245,1.141,0.245,1.141,0.05,34.0538
2025-11-28T20:45:00Z,122275,12.54,2025-11-28T20:37:50Z,-1.992,0.245,1.132,0.245,1.132,0.05,34.0376
2025-11-28T21:00:00Z,122276,12.54,2025-11-28T20:57:15Z,-2.042,0.245,1.086,0.245,1.086,0.05,33.9548
2025-11-28T21:15:00Z,122277,12.51,2025-11-28T21:08:50Z,-2.023,0.245,1.097,0.245,1.097,0.05,33.9746
2025-11-28T21:30:00Z,122278,12.54,2025-11-28T21:20:25Z,-2.066,0.245,1.103,0.245,1.103,0.05,33.9854
2025-11-28T21:45:00Z,122279,12.5,2025-11-28T21:44:20Z,-2.119,0.245,1.092,0.245,1.092,0.05,33.9656
2025-11-28T22:00:00Z,122280,12.5,2025-11-28T21:51:00Z,-2.163,0.245,1.081,0.245,1.081,0.05,33.9458
2025-11-28T22:15:00Z,122281,12.51,2025-11-28T22:14:40Z,-2.202,0.244,1.063,0.244,1.063,0.05,33.9134
2025-11-28T22:30:00Z,122282,12.51,2025-11-28T22:17:20Z,-2.212,0.244,1.046,0.244,1.046,0.05,33.8828
2025-11-28T22:45:00Z,122283,12.51,2025-11-28T22:39:30Z,-2.205,0.244,1.018,0.244,1.018,0.05,33.8324
2025-11-28T23:00:00Z,122284,12.51,2025-11-28T22:49:20Z,-2.224,0.244,1.008,0.244,1.008,0.05,33.8144
2025-11-28T23:15:00Z,122285,12.49,2025-11-28T23:06:15Z,-2.334,0.244,0.984,0.244,0.984,0.05,33.7712
2025-11-28T23:30:00Z,122286,12.51,2025-11-28T23:21:20Z,-2.555,0.244,1.003,0.244,1.003,0.05,33.8054
2025-11-28T23:45:00Z,122287,12.51,2025-11-28T23:34:35Z,-2.778,0.244,1.01,0.244,1.01,0.05,33.818
2025-11-29T00:15:00Z,122289,12.52,2025-11-29T00:14:40Z,-2.958,0.243,1.023,0.243,1.023,0.05,33.8414
2025-11-29T00:30:00Z,122290,12.53,2025-11-29T00:20:00Z,-3.021,0.243,1.03,0.243,1.03,0.05,33.854
2025-11-29T00:45:00Z,122291,12.54,2025-11-29T00:36:35Z,-3.098,0.243,1.028,0.243,1.028,0.05,33.8504
2025-11-29T01:00:00Z,122292,12.3,2025-11-29T00:57:10Z,-3.239,0.243,1.013,0.243,1.013,0.05,33.8234
2025-11-29T01:15:00Z,122293,12.53,2025-11-29T01:03:50Z,-3.457,0.243,1.008,0.243,1.008,0.05,33.8144
2025-11-29T01:30:00Z,122294,12.5,2025-11-29T01:29:50Z,-3.761,0.242,0.994,0.242,0.994,0.05,33.7892
2025-11-29T01:45:00Z,122295,12.53,2025-11-29T01:35:35Z,-4.007,0.242,0.989,0.242,0.989,0.05,33.7802
2025-11-29T02:00:00Z,122296,12.5,2025-11-29T01:57:10Z,-4.28,0.242,0.978,0.242,0.978,0.05,33.7604
2025-11-29T02:15:00Z,122297,12.53,2025-11-29T02:01:40Z,-4.631,0.242,0.956,0.242,0.956,0.05,33.7208
2025-11-29T02:30:00Z,122298,12.5,2025-11-29T02:29:40Z,-5.074,0.242,0.929,0.242,0.929,0.05,33.672200000000004
2025-11-29T02:45:00Z,122299,12.53,2025-11-29T02:32:05Z,-5.535,0.242,0.929,0.242,0.929,0.05,33.672200000000004
2025-11-29T03:00:00Z,122300,12.53,2025-11-29T02:45:35Z,-5.829,0.241,0.922,0.241,0.922,0.05,33.6596
2025-11-29T03:15:00Z,122301,12.53,2025-11-29T03:06:00Z,-6.14,0.241,0.906,0.241,0.906,0.05,33.6308
2025-11-29T03:30:00Z,122302,12.53,2025-11-29T03:19:10Z,-6.55,0.241,0.89,0.241,0.89,0.05,33.602
2025-11-29T03:45:00Z,122303,12.5,2025-11-29T03:40:55Z,-6.892,0.241,0.878,0.241,0.878,0.05,33.5804
2025-11-29T04:00:00Z,122304,12.52,2025-11-29T03:49:30Z,-7.074,0.241,0.879,0.241,0.879,0.05,33.5822
2025-11-29T04:15:00Z,122305,12.5,2025-11-29T04:02:10Z,-7.106,0.241,0.887,0.241,0.887,0.05,33.5966
2025-11-29T04:30:00Z,122306,12.5,2025-11-29T04:18:15Z,-7.025,0.241,0.903,0.241,0.903,0.05,33.6254
2025-11-29T04:45:00Z,122307,12.5,2025-11-29T04:31:35Z,-6.836,0.241,0.918,0.241,0.918,0.05,33.6524
2025-11-29T05:00:00Z,122308,12.49,2025-11-29T04:47:35Z,-6.602,0.241,0.924,0.241,0.924,0.05,33.6632
2025-11-29T05:15:00Z,122309,12.52,2025-11-29T05:00:55Z,-6.324,0.241,0.941,0.241,0.941,0.05,33.6938
2025-11-29T05:30:00Z,122310,12.51,2025-11-29T05:16:55Z,-6.083,0.24,0.946,0.24,0.946,0.05,33.702799999999996
2025-11-29T05:45:00Z,122311,12.52,2025-11-29T05:30:50Z,-5.893,0.24,0.944,0.24,0.944,0.05,33.6992
2025-11-29T06:00:00Z,122312,12.49,2025-11-29T05:57:15Z,-5.726,0.24,0.94,0.24,0.94,0.05,33.692
2025-11-29T06:15:00Z,122313,12.51,2025-11-29T06:04:55Z,-5.6,0.24,0.935,0.24,0.935,0.05,33.683
2025-11-29T06:30:00Z,122314,12.5,2025-11-29T06:28:55Z,-5.467,0.239,0.94,0.239,0.94,0.049,33.692
2025-11-29T06:45:00Z,122315,12.49,2025-11-29T06:42:15Z,-5.303,0.239,0.936,0.239,0.936,0.049,33.6848
2025-11-29T07:00:00Z,122316,12.48,2025-11-29T06:57:15Z,-5.091,0.239,0.941,0.239,0.941,0.049,33.6938
2025-11-29T07:15:00Z,122317,12.51,2025-11-29T07:02:10Z,-4.908,0.239,0.94,0.239,0.94,0.049,33.692
2025-11-29T07:30:00Z,122318,12.52,2025-11-29T07:16:30Z,-4.733,0.238,0.927,0.238,0.927,0.048,33.6686
2025-11-29T07:45:00Z,122319,12.49,2025-11-29T07:32:00Z,-4.575,0.238,0.921,0.238,0.921,0.048,33.6578
2025-11-29T08:00:00Z,122320,12.5,2025-11-29T07:53:20Z,-4.426,0.238,0.902,0.238,0.902,0.048,33.6236
2025-11-29T08:15:00Z,122321,12.49,2025-11-29T08:14:40Z,-4.278,0.238,0.915,0.238,0.915,0.048,33.647
2025-11-29T08:30:00Z,122322,12.5,2025-11-29T08:29:45Z,-4.122,0.238,0.928,0.238,0.928,0.048,33.6704
2025-11-29T08:45:00Z,122323,12.49,2025-11-29T08:43:10Z,-3.93,0.238,0.934,0.238,0.934,0.048,33.6812
2025-11-29T09:00:00Z,122324,12.49,2025-11-29T08:57:25Z,-3.74,0.238,0.947,0.238,0.947,0.048,33.7046
2025-11-29T09:15:00Z,122325,12.53,2025-11-29T09:08:40Z,-3.546,0.238,0.942,0.238,0.942,0.048,33.6956
2025-11-29T09:30:00Z,122326,12.51,2025-11-29T09:17:50Z,-3.345,0.238,0.943,0.238,0.943,0.048,33.6974
2025-11-29T09:45:00Z,122327,12.53,2025-11-29T09:41:50Z,-3.119,0.238,0.976,0.238,0.976,0.048,33.7568
2025-11-29T10:00:00Z,122328,12.51,2025-11-29T09:57:50Z,-2.898,0.238,0.989,0.238,0.989,0.048,33.7802
2025-11-29T10:15:00Z,122329,12.51,2025-11-29T10:13:50Z,-2.687,0.238,1.002,0.238,1.002,0.048,33.8036
2025-11-29T10:30:00Z,122330,12.5,2025-11-29T10:19:10Z,-2.512,0.238,1.008,0.238,1.008,0.048,33.8144
2025-11-29T10:45:00Z,122331,12.52,2025-11-29T10:37:50Z,-2.351,0.238,1.026,0.238,1.026,0.048,33.8468
2025-11-29T11:00:00Z,122332,12.54,2025-11-29T10:57:25Z,-2.194,0.238,1.038,0.238,1.038,0.048,33.8684
2025-11-29T11:15:00Z,122333,12.54,2025-11-29T11:07:10Z,-2.066,0.237,1.039,0.237,1.039,0.04699999999999999,33.8702
2025-11-29T11:30:00Z,122334,12.52,2025-11-29T11:29:40Z,-1.969,0.237,1.06,0.237,1.06,0.04699999999999999,33.908
2025-11-29T11:45:00Z,122335,12.55,2025-11-29T11:33:50Z,-1.9,0.237,1.063,0.237,1.063,0.04699999999999999,33.9134
2025-11-29T12:00:00Z,122336,12.53,2025-11-29T11:53:00Z,-1.974,0.238,1.061,0.238,1.061,0.048,33.9098
2025-11-29T12:15:00Z,122337,12.53,2025-11-29T12:02:15Z,-2.155,0.237,1.068,0.237,1.068,0.04699999999999999,33.9224
2025-11-29T12:30:00Z,122338,12.51,2025-11-29T12:23:10Z,-2.331,0.237,1.069,0.237,1.069,0.04699999999999999,33.9242
2025-11-29T12:45:00Z,122339,12.54,2025-11-29T12:43:40Z,-2.475,0.237,1.077,0.237,1.077,0.04699999999999999,33.9386
2025-11-29T13:00:00Z,122340,12.55,2025-11-29T12:46:55Z,-2.554,0.236,1.081,0.236,1.081,0.04599999999999999,33.9458
2025-11-29T13:15:00Z,122341,12.54,2025-11-29T13:07:40Z,-2.583,0.236,1.092,0.236,1.092,0.04599999999999999,33.9656
2025-11-29T13:30:00Z,122342,12.44,2025-11-29T13:28:20Z,-2.51,0.236,1.124,0.236,1.124,0.04599999999999999,34.0232
2025-11-29T13:45:00Z,122343,12.52,2025-11-29T13:33:40Z,-2.39,0.236,1.142,0.236,1.142,0.04599999999999999,34.0556
2025-11-29T14:00:00Z,122344,12.55,2025-11-29T13:57:25Z,-2.278,0.236,1.158,0.236,1.158,0.04599999999999999,34.0844
2025-11-29T14:15:00Z,122345,12.35,2025-11-29T14:13:10Z,-2.203,0.236,1.147,0.236,1.147,0.04599999999999999,34.0646
2025-11-29T14:30:00Z,122346,12.51,2025-11-29T14:18:20Z,-2.174,0.236,1.152,0.236,1.152,0.04599999999999999,34.0736
2025-11-29T14:45:00Z,122347,12.53,2025-11-29T14:32:05Z,-2.143,0.236,1.155,0.236,1.155,0.04599999999999999,34.079
2025-11-29T15:00:00Z,122348,12.51,2025-11-29T14:45:45Z,-2.102,0.236,1.14,0.236,1.14,0.04599999999999999,34.052
2025-11-29T15:15:00Z,122349,12.4,2025-11-29T15:08:35Z,-2.078,0.236,1.133,0.236,1.133,0.04599999999999999,34.0394
2025-11-29T15:30:00Z,122350,12.52,2025-11-29T15:25:45Z,-2.07,0.236,1.11,0.236,1.11,0.04599999999999999,33.998
2025-11-29T15:45:00Z,122351,12.51,2025-11-29T15:31:20Z,-2.119,0.236,1.104,0.236,1.104,0.04599999999999999,33.9872
2025-11-29T16:00:00Z,122352,12.51,2025-11-29T15:46:10Z,-2.192,0.235,1.084,0.235,1.084,0.044999999999999984,33.9512
2025-11-29T16:15:00Z,122353,12.5,2025-11-29T16:12:05Z,-2.276,0.236,1.087,0.236,1.087,0.04599999999999999,33.9566
2025-11-29T16:30:00Z,122354,12.49,2025-11-29T16:20:05Z,-2.351,0.237,1.086,0.237,1.086,0.04699999999999999,33.9548
2025-11-29T16:45:00Z,122355,12.51,2025-11-29T16:43:10Z,-2.422,0.237,1.079,0.237,1.079,0.04699999999999999,33.9422
2025-11-29T17:00:00Z,122356,12.5,2025-11-29T16:52:05Z,-2.487,0.238,1.06,0.238,1.06,0.048,33.908
2025-11-29T17:15:00Z,122357,12.51,2025-11-29T17:10:45Z,-2.542,0.239,1.058,0.239,1.058,0.049,33.9044
2025-11-29T17:30:00Z,122358,12.49,2025-11-29T17:24:55Z,-2.591,0.24,1.018,0.24,1.018,0.05,33.8324
2025-11-29T17:45:00Z,122359,12.5,2025-11-29T17:44:30Z,-2.628,0.241,0.988,0.241,0.988,0.05,33.7784
2025-11-29T18:00:00Z,122360,12.5,2025-11-29T17:57:10Z,-2.656,0.243,0.966,0.243,0.966,0.05,33.7388
2025-11-29T18:15:00Z,122361,12.51,2025-11-29T18:02:15Z,-2.684,0.243,0.928,0.243,0.928,0.05,33.6704
2025-11-29T18:30:00Z,122362,12.51,2025-11-29T18:19:10Z,-2.722,0.244,0.905,0.244,0.905,0.05,33.629
2025-11-29T18:45:00Z,122363,12.53,2025-11-29T18:30:45Z,-2.756,0.246,0.898,0.246,0.898,0.05,33.6164
2025-11-29T19:00:00Z,122364,12.52,2025-11-29T18:53:50Z,-2.785,0.247,0.866,0.247,0.866,0.05,33.5588
2025-11-29T19:15:00Z,122365,12.51,2025-11-29T19:02:35Z,-2.814,0.249,0.853,0.249,0.853,0.05,33.5354
2025-11-29T19:30:00Z,122366,12.5,2025-11-29T19:29:40Z,-2.835,0.25,0.834,0.25,0.834,0.05,33.5012
2025-11-29T19:45:00Z,122367,12.51,2025-11-29T19:36:30Z,-2.839,0.251,0.834,0.251,0.834,0.05,33.5012
2025-11-29T20:00:00Z,122368,12.5,2025-11-29T19:57:10Z,-2.814,0.251,0.842,0.251,0.842,0.05,33.5156
2025-11-29T20:15:00Z,122369,12.53,2025-11-29T20:09:40Z,-2.76,0.252,0.853,0.252,0.853,0.05,33.5354
2025-11-29T20:30:00Z,122370,12.5,2025-11-29T20:29:45Z,-2.686,0.252,0.867,0.252,0.867,0.05,33.5606
2025-11-29T20:45:00Z,122371,12.5,2025-11-29T20:35:10Z,-2.599,0.253,0.877,0.253,0.877,0.05,33.5786
2025-11-29T21:00:00Z,122372,12.49,2025-11-29T20:47:15Z,-2.508,0.254,0.875,0.254,0.875,0.05,33.575
2025-11-29T21:15:00Z,122373,12.48,2025-11-29T21:02:25Z,-2.429,0.255,0.876,0.255,0.876,0.05,33.5768
2025-11-29T21:30:00Z,122374,12.49,2025-11-29T21:29:45Z,-2.37,0.255,0.863,0.255,0.863,0.05,33.553399999999996
2025-11-29T21:45:00Z,122375,12.46,2025-11-29T21:33:05Z,-2.336,0.256,0.866,0.256,0.866,0.05,33.5588
2025-11-29T22:00:00Z,122376,12.5,2025-11-29T21:57:15Z,-2.334,0.256,0.87,0.256,0.87,0.05,33.566
2025-11-29T22:15:00Z,122377,12.5,2025-11-29T22:10:20Z,-2.336,0.257,0.867,0.257,0.867,0.05,33.5606
2025-11-29T22:30:00Z,122378,12.49,2025-11-29T22:29:45Z,-2.364,0.257,0.855,0.257,0.855,0.05,33.539
2025-11-29T22:45:00Z,122379,12.5,2025-11-29T22:31:40Z,-2.383,0.258,0.859,0.258,0.859,0.05,33.5462
2025-11-29T23:00:00Z,122380,12.51,2025-11-29T22:57:15Z,-2.4,0.26,0.88,0.26,0.88,0.05,33.584
2025-11-29T23:15:00Z,122381,12.5,2025-11-29T23:13:25Z,-2.411,0.26,0.888,0.26,0.888,0.05,33.5984
2025-11-29T23:30:00Z,122382,12.51,2025-11-29T23:19:20Z,-2.402,0.261,0.878,0.261,0.878,0.05,33.5804
2025-11-29T23:45:00Z,122383,12.51,2025-11-29T23:38:20Z,-2.394,0.261,0.875,0.261,0.875,0.05,33.575
2025-11-30T00:15:00Z,122385,12.51,2025-11-30T00:02:15Z,-2.344,0.262,0.887,0.262,0.887,0.05,33.5966
2025-11-30T00:30:00Z,122386,12.51,2025-11-30T00:28:05Z,-2.312,0.263,0.904,0.263,0.904,0.05,33.6272
2025-11-30T00:45:00Z,122387,12.49,2025-11-30T00:40:40Z,-2.263,0.264,0.914,0.264,0.914,0.05,33.6452
2025-11-30T01:00:00Z,122388,12.5,2025-11-30T00:57:15Z,-2.201,0.264,0.915,0.264,0.915,0.05,33.647
2025-11-30T01:15:00Z,122389,12.53,2025-11-30T01:04:25Z,-2.128,0.265,0.932,0.265,0.932,0.05,33.6776
2025-11-30T01:30:00Z,122390,12.52,2025-11-30T01:29:40Z,-2.034,0.266,0.947,0.266,0.947,0.05,33.7046
2025-11-30T01:45:00Z,122391,12.52,2025-11-30T01:38:35Z,-1.942,0.266,0.969,0.266,0.969,0.05,33.7442
2025-11-30T02:00:00Z,122392,12.51,2025-11-30T01:57:15Z,-1.846,0.267,0.982,0.267,0.982,0.05,33.7676
2025-11-30T02:15:00Z,122393,12.5,2025-11-30T02:02:10Z,-1.734,0.267,0.995,0.267,0.995,0.05,33.791
2025-11-30T02:30:00Z,122394,12.48,2025-11-30T02:29:45Z,-1.592,0.267,1.011,0.267,1.011,0.05,33.8198
2025-11-30T02:45:00Z,122395,12.52,2025-11-30T02:40:35Z,-1.406,0.267,1.037,0.267,1.037,0.05,33.8666
2025-11-30T03:00:00Z,122396,12.52,2025-11-30T02:48:35Z,-1.172,0.267,1.066,0.267,1.066,0.05,33.9188
2025-11-30T03:15:00Z,122397,12.52,2025-11-30T03:03:20Z,-0.923,0.268,1.098,0.268,1.098,0.05,33.9764
2025-11-30T03:30:00Z,122398,12.51,2025-11-30T03:17:55Z,-0.656,0.268,1.122,0.268,1.122,0.05,34.0196
2025-11-30T03:45:00Z,122399,12.51,2025-11-30T03:44:35Z,-0.396,0.268,1.139,0.268,1.139,0.05,34.0502
2025-11-30T04:00:00Z,122400,12.5,2025-11-30T03:52:35Z,-0.176,0.268,1.162,0.268,1.162,0.05,34.0916
2025-11-30T04:15:00Z,122401,12.51,2025-11-30T04:01:50Z,0.03,0.269,1.18,0.269,1.18,0.05,34.124
2025-11-30T04:30:00Z,122402,12.39,2025-11-30T04:23:35Z,0.214,0.269,1.181,0.269,1.181,0.05,34.1258
2025-11-30T04:45:00Z,122403,12.5,2025-11-30T04:34:15Z,0.376,0.269,1.193,0.269,1.193,0.05,34.1474
2025-11-30T05:00:00Z,122404,12.49,2025-11-30T04:49:05Z,0.497,0.27,1.2,0.27,1.2,0.05,34.16
2025-11-30T05:15:00Z,122405,12.47,2025-11-30T05:00:10Z,0.558,0.269,1.194,0.269,1.194,0.05,34.1492
2025-11-30T05:30:00Z,122406,12.51,2025-11-30T05:29:40Z,0.54,0.269,1.177,0.269,1.177,0.05,34.1186
2025-11-30T05:45:00Z,122407,12.51,2025-11-30T05:34:25Z,0.499,0.268,1.154,0.268,1.154,0.05,34.0772
2025-11-30T06:00:00Z,122408,12.49,2025-11-30T05:57:10Z,0.443,0.268,1.13,0.268,1.13,0.05,34.034
2025-11-30T06:15:00Z,122409,12.51,2025-11-30T06:02:05Z,0.395,0.268,1.128,0.268,1.128,0.05,34.0304
2025-11-30T06:30:00Z,122410,12.51,2025-11-30T06:29:40Z,0.351,0.268,1.109,0.268,1.109,0.05,33.9962
2025-11-30T06:45:00Z,122411,12.51,2025-11-30T06:44:35Z,0.285,0.268,1.091,0.268,1.091,0.05,33.9638
2025-11-30T07:00:00Z,122412,12.53,2025-11-30T06:58:50Z,0.187,0.268,1.043,0.268,1.043,0.05,33.8774
2025-11-30T07:15:00Z,122413,12.51,2025-11-30T07:02:25Z,0.058,0.269,0.996,0.269,0.996,0.05,33.7928
2025-11-30T07:30:00Z,122414,12.38,2025-11-30T07:16:55Z,-0.144,0.268,0.937,0.268,0.937,0.05,33.6866
2025-11-30T07:45:00Z,122415,12.51,2025-11-30T07:31:15Z,-0.342,0.268,0.913,0.268,0.913,0.05,33.6434
2025-11-30T08:00:00Z,122416,12.51,2025-11-30T07:57:15Z,-0.522,0.268,0.884,0.268,0.884,0.05,33.5912
2025-11-30T08:15:00Z,122417,12.51,2025-11-30T08:02:05Z,-0.694,0.267,0.845,0.267,0.845,0.05,33.521
2025-11-30T08:30:00Z,122418,12.52,2025-11-30T08:29:40Z,-0.857,0.268,0.815,0.268,0.815,0.05,33.467
2025-11-30T08:45:00Z,122419,12.52,2025-11-30T08:33:30Z,-1.021,0.268,0.75,0.268,0.75,0.05,33.35
2025-11-30T09:00:00Z,122420,12.52,2025-11-30T08:49:30Z,-1.178,0.268,0.753,0.268,0.753,0.05,33.3554
2025-11-30T09:15:00Z,122421,12.52,2025-11-30T09:01:55Z,-1.325,0.268,0.727,0.268,0.727,0.05,33.3086
2025-11-30T09:30:00Z,122422,12.53,2025-11-30T09:16:10Z,-1.497,0.267,0.678,0.267,0.678,0.05,33.2204
2025-11-30T09:45:00Z,122423,12.53,2025-11-30T09:39:15Z,-1.661,0.267,0.669,0.267,0.669,0.05,33.2042
2025-11-30T10:00:00Z,122424,12.53,2025-11-30T09:48:10Z,-1.785,0.268,0.638,0.268,0.638,0.05,33.1484
2025-11-30T10:15:00Z,122425,12.54,2025-11-30T10:02:05Z,-1.827,0.267,0.635,0.267,0.635,0.05,33.143
2025-11-30T10:30:00Z,122426,12.53,2025-11-30T10:29:45Z,-1.854,0.267,0.599,0.267,0.599,0.05,33.0782
2025-11-30T10:45:00Z,122427,12.53,2025-11-30T10:44:10Z,-1.893,0.267,0.574,0.267,0.574,0.05,33.0332
2025-11-30T11:00:00Z,122428,12.54,2025-11-30T10:54:50Z,-1.884,0.268,0.601,0.268,0.601,0.05,33.0818
2025-11-30T11:15:00Z,122429,12.55,2025-11-30T11:02:15Z,-1.858,0.267,0.565,0.267,0.565,0.05,33.017
2025-11-30T11:30:00Z,122430,12.56,2025-11-30T11:18:50Z,-1.826,0.267,0.56,0.267,0.56,0.05,33.008
2025-11-30T11:45:00Z,122431,12.56,2025-11-30T11:37:30Z,-1.866,0.267,0.487,0.267,0.487,0.05,32.8766
2025-11-30T12:00:00Z,122432,12.58,2025-11-30T11:45:30Z,-1.934,0.267,0.485,0.267,0.485,0.05,32.873
2025-11-30T12:15:00Z,122433,12.38,2025-11-30T12:13:20Z,-1.982,0.267,0.497,0.267,0.497,0.05,32.8946
2025-11-30T12:30:00Z,122434,12.35,2025-11-30T12:29:45Z,-2.028,0.266,0.488,0.266,0.488,0.05,32.8784
2025-11-30T12:45:00Z,122435,12.58,2025-11-30T12:30:50Z,-2.046,0.266,0.484,0.266,0.484,0.05,32.8712
2025-11-30T13:00:00Z,122436,12.57,2025-11-30T12:57:20Z,-1.878,0.267,0.499,0.267,0.499,0.05,32.8982
2025-11-30T13:15:00Z,122437,12.61,2025-11-30T13:05:30Z,-1.667,0.267,0.52,0.267,0.52,0.05,32.936
2025-11-30T13:30:00Z,122438,12.59,2025-11-30T13:29:45Z,-1.434,0.267,0.531,0.267,0.531,0.05,32.955799999999996
2025-11-30T13:45:00Z,122439,12.6,2025-11-30T13:39:15Z,-1.317,0.266,0.503,0.266,0.503,0.05,32.9054
2025-11-30T14:00:00Z,122440,12.57,2025-11-30T13:47:15Z,-1.345,0.266,0.492,0.266,0.492,0.05,32.8856
2025-11-30T14:15:00Z,122441,12.57,2025-11-30T14:02:05Z,-1.387,0.266,0.494,0.266,0.494,0.05,32.8892
2025-11-30T14:30:00Z,122442,12.59,2025-11-30T14:20:35Z,-1.394,0.266,0.511,0.266,0.511,0.05,32.9198
2025-11-30T14:45:00Z,122443,12.58,2025-11-30T14:35:00Z,-1.421,0.266,0.502,0.266,0.502,0.05,32.9036
2025-11-30T15:00:00Z,122444,12.55,2025-11-30T14:57:10Z,-1.46,0.266,0.509,0.266,0.509,0.05,32.9162
2025-11-30T15:15:00Z,122445,12.57,2025-11-30T15:08:05Z,-1.493,0.266,0.512,0.266,0.512,0.05,32.9216
2025-11-30T15:30:00Z,122446,12.54,2025-11-30T15:25:00Z,-1.503,0.266,0.521,0.266,0.521,0.05,32.9378
2025-11-30T15:45:00Z,122447,12.55,2025-11-30T15:33:05Z,-1.49,0.266,0.526,0.266,0.526,0.05,32.9468
2025-11-30T16:00:00Z,122448,12.54,2025-11-30T15:59:45Z,-1.462,0.266,0.533,0.266,0.533,0.05,32.9594
2025-11-30T16:15:00Z,122449,12.38,2025-11-30T16:02:05Z,-1.46,0.265,0.528,0.265,0.528,0.05,32.9504
2025-11-30T16:30:00Z,122450,12.53,2025-11-30T16:18:25Z,-1.466,0.266,0.538,0.266,0.538,0.05,32.9684
2025-11-30T16:45:00Z,122451,12.52,2025-11-30T16:30:50Z,-1.501,0.266,0.536,0.266,0.536,0.05,32.9648
2025-11-30T17:00:00Z,122452,12.51,2025-11-30T16:57:10Z,-1.537,0.266,0.542,0.266,0.542,0.05,32.9756
2025-11-30T17:15:00Z,122453,12.51,2025-11-30T17:01:05Z,-1.575,0.266,0.54,0.266,0.54,0.05,32.972
2025-11-30T17:30:00Z,122454,12.52,2025-11-30T17:17:05Z,-1.701,0.266,0.537,0.266,0.537,0.05,32.9666
2025-11-30T17:45:00Z,122455,12.5,2025-11-30T17:33:05Z,-1.892,0.266,0.523,0.266,0.523,0.05,32.9414
2025-11-30T18:00:00Z,122456,12.51,2025-11-30T17:57:10Z,-2.087,0.266,0.522,0.266,0.522,0.05,32.9396
2025-11-30T18:15:00Z,122457,12.51,2025-11-30T18:09:30Z,-2.217,0.266,0.525,0.266,0.525,0.05,32.945
2025-11-30T18:30:00Z,122458,12.53,2025-11-30T18:15:45Z,-2.306,0.265,0.517,0.265,0.517,0.05,32.9306
2025-11-30T18:45:00Z,122459,12.52,2025-11-30T18:34:25Z,-2.317,0.265,0.492,0.265,0.492,0.05,32.8856
2025-11-30T19:00:00Z,122460,12.51,2025-11-30T18:57:15Z,-2.205,0.266,0.44,0.266,0.44,0.05,32.792
2025-11-30T19:15:00Z,122461,12.51,2025-11-30T19:02:15Z,-2.057,0.265,0.427,0.265,0.427,0.05,32.7686
2025-11-30T19:30:00Z,122462,12.53,2025-11-30T19:27:45Z,-1.87,0.266,0.44,0.266,0.44,0.05,32.792
2025-11-30T19:45:00Z,122463,12.31,2025-11-30T19:33:35Z,-1.78,0.266,0.446,0.266,0.446,0.05,32.8028
2025-11-30T20:00:00Z,122464,12.53,2025-11-30T19:52:10Z,-1.83,0.266,0.435,0.266,0.435,0.05,32.783
2025-11-30T20:15:00Z,122465,12.53,2025-11-30T20:07:35Z,-1.892,0.266,0.397,0.266,0.397,0.05,32.7146
2025-11-30T20:30:00Z,122466,12.51,2025-11-30T20:29:45Z,-1.958,0.265,0.376,0.265,0.376,0.05,32.6768
2025-11-30T20:45:00Z,122467,12.51,2025-11-30T20:37:35Z,-2.06,0.266,0.359,0.266,0.359,0.05,32.6462
2025-11-30T21:00:00Z,122468,12.53,2025-11-30T20:58:40Z,-2.197,0.265,0.342,0.265,0.342,0.05,32.6156
2025-11-30T21:15:00Z,122469,12.51,2025-11-30T21:07:20Z,-2.396,0.265,0.338,0.265,0.338,0.05,32.6084
2025-11-30T21:30:00Z,122470,12.5,2025-11-30T21:23:05Z,-2.611,0.265,0.323,0.265,0.323,0.05,32.5814
2025-11-30T21:45:00Z,122471,12.5,2025-11-30T21:30:15Z,-2.851,0.266,0.33,0.266,0.33,0.05,32.594
2025-11-30T22:00:00Z,122472,12.5,2025-11-30T21:58:30Z,-3.103,0.266,0.327,0.266,0.327,0.05,32.5886
2025-11-30T22:15:00Z,122473,12.51,2025-11-30T22:11:20Z,-3.331,0.266,0.328,0.266,0.328,0.05,32.5904
2025-11-30T22:30:00Z,122474,12.52,2025-11-30T22:19:20Z,-3.567,0.266,0.325,0.266,0.325,0.05,32.585
2025-11-30T22:45:00Z,122475,12.5,2025-11-30T22:30:50Z,-3.884,0.266,0.32,0.266,0.32,0.05,32.576
2025-11-30T23:00:00Z,122476,12.5,2025-11-30T22:54:00Z,-4.437,0.266,0.294,0.266,0.294,0.05,32.5292
2025-11-30T23:15:00Z,122477,12.5,2025-11-30T23:13:25Z,-5.194,0.266,0.261,0.266,0.261,0.05,32.4698
2025-11-30T23:30:00Z,122478,12.49,2025-11-30T23:29:40Z,-6.044,0.266,0.244,0.266,0.244,0.05,32.4392
2025-11-30T23:45:00Z,122479,12.52,2025-11-30T23:36:40Z,-6.912,0.266,0.225,0.266,0.225,0.05,32.405
2025-12-01T00:15:00Z,122481,12.52,2025-12-01T00:06:50Z,-8.51,0.266,0.193,0.266,0.193,0.05,32.3474
2025-12-01T00:30:00Z,122482,12.52,2025-12-01T00:16:05Z,-9.2,0.266,0.191,0.266,0.191,0.05,32.3438
2025-12-01T00:45:00Z,122483,12.52,2025-12-01T00:34:45Z,-9.8,0.266,0.179,0.266,0.179,0.05,32.3222
2025-12-01T01:00:00Z,122484,12.49,2025-12-01T00:50:25Z,-10.36,0.266,0.171,0.266,0.171,0.05,32.3078
2025-12-01T01:15:00Z,122485,12.5,2025-12-01T01:02:10Z,-10.86,0.267,0.175,0.267,0.175,0.05,32.315
2025-12-01T01:30:00Z,122486,12.5,2025-12-01T01:25:05Z,-11.33,0.267,0.17,0.267,0.17,0.05,32.306
2025-12-01T01:45:00Z,122487,12.51,2025-12-01T01:30:35Z,-11.77,0.267,0.174,0.267,0.174,0.05,32.3132
2025-12-01T02:00:00Z,122488,12.51,2025-12-01T01:45:35Z,-12.16,0.267,0.169,0.267,0.169,0.05,32.3042
2025-12-01T02:15:00Z,122489,12.49,2025-12-01T02:03:05Z,-12.51,0.267,0.17,0.267,0.17,0.05,32.306
2025-12-01T02:30:00Z,122490,12.49,2025-12-01T02:29:40Z,-12.82,0.267,0.169,0.267,0.169,0.05,32.3042
2025-12-01T02:45:00Z,122491,12.49,2025-12-01T02:30:55Z,-13.1,0.267,0.173,0.267,0.173,0.05,32.3114
2025-12-01T03:00:00Z,122492,12.49,2025-12-01T02:52:15Z,-13.32,0.268,0.176,0.268,0.176,0.05,32.3168
2025-12-01T03:15:00Z,122493,12.48,2025-12-01T03:05:35Z,-13.5,0.268,0.171,0.268,0.171,0.05,32.3078
2025-12-01T03:30:00Z,122494,12.47,2025-12-01T03:29:45Z,-13.63,0.268,0.179,0.268,0.179,0.05,32.3222
2025-12-01T03:45:00Z,122495,12.49,2025-12-01T03:33:20Z,-13.76,0.268,0.172,0.268,0.172,0.05,32.3096
2025-12-01T04:00:00Z,122496,12.47,2025-12-01T03:57:10Z,-13.88,0.268,0.169,0.268,0.169,0.05,32.3042
2025-12-01T04:15:00Z,122497,12.47,2025-12-01T04:07:10Z,-13.99,0.268,0.173,0.268,0.173,0.05,32.3114
2025-12-01T04:30:00Z,122498,12.48,2025-12-01T04:29:45Z,-14.07,0.268,0.169,0.268,0.169,0.05,32.3042
2025-12-01T04:45:00Z,122499,12.45,2025-12-01T04:43:35Z,-14.1,0.268,0.169,0.268,0.169,0.05,32.3042
2025-12-01T05:00:00Z,122500,12.49,2025-12-01T04:45:05Z,-14.02,0.269,0.175,0.269,0.175,0.05,32.315
2025-12-01T05:15:00Z,122501,12.47,2025-12-01T05:02:10Z,-13.9,0.269,0.172,0.269,0.172,0.05,32.3096
2025-12-01T05:30:00Z,122502,12.44,2025-12-01T05:29:40Z,-13.85,0.269,0.168,0.269,0.168,0.05,32.3024
2025-12-01T05:45:00Z,122503,12.47,2025-12-01T05:37:35Z,-13.84,0.269,0.17,0.269,0.17,0.05,32.306
2025-12-01T06:00:00Z,122504,12.44,2025-12-01T05:54:30Z,-13.86,0.269,0.169,0.269,0.169,0.05,32.3042
2025-12-01T06:15:00Z,122505,12.45,2025-12-01T06:07:50Z,-13.88,0.27,0.167,0.27,0.167,0.05,32.3006
2025-12-01T06:30:00Z,122506,12.44,2025-12-01T06:26:30Z,-13.92,0.27,0.167,0.27,0.167,0.05,32.3006
2025-12-01T06:45:00Z,122507,12.43,2025-12-01T06:39:50Z,-13.96,0.27,0.169,0.27,0.169,0.05,32.3042
2025-12-01T07:00:00Z,122508,12.45,2025-12-01T06:58:30Z,-13.98,0.27,0.167,0.27,0.167,0.05,32.3006
2025-12-01T07:15:00Z,122509,12.43,2025-12-01T07:02:15Z,-13.98,0.27,0.165,0.27,0.165,0.05,32.297
2025-12-01T07:30:00Z,122510,12.44,2025-12-01T07:19:50Z,-13.98,0.27,0.167,0.27,0.167,0.05,32.3006
2025-12-01T07:45:00Z,122511,12.44,2025-12-01T07:30:30Z,-13.93,0.27,0.166,0.27,0.166,0.05,32.2988
2025-12-01T08:00:00Z,122512,12.43,2025-12-01T07:57:10Z,-13.83,0.27,0.163,0.27,0.163,0.05,32.2934
2025-12-01T08:15:00Z,122513,12.46,2025-12-01T08:02:05Z,-13.67,0.269,0.162,0.269,0.162,0.05,32.2916
2025-12-01T08:30:00Z,122514,12.41,2025-12-01T08:29:40Z,-13.4,0.269,0.163,0.269,0.163,0.05,32.2934
2025-12-01T08:45:00Z,122515,12.46,2025-12-01T08:34:25Z,-12.95,0.269,0.17,0.269,0.17,0.05,32.306
2025-12-01T09:00:00Z,122516,12.47,2025-12-01T08:45:10Z,-12.33,0.269,0.177,0.269,0.177,0.05,32.318600000000004
2025-12-01T09:15:00Z,122517,12.45,2025-12-01T09:02:10Z,-11.6,0.27,0.182,0.27,0.182,0.05,32.3276
2025-12-01T09:30:00Z,122518,12.47,2025-12-01T09:28:45Z,-10.73,0.27,0.194,0.27,0.194,0.05,32.3492
2025-12-01T09:45:00Z,122519,12.47,2025-12-01T09:31:25Z,-9.74,0.27,0.204,0.27,0.204,0.05,32.3672
2025-12-01T10:00:00Z,122520,12.47,2025-12-01T09:47:25Z,-8.66,0.27,0.215,0.27,0.215,0.05,32.387
2025-12-01T10:15:00Z,122521,12.48,2025-12-01T10:13:30Z,-7.493,0.27,0.229,0.27,0.229,0.05,32.4122
2025-12-01T10:30:00Z,122522,12.49,2025-12-01T10:27:25Z,-6.424,0.27,0.23,0.27,0.23,0.05,32.414
2025-12-01T10:45:00Z,122523,12.49,2025-12-01T10:43:25Z,-5.496,0.271,0.231,0.271,0.231,0.051000000000000004,32.4158
2025-12-01T11:00:00Z,122524,12.5,2025-12-01T10:46:05Z,-4.678,0.271,0.239,0.271,0.239,0.051000000000000004,32.4302
2025-12-01T11:15:00Z,122525,12.52,2025-12-01T11:12:45Z,-3.917,0.271,0.247,0.271,0.247,0.051000000000000004,32.4446
2025-12-01T11:30:00Z,122526,12.55,2025-12-01T11:20:45Z,-3.118,0.272,0.256,0.272,0.256,0.052000000000000005,32.4608
2025-12-01T11:45:00Z,122527,12.58,2025-12-01T11:31:25Z,-2.228,0.273,0.258,0.273,0.258,0.053,32.4644
2025-12-01T12:00:00Z,122528,12.58,2025-12-01T11:47:25Z,-1.535,0.273,0.27,0.273,0.27,0.053,32.486
2025-12-01T12:15:00Z,122529,12.55,2025-12-01T12:03:30Z,-1.011,0.274,0.279,0.274,0.279,0.054,32.5022
2025-12-01T12:30:00Z,122530,12.46,2025-12-01T12:29:45Z,-0.686,0.274,0.279,0.274,0.279,0.054,32.5022
2025-12-01T12:45:00Z,122531,12.59,2025-12-01T12:40:45Z,-0.424,0.274,0.284,0.274,0.284,0.054,32.5112
2025-12-01T13:00:00Z,122532,12.6,2025-12-01T12:46:05Z,-0.185,0.274,0.288,0.274,0.288,0.054,32.5184
2025-12-01T13:15:00Z,122533,12.6,2025-12-01T13:02:05Z,0.013,0.275,0.313,0.275,0.313,0.055,32.5634
2025-12-01T13:30:00Z,122534,12.62,2025-12-01T13:29:35Z,0.183,0.275,0.322,0.275,0.322,0.055,32.5796
2025-12-01T13:45:00Z,122535,12.64,2025-12-01T13:31:25Z,0.307,0.275,0.335,0.275,0.335,0.055,32.603
2025-12-01T14:00:00Z,122536,12.57,2025-12-01T13:53:30Z,0.51,0.275,0.344,0.275,0.344,0.055,32.6192
2025-12-01T14:15:00Z,122537,12.72,2025-12-01T14:06:20Z,0.805,0.276,0.349,0.276,0.349,0.056,32.6282
2025-12-01T14:30:00Z,122538,12.72,2025-12-01T14:25:50Z,0.822,0.276,0.341,0.276,0.341,0.056,32.6138
2025-12-01T14:45:00Z,122539,12.73,2025-12-01T14:32:45Z,0.673,0.276,0.341,0.276,0.341,0.056,32.6138
2025-12-01T15:00:00Z,122540,12.75,2025-12-01T14:54:40Z,0.538,0.276,0.357,0.276,0.357,0.056,32.6426
2025-12-01T15:15:00Z,122541,12.74,2025-12-01T15:00:20Z,0.388,0.277,0.36,0.277,0.36,0.056999999999999995,32.648
2025-12-01T15:30:00Z,122542,12.68,2025-12-01T15:29:35Z,0.192,0.277,0.36,0.277,0.36,0.056999999999999995,32.648
2025-12-01T15:45:00Z,122543,12.65,2025-12-01T15:43:35Z,-0.046,0.277,0.361,0.277,0.361,0.056999999999999995,32.6498
2025-12-01T16:00:00Z,122544,12.61,2025-12-01T15:57:05Z,-0.272,0.277,0.362,0.277,0.362,0.056999999999999995,32.6516
2025-12-01T16:15:00Z,122545,12.59,2025-12-01T16:12:20Z,-0.516,0.278,0.366,0.278,0.366,0.057999999999999996,32.6588
2025-12-01T16:30:00Z,122546,12.56,2025-12-01T16:27:25Z,-0.812,0.278,0.366,0.278,0.366,0.057999999999999996,32.6588
2025-12-01T16:45:00Z,122547,12.54,2025-12-01T16:44:20Z,-1.133,0.278,0.361,0.278,0.361,0.057999999999999996,32.6498
2025-12-01T17:00:00Z,122548,12.53,2025-12-01T16:49:40Z,-1.479,0.278,0.36,0.278,0.36,0.057999999999999996,32.648
2025-12-01T17:15:00Z,122549,12.51,2025-12-01T17:07:50Z,-1.824,0.279,0.36,0.279,0.36,0.059,32.648
2025-12-01T17:30:00Z,122550,12.51,2025-12-01T17:23:50Z,-2.138,0.279,0.364,0.279,0.364,0.059,32.6552
2025-12-01T17:45:00Z,122551,12.51,2025-12-01T17:32:20Z,-2.425,0.279,0.367,0.279,0.367,0.059,32.6606
2025-12-01T18:00:00Z,122552,12.5,2025-12-01T17:52:40Z,-2.68,0.279,0.364,0.279,0.364,0.059,32.6552
2025-12-01T18:15:00Z,122553,12.52,2025-12-01T18:12:20Z,-2.903,0.28,0.37,0.28,0.37,0.06,32.666
2025-12-01T18:30:00Z,122554,12.51,2025-12-01T18:20:10Z,-3.072,0.28,0.358,0.28,0.358,0.06,32.6444
2025-12-01T18:45:00Z,122555,12.51,2025-12-01T18:34:10Z,-3.203,0.28,0.351,0.28,0.351,0.06,32.6318
2025-12-01T19:00:00Z,122556,12.5,2025-12-01T18:57:40Z,-3.338,0.281,0.354,0.281,0.354,0.06,32.6372
2025-12-01T19:15:00Z,122557,12.51,2025-12-01T19:00:20Z,-3.476,0.281,0.344,0.281,0.344,0.06,32.6192
2025-12-01T19:30:00Z,122558,12.5,2025-12-01T19:15:20Z,-3.611,0.281,0.341,0.281,0.341,0.06,32.6138
2025-12-01T19:45:00Z,122559,12.48,2025-12-01T19:42:55Z,-3.741,0.282,0.345,0.282,0.345,0.06,32.621
2025-12-01T20:00:00Z,122560,12.49,2025-12-01T19:58:55Z,-3.849,0.282,0.352,0.282,0.352,0.06,32.6336
2025-12-01T20:15:00Z,122561,12.5,2025-12-01T20:10:35Z,-3.938,0.282,0.34,0.282,0.34,0.06,32.612
2025-12-01T20:30:00Z,122562,12.53,2025-12-01T20:15:20Z,-4.028,0.282,0.331,0.282,0.331,0.06,32.5958
2025-12-01T20:45:00Z,122563,12.52,2025-12-01T20:36:05Z,-4.115,0.283,0.332,0.283,0.332,0.06,32.5976
2025-12-01T21:00:00Z,122564,12.52,2025-12-01T20:48:35Z,-4.175,0.283,0.327,0.283,0.327,0.06,32.5886
2025-12-01T21:15:00Z,122565,12.5,2025-12-01T21:05:15Z,-4.227,0.283,0.323,0.283,0.323,0.06,32.5814
2025-12-01T21:30:00Z,122566,12.52,2025-12-01T21:18:00Z,-4.268,0.284,0.322,0.284,0.322,0.06,32.5796
2025-12-01T21:45:00Z,122567,12.5,2025-12-01T21:38:35Z,-4.305,0.284,0.32,0.284,0.32,0.06,32.576
2025-12-01T22:00:00Z,122568,12.52,2025-12-01T21:54:35Z,-4.33,0.284,0.321,0.284,0.321,0.06,32.5778
2025-12-01T22:15:00Z,122569,12.49,2025-12-01T22:15:00Z,-4.343,0.285,0.32,0.285,0.32,0.06,32.576
2025-12-01T22:30:00Z,122570,12.5,2025-12-01T22:15:55Z,-4.344,0.285,0.321,0.285,0.321,0.06,32.5778
2025-12-01T22:45:00Z,122571,12.5,2025-12-01T22:34:35Z,-4.333,0.286,0.328,0.286,0.328,0.06,32.5904
2025-12-01T23:00:00Z,122572,12.49,2025-12-01T22:58:35Z,-4.315,0.286,0.335,0.286,0.335,0.06,32.603
2025-12-01T23:15:00Z,122573,12.49,2025-12-01T23:01:15Z,-4.311,0.287,0.337,0.287,0.337,0.06,32.6066
2025-12-01T23:30:00Z,122574,12.5,2025-12-01T23:24:20Z,-4.296,0.287,0.344,0.287,0.344,0.06,32.6192
2025-12-01T23:45:00Z,122575,12.5,2025-12-01T23:32:20Z,-4.289,0.287,0.346,0.287,0.346,0.06,32.6228
2025-12-02T00:15:00Z,122577,12.49,2025-12-02T00:04:20Z,-4.268,0.288,0.348,0.288,0.348,0.06,32.6264
2025-12-02T00:30:00Z,122578,12.52,2025-12-02T00:16:40Z,-4.268,0.289,0.35,0.289,0.35,0.06,32.63
2025-12-02T00:45:00Z,122579,12.5,2025-12-02T00:44:20Z,-4.268,0.289,0.347,0.289,0.347,0.06,32.6246
2025-12-02T01:00:00Z,122580,12.49,2025-12-02T00:53:35Z,-4.269,0.289,0.346,0.289,0.346,0.06,32.6228
2025-12-02T01:15:00Z,122581,12.37,2025-12-02T01:02:05Z,-4.296,0.29,0.342,0.29,0.342,0.06,32.6156
2025-12-02T01:30:00Z,122582,12.49,2025-12-02T01:29:40Z,-4.319,0.29,0.344,0.29,0.344,0.06,32.6192
2025-12-02T01:45:00Z,122583,12.52,2025-12-02T01:32:40Z,-4.348,0.29,0.346,0.29,0.346,0.06,32.6228
2025-12-02T02:00:00Z,122584,12.51,2025-12-02T01:47:55Z,-4.388,0.291,0.346,0.291,0.346,0.06,32.6228
2025-12-02T02:15:00Z,122585,12.51,2025-12-02T02:00:05Z,-4.431,0.291,0.352,0.291,0.352,0.06,32.6336
2025-12-02T02:30:00Z,122586,12.49,2025-12-02T02:29:45Z,-4.445,0.291,0.351,0.291,0.351,0.06,32.6318
2025-12-02T02:45:00Z,122587,12.51,2025-12-02T02:38:40Z,-4.457,0.292,0.348,0.292,0.348,0.06,32.6264
2025-12-02T03:00:00Z,122588,12.49,2025-12-02T02:57:15Z,-4.443,0.291,0.34,0.291,0.34,0.06,32.612
2025-12-02T03:15:00Z,122589,12.37,2025-12-02T03:02:05Z,-4.44,0.292,0.34,0.292,0.34,0.06,32.612
2025-12-02T03:30:00Z,122590,12.49,2025-12-02T03:23:30Z,-4.44,0.292,0.34,0.292,0.34,0.06,32.612
2025-12-02T03:45:00Z,122591,12.51,2025-12-02T03:30:05Z,-4.427,0.292,0.339,0.292,0.339,0.06,32.6102
2025-12-02T04:00:00Z,122592,12.5,2025-12-02T03:58:10Z,-4.434,0.293,0.337,0.293,0.337,0.06,32.6066
2025-12-02T04:15:00Z,122593,12.5,2025-12-02T04:04:20Z,-4.457,0.293,0.337,0.293,0.337,0.06,32.6066
2025-12-02T04:30:00Z,122594,12.5,2025-12-02T04:16:50Z,-4.51,0.293,0.333,0.293,0.333,0.06,32.5994
2025-12-02T04:45:00Z,122595,12.48,2025-12-02T04:33:45Z,-4.604,0.293,0.328,0.293,0.328,0.06,32.5904
2025-12-02T05:00:00Z,122596,12.48,2025-12-02T04:46:10Z,-4.785,0.294,0.309,0.294,0.309,0.06,32.5562
2025-12-02T05:15:00Z,122597,12.5,2025-12-02T05:12:50Z,-5.091,0.294,0.282,0.294,0.282,0.06,32.5076
2025-12-02T05:30:00Z,122598,12.49,2025-12-02T05:29:45Z,-5.443,0.294,0.286,0.294,0.286,0.06,32.5148
2025-12-02T05:45:00Z,122599,12.5,2025-12-02T05:34:25Z,-5.771,0.294,0.284,0.294,0.284,0.06,32.5112
2025-12-02T06:00:00Z,122600,12.5,2025-12-02T05:58:10Z,-6.087,0.294,0.279,0.294,0.279,0.06,32.5022
2025-12-02T06:15:00Z,122601,12.48,2025-12-02T06:02:15Z,-6.421,0.295,0.272,0.295,0.272,0.06,32.4896
2025-12-02T06:30:00Z,122602,12.49,2025-12-02T06:28:15Z,-6.76,0.295,0.265,0.295,0.265,0.06,32.477
2025-12-02T06:45:00Z,122603,12.51,2025-12-02T06:30:10Z,-7.174,0.295,0.242,0.295,0.242,0.06,32.4356
2025-12-02T07:00:00Z,122604,12.5,2025-12-02T06:48:50Z,-7.683,0.295,0.235,0.295,0.235,0.06,32.423
2025-12-02T07:15:00Z,122605,12.45,2025-12-02T07:02:10Z,-8.15,0.295,0.235,0.295,0.235,0.06,32.423
2025-12-02T07:30:00Z,122606,12.5,2025-12-02T07:22:45Z,-8.52,0.296,0.232,0.296,0.232,0.06,32.4176
2025-12-02T07:45:00Z,122607,12.5,2025-12-02T07:35:45Z,-8.95,0.296,0.216,0.296,0.216,0.06,32.3888
2025-12-02T08:00:00Z,122608,12.5,2025-12-02T07:45:40Z,-9.38,0.296,0.211,0.296,0.211,0.06,32.3798
2025-12-02T08:15:00Z,122609,12.47,2025-12-02T08:02:10Z,-9.81,0.295,0.21,0.295,0.21,0.06,32.378
2025-12-02T08:30:00Z,122610,12.48,2025-12-02T08:25:45Z,-10.04,0.295,0.213,0.295,0.213,0.06,32.3834
2025-12-02T08:45:00Z,122611,12.49,2025-12-02T08:31:05Z,-9.89,0.295,0.224,0.295,0.224,0.06,32.4032
2025-12-02T09:00:00Z,122612,12.47,2025-12-02T08:57:15Z,-9.48,0.296,0.235,0.296,0.235,0.06,32.423
2025-12-02T09:15:00Z,122613,12.48,2025-12-02T09:02:05Z,-8.9,0.296,0.244,0.296,0.244,0.06,32.4392
2025-12-02T09:30:00Z,122614,12.49,2025-12-02T09:16:25Z,-8.19,0.296,0.259,0.296,0.259,0.06,32.4662
2025-12-02T09:45:00Z,122615,12.49,2025-12-02T09:32:25Z,-7.375,0.296,0.263,0.296,0.263,0.06,32.4734
2025-12-02T10:00:00Z,122616,12.52,2025-12-02T09:45:45Z,-6.444,0.296,0.269,0.296,0.269,0.06,32.4842
2025-12-02T10:15:00Z,122617,12.52,2025-12-02T10:07:05Z,-5.558,0.296,0.285,0.296,0.285,0.06,32.513
2025-12-02T10:30:00Z,122618,12.54,2025-12-02T10:15:05Z,-4.79,0.296,0.296,0.296,0.296,0.06,32.5328
2025-12-02T10:45:00Z,122619,12.55,2025-12-02T10:31:05Z,-4.026,0.296,0.299,0.296,0.299,0.06,32.5382
2025-12-02T11:00:00Z,122620,12.57,2025-12-02T10:51:00Z,-3.277,0.297,0.313,0.297,0.313,0.06,32.5634
2025-12-02T11:15:00Z,122621,12.46,2025-12-02T11:02:05Z,-2.562,0.296,0.318,0.296,0.318,0.06,32.5724
2025-12-02T11:30:00Z,122622,12.57,2025-12-02T11:28:50Z,-1.842,0.297,0.33,0.297,0.33,0.06,32.594
2025-12-02T11:45:00Z,122623,12.61,2025-12-02T11:33:45Z,-1.198,0.296,0.318,0.296,0.318,0.06,32.5724
2025-12-02T12:00:00Z,122624,12.62,2025-12-02T11:59:05Z,-0.669,0.297,0.326,0.297,0.326,0.06,32.5868
2025-12-02T12:15:00Z,122625,12.61,2025-12-02T12:06:00Z,-0.414,0.296,0.324,0.296,0.324,0.06,32.5832
2025-12-02T12:30:00Z,122626,12.57,2025-12-02T12:29:45Z,-0.354,0.296,0.314,0.296,0.314,0.06,32.5652
2025-12-02T12:45:00Z,122627,12.58,2025-12-02T12:42:55Z,-0.33,0.296,0.317,0.296,0.317,0.06,32.5706
2025-12-02T13:00:00Z,122628,12.58,2025-12-02T12:57:55Z,-0.386,0.295,0.313,0.295,0.313,0.06,32.5634
2025-12-02T13:15:00Z,122629,12.55,2025-12-02T13:02:05Z,-0.447,0.295,0.315,0.295,0.315,0.06,32.567
2025-12-02T13:30:00Z,122630,12.57,2025-12-02T13:19:20Z,-0.484,0.295,0.321,0.295,0.321,0.06,32.5778
2025-12-02T13:45:00Z,122631,12.43,2025-12-02T13:43:40Z,-0.52,0.295,0.33,0.295,0.33,0.06,32.594
2025-12-02T14:00:00Z,122632,12.52,2025-12-02T13:57:10Z,-0.513,0.295,0.328,0.295,0.328,0.06,32.5904
2025-12-02T14:15:00Z,122633,12.52,2025-12-02T14:00:50Z,-0.587,0.295,0.315,0.295,0.315,0.06,32.567
2025-12-02T14:30:00Z,122634,12.52,2025-12-02T14:24:00Z,-0.697,0.294,0.318,0.294,0.318,0.06,32.5724
2025-12-02T14:45:00Z,122635,12.53,2025-12-02T14:34:40Z,-0.825,0.294,0.302,0.294,0.302,0.06,32.5436
2025-12-02T15:00:00Z,122636,12.51,2025-12-02T14:57:15Z,-0.948,0.294,0.298,0.294,0.298,0.06,32.5364
2025-12-02T15:15:00Z,122637,12.51,2025-12-02T15:02:05Z,-1.056,0.294,0.293,0.294,0.293,0.06,32.5274
2025-12-02T15:30:00Z,122638,12.5,2025-12-02T15:25:20Z,-1.141,0.294,0.291,0.294,0.291,0.06,32.5238
2025-12-02T15:45:00Z,122639,12.39,2025-12-02T15:33:40Z,-1.197,0.294,0.3,0.294,0.3,0.06,32.54
2025-12-02T16:00:00Z,122640,12.49,2025-12-02T15:54:40Z,-1.222,0.294,0.294,0.294,0.294,0.06,32.5292
2025-12-02T16:15:00Z,122641,12.5,2025-12-02T16:05:20Z,-1.271,0.294,0.286,0.294,0.286,0.06,32.5148
2025-12-02T16:30:00Z,122642,12.5,2025-12-02T16:20:20Z,-1.35,0.294,0.291,0.294,0.291,0.06,32.5238
2025-12-02T16:45:00Z,122643,12.51,2025-12-02T16:32:00Z,-1.475,0.293,0.284,0.293,0.284,0.06,32.5112
2025-12-02T17:00:00Z,122644,12.51,2025-12-02T16:58:40Z,-1.649,0.293,0.278,0.293,0.278,0.06,32.5004
2025-12-02T17:15:00Z,122645,12.51,2025-12-02T17:01:20Z,-1.818,0.293,0.275,0.293,0.275,0.06,32.495
2025-12-02T17:30:00Z,122646,12.49,2025-12-02T17:23:50Z,-1.985,0.293,0.272,0.293,0.272,0.06,32.4896
2025-12-02T17:45:00Z,122647,12.51,2025-12-02T17:44:00Z,-2.141,0.293,0.272,0.293,0.272,0.06,32.4896
2025-12-02T18:00:00Z,122648,12.51,2025-12-02T17:46:40Z,-2.288,0.292,0.27,0.292,0.27,0.06,32.486
2025-12-02T18:15:00Z,122649,12.5,2025-12-02T18:10:25Z,-2.439,0.292,0.262,0.292,0.262,0.06,32.4716
2025-12-02T18:30:00Z,122650,12.52,2025-12-02T18:21:20Z,-2.577,0.292,0.269,0.292,0.269,0.06,32.4842
2025-12-02T18:45:00Z,122651,12.52,2025-12-02T18:30:25Z,-2.703,0.292,0.267,0.292,0.267,0.06,32.4806
2025-12-02T19:00:00Z,122652,12.53,2025-12-02T18:47:10Z,-2.816,0.292,0.259,0.292,0.259,0.06,32.4662
2025-12-02T19:15:00Z,122653,12.51,2025-12-02T19:05:20Z,-2.948,0.292,0.258,0.292,0.258,0.06,32.4644
2025-12-02T19:30:00Z,122654,12.52,2025-12-02T19:19:10Z,-3.078,0.291,0.253,0.291,0.253,0.06,32.4554
2025-12-02T19:45:00Z,122655,12.49,2025-12-02T19:32:50Z,-3.212,0.291,0.251,0.291,0.251,0.06,32.4518
2025-12-02T20:00:00Z,122656,12.52,2025-12-02T19:49:15Z,-3.354,0.291,0.244,0.291,0.244,0.06,32.4392
2025-12-02T20:15:00Z,122657,12.51,2025-12-02T20:00:30Z,-3.524,0.291,0.241,0.291,0.241,0.06,32.4338
2025-12-02T20:30:00Z,122658,12.49,2025-12-02T20:28:05Z,-3.742,0.291,0.243,0.291,0.243,0.06,32.4374
2025-12-02T20:45:00Z,122659,12.49,2025-12-02T20:38:15Z,-3.995,0.29,0.235,0.29,0.235,0.06,32.423
2025-12-02T21:00:00Z,122660,12.49,2025-12-02T20:55:25Z,-4.313,0.29,0.224,0.29,0.224,0.06,32.4032
2025-12-02T21:15:00Z,122661,12.48,2025-12-02T21:03:50Z,-4.722,0.29,0.216,0.29,0.216,0.06,32.3888
2025-12-02T21:30:00Z,122662,12.5,2025-12-02T21:26:15Z,-5.109,0.29,0.204,0.29,0.204,0.06,32.3672
2025-12-02T21:45:00Z,122663,12.5,2025-12-02T21:31:35Z,-5.385,0.29,0.196,0.29,0.196,0.06,32.3528
2025-12-02T22:00:00Z,122664,12.49,2025-12-02T21:50:25Z,-5.56,0.29,0.195,0.29,0.195,0.06,32.351
2025-12-02T22:15:00Z,122665,12.48,2025-12-02T22:00:55Z,-5.72,0.289,0.19,0.289,0.19,0.06,32.342
2025-12-02T22:30:00Z,122666,12.5,2025-12-02T22:24:55Z,-5.923,0.289,0.19,0.289,0.19,0.06,32.342
2025-12-02T22:45:00Z,122667,12.49,2025-12-02T22:32:55Z,-6.135,0.289,0.191,0.289,0.191,0.06,32.3438
2025-12-02T23:00:00Z,122668,12.28,2025-12-02T22:53:45Z,-6.391,0.289,0.195,0.289,0.195,0.06,32.351
2025-12-02T23:15:00Z,122669,12.5,2025-12-02T23:10:15Z,-6.578,0.289,0.188,0.289,0.188,0.06,32.3384
2025-12-02T23:30:00Z,122670,12.51,2025-12-02T23:15:05Z,-6.693,0.289,0.187,0.289,0.187,0.06,32.3366
2025-12-02T23:45:00Z,122671,12.51,2025-12-02T23:32:20Z,-6.774,0.288,0.19,0.288,0.19,0.06,32.342
2025-12-03T00:15:00Z,122673,12.5,2025-12-03T00:04:40Z,-6.991,0.288,0.169,0.288,0.169,0.06,32.3042
2025-12-03T00:30:00Z,122674,12.48,2025-12-03T00:29:40Z,-7.18,0.288,0.179,0.288,0.179,0.06,32.3222
2025-12-03T00:45:00Z,122675,12.47,2025-12-03T00:43:45Z,-7.352,0.288,0.172,0.288,0.172,0.06,32.3096
2025-12-03T01:00:00Z,122676,12.47,2025-12-03T00:57:15Z,-7.492,0.288,0.166,0.288,0.166,0.06,32.2988
2025-12-03T01:15:00Z,122677,12.5,2025-12-03T01:03:35Z,-7.659,0.288,0.16,0.288,0.16,0.06,32.288
2025-12-03T01:30:00Z,122678,12.48,2025-12-03T01:29:45Z,-7.839,0.288,0.154,0.288,0.154,0.06,32.2772
2025-12-03T01:45:00Z,122679,12.48,2025-12-03T01:37:50Z,-8.04,0.288,0.148,0.288,0.148,0.06,32.2664
2025-12-03T02:00:00Z,122680,12.49,2025-12-03T01:56:30Z,-8.23,0.288,0.15,0.288,0.15,0.06,32.27
2025-12-03T02:15:00Z,122681,12.48,2025-12-03T02:04:30Z,-8.38,0.288,0.153,0.288,0.153,0.06,32.2754
2025-12-03T02:30:00Z,122682,12.48,2025-12-03T02:23:10Z,-8.51,0.287,0.154,0.287,0.154,0.06,32.2772
2025-12-03T02:45:00Z,122683,12.35,2025-12-03T02:33:45Z,-8.62,0.287,0.153,0.287,0.153,0.06,32.2754
2025-12-03T03:00:00Z,122684,12.46,2025-12-03T02:47:10Z,-8.73,0.287,0.16,0.287,0.16,0.06,32.288
2025-12-03T03:15:00Z,122685,12.47,2025-12-03T03:13:50Z,-8.81,0.287,0.15,0.287,0.15,0.06,32.27
2025-12-03T03:30:00Z,122686,12.47,2025-12-03T03:29:45Z,-8.87,0.287,0.146,0.287,0.146,0.06,32.2628
2025-12-03T03:45:00Z,122687,12.49,2025-12-03T03:32:55Z,-8.89,0.286,0.148,0.286,0.148,0.06,32.2664
2025-12-03T04:00:00Z,122688,12.48,2025-12-03T03:48:30Z,-8.89,0.286,0.156,0.286,0.156,0.06,32.2808
2025-12-03T04:15:00Z,122689,12.49,2025-12-03T04:00:20Z,-8.85,0.286,0.163,0.286,0.163,0.06,32.2934
2025-12-03T04:30:00Z,122690,12.46,2025-12-03T04:29:40Z,-8.78,0.286,0.166,0.286,0.166,0.06,32.2988
2025-12-03T04:45:00Z,122691,12.49,2025-12-03T04:33:05Z,-8.7,0.286,0.172,0.286,0.172,0.06,32.3096
2025-12-03T05:00:00Z,122692,12.45,2025-12-03T04:57:10Z,-8.61,0.286,0.169,0.286,0.169,0.06,32.3042
2025-12-03T05:15:00Z,122693,12.45,2025-12-03T05:02:10Z,-8.53,0.286,0.165,0.286,0.165,0.06,32.297
2025-12-03T05:30:00Z,122694,12.44,2025-12-03T05:29:45Z,-8.45,0.286,0.166,0.286,0.166,0.06,32.2988
2025-12-03T05:45:00Z,122695,12.48,2025-12-03T05:30:05Z,-8.37,0.286,0.17,0.286,0.17,0.06,32.306
2025-12-03T06:00:00Z,122696,12.48,2025-12-03T05:52:05Z,-8.27,0.286,0.165,0.286,0.165,0.06,32.297
2025-12-03T06:15:00Z,122697,12.48,2025-12-03T06:02:15Z,-8.18,0.286,0.166,0.286,0.166,0.06,32.2988
2025-12-03T06:30:00Z,122698,12.45,2025-12-03T06:26:45Z,-8.09,0.286,0.166,0.286,0.166,0.06,32.2988
2025-12-03T06:45:00Z,122699,12.48,2025-12-03T06:31:25Z,-8.04,0.286,0.163,0.286,0.163,0.06,32.2934
2025-12-03T07:00:00Z,122700,12.44,2025-12-03T06:57:15Z,-8.01,0.286,0.168,0.286,0.168,0.06,32.3024
2025-12-03T07:15:00Z,122701,12.45,2025-12-03T07:02:10Z,-7.979,0.285,0.167,0.285,0.167,0.06,32.3006
2025-12-03T07:30:00Z,122702,12.46,2025-12-03T07:20:05Z,-7.944,0.285,0.167,0.285,0.167,0.06,32.3006
2025-12-03T07:45:00Z,122703,12.44,2025-12-03T07:33:25Z,-7.915,0.285,0.17,0.285,0.17,0.06,32.306
2025-12-03T08:00:00Z,122704,12.47,2025-12-03T07:49:25Z,-7.874,0.285,0.171,0.285,0.171,0.06,32.3078
2025-12-03T08:15:00Z,122705,12.45,2025-12-03T08:03:55Z,-7.824,0.285,0.168,0.285,0.168,0.06,32.3024
2025-12-03T08:30:00Z,122706,12.48,2025-12-03T08:24:50Z,-7.763,0.285,0.171,0.285,0.171,0.06,32.3078
2025-12-03T08:45:00Z,122707,12.48,2025-12-03T08:34:45Z,-7.681,0.284,0.173,0.284,0.173,0.06,32.3114
2025-12-03T09:00:00Z,122708,12.47,2025-12-03T08:48:05Z,-7.571,0.284,0.174,0.284,0.174,0.06,32.3132
2025-12-03T09:15:00Z,122709,12.48,2025-12-03T09:02:20Z,-7.391,0.284,0.177,0.284,0.177,0.06,32.318600000000004
2025-12-03T09:30:00Z,122710,12.5,2025-12-03T09:15:25Z,-7.178,0.285,0.176,0.285,0.176,0.06,32.3168
2025-12-03T09:45:00Z,122711,12.52,2025-12-03T09:31:00Z,-6.946,0.284,0.182,0.284,0.182,0.06,32.3276
2025-12-03T10:00:00Z,122712,12.51,2025-12-03T09:46:05Z,-6.703,0.285,0.184,0.285,0.184,0.06,32.3312
2025-12-03T10:15:00Z,122713,12.52,2025-12-03T10:14:40Z,-6.478,0.284,0.184,0.284,0.184,0.06,32.3312
2025-12-03T10:30:00Z,122714,12.51,2025-12-03T10:15:55Z,-6.251,0.284,0.184,0.284,0.184,0.06,32.3312
2025-12-03T10:45:00Z,122715,12.53,2025-12-03T10:31:45Z,-6.043,0.284,0.195,0.284,0.195,0.06,32.351
2025-12-03T11:00:00Z,122716,12.54,2025-12-03T10:45:10Z,-5.788,0.284,0.198,0.284,0.198,0.06,32.3564
2025-12-03T11:15:00Z,122717,12.53,2025-12-03T11:02:10Z,-5.494,0.284,0.21,0.284,0.21,0.06,32.378
2025-12-03T11:30:00Z,122718,12.53,2025-12-03T11:26:20Z,-5.165,0.283,0.215,0.283,0.215,0.06,32.387
2025-12-03T11:45:00Z,122719,12.51,2025-12-03T11:43:50Z,-4.895,0.284,0.2,0.284,0.2,0.06,32.36
2025-12-03T12:00:00Z,122720,12.52,2025-12-03T11:55:40Z,-4.788,0.283,0.197,0.283,0.197,0.06,32.3546
2025-12-03T12:15:00Z,122721,12.52,2025-12-03T12:11:40Z,-4.757,0.283,0.199,0.283,0.199,0.06,32.3582
2025-12-03T12:30:00Z,122722,12.52,2025-12-03T12:26:40Z,-4.715,0.283,0.195,0.283,0.195,0.06,32.351
2025-12-03T12:45:00Z,122723,12.52,2025-12-03T12:33:00Z,-4.661,0.283,0.197,0.283,0.197,0.06,32.3546
2025-12-03T13:00:00Z,122724,12.5,2025-12-03T12:51:40Z,-4.562,0.283,0.204,0.283,0.204,0.06,32.3672
2025-12-03T13:15:00Z,122725,12.53,2025-12-03T13:12:10Z,-4.423,0.283,0.205,0.283,0.205,0.06,32.369
2025-12-03T13:30:00Z,122726,12.53,2025-12-03T13:29:45Z,-4.256,0.283,0.208,0.283,0.208,0.06,32.3744
2025-12-03T13:45:00Z,122727,12.51,2025-12-03T13:33:50Z,-4.124,0.283,0.204,0.283,0.204,0.06,32.3672
2025-12-03T14:00:00Z,122728,12.52,2025-12-03T13:58:20Z,-4.042,0.283,0.202,0.283,0.202,0.06,32.3636
2025-12-03T14:15:00Z,122729,12.52,2025-12-03T14:01:00Z,-4.01,0.283,0.203,0.283,0.203,0.06,32.3654
2025-12-03T14:30:00Z,122730,12.52,2025-12-03T14:16:00Z,-4.021,0.282,0.2,0.282,0.2,0.06,32.36
2025-12-03T14:45:00Z,122731,12.52,2025-12-03T14:30:20Z,-4.012,0.282,0.202,0.282,0.202,0.06,32.3636
2025-12-03T15:00:00Z,122732,12.53,2025-12-03T14:45:50Z,-3.971,0.282,0.205,0.282,0.205,0.06,32.369
2025-12-03T15:15:00Z,122733,12.52,2025-12-03T15:02:10Z,-3.903,0.281,0.206,0.281,0.206,0.06,32.3708
2025-12-03T15:30:00Z,122734,12.52,2025-12-03T15:22:40Z,-3.829,0.282,0.207,0.282,0.207,0.06,32.3726
2025-12-03T15:45:00Z,122735,12.52,2025-12-03T15:30:05Z,-3.768,0.281,0.206,0.281,0.206,0.06,32.3708
2025-12-03T16:00:00Z,122736,12.5,2025-12-03T15:57:10Z,-3.72,0.281,0.203,0.281,0.203,0.06,32.3654
2025-12-03T16:15:00Z,122737,12.5,2025-12-03T16:08:05Z,-3.689,0.281,0.205,0.281,0.205,0.06,32.369
2025-12-03T16:30:00Z,122738,12.5,2025-12-03T16:28:20Z,-3.685,0.281,0.202,0.281,0.202,0.06,32.3636
2025-12-03T16:45:00Z,122739,12.5,2025-12-03T16:44:00Z,-3.7,0.281,0.211,0.281,0.211,0.06,32.3798
2025-12-03T17:00:00Z,122740,12.49,2025-12-03T16:50:40Z,-3.731,0.28,0.217,0.28,0.217,0.06,32.3906
2025-12-03T17:15:00Z,122741,12.48,2025-12-03T17:13:55Z,-3.772,0.28,0.219,0.28,0.219,0.06,32.3942
2025-12-03T17:30:00Z,122742,12.5,2025-12-03T17:17:05Z,-3.817,0.28,0.224,0.28,0.224,0.06,32.4032
2025-12-03T17:45:00Z,122743,12.5,2025-12-03T17:31:40Z,-3.857,0.28,0.224,0.28,0.224,0.06,32.4032
2025-12-03T18:00:00Z,122744,12.47,2025-12-03T17:57:10Z,-3.886,0.279,0.224,0.279,0.224,0.059,32.4032
2025-12-03T18:15:00Z,122745,12.5,2025-12-03T18:01:55Z,-3.902,0.279,0.227,0.279,0.227,0.059,32.4086
2025-12-03T18:30:00Z,122746,12.48,2025-12-03T18:23:15Z,-3.893,0.279,0.222,0.279,0.222,0.059,32.3996
2025-12-03T18:45:00Z,122747,12.35,2025-12-03T18:33:25Z,-3.87,0.279,0.219,0.279,0.219,0.059,32.3942
2025-12-03T19:00:00Z,122748,12.47,2025-12-03T18:47:15Z,-3.832,0.279,0.217,0.279,0.217,0.059,32.3906
2025-12-03T19:15:00Z,122749,12.47,2025-12-03T19:11:15Z,-3.798,0.279,0.218,0.279,0.218,0.059,32.3924
2025-12-03T19:30:00Z,122750,12.48,2025-12-03T19:16:35Z,-3.756,0.279,0.221,0.279,0.221,0.059,32.3978
2025-12-03T19:45:00Z,122751,12.47,2025-12-03T19:34:20Z,-3.715,0.279,0.221,0.279,0.221,0.059,32.3978
2025-12-03T20:00:00Z,122752,12.46,2025-12-03T19:57:10Z,-3.662,0.279,0.22,0.279,0.22,0.059,32.396
2025-12-03T20:15:00Z,122753,12.49,2025-12-03T20:04:35Z,-3.591,0.279,0.223,0.279,0.223,0.059,32.4014
2025-12-03T20:30:00Z,122754,12.49,2025-12-03T20:25:00Z,-3.515,0.279,0.225,0.279,0.225,0.059,32.405
2025-12-03T20:45:00Z,122755,12.47,2025-12-03T20:31:15Z,-3.428,0.279,0.223,0.279,0.223,0.059,32.4014
2025-12-03T21:00:00Z,122756,12.48,2025-12-03T20:54:00Z,-3.348,0.278,0.223,0.278,0.223,0.057999999999999996,32.4014
2025-12-03T21:15:00Z,122757,12.47,2025-12-03T21:02:15Z,-3.257,0.278,0.225,0.278,0.225,0.057999999999999996,32.405
2025-12-03T21:30:00Z,122758,12.5,2025-12-03T21:16:00Z,-3.166,0.278,0.23,0.278,0.23,0.057999999999999996,32.414
2025-12-03T21:45:00Z,122759,12.48,2025-12-03T21:38:45Z,-3.067,0.278,0.228,0.278,0.228,0.057999999999999996,32.4104
2025-12-03T22:00:00Z,122760,12.47,2025-12-03T21:58:15Z,-2.956,0.278,0.234,0.278,0.234,0.057999999999999996,32.4212
2025-12-03T22:15:00Z,122761,12.5,2025-12-03T22:02:10Z,-2.838,0.278,0.237,0.278,0.237,0.057999999999999996,32.4266
2025-12-03T22:30:00Z,122762,12.5,2025-12-03T22:28:05Z,-2.733,0.278,0.24,0.278,0.24,0.057999999999999996,32.432
2025-12-03T22:45:00Z,122763,12.5,2025-12-03T22:31:10Z,-2.646,0.278,0.24,0.278,0.24,0.057999999999999996,32.432
2025-12-03T23:00:00Z,122764,12.47,2025-12-03T22:57:15Z,-2.569,0.278,0.239,0.278,0.239,0.057999999999999996,32.4302
2025-12-03T23:15:00Z,122765,12.48,2025-12-03T23:12:10Z,-2.501,0.278,0.241,0.278,0.241,0.057999999999999996,32.4338
2025-12-03T23:30:00Z,122766,12.49,2025-12-03T23:19:05Z,-2.441,0.278,0.241,0.278,0.241,0.057999999999999996,32.4338
2025-12-03T23:45:00Z,122767,12.49,2025-12-03T23:41:30Z,-2.387,0.278,0.242,0.278,0.242,0.057999999999999996,32.4356
2025-12-04T00:15:00Z,122769,12.49,2025-12-04T00:10:50Z,-2.242,0.277,0.246,0.277,0.246,0.056999999999999995,32.4428
2025-12-04T00:30:00Z,122770,12.48,2025-12-04T00:29:40Z,-2.135,0.277,0.244,0.277,0.244,0.056999999999999995,32.4392
2025-12-04T00:45:00Z,122771,12.47,2025-12-04T00:40:10Z,-2.03,0.277,0.239,0.277,0.239,0.056999999999999995,32.4302
2025-12-04T01:00:00Z,122772,12.47,2025-12-04T00:53:30Z,-1.963,0.277,0.231,0.277,0.231,0.056999999999999995,32.4158
2025-12-04T01:15:00Z,122773,12.31,2025-12-04T01:02:05Z,-1.93,0.277,0.231,0.277,0.231,0.056999999999999995,32.4158
2025-12-04T01:30:00Z,122774,12.49,2025-12-04T01:29:40Z,-1.933,0.277,0.233,0.277,0.233,0.056999999999999995,32.4194
2025-12-04T01:45:00Z,122775,12.49,2025-12-04T01:30:50Z,-1.967,0.276,0.23,0.276,0.23,0.056,32.414
2025-12-04T02:00:00Z,122776,12.48,2025-12-04T01:57:10Z,-2.014,0.276,0.226,0.276,0.226,0.056,32.4068
2025-12-04T02:15:00Z,122777,12.49,2025-12-04T02:00:10Z,-2.079,0.276,0.217,0.276,0.217,0.056,32.3906
2025-12-04T02:30:00Z,122778,12.47,2025-12-04T02:23:55Z,-2.167,0.276,0.215,0.276,0.215,0.056,32.387
2025-12-04T02:45:00Z,122779,12.49,2025-12-04T02:32:10Z,-2.27,0.276,0.207,0.276,0.207,0.056,32.3726
2025-12-04T03:00:00Z,122780,12.49,2025-12-04T02:45:30Z,-2.397,0.276,0.211,0.276,0.211,0.056,32.3798
2025-12-04T03:15:00Z,122781,12.49,2025-12-04T03:01:30Z,-2.554,0.276,0.204,0.276,0.204,0.056,32.3672
2025-12-04T03:30:00Z,122782,12.49,2025-12-04T03:29:00Z,-2.725,0.276,0.199,0.276,0.199,0.056,32.3582
2025-12-04T03:45:00Z,122783,12.5,2025-12-04T03:33:15Z,-2.85,0.276,0.193,0.276,0.193,0.056,32.3474
2025-12-04T04:00:00Z,122784,12.51,2025-12-04T03:46:05Z,-2.965,0.276,0.191,0.276,0.191,0.056,32.3438
2025-12-04T04:15:00Z,122785,12.47,2025-12-04T04:13:55Z,-3.063,0.275,0.186,0.275,0.186,0.055,32.3348
2025-12-04T04:30:00Z,122786,12.48,2025-12-04T04:29:45Z,-3.149,0.275,0.185,0.275,0.185,0.055,32.333
2025-12-04T04:45:00Z,122787,12.49,2025-12-04T04:34:45Z,-3.231,0.275,0.178,0.275,0.178,0.055,32.3204
2025-12-04T05:00:00Z,122788,12.5,2025-12-04T04:53:35Z,-3.322,0.276,0.174,0.276,0.174,0.056,32.3132
2025-12-04T05:15:00Z,122789,12.5,2025-12-04T05:02:05Z,-3.442,0.275,0.171,0.275,0.171,0.055,32.3078
2025-12-04T05:30:00Z,122790,12.48,2025-12-04T05:21:05Z,-3.59,0.276,0.173,0.276,0.173,0.056,32.3114
2025-12-04T05:45:00Z,122791,12.49,2025-12-04T05:42:55Z,-3.773,0.276,0.177,0.276,0.177,0.056,32.318600000000004
2025-12-04T06:00:00Z,122792,12.48,2025-12-04T05:58:20Z,-3.956,0.276,0.181,0.276,0.181,0.056,32.3258
2025-12-04T06:15:00Z,122793,12.47,2025-12-04T06:02:15Z,-4.206,0.276,0.173,0.276,0.173,0.056,32.3114
2025-12-04T06:30:00Z,122794,12.48,2025-12-04T06:25:05Z,-4.56,0.275,0.168,0.275,0.168,0.055,32.3024
2025-12-04T06:45:00Z,122795,12.47,2025-12-04T06:41:05Z,-4.975,0.275,0.17,0.275,0.17,0.055,32.306
2025-12-04T07:00:00Z,122796,12.46,2025-12-04T06:49:05Z,-5.395,0.276,0.172,0.276,0.172,0.056,32.3096
2025-12-04T07:15:00Z,122797,12.49,2025-12-04T07:13:05Z,-5.78,0.276,0.175,0.276,0.175,0.056,32.315
2025-12-04T07:30:00Z,122798,12.47,2025-12-04T07:29:40Z,-6.166,0.275,0.162,0.275,0.162,0.055,32.2916
2025-12-04T07:45:00Z,122799,12.49,2025-12-04T07:37:05Z,-6.53,0.275,0.16,0.275,0.16,0.055,32.288
2025-12-04T08:00:00Z,122800,12.47,2025-12-04T07:57:10Z,-6.816,0.275,0.159,0.275,0.159,0.055,32.2862
2025-12-04T08:15:00Z,122801,12.48,2025-12-04T08:11:45Z,-7.127,0.275,0.161,0.275,0.161,0.055,32.2898
2025-12-04T08:30:00Z,122802,12.48,2025-12-04T08:19:45Z,-7.46,0.275,0.163,0.275,0.163,0.055,32.2934
2025-12-04T08:45:00Z,122803,12.49,2025-12-04T08:35:45Z,-7.752,0.275,0.165,0.275,0.165,0.055,32.297
2025-12-04T09:00:00Z,122804,12.48,2025-12-04T08:57:15Z,-7.877,0.275,0.161,0.275,0.161,0.055,32.2898
2025-12-04T09:15:00Z,122805,12.47,2025-12-04T09:02:10Z,-7.938,0.275,0.16,0.275,0.16,0.055,32.288
2025-12-04T09:30:00Z,122806,12.47,2025-12-04T09:16:40Z,-7.973,0.275,0.165,0.275,0.165,0.055,32.297
2025-12-04T09:45:00Z,122807,12.48,2025-12-04T09:44:05Z,-7.863,0.275,0.176,0.275,0.176,0.055,32.3168
2025-12-04T10:00:00Z,122808,12.49,2025-12-04T09:46:00Z,-7.611,0.275,0.176,0.275,0.176,0.055,32.3168
2025-12-04T10:15:00Z,122809,12.51,2025-12-04T10:01:30Z,-7.132,0.275,0.172,0.275,0.172,0.055,32.3096
2025-12-04T10:30:00Z,122810,12.49,2025-12-04T10:28:40Z,-6.562,0.275,0.176,0.275,0.176,0.055,32.3168
2025-12-04T10:45:00Z,122811,12.5,2025-12-04T10:39:20Z,-5.928,0.275,0.177,0.275,0.177,0.055,32.318600000000004
2025-12-04T11:00:00Z,122812,12.49,2025-12-04T10:55:20Z,-5.532,0.275,0.172,0.275,0.172,0.055,32.3096
2025-12-04T11:15:00Z,122813,12.49,2025-12-04T11:00:40Z,-5.544,0.275,0.179,0.275,0.179,0.055,32.3222
2025-12-04T11:30:00Z,122814,12.5,2025-12-04T11:16:40Z,-5.547,0.275,0.185,0.275,0.185,0.055,32.333
2025-12-04T11:45:00Z,122815,12.51,2025-12-04T11:32:40Z,-5.129,0.275,0.188,0.275,0.188,0.055,32.3384
2025-12-04T12:00:00Z,122816,12.49,2025-12-04T11:54:00Z,-4.744,0.275,0.187,0.275,0.187,0.055,32.3366
2025-12-04T12:15:00Z,122817,12.52,2025-12-04T12:02:05Z,-4.813,0.275,0.189,0.275,0.189,0.055,32.3402
2025-12-04T12:30:00Z,122818,12.5,2025-12-04T12:15:20Z,-4.712,0.275,0.188,0.275,0.188,0.055,32.3384
2025-12-04T12:45:00Z,122819,12.53,2025-12-04T12:39:15Z,-4.341,0.281,0.164,0.281,0.164,0.06,32.2952
2025-12-04T13:00:00Z,122820,12.53,2025-12-04T12:47:20Z,-4.399,0.279,0.159,0.279,0.159,0.059,32.2862
2025-12-04T13:15:00Z,122821,12.52,2025-12-04T13:02:05Z,-4.552,0.278,0.156,0.278,0.156,0.057999999999999996,32.2808
2025-12-04T13:30:00Z,122822,12.53,2025-12-04T13:24:00Z,-4.564,0.277,0.155,0.277,0.155,0.056999999999999995,32.279
2025-12-04T13:45:00Z,122823,12.55,2025-12-04T13:32:40Z,-4.409,0.277,0.153,0.277,0.153,0.056999999999999995,32.2754
2025-12-04T14:00:00Z,122824,12.6,2025-12-04T13:45:05Z,-3.985,0.277,0.149,0.277,0.149,0.056999999999999995,32.2682
2025-12-04T14:15:00Z,122825,12.6,2025-12-04T14:02:05Z,-2.914,0.277,0.145,0.277,0.145,0.056999999999999995,32.261
2025-12-04T14:30:00Z,122826,12.62,2025-12-04T14:15:20Z,-2.264,0.276,0.142,0.276,0.142,0.056,32.2556
2025-12-04T14:45:00Z,122827,12.65,2025-12-04T14:32:10Z,-2.123,0.276,0.139,0.276,0.139,0.056,32.2502
2025-12-04T15:00:00Z,122828,12.64,2025-12-04T14:49:05Z,-2.024,0.276,0.138,0.276,0.138,0.056,32.2484
2025-12-04T15:15:00Z,122829,12.63,2025-12-04T15:06:25Z,-2.276,0.276,0.139,0.276,0.139,0.056,32.2502
2025-12-04T15:30:00Z,122830,12.6,2025-12-04T15:18:20Z,-2.829,0.276,0.139,0.276,0.139,0.056,32.2502
2025-12-04T15:45:00Z,122831,12.56,2025-12-04T15:44:35Z,-3.204,0.276,0.139,0.276,0.139,0.056,32.2502
2025-12-04T16:00:00Z,122832,12.52,2025-12-04T15:57:20Z,-3.757,0.276,0.139,0.276,0.139,0.056,32.2502
2025-12-04T16:15:00Z,122833,12.4,2025-12-04T16:02:05Z,-4.56,0.276,0.138,0.276,0.138,0.056,32.2484
2025-12-04T16:30:00Z,122834,12.49,2025-12-04T16:29:40Z,-5.251,0.276,0.137,0.276,0.137,0.056,32.2466
2025-12-04T16:45:00Z,122835,12.49,2025-12-04T16:34:55Z,-5.955,0.276,0.136,0.276,0.136,0.056,32.2448
2025-12-04T17:00:00Z,122836,12.47,2025-12-04T16:56:15Z,-6.708,0.276,0.134,0.276,0.134,0.056,32.2412
2025-12-04T17:15:00Z,122837,12.47,2025-12-04T17:02:15Z,-7.493,0.276,0.133,0.276,0.133,0.056,32.2394
2025-12-04T17:30:00Z,122838,12.44,2025-12-04T17:25:35Z,-8.32,0.275,0.131,0.275,0.131,0.055,32.2358
2025-12-04T17:45:00Z,122839,12.48,2025-12-04T17:30:55Z,-9.17,0.275,0.13,0.275,0.13,0.055,32.234
2025-12-04T18:00:00Z,122840,12.47,2025-12-04T17:46:55Z,-10,0.275,0.129,0.275,0.129,0.055,32.2322
2025-12-04T18:15:00Z,122841,12.48,2025-12-04T18:10:55Z,-10.79,0.274,0.128,0.274,0.128,0.054,32.2304
2025-12-04T18:30:00Z,122842,12.48,2025-12-04T18:29:35Z,-11.52,0.274,0.128,0.274,0.128,0.054,32.2304
2025-12-04T18:45:00Z,122843,12.48,2025-12-04T18:30:20Z,-12.19,0.274,0.126,0.274,0.126,0.054,32.2268
2025-12-04T19:00:00Z,122844,12.44,2025-12-04T18:54:05Z,-12.8,0.274,0.123,0.274,0.123,0.054,32.2214
2025-12-04T19:15:00Z,122845,12.47,2025-12-04T19:10:25Z,-13.36,0.275,0.122,0.275,0.122,0.055,32.2196
2025-12-04T19:30:00Z,122846,12.44,2025-12-04T19:29:40Z,-13.87,0.274,0.121,0.274,0.121,0.054,32.2178
2025-12-04T19:45:00Z,122847,12.45,2025-12-04T19:36:15Z,-14.33,0.274,0.121,0.274,0.121,0.054,32.2178
2025-12-04T20:00:00Z,122848,12.43,2025-12-04T19:57:10Z,-14.75,0.273,0.124,0.273,0.124,0.053,32.2232
2025-12-04T20:15:00Z,122849,12.43,2025-12-04T20:02:05Z,-15.14,0.273,0.127,0.273,0.127,0.053,32.2286
2025-12-04T20:30:00Z,122850,12.44,2025-12-04T20:29:40Z,-15.51,0.273,0.129,0.273,0.129,0.053,32.2322
2025-12-04T20:45:00Z,122851,12.4,2025-12-04T20:44:05Z,-15.84,0.273,0.131,0.273,0.131,0.053,32.2358
2025-12-04T21:00:00Z,122852,12.43,2025-12-04T20:56:15Z,-16.14,0.273,0.137,0.273,0.137,0.053,32.2466
2025-12-04T21:15:00Z,122853,12.42,2025-12-04T21:07:50Z,-16.42,0.273,0.147,0.273,0.147,0.053,32.2646
2025-12-04T21:30:00Z,122854,12.43,2025-12-04T21:29:45Z,-16.69,0.273,0.156,0.273,0.156,0.053,32.2808
2025-12-04T21:45:00Z,122855,12.45,2025-12-04T21:34:25Z,-16.95,0.273,0.16,0.273,0.16,0.053,32.288
2025-12-04T22:00:00Z,122856,12.44,2025-12-04T21:57:40Z,-17.17,0.273,0.159,0.273,0.159,0.053,32.2862
2025-12-04T22:15:00Z,122857,12.4,2025-12-04T22:02:05Z,-17.36,0.273,0.159,0.273,0.159,0.053,32.2862
2025-12-04T22:30:00Z,122858,12.43,2025-12-04T22:25:15Z,-17.54,0.272,0.157,0.272,0.157,0.052000000000000005,32.2826
2025-12-04T22:45:00Z,122859,12.4,2025-12-04T22:34:05Z,-17.71,0.272,0.161,0.272,0.161,0.052000000000000005,32.2898
2025-12-04T23:00:00Z,122860,12.39,2025-12-04T22:57:10Z,-17.88,0.272,0.156,0.272,0.156,0.052000000000000005,32.2808
2025-12-04T23:15:00Z,122861,12.39,2025-12-04T23:02:05Z,-18.05,0.272,0.153,0.272,0.153,0.052000000000000005,32.2754
2025-12-04T23:30:00Z,122862,12.39,2025-12-04T23:29:45Z,-18.22,0.272,0.152,0.272,0.152,0.052000000000000005,32.2736
2025-12-04T23:45:00Z,122863,12.4,2025-12-04T23:35:25Z,-18.41,0.271,0.151,0.271,0.151,0.051000000000000004,32.2718
2025-12-05T00:15:00Z,122865,12.39,2025-12-05T00:02:05Z,-18.77,0.271,0.158,0.271,0.158,0.051000000000000004,32.2844
2025-12-05T00:30:00Z,122866,12.38,2025-12-05T00:23:25Z,-18.95,0.271,0.155,0.271,0.155,0.051000000000000004,32.279
2025-12-05T00:45:00Z,122867,12.4,2025-12-05T00:34:05Z,-19.12,0.271,0.155,0.271,0.155,0.051000000000000004,32.279
2025-12-05T01:00:00Z,122868,12.41,2025-12-05T00:54:15Z,-19.27,0.271,0.153,0.271,0.153,0.051000000000000004,32.2754
2025-12-05T01:15:00Z,122869,12.37,2025-12-05T01:02:05Z,-19.41,0.27,0.15,0.27,0.15,0.05,32.27
2025-12-05T01:30:00Z,122870,12.41,2025-12-05T01:21:35Z,-19.55,0.27,0.137,0.27,0.137,0.05,32.2466
2025-12-05T01:45:00Z,122871,12.41,2025-12-05T01:31:40Z,-19.68,0.269,0.132,0.269,0.132,0.05,32.2376
2025-12-05T02:00:00Z,122872,12.39,2025-12-05T01:57:15Z,-19.8,0.269,0.133,0.269,0.133,0.05,32.2394
2025-12-05T02:15:00Z,122873,12.38,2025-12-05T02:02:05Z,-19.92,0.269,0.133,0.269,0.133,0.05,32.2394
2025-12-05T02:30:00Z,122874,12.4,2025-12-05T02:20:25Z,-20.04,0.269,0.141,0.269,0.141,0.05,32.2538
2025-12-05T02:45:00Z,122875,12.38,2025-12-05T02:43:00Z,-20.12,0.269,0.143,0.269,0.143,0.05,32.2574
2025-12-05T03:00:00Z,122876,12.39,2025-12-05T02:59:00Z,-20.18,0.269,0.142,0.269,0.142,0.05,32.2556
2025-12-05T03:15:00Z,122877,12.35,2025-12-05T03:02:05Z,-20.24,0.268,0.14,0.268,0.14,0.05,32.252
2025-12-05T03:30:00Z,122878,12.36,2025-12-05T03:28:20Z,-20.29,0.268,0.148,0.268,0.148,0.05,32.2664
2025-12-05T03:45:00Z,122879,12.36,2025-12-05T03:31:00Z,-20.31,0.268,0.154,0.268,0.154,0.05,32.2772
2025-12-05T04:00:00Z,122880,12.36,2025-12-05T03:57:15Z,-20.34,0.268,0.16,0.268,0.16,0.05,32.288
2025-12-05T04:15:00Z,122881,12.35,2025-12-05T04:02:05Z,-20.32,0.268,0.165,0.268,0.165,0.05,32.297
2025-12-05T04:30:00Z,122882,12.37,2025-12-05T04:29:45Z,-20.3,0.268,0.172,0.268,0.172,0.05,32.3096
2025-12-05T04:45:00Z,122883,12.39,2025-12-05T04:30:05Z,-20.27,0.268,0.189,0.268,0.189,0.05,32.3402
2025-12-05T05:00:00Z,122884,12.35,2025-12-05T04:57:10Z,-20.25,0.268,0.207,0.268,0.207,0.05,32.3726
2025-12-05T05:15:00Z,122885,12.37,2025-12-05T05:11:50Z,-20.23,0.267,0.229,0.267,0.229,0.05,32.4122
2025-12-05T05:30:00Z,122886,12.39,2025-12-05T05:16:50Z,-20.24,0.267,0.245,0.267,0.245,0.05,32.441
2025-12-05T05:45:00Z,122887,12.38,2025-12-05T05:36:10Z,-20.25,0.266,0.247,0.266,0.247,0.05,32.4446
2025-12-05T06:00:00Z,122888,12.36,2025-12-05T05:57:15Z,-20.22,0.265,0.247,0.265,0.247,0.05,32.4446
2025-12-05T06:15:00Z,122889,12.34,2025-12-05T06:02:05Z,-20.11,0.265,0.246,0.265,0.246,0.05,32.4428
2025-12-05T06:30:00Z,122890,12.35,2025-12-05T06:29:40Z,-19.92,0.264,0.232,0.264,0.232,0.05,32.4176
2025-12-05T06:45:00Z,122891,12.34,2025-12-05T06:43:55Z,-19.7,0.264,0.238,0.264,0.238,0.05,32.4284
2025-12-05T07:00:00Z,122892,12.35,2025-12-05T06:46:15Z,-19.5,0.263,0.246,0.263,0.246,0.05,32.4428
2025-12-05T07:15:00Z,122893,12.34,2025-12-05T07:02:05Z,-19.31,0.263,0.323,0.263,0.323,0.05,32.5814
2025-12-05T07:30:00Z,122894,12.37,2025-12-05T07:25:25Z,-19.15,0.262,0.323,0.262,0.323,0.05,32.5814
2025-12-05T07:45:00Z,122895,12.34,2025-12-05T07:44:20Z,-19.02,0.262,0.317,0.262,0.317,0.05,32.5706
2025-12-05T08:00:00Z,122896,12.37,2025-12-05T07:48:30Z,-18.89,0.262,0.318,0.262,0.318,0.05,32.5724
2025-12-05T08:15:00Z,122897,12.33,2025-12-05T08:02:05Z,-18.71,0.261,0.324,0.261,0.324,0.05,32.5832
2025-12-05T08:30:00Z,122898,12.37,2025-12-05T08:25:35Z,-18.48,0.261,0.325,0.261,0.325,0.05,32.585
2025-12-05T08:45:00Z,122899,12.37,2025-12-05T08:38:55Z,-18.22,0.261,0.32,0.261,0.32,0.05,32.576
2025-12-05T09:00:00Z,122900,12.38,2025-12-05T08:51:00Z,-17.77,0.26,0.314,0.26,0.314,0.05,32.5652
