gage_id,parameter,month_day,min,max,mean,median,p10,p25,p75,p90,count
cyrus_brouse,discharge,01-01,0.42,2.88,1.45,1.32,0.42,0.44,2.42,2.66,2
cyrus_brouse,discharge,01-02,0.38,2.16,1.19,0.41,0.38,0.39,1.98,2.09,2
cyrus_brouse,discharge,01-03,0.35,5.96,1.28,0.37,0.35,0.36,0.37,5.4,2
cyrus_brouse,discharge,01-04,0.3,3.29,1.33,0.34,0.31,0.32,2.98,3.12,2
cyrus_brouse,discharge,01-05,0.28,2.69,1.34,1.26,0.3,0.3,2.34,2.52,2
cyrus_brouse,discharge,01-06,0.3,2.19,1.18,1.13,0.3,0.3,2.05,2.15,2
cyrus_brouse,discharge,01-07,0.28,1.95,1.06,1.01,0.29,0.3,1.82,1.9,2
cyrus_brouse,discharge,01-08,0.26,1.73,0.96,0.95,0.26,0.27,1.65,1.69,2
cyrus_brouse,discharge,01-09,0.3,8.17,1.65,1.5,0.33,0.38,1.56,2.61,2
cyrus_brouse,discharge,01-10,1.43,8.05,2.62,1.58,1.44,1.44,3.01,5.7,2
cyrus_brouse,discharge,01-11,0.92,1.66,1.31,1.4,1,1.17,1.42,1.43,2
cyrus_brouse,discharge,01-12,0.82,1.4,1.12,1.12,0.83,0.87,1.39,1.4,2
cyrus_brouse,discharge,01-13,0.56,1.32,1.03,1.05,0.77,0.79,1.27,1.3,2
cyrus_brouse,discharge,01-14,0.61,1.21,0.93,0.94,0.65,0.72,1.14,1.18,2
cyrus_brouse,discharge,01-15,0.66,1.06,0.87,0.88,0.68,0.69,1.05,1.05,2
cyrus_brouse,discharge,01-16,0.65,1.27,0.88,0.85,0.67,0.68,1.03,1.19,2
cyrus_brouse,discharge,01-17,0.61,1.6,1.06,0.96,0.63,0.64,1.54,1.59,2
cyrus_brouse,discharge,01-18,0.57,1.56,1.05,1.04,0.6,0.61,1.49,1.53,2
cyrus_brouse,discharge,01-19,0.45,4.07,1.98,1.07,0.47,0.51,3.56,3.91,2
cyrus_brouse,discharge,01-20,0.37,3.52,1.7,1.53,0.38,0.38,2.95,3.29,2
cyrus_brouse,discharge,01-21,0.32,2.6,1.34,1.26,0.33,0.33,2.32,2.49,2
cyrus_brouse,discharge,01-22,0.31,2.15,1.18,1.14,0.32,0.32,2.03,2.09,2
cyrus_brouse,discharge,01-23,0.31,1.95,1.22,1.51,0.33,0.42,1.84,1.91,2
cyrus_brouse,discharge,01-24,0.93,4.89,1.72,1.63,0.98,1.1,1.69,2.86,2
cyrus_brouse,discharge,01-25,1.64,11.98,3.91,3.04,1.67,1.7,5.17,8.12,2
cyrus_brouse,discharge,01-26,1.63,64.2,20.35,7.44,1.66,1.67,35.25,54.74,2
cyrus_brouse,discharge,01-27,1.49,23.93,8.96,6.39,1.58,1.6,15.58,19.9,2
cyrus_brouse,discharge,01-28,1.47,15.9,6.6,5.57,1.5,1.51,10.24,14.2,2
cyrus_brouse,discharge,01-29,1.51,12.36,4.77,3.59,1.52,1.54,7.44,9.87,2
cyrus_brouse,discharge,01-30,1.35,5.55,2.91,2.63,1.53,1.56,4.08,4.87,2
cyrus_brouse,discharge,01-31,1.21,3.98,2.39,2.22,1.37,1.41,3.27,3.68,2
cyrus_brouse,discharge,02-01,1.21,2.92,1.86,1.76,1.23,1.25,2.42,2.67,2
cyrus_brouse,discharge,02-02,1.16,2.4,1.61,1.5,1.18,1.2,1.98,2.23,2
cyrus_brouse,discharge,02-03,0.92,1.75,1.3,1.28,1.02,1.07,1.52,1.65,2
cyrus_brouse,discharge,02-04,0.99,1.39,1.15,1.14,1.01,1.05,1.24,1.32,2
cyrus_brouse,discharge,02-05,0.94,1.23,1.07,1.05,0.97,0.99,1.13,1.21,2
cyrus_brouse,discharge,02-06,0.83,1.27,1.03,1.04,0.85,0.87,1.16,1.25,2
cyrus_brouse,discharge,02-07,0.76,2.99,1.38,1.05,0.76,0.77,1.36,2.94,2
cyrus_brouse,discharge,02-08,0.73,2.78,1.5,1.43,0.74,0.74,2.12,2.43,2
cyrus_brouse,discharge,02-09,0.68,8.96,3.38,1.41,0.7,0.71,6.84,7.9,2
cyrus_brouse,discharge,02-10,0.61,5.65,2.26,1.81,0.63,0.65,3.68,4.52,2
cyrus_brouse,discharge,02-11,0.56,2.9,1.53,1.46,0.57,0.57,2.38,2.67,2
cyrus_brouse,discharge,02-12,0.53,2.3,1.32,1.29,0.54,0.54,2.05,2.19,2
cyrus_brouse,discharge,02-13,0.48,2.04,1.22,1.18,0.49,0.5,1.92,1.99,2
cyrus_brouse,discharge,02-14,0.46,1.83,1.1,1.09,0.46,0.47,1.73,1.78,2
cyrus_brouse,discharge,02-15,0.46,1.77,1.1,1.07,0.47,0.48,1.73,1.76,2
cyrus_brouse,discharge,02-16,0.46,1.66,1.03,1.02,0.46,0.47,1.59,1.63,2
cyrus_brouse,discharge,02-17,0.34,1.69,1.01,0.97,0.42,0.44,1.6,1.67,2
cyrus_brouse,discharge,02-18,0.37,1.45,0.91,0.93,0.42,0.43,1.4,1.4,2
cyrus_brouse,discharge,02-19,0.35,1.45,0.9,0.9,0.37,0.38,1.42,1.43,2
cyrus_brouse,discharge,02-20,0.36,1.45,0.89,0.87,0.37,0.37,1.39,1.44,2
cyrus_brouse,discharge,02-21,0.38,1.36,0.85,0.83,0.39,0.4,1.3,1.36,2
cyrus_brouse,discharge,02-22,0.42,54.1,6.61,0.97,0.46,0.59,1.57,37.14,2
cyrus_brouse,discharge,02-23,0.53,41.76,11.58,7.14,0.54,0.57,20.03,27.57,2
cyrus_brouse,discharge,02-24,0.49,13.18,4.56,3.24,0.49,0.5,7.99,10.71,2
cyrus_brouse,discharge,02-25,0.48,5.88,2.53,2.25,0.48,0.48,4.36,4.93,2
cyrus_brouse,discharge,02-26,0.48,3.98,1.96,1.75,0.48,0.49,3.37,3.74,2
cyrus_brouse,discharge,02-27,0.48,39.65,9.22,1.64,0.49,0.49,18.51,33,2
cyrus_brouse,discharge,02-28,0.42,23.78,6.44,3.78,0.44,0.48,10.87,16.93,2
cyrus_brouse,discharge,02-29,0.38,0.41,0.39,0.39,0.38,0.38,0.4,0.41,1
cyrus_brouse,discharge,03-01,0.38,6.94,2.71,2.21,0.39,0.39,4.83,5.66,2
cyrus_brouse,discharge,03-02,0.39,3.99,1.91,1.66,0.39,0.4,3.39,3.73,2
cyrus_brouse,discharge,03-03,0.38,3.19,1.55,1.46,0.38,0.39,2.69,2.81,2
cyrus_brouse,discharge,03-04,0.39,4.44,1.79,1.5,0.39,0.39,2.9,3.83,2
cyrus_brouse,discharge,03-05,0.39,14.64,4.21,2.48,0.4,0.42,4.71,13.09,2
cyrus_brouse,discharge,03-06,0.43,27.04,8.08,4.68,0.45,0.47,11.55,23.72,2
cyrus_brouse,discharge,03-07,0.41,19.74,5.37,3.01,0.42,0.42,9.43,13.21,2
cyrus_brouse,discharge,03-08,0.41,5.47,2.4,2.3,0.41,0.42,4.17,4.78,2
cyrus_brouse,discharge,03-09,1.07,3.58,2.38,2.43,1.33,1.61,3.09,3.35,2
cyrus_brouse,discharge,03-10,0.81,2.8,1.84,1.94,0.86,0.94,2.71,2.74,2
cyrus_brouse,discharge,03-11,0.7,3.5,1.76,1.64,0.7,0.71,2.61,3.27,2
cyrus_brouse,discharge,03-12,0.64,3.47,1.91,1.88,0.64,0.66,3.1,3.3,2
cyrus_brouse,discharge,03-13,0.58,3.04,1.76,1.71,0.59,0.61,2.92,2.98,2
cyrus_brouse,discharge,03-14,0.59,13.98,4.26,2.52,0.68,1.96,2.85,12.65,2
cyrus_brouse,discharge,03-15,2.12,8.37,3.29,2.65,2.16,2.34,3.54,5.85,2
cyrus_brouse,discharge,03-16,1.39,2.58,2.06,2.24,1.55,1.78,2.28,2.41,2
cyrus_brouse,discharge,03-17,0.99,5.78,2.77,1.98,1.04,1.13,4.28,5.41,2
cyrus_brouse,discharge,03-18,0.83,3.38,1.78,1.6,0.84,0.88,2.6,3.03,2
cyrus_brouse,discharge,03-19,0.77,2.19,1.38,1.35,0.77,0.79,1.96,2.02,2
cyrus_brouse,discharge,03-20,0.64,2,1.26,1.25,0.66,0.71,1.8,1.88,2
cyrus_brouse,discharge,03-21,0.58,1.8,1.15,1.14,0.59,0.59,1.69,1.76,2
cyrus_brouse,discharge,03-22,0.58,1.71,1.11,1.1,0.59,0.59,1.62,1.65,2
cyrus_brouse,discharge,03-23,0.54,2.08,1.25,1.13,0.54,0.56,1.98,2.05,2
cyrus_brouse,discharge,03-24,0.53,1.96,1.17,1.14,0.53,0.53,1.79,1.88,3
cyrus_brouse,discharge,03-25,0.52,2.8,1.64,1.98,0.53,0.53,2.51,2.69,3
cyrus_brouse,discharge,03-26,0.53,2.49,1.58,1.93,0.59,0.76,2.04,2.19,3
cyrus_brouse,discharge,03-27,0.73,2.75,1.62,1.46,0.78,0.95,2.32,2.64,3
cyrus_brouse,discharge,03-28,0.66,2.17,1.24,1.09,0.67,0.69,1.89,2,3
cyrus_brouse,discharge,03-29,0.6,1.86,1.11,0.95,0.62,0.64,1.67,1.77,3
cyrus_brouse,discharge,03-30,0.6,4.56,1.68,1.48,0.75,0.96,1.6,3.86,3
cyrus_brouse,discharge,03-31,0.88,2.96,1.57,1.52,0.92,0.99,1.93,2.42,3
cyrus_brouse,discharge,04-01,0.77,27.2,5.78,5.76,0.79,0.85,8.37,10.38,3
cyrus_brouse,discharge,04-02,0.73,26.6,7.45,3.4,0.74,0.77,13,22.55,3
cyrus_brouse,discharge,04-03,0.88,12.56,3.61,2.52,0.96,1.03,5.28,8.33,3
cyrus_brouse,discharge,04-04,0.9,4.51,2.28,2.07,0.95,1.42,3.09,3.92,3
cyrus_brouse,discharge,04-05,1.1,2.74,1.78,1.89,1.13,1.25,2.02,2.4,3
cyrus_brouse,discharge,04-06,1.05,2.97,1.7,1.63,1.08,1.44,1.79,2.61,3
cyrus_brouse,discharge,04-07,1.16,2.47,1.54,1.5,1.2,1.28,1.65,2.01,3
cyrus_brouse,discharge,04-08,1.06,1.5,1.28,1.32,1.09,1.14,1.39,1.44,3
cyrus_brouse,discharge,04-09,0.96,1.4,1.14,1.07,0.99,1.01,1.33,1.35,3
cyrus_brouse,discharge,04-10,0.88,1.32,1.04,0.93,0.89,0.89,1.28,1.29,3
cyrus_brouse,discharge,04-11,0.84,7.11,2.15,1.25,0.85,0.88,2.3,6,3
cyrus_brouse,discharge,04-12,0.76,7.8,2.59,1.25,0.77,0.8,4.18,7.26,3
cyrus_brouse,discharge,04-13,0.77,3.11,1.54,1.23,0.77,1.19,2,2.47,3
cyrus_brouse,discharge,04-14,1.12,2.2,1.52,1.52,1.14,1.16,1.7,2.05,3
cyrus_brouse,discharge,04-15,1.09,1.42,1.19,1.17,1.11,1.13,1.24,1.31,3
cyrus_brouse,discharge,04-16,0.9,1.14,1.05,1.05,0.94,1.01,1.12,1.13,3
cyrus_brouse,discharge,04-17,0.78,2.97,1.16,1.1,0.78,0.84,1.14,2.12,3
cyrus_brouse,discharge,04-18,0.77,1.98,1.12,1.07,0.77,0.78,1.38,1.62,3
cyrus_brouse,discharge,04-19,0.72,16.02,3.35,1.02,0.74,0.79,4.36,11.7,3
cyrus_brouse,discharge,04-20,0.66,3.72,1.42,1.02,0.67,0.69,2.14,2.78,3
cyrus_brouse,discharge,04-21,0.69,1.8,1.11,1.03,0.73,0.75,1.48,1.62,3
cyrus_brouse,discharge,04-22,0.66,1.37,1,1.04,0.68,0.71,1.21,1.28,3
cyrus_brouse,discharge,04-23,0.69,1.23,0.96,1.02,0.72,0.74,1.1,1.15,3
cyrus_brouse,discharge,04-24,0.66,1.27,0.97,1,0.68,0.74,1.1,1.24,3
cyrus_brouse,discharge,04-25,0.95,1.25,1.06,1.02,0.97,1,1.14,1.21,3
cyrus_brouse,discharge,04-26,0.79,1.24,0.98,0.92,0.83,0.9,1.08,1.2,3
cyrus_brouse,discharge,04-27,0.7,1.23,0.95,1,0.7,0.77,1.06,1.2,3
cyrus_brouse,discharge,04-28,0.64,2.38,1.05,1.03,0.64,0.69,1.11,1.76,3
cyrus_brouse,discharge,04-29,0.59,2.2,1.13,0.98,0.6,0.64,1.57,1.95,3
cyrus_brouse,discharge,04-30,0.58,2.32,1.19,1,0.59,0.6,1.89,2.13,3
cyrus_brouse,discharge,05-01,0.78,2.08,1.35,1.3,0.84,0.86,1.83,1.96,3
cyrus_brouse,discharge,05-02,0.72,4.03,1.77,1.03,0.73,0.76,3.35,3.81,3
cyrus_brouse,discharge,05-03,0.89,8.69,3.21,2.72,0.91,2.15,3.36,7.03,3
cyrus_brouse,discharge,05-04,1.37,4.62,2.09,1.76,1.41,1.54,2.38,3.34,3
cyrus_brouse,discharge,05-05,1.07,2.14,1.43,1.27,1.09,1.17,1.82,1.93,3
cyrus_brouse,discharge,05-06,0.89,3.54,1.56,1.02,0.91,0.95,2.06,3.09,3
cyrus_brouse,discharge,05-07,0.86,4.62,1.58,1.46,0.88,0.92,1.98,2.61,3
cyrus_brouse,discharge,05-08,1.02,3.48,1.57,1.34,1.09,1.18,1.72,2.53,3
cyrus_brouse,discharge,05-09,0.84,3.48,1.31,1.01,0.87,0.93,1.24,3.18,3
cyrus_brouse,discharge,05-10,0.72,3.07,1.24,0.82,0.73,0.78,1.74,2.36,3
cyrus_brouse,discharge,05-11,0.63,1.64,0.97,0.73,0.65,0.7,1.45,1.57,3
cyrus_brouse,discharge,05-12,0.58,1.33,0.81,0.65,0.62,0.62,1.1,1.2,3
cyrus_brouse,discharge,05-13,0.59,1.04,0.78,0.78,0.6,0.62,0.92,0.98,3
cyrus_brouse,discharge,05-14,0.52,1,0.74,0.74,0.54,0.57,0.86,0.94,3
cyrus_brouse,discharge,05-15,0.5,3.03,1.23,0.87,0.5,0.52,1.93,2.68,3
cyrus_brouse,discharge,05-16,0.49,1.71,0.91,0.81,0.5,0.52,1.27,1.48,3
cyrus_brouse,discharge,05-17,0.45,1.2,0.72,0.6,0.46,0.48,1.04,1.15,3
cyrus_brouse,discharge,05-18,0.44,0.96,0.63,0.5,0.45,0.46,0.88,0.91,3
cyrus_brouse,discharge,05-19,0.45,0.79,0.64,0.67,0.51,0.53,0.76,0.77,3
cyrus_brouse,discharge,05-20,0.45,0.71,0.59,0.59,0.48,0.53,0.66,0.69,3
cyrus_brouse,discharge,05-21,0.43,0.65,0.54,0.52,0.47,0.49,0.6,0.64,3
cyrus_brouse,discharge,05-22,0.38,0.58,0.49,0.48,0.41,0.45,0.54,0.57,3
cyrus_brouse,discharge,05-23,0.34,0.5,0.43,0.44,0.37,0.39,0.48,0.5,3
cyrus_brouse,discharge,05-24,0.32,0.48,0.41,0.42,0.34,0.35,0.46,0.47,3
cyrus_brouse,discharge,05-25,0.32,2.27,0.51,0.45,0.35,0.42,0.46,0.47,3
cyrus_brouse,discharge,05-26,0.42,24.53,2.99,0.47,0.43,0.44,1.48,13.99,3
cyrus_brouse,discharge,05-27,0.41,8.61,1.95,0.51,0.43,0.45,3.47,5.51,3
cyrus_brouse,discharge,05-28,0.41,4.85,1.33,0.47,0.42,0.44,2.38,3.51,3
cyrus_brouse,discharge,05-29,0.42,2.04,0.92,0.65,0.45,0.5,1.51,1.83,3
cyrus_brouse,discharge,05-30,0.42,1.35,0.72,0.55,0.45,0.47,1.04,1.26,3
cyrus_brouse,discharge,05-31,0.4,0.92,0.58,0.48,0.42,0.44,0.76,0.88,3
cyrus_brouse,discharge,06-01,0.38,0.87,0.56,0.48,0.4,0.42,0.7,0.83,3
cyrus_brouse,discharge,06-02,0.38,0.78,0.62,0.67,0.43,0.47,0.74,0.74,3
cyrus_brouse,discharge,06-03,0.42,0.65,0.51,0.52,0.43,0.44,0.57,0.6,3
cyrus_brouse,discharge,06-04,0.38,0.54,0.45,0.43,0.39,0.42,0.48,0.52,3
cyrus_brouse,discharge,06-05,0.34,0.49,0.42,0.43,0.34,0.38,0.47,0.48,3
cyrus_brouse,discharge,06-06,0.34,0.77,0.42,0.43,0.34,0.37,0.45,0.47,3
cyrus_brouse,discharge,06-07,0.34,1.44,0.64,0.43,0.37,0.4,0.92,1.26,3
cyrus_brouse,discharge,06-08,0.34,3.89,0.66,0.41,0.35,0.35,0.66,0.78,3
cyrus_brouse,discharge,06-09,0.35,3.13,0.96,0.42,0.38,0.39,1.48,2.51,3
cyrus_brouse,discharge,06-10,0.34,1.2,0.57,0.41,0.36,0.37,0.82,1.06,3
cyrus_brouse,discharge,06-11,0.33,0.74,0.47,0.4,0.34,0.34,0.62,0.71,3
cyrus_brouse,discharge,06-12,0.32,0.57,0.44,0.45,0.34,0.34,0.49,0.56,3
cyrus_brouse,discharge,06-13,0.33,29.36,1.39,0.44,0.35,0.37,0.47,0.47,3
cyrus_brouse,discharge,06-14,0.33,38.06,5.32,0.44,0.35,0.36,7.31,19.58,3
cyrus_brouse,discharge,06-15,0.31,4.84,1.25,0.35,0.33,0.34,2.18,3.58,3
cyrus_brouse,discharge,06-16,0.3,1.93,0.75,0.35,0.32,0.34,1.42,1.69,3
cyrus_brouse,discharge,06-17,0.28,1.18,0.54,0.35,0.3,0.32,0.85,1.06,3
cyrus_brouse,discharge,06-18,0.28,0.77,0.45,0.35,0.29,0.32,0.63,0.74,3
cyrus_brouse,discharge,06-19,0.26,0.59,0.4,0.35,0.29,0.34,0.49,0.57,3
cyrus_brouse,discharge,06-20,0.29,0.47,0.38,0.38,0.31,0.35,0.42,0.46,3
cyrus_brouse,discharge,06-21,0.3,0.38,0.35,0.35,0.31,0.33,0.37,0.38,3
cyrus_brouse,discharge,06-22,0.28,0.34,0.32,0.32,0.29,0.3,0.33,0.34,3
cyrus_brouse,discharge,06-23,0.25,0.47,0.34,0.32,0.27,0.29,0.39,0.46,3
cyrus_brouse,discharge,06-24,0.23,0.38,0.3,0.31,0.25,0.26,0.35,0.37,3
cyrus_brouse,discharge,06-25,0.21,2.22,0.51,0.28,0.23,0.24,0.31,1.57,3
cyrus_brouse,discharge,06-26,0.22,1.11,0.43,0.3,0.25,0.28,0.59,0.76,3
cyrus_brouse,discharge,06-27,0.2,0.53,0.32,0.25,0.21,0.23,0.46,0.49,3
cyrus_brouse,discharge,06-28,0.2,0.43,0.27,0.22,0.2,0.2,0.38,0.42,3
cyrus_brouse,discharge,06-29,0.2,0.85,0.35,0.2,0.2,0.2,0.47,0.76,3
cyrus_brouse,discharge,06-30,0.2,0.64,0.29,0.21,0.2,0.2,0.41,0.5,3
cyrus_brouse,discharge,07-01,0.2,0.38,0.26,0.2,0.2,0.2,0.34,0.35,3
cyrus_brouse,discharge,07-02,0.2,1.84,0.33,0.22,0.2,0.2,0.32,0.33,3
cyrus_brouse,discharge,07-03,0.2,1.1,0.34,0.31,0.2,0.2,0.34,0.54,3
cyrus_brouse,discharge,07-04,0.2,0.29,0.24,0.24,0.2,0.2,0.27,0.27,3
cyrus_brouse,discharge,07-05,0.2,9.45,0.56,0.26,0.2,0.2,0.49,0.82,3
cyrus_brouse,discharge,07-06,0.2,7.57,1.5,0.26,0.2,0.2,2.5,5.19,3
cyrus_brouse,discharge,07-07,0.2,1.47,0.47,0.24,0.2,0.2,0.74,1.1,3
cyrus_brouse,discharge,07-08,0.2,0.63,0.33,0.25,0.2,0.2,0.47,0.56,3
cyrus_brouse,discharge,07-09,0.2,0.46,0.28,0.24,0.2,0.2,0.35,0.42,3
cyrus_brouse,discharge,07-10,0.2,25.34,4.21,0.31,0.2,0.2,7.15,17.87,3
cyrus_brouse,discharge,07-11,0.2,6.68,1.28,0.26,0.2,0.2,2.17,3.93,3
cyrus_brouse,discharge,07-12,0.2,1.59,0.52,0.24,0.2,0.2,0.95,1.28,3
cyrus_brouse,discharge,07-13,0.2,0.79,0.35,0.21,0.2,0.2,0.56,0.7,3
cyrus_brouse,discharge,07-14,0.2,0.55,0.31,0.21,0.2,0.2,0.51,0.54,3
cyrus_brouse,discharge,07-15,0.2,0.52,0.3,0.2,0.2,0.2,0.44,0.51,3
cyrus_brouse,discharge,07-16,0.2,2,0.58,0.26,0.2,0.2,0.99,1.56,3
cyrus_brouse,discharge,07-17,0.2,0.92,0.4,0.3,0.2,0.2,0.61,0.75,3
cyrus_brouse,discharge,07-18,0.2,0.5,0.3,0.28,0.2,0.2,0.4,0.45,3
cyrus_brouse,discharge,07-19,0.2,0.36,0.26,0.23,0.2,0.2,0.34,0.36,3
cyrus_brouse,discharge,07-20,0.2,0.33,0.25,0.23,0.2,0.2,0.3,0.33,3
cyrus_brouse,discharge,07-21,0.2,0.35,0.24,0.24,0.2,0.2,0.29,0.3,3
cyrus_brouse,discharge,07-22,0.2,0.37,0.26,0.26,0.2,0.2,0.29,0.35,3
cyrus_brouse,discharge,07-23,0.2,0.59,0.27,0.25,0.2,0.2,0.29,0.39,3
cyrus_brouse,discharge,07-24,0.2,0.77,0.38,0.24,0.2,0.2,0.63,0.76,3
cyrus_brouse,discharge,07-25,0.2,0.51,0.28,0.24,0.2,0.2,0.36,0.45,3
cyrus_brouse,discharge,07-26,0.2,10.18,0.6,0.24,0.2,0.23,0.31,0.49,3
cyrus_brouse,discharge,07-27,0.2,5.83,0.63,0.27,0.22,0.22,0.66,1.4,3
cyrus_brouse,discharge,07-28,0.2,0.43,0.26,0.25,0.21,0.21,0.3,0.32,3
cyrus_brouse,discharge,07-29,0.2,17.37,2.13,0.22,0.2,0.21,1.94,7.97,3
cyrus_brouse,discharge,07-30,0.2,1.56,0.55,0.5,0.2,0.2,0.79,1.01,3
cyrus_brouse,discharge,07-31,0.2,0.47,0.28,0.26,0.21,0.23,0.31,0.4,3
cyrus_brouse,discharge,08-01,0.2,0.26,0.23,0.24,0.2,0.23,0.24,0.25,3
cyrus_brouse,discharge,08-02,0.2,0.27,0.22,0.23,0.2,0.2,0.24,0.24,3
cyrus_brouse,discharge,08-03,0.2,0.47,0.27,0.25,0.2,0.2,0.32,0.33,3
cyrus_brouse,discharge,08-04,0.2,0.44,0.26,0.22,0.2,0.2,0.33,0.38,3
cyrus_brouse,discharge,08-05,0.2,0.33,0.24,0.2,0.2,0.2,0.3,0.33,3
cyrus_brouse,discharge,08-06,0.2,0.31,0.24,0.22,0.2,0.2,0.28,0.3,3
cyrus_brouse,discharge,08-07,0.2,0.34,0.24,0.21,0.2,0.2,0.31,0.33,3
cyrus_brouse,discharge,08-08,0.2,0.5,0.28,0.2,0.2,0.2,0.39,0.46,3
cyrus_brouse,discharge,08-09,0.2,0.37,0.25,0.2,0.2,0.2,0.35,0.37,3
cyrus_brouse,discharge,08-10,0.2,0.34,0.24,0.2,0.2,0.2,0.3,0.34,3
cyrus_brouse,discharge,08-11,0.2,0.31,0.23,0.2,0.2,0.2,0.3,0.31,3
cyrus_brouse,discharge,08-12,0.2,0.33,0.24,0.2,0.2,0.2,0.31,0.33,3
cyrus_brouse,discharge,08-13,0.2,0.43,0.25,0.2,0.2,0.2,0.33,0.34,3
cyrus_brouse,discharge,08-14,0.2,1.57,0.55,0.2,0.2,0.2,1.24,1.43,3
cyrus_brouse,discharge,08-15,0.2,1.24,0.42,0.2,0.2,0.2,0.69,0.97,3
cyrus_brouse,discharge,08-16,0.2,0.6,0.31,0.23,0.2,0.2,0.46,0.55,3
cyrus_brouse,discharge,08-17,0.2,0.43,0.28,0.25,0.2,0.2,0.38,0.42,3
cyrus_brouse,discharge,08-18,0.2,0.37,0.27,0.24,0.2,0.2,0.34,0.36,3
cyrus_brouse,discharge,08-19,0.2,0.36,0.26,0.24,0.2,0.2,0.34,0.35,3
cyrus_brouse,discharge,08-20,0.2,0.95,0.37,0.2,0.2,0.2,0.42,0.92,3
cyrus_brouse,discharge,08-21,0.2,3.45,0.97,0.2,0.2,0.2,2.01,3.04,3
cyrus_brouse,discharge,08-22,0.2,1.79,0.55,0.2,0.2,0.2,1.01,1.4,3
cyrus_brouse,discharge,08-23,0.2,0.87,0.37,0.2,0.2,0.2,0.64,0.78,3
cyrus_brouse,discharge,08-24,0.2,0.6,0.31,0.2,0.2,0.2,0.5,0.56,3
cyrus_brouse,discharge,08-25,0.2,0.56,0.3,0.2,0.2,0.2,0.48,0.54,3
cyrus_brouse,discharge,08-26,0.2,0.5,0.3,0.21,0.2,0.2,0.48,0.5,3
cyrus_brouse,discharge,08-27,0.2,0.47,0.28,0.2,0.2,0.2,0.44,0.47,3
cyrus_brouse,discharge,08-28,0.2,0.44,0.27,0.2,0.2,0.2,0.41,0.43,3
cyrus_brouse,discharge,08-29,0.2,1.18,0.37,0.2,0.2,0.2,0.7,0.79,3
cyrus_brouse,discharge,08-30,0.2,0.83,0.39,0.2,0.2,0.2,0.72,0.82,3
cyrus_brouse,discharge,08-31,0.2,0.65,0.35,0.29,0.2,0.2,0.51,0.58,3
cyrus_brouse,discharge,09-01,0.2,0.49,0.28,0.2,0.2,0.2,0.41,0.47,3
cyrus_brouse,discharge,09-02,0.2,0.44,0.27,0.2,0.2,0.2,0.38,0.42,3
cyrus_brouse,discharge,09-03,0.2,0.38,0.25,0.2,0.2,0.2,0.33,0.38,3
cyrus_brouse,discharge,09-04,0.2,0.34,0.24,0.2,0.2,0.2,0.31,0.33,3
cyrus_brouse,discharge,09-05,0.2,0.33,0.24,0.2,0.2,0.2,0.3,0.32,3
cyrus_brouse,discharge,09-06,0.2,0.3,0.23,0.2,0.2,0.2,0.28,0.3,3
cyrus_brouse,discharge,09-07,0.2,0.3,0.23,0.2,0.2,0.2,0.28,0.28,3
cyrus_brouse,discharge,09-08,0.2,0.31,0.23,0.2,0.2,0.2,0.28,0.31,3
cyrus_brouse,discharge,09-09,0.2,0.3,0.23,0.2,0.2,0.2,0.27,0.28,3
cyrus_brouse,discharge,09-10,0.2,0.29,0.23,0.2,0.2,0.2,0.26,0.29,3
cyrus_brouse,discharge,09-11,0.2,0.53,0.26,0.2,0.2,0.2,0.3,0.47,3
cyrus_brouse,discharge,09-12,0.2,0.42,0.25,0.2,0.2,0.2,0.32,0.36,3
cyrus_brouse,discharge,09-13,0.2,0.32,0.24,0.2,0.2,0.2,0.31,0.31,3
cyrus_brouse,discharge,09-14,0.2,0.31,0.23,0.2,0.2,0.2,0.3,0.31,3
cyrus_brouse,discharge,09-15,0.2,0.3,0.23,0.2,0.2,0.2,0.29,0.3,3
cyrus_brouse,discharge,09-16,0.2,0.32,0.23,0.2,0.2,0.2,0.3,0.3,3
cyrus_brouse,discharge,09-17,0.2,0.33,0.24,0.2,0.2,0.2,0.3,0.33,3
cyrus_brouse,discharge,09-18,0.2,0.34,0.24,0.2,0.2,0.2,0.31,0.34,3
cyrus_brouse,discharge,09-19,0.2,0.62,0.29,0.2,0.2,0.2,0.42,0.51,3
cyrus_brouse,discharge,09-20,0.2,0.41,0.26,0.2,0.2,0.2,0.37,0.4,3
cyrus_brouse,discharge,09-21,0.2,0.41,0.26,0.2,0.2,0.2,0.37,0.4,3
cyrus_brouse,discharge,09-22,0.2,0.4,0.26,0.2,0.2,0.2,0.35,0.38,3
cyrus_brouse,discharge,09-23,0.2,0.37,0.26,0.2,0.2,0.2,0.35,0.36,3
cyrus_brouse,discharge,09-24,0.2,0.4,0.27,0.23,0.2,0.2,0.36,0.39,3
cyrus_brouse,discharge,09-25,0.2,0.47,0.27,0.21,0.2,0.2,0.38,0.41,3
cyrus_brouse,discharge,09-26,0.2,0.5,0.29,0.2,0.2,0.2,0.45,0.47,3
cyrus_brouse,discharge,09-27,0.2,0.5,0.29,0.2,0.2,0.2,0.48,0.48,3
cyrus_brouse,discharge,09-28,0.2,0.48,0.29,0.21,0.2,0.2,0.45,0.47,3
cyrus_brouse,discharge,09-29,0.2,0.45,0.29,0.22,0.2,0.2,0.43,0.44,3
cyrus_brouse,discharge,09-30,0.2,0.42,0.28,0.23,0.2,0.2,0.41,0.42,3
cyrus_brouse,discharge,10-01,0.2,0.43,0.28,0.22,0.2,0.2,0.39,0.42,3
cyrus_brouse,discharge,10-02,0.2,0.39,0.26,0.2,0.2,0.2,0.36,0.38,3
cyrus_brouse,discharge,10-03,0.2,0.37,0.25,0.2,0.2,0.2,0.36,0.37,3
cyrus_brouse,discharge,10-04,0.2,0.37,0.25,0.2,0.2,0.2,0.36,0.37,3
cyrus_brouse,discharge,10-05,0.2,0.36,0.25,0.2,0.2,0.2,0.35,0.36,3
cyrus_brouse,discharge,10-06,0.2,0.36,0.25,0.2,0.2,0.2,0.34,0.36,3
cyrus_brouse,discharge,10-07,0.2,0.35,0.25,0.2,0.2,0.2,0.34,0.34,3
cyrus_brouse,discharge,10-08,0.2,0.35,0.25,0.2,0.2,0.2,0.34,0.34,3
cyrus_brouse,discharge,10-09,0.2,0.36,0.25,0.2,0.2,0.2,0.35,0.36,3
cyrus_brouse,discharge,10-10,0.2,0.36,0.25,0.2,0.2,0.2,0.35,0.36,3
cyrus_brouse,discharge,10-11,0.2,0.37,0.25,0.2,0.2,0.2,0.35,0.36,3
cyrus_brouse,discharge,10-12,0.2,0.42,0.26,0.2,0.2,0.2,0.35,0.36,3
cyrus_brouse,discharge,10-13,0.2,0.41,0.31,0.34,0.2,0.2,0.38,0.4,3
cyrus_brouse,discharge,10-14,0.2,0.38,0.27,0.24,0.2,0.2,0.37,0.37,3
cyrus_brouse,discharge,10-15,0.2,0.39,0.26,0.2,0.2,0.2,0.37,0.38,3
cyrus_brouse,discharge,10-16,0.2,0.38,0.26,0.2,0.2,0.2,0.38,0.38,3
cyrus_brouse,discharge,10-17,0.2,0.42,0.27,0.2,0.2,0.2,0.39,0.42,3
cyrus_brouse,discharge,10-18,0.2,0.43,0.27,0.2,0.2,0.2,0.4,0.42,3
cyrus_brouse,discharge,10-19,0.2,0.42,0.27,0.2,0.2,0.2,0.39,0.41,3
cyrus_brouse,discharge,10-20,0.2,0.39,0.26,0.2,0.2,0.2,0.38,0.38,3
cyrus_brouse,discharge,10-21,0.2,0.38,0.26,0.2,0.2,0.2,0.37,0.37,3
cyrus_brouse,discharge,10-22,0.2,0.37,0.26,0.2,0.2,0.2,0.37,0.37,3
cyrus_brouse,discharge,10-23,0.2,0.38,0.26,0.2,0.2,0.2,0.37,0.37,3
cyrus_brouse,discharge,10-24,0.2,0.37,0.25,0.2,0.2,0.2,0.36,0.36,3
cyrus_brouse,discharge,10-25,0.2,0.52,0.26,0.2,0.2,0.2,0.34,0.35,3
cyrus_brouse,discharge,10-26,0.2,0.46,0.28,0.2,0.2,0.2,0.42,0.43,3
cyrus_brouse,discharge,10-27,0.2,0.42,0.27,0.2,0.2,0.2,0.4,0.42,3
cyrus_brouse,discharge,10-28,0.2,0.41,0.26,0.2,0.2,0.2,0.38,0.4,3
cyrus_brouse,discharge,10-29,0.2,0.42,0.27,0.21,0.2,0.2,0.41,0.41,3
cyrus_brouse,discharge,10-30,0.2,0.42,0.29,0.23,0.22,0.22,0.41,0.42,3
cyrus_brouse,discharge,10-31,0.2,0.52,0.29,0.2,0.2,0.2,0.47,0.49,3
cyrus_brouse,discharge,11-01,0.2,0.52,0.3,0.2,0.2,0.2,0.48,0.51,3
cyrus_brouse,discharge,11-02,0.2,0.5,0.29,0.2,0.2,0.2,0.47,0.49,3
cyrus_brouse,discharge,11-03,0.2,0.5,0.3,0.2,0.2,0.2,0.49,0.5,3
cyrus_brouse,discharge,11-04,0.2,0.49,0.29,0.22,0.2,0.2,0.47,0.47,3
cyrus_brouse,discharge,11-05,0.2,0.48,0.29,0.22,0.2,0.2,0.45,0.47,3
cyrus_brouse,discharge,11-06,0.2,0.46,0.29,0.22,0.2,0.2,0.44,0.45,3
cyrus_brouse,discharge,11-07,0.2,0.42,0.28,0.22,0.2,0.2,0.4,0.41,3
cyrus_brouse,discharge,11-08,0.2,0.42,0.29,0.26,0.2,0.2,0.4,0.41,3
cyrus_brouse,discharge,11-09,0.2,0.42,0.28,0.24,0.2,0.2,0.4,0.41,3
cyrus_brouse,discharge,11-10,0.2,0.42,0.29,0.26,0.2,0.2,0.4,0.42,3
cyrus_brouse,discharge,11-11,0.2,0.44,0.29,0.25,0.2,0.2,0.4,0.42,3
cyrus_brouse,discharge,11-12,0.2,0.43,0.28,0.22,0.2,0.2,0.41,0.42,3
cyrus_brouse,discharge,11-13,0.2,0.42,0.28,0.22,0.2,0.2,0.4,0.41,3
cyrus_brouse,discharge,11-14,0.2,0.42,0.3,0.3,0.2,0.2,0.41,0.41,3
cyrus_brouse,discharge,11-15,0.2,0.44,0.3,0.28,0.2,0.2,0.41,0.41,3
cyrus_brouse,discharge,11-16,0.2,0.53,0.31,0.26,0.2,0.2,0.43,0.49,3
cyrus_brouse,discharge,11-17,0.2,0.5,0.3,0.25,0.2,0.2,0.45,0.46,3
cyrus_brouse,discharge,11-18,0.2,0.46,0.3,0.25,0.2,0.2,0.44,0.45,3
cyrus_brouse,discharge,11-19,0.2,0.43,0.31,0.32,0.2,0.2,0.41,0.42,3
cyrus_brouse,discharge,11-20,0.2,0.41,0.31,0.34,0.2,0.2,0.39,0.39,3
cyrus_brouse,discharge,11-21,0.2,0.38,0.3,0.33,0.2,0.2,0.35,0.37,3
cyrus_brouse,discharge,11-22,0.2,0.4,0.29,0.3,0.2,0.2,0.36,0.39,3
cyrus_brouse,discharge,11-23,0.2,0.42,0.29,0.29,0.2,0.2,0.37,0.41,3
cyrus_brouse,discharge,11-24,0.2,0.47,0.3,0.28,0.2,0.2,0.39,0.42,3
cyrus_brouse,discharge,11-25,0.2,0.51,0.32,0.28,0.2,0.2,0.48,0.5,3
cyrus_brouse,discharge,11-26,0.2,0.5,0.31,0.26,0.2,0.2,0.47,0.48,3
cyrus_brouse,discharge,11-27,0.2,3.1,0.72,0.26,0.2,0.2,0.67,2.74,3
cyrus_brouse,discharge,11-28,0.2,2.95,0.85,0.25,0.2,0.2,1.75,2.32,3
cyrus_brouse,discharge,11-29,0.2,1.53,0.59,0.24,0.2,0.2,1.23,1.36,3
cyrus_brouse,discharge,11-30,0.2,1.47,0.61,0.23,0.2,0.2,1.37,1.42,3
cyrus_brouse,discharge,12-01,0.2,1.34,0.55,0.22,0.2,0.22,1.03,1.17,3
cyrus_brouse,discharge,12-02,0.22,0.96,0.6,0.69,0.23,0.23,0.88,0.91,3
cyrus_brouse,discharge,12-03,0.23,0.87,0.55,0.6,0.23,0.24,0.77,0.85,3
cyrus_brouse,discharge,12-04,0.24,0.74,0.51,0.62,0.24,0.25,0.67,0.68,3
cyrus_brouse,discharge,12-05,0.22,0.65,0.43,0.43,0.23,0.23,0.62,0.63,3
cyrus_brouse,discharge,12-06,0.22,0.64,0.4,0.35,0.22,0.23,0.62,0.63,3
cyrus_brouse,discharge,12-07,0.22,0.68,0.4,0.32,0.23,0.24,0.61,0.66,3
cyrus_brouse,discharge,12-08,0.24,0.67,0.39,0.31,0.24,0.26,0.6,0.64,3
cyrus_brouse,discharge,12-09,0.26,0.65,0.39,0.3,0.28,0.29,0.56,0.62,3
cyrus_brouse,discharge,12-10,0.25,0.65,0.39,0.29,0.25,0.26,0.62,0.65,3
cyrus_brouse,discharge,12-11,0.22,0.84,0.41,0.29,0.24,0.25,0.65,0.7,3
cyrus_brouse,discharge,12-12,0.21,0.98,0.47,0.24,0.21,0.22,0.93,0.96,3
cyrus_brouse,discharge,12-13,0.2,0.95,0.44,0.2,0.2,0.2,0.89,0.93,3
cyrus_brouse,discharge,12-14,0.2,0.88,0.4,0.2,0.2,0.2,0.79,0.82,3
cyrus_brouse,discharge,12-15,0.2,3.07,1.04,0.52,0.2,0.2,2.26,2.91,3
cyrus_brouse,discharge,12-16,0.2,2.16,0.88,0.68,0.2,0.21,1.65,1.88,3
cyrus_brouse,discharge,12-17,0.21,1.4,0.54,0.6,0.22,0.26,0.69,0.76,3
cyrus_brouse,discharge,12-18,0.31,1.08,0.52,0.5,0.34,0.36,0.55,1.03,3
cyrus_brouse,discharge,12-19,0.27,0.83,0.42,0.44,0.28,0.3,0.46,0.48,3
cyrus_brouse,discharge,12-20,0.24,0.75,0.43,0.42,0.25,0.26,0.44,0.74,3
cyrus_brouse,discharge,12-21,0.24,0.72,0.44,0.37,0.24,0.25,0.68,0.7,3
cyrus_brouse,discharge,12-22,0.24,0.95,0.45,0.34,0.24,0.25,0.7,0.73,3
cyrus_brouse,discharge,12-23,0.26,0.82,0.5,0.53,0.37,0.38,0.61,0.64,3
cyrus_brouse,discharge,12-24,0.34,0.56,0.44,0.43,0.37,0.4,0.47,0.51,3
cyrus_brouse,discharge,12-25,0.3,0.58,0.42,0.41,0.34,0.34,0.47,0.53,3
cyrus_brouse,discharge,12-26,0.34,0.54,0.45,0.51,0.34,0.36,0.52,0.53,3
cyrus_brouse,discharge,12-27,0.36,0.52,0.45,0.47,0.37,0.39,0.5,0.52,3
cyrus_brouse,discharge,12-28,0.42,1.16,0.62,0.52,0.45,0.49,0.57,1.09,3
cyrus_brouse,discharge,12-29,0.48,9,1.57,0.79,0.53,0.57,0.99,3.75,3
cyrus_brouse,discharge,12-30,0.56,8.7,2.49,1.85,0.61,0.66,3.23,6.41,3
cyrus_brouse,discharge,12-31,0.48,4.63,1.94,1.46,0.49,0.54,3.32,4.37,3
cyrus_brouse,temperature_f,01-01,38.01,42.38,40.24,40.52,38.1,38.44,41.7,42.1,2
cyrus_brouse,temperature_f,01-02,39.64,41.37,40.46,40.29,39.79,40.02,41.02,41.28,2
cyrus_brouse,temperature_f,01-03,39.64,41.77,40.05,39.75,39.65,39.67,39.85,41.47,2
cyrus_brouse,temperature_f,01-04,38.65,44.21,40.87,39.66,38.75,38.83,43.56,44.05,2
cyrus_brouse,temperature_f,01-05,37.46,43.15,39.78,39.69,37.5,37.68,41.62,42.26,2
cyrus_brouse,temperature_f,01-06,37.44,40.71,38.78,38.75,37.48,37.6,39.82,40.2,2
cyrus_brouse,temperature_f,01-07,37.96,39.52,38.53,38.51,37.99,38.05,38.93,39.15,2
cyrus_brouse,temperature_f,01-08,38.05,39.61,38.52,38.34,38.09,38.2,38.69,39.42,2
cyrus_brouse,temperature_f,01-09,37.58,39.19,38.14,38.13,37.61,37.73,38.46,38.7,2
cyrus_brouse,temperature_f,01-10,37.83,39.17,38.44,38.45,37.89,38.11,38.74,39.02,2
cyrus_brouse,temperature_f,01-11,37.69,40.41,38.94,39.21,37.76,38.17,39.34,39.8,2
cyrus_brouse,temperature_f,01-12,38.42,41.59,40.17,39.98,39.03,39.26,41.16,41.48,2
cyrus_brouse,temperature_f,01-13,36.94,40.49,38.26,38.13,37.31,37.57,38.6,39.75,2
cyrus_brouse,temperature_f,01-14,35.63,37.25,36.32,36.34,35.74,36.1,36.54,36.88,2
cyrus_brouse,temperature_f,01-15,35.17,36.17,35.76,35.84,35.25,35.6,35.97,36.08,2
cyrus_brouse,temperature_f,01-16,35.35,37.02,35.79,35.61,35.48,35.55,35.83,36.63,2
cyrus_brouse,temperature_f,01-17,35.26,38.9,36.77,36.27,35.31,35.37,38.18,38.87,2
cyrus_brouse,temperature_f,01-18,35.11,39.66,37.1,36.94,35.12,35.14,38.83,39.6,2
cyrus_brouse,temperature_f,01-19,35.08,40.67,37.46,37.17,35.1,35.1,39.54,40.59,2
cyrus_brouse,temperature_f,01-20,35.1,40.57,37.45,37.1,35.11,35.12,39.66,40.15,2
cyrus_brouse,temperature_f,01-21,35.12,38.98,36.93,36.85,35.14,35.19,38.68,38.8,2
cyrus_brouse,temperature_f,01-22,35.2,38.97,36.84,36.56,35.21,35.21,38.45,38.85,2
cyrus_brouse,temperature_f,01-23,35.11,38.74,36.67,36.41,35.14,35.22,38.11,38.32,2
cyrus_brouse,temperature_f,01-24,35.08,38.71,36.38,36.09,35.09,35.11,37.26,38.64,2
cyrus_brouse,temperature_f,01-25,35.42,38.62,36.91,36.92,35.63,36.03,37.81,38.36,2
cyrus_brouse,temperature_f,01-26,36.17,37.68,36.81,36.81,36.24,36.49,37.01,37.47,2
cyrus_brouse,temperature_f,01-27,35.17,37.62,36.26,36.62,35.24,35.58,36.77,37.28,2
cyrus_brouse,temperature_f,01-28,34.89,37.75,36.56,36.89,35,35.48,37.56,37.72,2
cyrus_brouse,temperature_f,01-29,36.11,37.85,37.14,37.42,36.17,36.55,37.59,37.73,2
cyrus_brouse,temperature_f,01-30,35.41,37.85,36.91,37.15,36.01,36.29,37.57,37.74,2
cyrus_brouse,temperature_f,01-31,34.51,38.66,36.4,36.51,34.65,34.74,37.79,38.46,2
cyrus_brouse,temperature_f,02-01,34.19,40.35,36.59,36.37,34.28,34.32,38.6,39.52,2
cyrus_brouse,temperature_f,02-02,34.07,40.41,37.1,36.94,34.1,34.14,40.11,40.28,2
cyrus_brouse,temperature_f,02-03,34,40.03,36.69,36.49,34.01,34.07,39.32,39.55,2
cyrus_brouse,temperature_f,02-04,33.94,39.99,36.55,36.35,33.96,34.02,38.91,39.6,2
cyrus_brouse,temperature_f,02-05,34.06,39.91,36.72,36.46,34.1,34.26,39.09,39.76,2
cyrus_brouse,temperature_f,02-06,34.49,40.5,37.35,37.59,34.54,34.62,39.47,40.22,2
cyrus_brouse,temperature_f,02-07,35.08,40.4,37.79,37.95,35.15,35.67,39.6,40.17,2
cyrus_brouse,temperature_f,02-08,35.78,42.44,38.78,39.03,36,36.66,40.34,41.61,2
cyrus_brouse,temperature_f,02-09,37.83,45.08,40.88,40.93,37.88,37.98,42.74,44.55,2
cyrus_brouse,temperature_f,02-10,38.45,45.02,41.36,41.13,38.55,38.88,43.48,44.68,2
cyrus_brouse,temperature_f,02-11,36.31,42.44,39.32,39.42,36.59,37.64,41.08,41.55,2
cyrus_brouse,temperature_f,02-12,36.76,41.2,39.08,39.37,37.03,38.01,40.01,40.63,2
cyrus_brouse,temperature_f,02-13,37.93,40.93,39.21,39.1,38.16,38.47,39.77,40.57,2
cyrus_brouse,temperature_f,02-14,37.64,40.92,39.01,38.92,37.94,38.21,39.71,40.3,2
cyrus_brouse,temperature_f,02-15,38.25,44.92,40.81,40.39,38.35,38.55,42.48,44.59,2
cyrus_brouse,temperature_f,02-16,36.81,43.82,39.49,39.38,36.93,37.27,41.37,42.32,2
cyrus_brouse,temperature_f,02-17,36.1,40.45,37.11,36.91,36.15,36.3,37.17,39.01,2
cyrus_brouse,temperature_f,02-18,35.41,38.25,36.12,35.83,35.52,35.62,36.08,37.93,2
cyrus_brouse,temperature_f,02-19,35.46,41.28,37.51,37.59,35.5,35.73,38.1,41.04,2
cyrus_brouse,temperature_f,02-20,36.23,41.89,38.88,39.12,36.4,37.1,40.46,41.56,2
cyrus_brouse,temperature_f,02-21,37.86,41.33,39.31,39.18,38.02,38.69,39.83,40.8,2
cyrus_brouse,temperature_f,02-22,36.91,42.61,39.79,40.17,37.56,37.77,41.33,42.27,2
cyrus_brouse,temperature_f,02-23,36.56,42.5,39.29,39.46,36.59,36.77,41.44,42.12,2
cyrus_brouse,temperature_f,02-24,37.53,42.1,39.11,38.68,37.63,38.11,39.9,41.4,2
cyrus_brouse,temperature_f,02-25,37.49,40.85,38.52,38.3,37.62,37.88,38.78,39.71,2
cyrus_brouse,temperature_f,02-26,37.45,43.6,39.87,40.18,37.63,38.27,40.7,42.11,2
cyrus_brouse,temperature_f,02-27,38.16,48.11,41.71,41.79,38.21,38.4,43.69,46.61,2
cyrus_brouse,temperature_f,02-28,38.37,48.34,42.98,41.95,38.43,38.48,47.57,48.33,2
cyrus_brouse,temperature_f,02-29,39.07,43.01,40.42,40.35,39.13,39.45,40.9,42.1,1
cyrus_brouse,temperature_f,03-01,38.87,43.35,40.55,40.34,39.09,39.85,40.66,43.03,2
cyrus_brouse,temperature_f,03-02,40.65,44.3,41.85,41.69,40.7,40.75,42.49,43.2,2
cyrus_brouse,temperature_f,03-03,37.05,46.44,41.99,42.43,38.73,40.33,43.56,44.87,2
cyrus_brouse,temperature_f,03-04,36.61,48.85,42.04,42.4,36.62,37.01,46.05,47.31,2
cyrus_brouse,temperature_f,03-05,38.77,49.64,44.19,44.41,38.94,39.47,48.65,49.23,2
cyrus_brouse,temperature_f,03-06,39.52,49.59,43.87,43.61,39.62,39.74,47.69,48.93,2
cyrus_brouse,temperature_f,03-07,39.19,46.81,42.77,43.24,39.32,39.55,45.29,45.91,2
cyrus_brouse,temperature_f,03-08,39.52,45.39,42.72,43.13,39.76,40.7,44.64,45.07,2
cyrus_brouse,temperature_f,03-09,39.91,45.84,43.23,43.38,40.15,40.98,45.47,45.75,2
cyrus_brouse,temperature_f,03-10,38.84,44.59,41.29,41.87,39.05,39.53,42.35,43.74,2
cyrus_brouse,temperature_f,03-11,38.52,44.19,40.92,41.01,38.76,39.36,42.04,42.69,2
cyrus_brouse,temperature_f,03-12,39.72,47.39,42.58,42.75,39.88,40.26,44.22,46.16,2
cyrus_brouse,temperature_f,03-13,39.19,49.75,43.57,43.26,39.37,39.84,47,48.43,2
cyrus_brouse,temperature_f,03-14,37.51,49.75,43.78,44.11,37.79,38.91,48.54,49.25,2
cyrus_brouse,temperature_f,03-15,37.43,48.96,43.76,44.5,37.75,38.96,48.19,48.61,2
cyrus_brouse,temperature_f,03-16,39.88,48.81,44.1,44.11,40.17,40.98,47.22,47.74,2
cyrus_brouse,temperature_f,03-17,40.64,47.61,43.9,43.62,41.47,42.15,45.33,46.82,2
cyrus_brouse,temperature_f,03-18,37.31,44.71,40.83,41.45,37.88,38.29,42.83,43.76,2
cyrus_brouse,temperature_f,03-19,35.95,43.88,39.92,40.62,36.18,36.95,41.96,42.96,2
cyrus_brouse,temperature_f,03-20,37.29,43.88,41.44,42.55,37.67,38.94,43.39,43.63,2
cyrus_brouse,temperature_f,03-21,39.52,43.57,41.43,41.27,39.91,40.32,42.52,43.37,2
cyrus_brouse,temperature_f,03-22,41.03,43.39,42.22,42.24,41.18,41.79,42.78,43.01,2
cyrus_brouse,temperature_f,03-23,41.26,44.5,43.11,43.25,41.53,42.51,43.7,44.35,2
cyrus_brouse,temperature_f,03-24,40.89,44.26,42.82,42.94,41.17,42.26,43.66,44,3
cyrus_brouse,temperature_f,03-25,41.79,46.54,43.04,42.56,41.88,42.13,43.54,45.07,3
cyrus_brouse,temperature_f,03-26,36.73,46.89,42.4,41.52,38.93,40.02,45.45,45.84,3
cyrus_brouse,temperature_f,03-27,34.77,46.72,41.99,43.66,35.64,39.16,44.32,45.53,3
cyrus_brouse,temperature_f,03-28,33.54,47.21,41.32,41.85,34.76,40.05,43.9,45.57,3
cyrus_brouse,temperature_f,03-29,34.78,48.13,41.63,41.68,36.35,39.79,43.83,45.91,3
cyrus_brouse,temperature_f,03-30,34.59,48.88,43.14,44.88,36.46,38.97,46.78,47.37,3
cyrus_brouse,temperature_f,03-31,40.52,48.24,45.58,45.88,42.83,43.99,47.34,47.86,3
cyrus_brouse,temperature_f,04-01,37.48,48.42,43.51,43.89,39.1,40.87,46.13,46.81,3
cyrus_brouse,temperature_f,04-02,35.43,50.34,43.11,44.23,36.82,40.94,45.47,46.66,3
cyrus_brouse,temperature_f,04-03,39.31,48.4,44.07,44.58,40.06,42.13,45.77,47.4,3
cyrus_brouse,temperature_f,04-04,40.65,51.58,45.73,45.54,41.4,44.2,46.89,50.37,3
cyrus_brouse,temperature_f,04-05,40.73,56.98,47.82,47.46,41.98,44.61,50.74,54.79,3
cyrus_brouse,temperature_f,04-06,42.85,51.39,46.49,46.16,43.54,45.16,47.89,49.9,3
cyrus_brouse,temperature_f,04-07,40.32,56.21,46.1,45.23,42.49,43.48,48.54,50.24,3
cyrus_brouse,temperature_f,04-08,41.32,57.83,47.06,46.6,41.83,43.2,49.73,52.8,3
cyrus_brouse,temperature_f,04-09,39.23,60.22,47.61,48.04,40.48,42.29,51.82,55.92,3
cyrus_brouse,temperature_f,04-10,36.97,60.3,49.73,50.97,38.55,46.49,54.03,55.87,3
cyrus_brouse,temperature_f,04-11,44.41,63.81,50.75,50.11,45.49,48.07,51.76,58.17,3
cyrus_brouse,temperature_f,04-12,42.88,68.54,52.7,50.7,45.69,48.52,56.53,61.62,3
cyrus_brouse,temperature_f,04-13,46.28,69.55,53.95,53.1,47.3,51.24,55.36,62.34,3
cyrus_brouse,temperature_f,04-14,46.02,68.56,53.53,51.96,47.83,49.8,56.14,62.59,3
cyrus_brouse,temperature_f,04-15,43.78,67.55,54.02,54.01,44.99,48.79,57.78,63.99,3
cyrus_brouse,temperature_f,04-16,43.5,59.92,52.91,54.09,45.21,50.7,56.48,57.64,3
cyrus_brouse,temperature_f,04-17,39.68,55.94,48.67,47.68,42.14,44.39,54.1,55.2,3
cyrus_brouse,temperature_f,04-18,39.84,56.05,47.37,43.9,40.85,41.81,53.37,55.57,3
cyrus_brouse,temperature_f,04-19,39.86,60.89,49.02,49.1,40.81,43.1,54.37,55.4,3
cyrus_brouse,temperature_f,04-20,38.65,61.18,49.45,49.69,40.52,47.32,51.42,57.89,3
cyrus_brouse,temperature_f,04-21,46.02,62.44,52.27,52.43,47.09,48.74,55.04,56.76,3
cyrus_brouse,temperature_f,04-22,46.09,54.84,49.59,49.23,46.71,47.88,51.04,52.79,3
cyrus_brouse,temperature_f,04-23,43.08,65.19,50.21,50.54,44.15,45.27,52.14,60.45,3
cyrus_brouse,temperature_f,04-24,42.03,66.52,51.53,49.59,43.31,48.69,55.4,62.05,3
cyrus_brouse,temperature_f,04-25,41.95,57.58,49,47.95,42.59,44.86,54.07,55.58,3
cyrus_brouse,temperature_f,04-26,39.01,60.26,48.05,48,40.92,45.67,51.57,53.15,3
cyrus_brouse,temperature_f,04-27,39.9,62.02,50.93,51.67,41.75,45.8,55.74,58.82,3
cyrus_brouse,temperature_f,04-28,44.56,61.05,52.13,50.09,46.69,48.47,56.64,59.29,3
cyrus_brouse,temperature_f,04-29,44.74,60.28,54.07,55.8,46.33,49.21,58.6,59.2,3
cyrus_brouse,temperature_f,04-30,46.74,61.18,52.82,51.94,47.34,49.32,56.3,59.07,3
cyrus_brouse,temperature_f,05-01,45.47,62.64,52.94,52.12,46.34,48.65,56.86,60.56,3
cyrus_brouse,temperature_f,05-02,43.53,62.74,51.65,50.2,44.43,47.26,56.61,60.54,3
cyrus_brouse,temperature_f,05-03,44.07,61.25,52.15,51.39,44.61,48.67,57.52,59.84,3
cyrus_brouse,temperature_f,05-04,44.49,59.81,53.73,55.06,46.33,49.41,57.94,59.13,3
cyrus_brouse,temperature_f,05-05,47.05,65.35,54.4,52.65,48.14,50.23,57.6,59.47,3
cyrus_brouse,temperature_f,05-06,49.08,59.02,53.59,54.52,49.7,50.56,56.05,57.43,3
cyrus_brouse,temperature_f,05-07,47.79,68.59,56.49,56.23,49.24,52.79,58.33,63.28,3
cyrus_brouse,temperature_f,05-08,48.15,61.57,56.26,56.35,50.69,55.06,58.19,60.86,3
cyrus_brouse,temperature_f,05-09,49.23,68.23,57.5,56.71,51.4,53.38,60.31,65.67,3
cyrus_brouse,temperature_f,05-10,51.01,70.16,58.23,56.1,53.84,54.63,62.37,66.51,3
cyrus_brouse,temperature_f,05-11,52.7,71.26,59.96,58.75,54.69,55.58,64.26,68.62,3
cyrus_brouse,temperature_f,05-12,53.11,72.32,59.42,58.73,54.05,55.78,62.17,66.08,3
cyrus_brouse,temperature_f,05-13,56.52,75.13,61.1,59.58,57.15,58.05,61.09,69.57,3
cyrus_brouse,temperature_f,05-14,55.08,69.33,60.99,60.44,57.09,58.78,62.92,65.23,3
cyrus_brouse,temperature_f,05-15,52.99,70.54,60.34,59.04,54.91,57.4,63.16,68.13,3
cyrus_brouse,temperature_f,05-16,53.02,69.76,59.98,59.16,55.27,57.36,62.04,66.56,3
cyrus_brouse,temperature_f,05-17,52.27,67.68,59.48,59.32,54.82,57.13,61.79,64.93,3
cyrus_brouse,temperature_f,05-18,48.85,66.36,57.88,57.65,51.53,56.28,60.78,62.72,3
cyrus_brouse,temperature_f,05-19,51.33,69.82,60,60.6,53.41,56.21,62.8,65.02,3
cyrus_brouse,temperature_f,05-20,52.88,71.29,61.35,61.83,54.69,57.27,64.49,67.55,3
cyrus_brouse,temperature_f,05-21,49.8,67.32,61.63,63.23,51.89,61.93,64.85,65.99,3
cyrus_brouse,temperature_f,05-22,52.86,70.45,61.22,61.77,54.93,57.97,64.65,66.13,3
cyrus_brouse,temperature_f,05-23,51.58,71.29,60.07,60.96,53.1,55.9,63.66,65.34,3
cyrus_brouse,temperature_f,05-24,52.54,71.1,60.64,60.98,53.65,57.69,63.34,65.71,3
cyrus_brouse,temperature_f,05-25,51.06,66.16,59.75,61.74,53.23,56.44,62.92,64.19,3
cyrus_brouse,temperature_f,05-26,50.4,68.47,60.38,61.2,52.87,60.13,62.96,63.92,3
cyrus_brouse,temperature_f,05-27,51.78,67.73,60.45,60.91,54.08,60.21,61.95,63.98,3
cyrus_brouse,temperature_f,05-28,54.84,70.38,60.94,59.79,56.93,58.69,63.14,66.77,3
cyrus_brouse,temperature_f,05-29,55.72,72.66,62.11,60.4,58.13,59.25,65.26,69.14,3
cyrus_brouse,temperature_f,05-30,58.55,73.81,63.8,61.83,58.97,59.9,67.73,71.85,3
cyrus_brouse,temperature_f,05-31,57.99,75.34,64.83,63.91,58.63,60.76,68.68,72.59,3
cyrus_brouse,temperature_f,06-01,58.69,76.26,64.33,64.22,59.19,60.48,66.72,70.07,3
cyrus_brouse,temperature_f,06-02,58.73,74.95,63.12,61.11,60.1,60.31,64.94,69.88,3
cyrus_brouse,temperature_f,06-03,56.59,72.1,63.17,62.17,58.59,60.17,66.2,69.42,3
cyrus_brouse,temperature_f,06-04,55.54,72.19,62.08,61.88,57.68,59.92,63.28,66.13,3
cyrus_brouse,temperature_f,06-05,56.64,70.39,62.77,63.39,57.77,59.27,64.36,67.86,3
cyrus_brouse,temperature_f,06-06,58.73,66.7,62.43,62.69,59.37,61.18,63.55,64.59,3
cyrus_brouse,temperature_f,06-07,54.32,67.57,61.55,61.7,56.76,60.85,62.89,65.56,3
cyrus_brouse,temperature_f,06-08,53.67,66.43,59.82,60.06,55.99,58.42,61.3,62.54,3
cyrus_brouse,temperature_f,06-09,55.62,69.24,60.86,60.26,57.46,58.91,61.86,65.47,3
cyrus_brouse,temperature_f,06-10,55.29,70.32,61.08,60.17,56.86,58.96,63.07,66.83,3
cyrus_brouse,temperature_f,06-11,58.23,65.8,60.99,60.62,58.42,59.25,62.04,64.45,3
cyrus_brouse,temperature_f,06-12,56.08,69.87,60.78,59.9,56.78,58.73,61.34,67.12,3
cyrus_brouse,temperature_f,06-13,53.37,72.9,61.65,61.63,54.05,59.85,62.96,68.81,3
cyrus_brouse,temperature_f,06-14,56.34,73.99,64.23,63.09,57.35,62.2,66.7,72.18,3
cyrus_brouse,temperature_f,06-15,56.64,77.47,65.34,63.55,58.42,62.04,68.81,73.68,3
cyrus_brouse,temperature_f,06-16,58.17,76.66,65.03,63.21,58.82,61.79,68.94,72.78,3
cyrus_brouse,temperature_f,06-17,56.52,73.8,64.74,64.31,58.51,63.54,67.3,69.63,3
cyrus_brouse,temperature_f,06-18,57.51,70.99,64.35,65.25,59.37,61.74,65.77,69.26,3
cyrus_brouse,temperature_f,06-19,58.35,71.02,64.99,65.53,60.31,62.4,66.15,69.93,3
cyrus_brouse,temperature_f,06-20,61.59,72.95,66.46,66.02,62.82,64.35,67.87,71.5,3
cyrus_brouse,temperature_f,06-21,62.92,77.9,68.15,67.03,64.35,66.09,70.48,73.13,3
cyrus_brouse,temperature_f,06-22,63.57,75.56,67.88,67.48,65.11,66.67,68.27,71.35,3
cyrus_brouse,temperature_f,06-23,61.7,74.82,66.2,66.04,63.18,64.47,67.17,68.71,3
cyrus_brouse,temperature_f,06-24,60.31,75.34,66.25,65.75,61.98,63.48,67.73,72.21,3
cyrus_brouse,temperature_f,06-25,61.86,71.44,66.26,65.79,63.71,65.12,67.78,70,3
cyrus_brouse,temperature_f,06-26,63.72,73.87,66.16,65.52,64.37,65.28,66.45,68.87,3
cyrus_brouse,temperature_f,06-27,59.04,71.22,64.04,64.17,60.82,62.13,65.55,66.98,3
cyrus_brouse,temperature_f,06-28,55.71,72.18,63.32,63.84,57.71,60.64,65.16,67.55,3
cyrus_brouse,temperature_f,06-29,59.36,73.96,66.02,65.37,60.96,63.95,69.21,70.62,3
cyrus_brouse,temperature_f,06-30,61.9,76.46,67.83,67.15,63.62,66.16,69.39,71.83,3
cyrus_brouse,temperature_f,07-01,62.29,70.86,65.96,65.88,62.66,64,67.64,69.05,3
cyrus_brouse,temperature_f,07-02,60.37,74.23,65.72,65.88,61.97,62.94,68,69.38,3
cyrus_brouse,temperature_f,07-03,61.07,74.62,66.2,65.59,62.46,63.88,67.51,71.25,3
cyrus_brouse,temperature_f,07-04,61.68,74.62,67.03,65.86,63.49,65.08,68.76,72.62,3
cyrus_brouse,temperature_f,07-05,63.79,74.46,67.96,67.14,64.08,65.23,70.32,72.96,3
cyrus_brouse,temperature_f,07-06,64.09,72.36,68.37,68.86,64.48,65.66,70.56,71.47,3
cyrus_brouse,temperature_f,07-07,63.36,73.13,67.31,66.56,63.92,65.57,69.49,70.97,3
cyrus_brouse,temperature_f,07-08,64.29,70.27,66.98,67.03,64.68,65.68,67.86,69.41,3
cyrus_brouse,temperature_f,07-09,62.17,74.5,66.39,66.07,64.23,65.26,66.99,68.95,3
cyrus_brouse,temperature_f,07-10,60.1,73.02,65.68,65.84,62.03,64.45,66.47,68.11,3
cyrus_brouse,temperature_f,07-11,61.34,71.64,66.11,65.77,62.88,65.07,67.37,68.62,3
cyrus_brouse,temperature_f,07-12,64.4,74.66,67.37,66.88,65.93,66.16,67.69,70.12,3
cyrus_brouse,temperature_f,07-13,61.72,71.78,66.6,66.65,63.45,65.68,67.59,69.02,3
cyrus_brouse,temperature_f,07-14,62.24,72.84,66.81,67.35,63.77,64.92,68.29,68.89,3
cyrus_brouse,temperature_f,07-15,61.68,69.62,66.54,67.06,63.18,66,67.77,68.59,3
cyrus_brouse,temperature_f,07-16,63.79,70.84,67.46,68.09,64.4,65.88,68.95,69.81,3
cyrus_brouse,temperature_f,07-17,64.87,69.8,67.17,67.06,65.19,65.79,68.45,69.41,3
cyrus_brouse,temperature_f,07-18,63.41,73.92,66.7,66.31,64.1,64.94,67.57,70.36,3
cyrus_brouse,temperature_f,07-19,63.43,73.45,66.18,65.57,63.86,64.35,66.72,70.3,3
cyrus_brouse,temperature_f,07-20,64.15,74.03,67.02,66.2,64.52,65.44,67.82,71.11,3
cyrus_brouse,temperature_f,07-21,64.44,73.71,66.94,66.02,64.75,65.32,67.91,70.64,3
cyrus_brouse,temperature_f,07-22,64.6,74.44,67.08,66.09,64.99,65.39,67.55,71.84,3
cyrus_brouse,temperature_f,07-23,64.53,74.77,66.88,66.04,64.78,65.41,67.06,71.12,3
cyrus_brouse,temperature_f,07-24,63.91,73.81,67.09,66.13,64.46,65.5,67.98,71.48,3
cyrus_brouse,temperature_f,07-25,64.65,71.87,66.49,65.88,64.86,65.12,67.46,68.93,3
cyrus_brouse,temperature_f,07-26,60.69,70.95,65.67,65.59,62.21,64.33,67.06,68.49,3
cyrus_brouse,temperature_f,07-27,63.12,69.75,65.85,65.3,63.68,64.22,67.01,68.99,3
cyrus_brouse,temperature_f,07-28,63.61,71.38,66.67,66.22,64.08,64.65,68.58,69.67,3
cyrus_brouse,temperature_f,07-29,60.93,70.39,66.42,66.11,62.43,65.53,68.56,69.28,3
cyrus_brouse,temperature_f,07-30,59.67,71.89,66.26,66.96,61.06,66.13,67.55,68.41,3
cyrus_brouse,temperature_f,07-31,61.3,70.9,66.14,66.94,62.58,64.67,67.48,68,3
cyrus_brouse,temperature_f,08-01,63.36,71.22,66.51,66.88,64.15,64.89,67.46,68.52,3
cyrus_brouse,temperature_f,08-02,62.98,72.25,66.56,67.06,64.18,64.94,67.41,69.04,3
cyrus_brouse,temperature_f,08-03,64.45,72.27,67.04,66.69,64.82,65.89,67.33,70.25,3
cyrus_brouse,temperature_f,08-04,65.91,71.91,67.97,67.48,66.45,67.01,68.63,70.22,3
cyrus_brouse,temperature_f,08-05,66.09,73.72,68.44,67.91,66.62,67.42,68.49,71.98,3
cyrus_brouse,temperature_f,08-06,65.84,74.53,68.38,67.82,66.06,66.72,68.49,72.34,3
cyrus_brouse,temperature_f,08-07,65.19,73.33,67.79,66.9,65.43,66.11,68.72,72.23,3
cyrus_brouse,temperature_f,08-08,63.93,74.41,67.67,66.78,64.45,65.77,69.26,72.71,3
cyrus_brouse,temperature_f,08-09,64.62,70.36,66.72,66.63,65.17,66.02,67.28,68.44,3
cyrus_brouse,temperature_f,08-10,62.38,72.14,66.08,65.68,63.55,64.9,66.97,69,3
cyrus_brouse,temperature_f,08-11,63.27,70.34,65.72,65.32,63.64,64.42,66.81,67.82,3
cyrus_brouse,temperature_f,08-12,60.94,69.04,65.09,64.53,62.65,63.36,66.83,68.14,3
cyrus_brouse,temperature_f,08-13,60.6,68.25,64.11,64.11,61.28,62.47,65.46,67.14,3
cyrus_brouse,temperature_f,08-14,60.53,67.84,64.42,64.45,60.95,63.1,66.38,67.06,3
cyrus_brouse,temperature_f,08-15,62.29,69.06,65.05,64.96,62.7,64.13,65.86,67.31,3
cyrus_brouse,temperature_f,08-16,62.22,69.46,64.6,64.26,62.6,63.63,65.03,67.45,3
cyrus_brouse,temperature_f,08-17,62.46,70.43,65.05,64.9,63.32,63.86,65.34,68.01,3
cyrus_brouse,temperature_f,08-18,61.72,70.11,64.64,64.87,62.14,63.05,65.46,67.38,3
cyrus_brouse,temperature_f,08-19,60.48,69.64,64.2,64.65,61.08,62.38,65.39,67.54,3
cyrus_brouse,temperature_f,08-20,62.67,67.95,64.6,64.47,62.86,63.27,65.57,67,3
cyrus_brouse,temperature_f,08-21,61.41,68.9,65.14,65.95,61.79,62.98,66.88,67.58,3
cyrus_brouse,temperature_f,08-22,61.05,69.96,65.31,65.93,61.43,62.44,67.57,68.72,3
cyrus_brouse,temperature_f,08-23,61.14,70.41,64.86,65.14,61.52,62.35,66.99,69.17,3
cyrus_brouse,temperature_f,08-24,61.79,72.34,66.5,65.79,62.13,62.83,70.38,70.8,3
cyrus_brouse,temperature_f,08-25,63.75,72.39,67.29,66.63,63.9,64.08,70.57,71.5,3
cyrus_brouse,temperature_f,08-26,65.12,70.5,67,66.63,65.32,65.62,68.25,69.13,3
cyrus_brouse,temperature_f,08-27,61.34,69.28,65.98,66.38,62.59,64.92,67.03,68.27,3
cyrus_brouse,temperature_f,08-28,62.62,70.09,65.88,66.02,62.82,63.72,67.68,68.9,3
cyrus_brouse,temperature_f,08-29,61.84,71.26,66.46,67.21,62.35,64.02,68.05,69.61,3
cyrus_brouse,temperature_f,08-30,61.81,70.23,66.04,66.88,62.27,63.54,67.69,68.45,3
cyrus_brouse,temperature_f,08-31,60.04,69.3,64.9,65.03,60.56,62.22,67.86,68.14,3
cyrus_brouse,temperature_f,09-01,59.76,69.93,64.63,65.37,60.24,62.13,66.67,68.48,3
cyrus_brouse,temperature_f,09-02,60.82,70.39,64.89,64.42,61.31,62.92,66.38,69.04,3
cyrus_brouse,temperature_f,09-03,61.86,70.7,64.96,64.11,62.28,63.1,66.31,69.39,3
cyrus_brouse,temperature_f,09-04,61.47,69.04,65.42,66.29,61.87,63,67.24,68.04,3
cyrus_brouse,temperature_f,09-05,62.08,68.63,65.31,65.79,62.38,63.18,66.85,67.97,3
cyrus_brouse,temperature_f,09-06,63.81,68.63,65.9,65.57,63.89,64.04,67.66,68.2,3
cyrus_brouse,temperature_f,09-07,61.12,68.13,64.7,64.78,61.39,62.92,66.65,67.45,3
cyrus_brouse,temperature_f,09-08,58.77,67.33,62.96,63.68,59.19,60.49,65.05,66.2,3
cyrus_brouse,temperature_f,09-09,58.87,67.57,62.32,63.1,59.19,60.04,63.82,65.72,3
cyrus_brouse,temperature_f,09-10,59.9,68.07,62.98,62.98,60.23,60.96,63.84,66.97,3
cyrus_brouse,temperature_f,09-11,60.58,66.92,63.3,62.55,60.97,61.75,65.53,66.19,3
cyrus_brouse,temperature_f,09-12,61.16,65.21,62.54,62.47,61.52,62.26,62.91,63.38,3
cyrus_brouse,temperature_f,09-13,59.27,63.72,61.92,62.17,60.12,60.96,63.01,63.35,3
cyrus_brouse,temperature_f,09-14,58.91,66.18,62.08,62.49,59.3,60.55,63.45,64.54,3
cyrus_brouse,temperature_f,09-15,58.53,66.34,62.21,62.89,58.92,60.21,63.93,64.77,3
cyrus_brouse,temperature_f,09-16,58.35,66.45,62.09,62.53,58.76,59.95,63.81,65.14,3
cyrus_brouse,temperature_f,09-17,58.77,67.26,62.29,62.55,59.14,60.06,63.55,66.03,3
cyrus_brouse,temperature_f,09-18,58.84,67.59,62.6,62.74,59.13,59.9,64.33,66.48,3
cyrus_brouse,temperature_f,09-19,56.89,68.67,62.54,63.45,57.31,58.41,65.34,66.76,3
cyrus_brouse,temperature_f,09-20,58.5,65.28,61.96,62.8,58.69,59.36,63.61,64.59,3
cyrus_brouse,temperature_f,09-21,60.12,67.55,62.97,63.09,60.43,61.02,63.9,65.9,3
cyrus_brouse,temperature_f,09-22,58.48,65.03,61.98,61.97,59.93,61.16,63,63.59,3
cyrus_brouse,temperature_f,09-23,54.36,63.34,60.48,61.56,55.34,58.41,62.96,63.24,3
cyrus_brouse,temperature_f,09-24,57.72,63.01,60.74,60.8,58.08,59.88,62.42,62.8,3
cyrus_brouse,temperature_f,09-25,59.25,63.3,61.27,61.2,59.49,60.12,62.65,62.94,3
cyrus_brouse,temperature_f,09-26,56.84,63.3,60.62,61.34,57.37,58.21,62.26,62.79,3
cyrus_brouse,temperature_f,09-27,55.49,62.47,60.17,61.83,55.8,56.97,62.22,62.4,3
cyrus_brouse,temperature_f,09-28,54.68,62.69,59.78,61.45,55.14,56.07,62.22,62.4,3
cyrus_brouse,temperature_f,09-29,53.26,63.48,59.6,61.45,53.79,55.24,62.73,62.9,3
cyrus_brouse,temperature_f,09-30,51.26,63.54,59.36,61.45,52.05,54.82,63.16,63.46,3
cyrus_brouse,temperature_f,10-01,53.31,63.55,59.72,61.52,53.66,55.71,62.94,63.17,3
cyrus_brouse,temperature_f,10-02,55.71,62.96,59.62,60.31,55.86,57.06,61.5,62.49,3
cyrus_brouse,temperature_f,10-03,52.57,63.37,58.56,59.36,53.27,55.53,61.14,62.55,3
cyrus_brouse,temperature_f,10-04,51.08,63.57,58.28,59.31,51.85,54.64,61.77,62.92,3
cyrus_brouse,temperature_f,10-05,52.47,63.5,58.69,59.18,53.1,55.69,62.4,62.68,3
cyrus_brouse,temperature_f,10-06,54.7,62.11,58.8,59.7,55.15,56.97,60.17,61.22,3
cyrus_brouse,temperature_f,10-07,51.96,60.15,56.45,56.21,53.06,54.34,58.32,59.35,3
cyrus_brouse,temperature_f,10-08,48.94,58.32,53.84,54.21,49.57,51.13,56.35,57.32,3
cyrus_brouse,temperature_f,10-09,48.38,57.04,53.1,53.35,48.81,51.22,55.42,56.47,3
cyrus_brouse,temperature_f,10-10,50.41,56.01,53.08,52.75,50.87,51.64,54.63,55.38,3
cyrus_brouse,temperature_f,10-11,51.73,55.76,53.69,53.76,52.16,52.61,54.75,55.35,3
cyrus_brouse,temperature_f,10-12,53.76,57.15,55.57,55.62,53.83,54.97,56.26,56.87,3
cyrus_brouse,temperature_f,10-13,51.4,57.22,55.09,54.82,53.01,54.09,56.71,57.01,3
cyrus_brouse,temperature_f,10-14,48.67,56.86,53.26,53.76,49.06,50.9,55.51,56.3,3
cyrus_brouse,temperature_f,10-15,49.46,55.51,52.35,52.2,50,51.08,53.76,54.86,3
cyrus_brouse,temperature_f,10-16,48.43,53.65,51.4,51.94,48.84,50.47,52.39,52.98,3
cyrus_brouse,temperature_f,10-17,47.95,52.79,51.08,51.8,48.64,49.82,52.25,52.61,3
cyrus_brouse,temperature_f,10-18,46.11,53.29,50,51.1,46.4,46.85,51.8,52.1,3
cyrus_brouse,temperature_f,10-19,45.65,53.38,50.34,51.76,45.83,46.8,52.75,53.17,3
cyrus_brouse,temperature_f,10-20,44.94,53.89,50.4,52.03,45.23,46.11,53.42,53.66,3
cyrus_brouse,temperature_f,10-21,45.22,53.85,50.37,51.46,45.46,47.68,52.81,52.97,3
cyrus_brouse,temperature_f,10-22,48.7,54.32,51.34,50.83,49,49.51,53.46,53.98,3
cyrus_brouse,temperature_f,10-23,48,55.09,52.19,52.3,48.45,49.86,54.66,54.86,3
cyrus_brouse,temperature_f,10-24,49.96,55.56,52.96,53.24,50.17,52.12,54.3,54.94,3
cyrus_brouse,temperature_f,10-25,51.91,56.35,54.12,54.54,52.04,52.5,55.31,56.11,3
cyrus_brouse,temperature_f,10-26,51.33,57.96,54.47,55.18,51.48,52.23,56.32,56.82,3
cyrus_brouse,temperature_f,10-27,47.52,60.15,52.61,50.32,48.11,49.55,57.87,59.13,3
cyrus_brouse,temperature_f,10-28,47.88,59.97,51.83,49.77,48.31,49.01,55.85,58.12,3
cyrus_brouse,temperature_f,10-29,46.92,55.42,50.95,50.88,47.31,48.97,52.97,54.01,3
cyrus_brouse,temperature_f,10-30,47.5,55.98,51.23,50.31,47.89,48.96,54.25,54.79,3
cyrus_brouse,temperature_f,10-31,44.85,56.88,51.33,51.33,45.23,46.72,56.17,56.35,3
cyrus_brouse,temperature_f,11-01,42.99,56.88,51.03,53.69,43.47,44.3,54.7,55.99,3
cyrus_brouse,temperature_f,11-02,43.22,53.91,49.09,50.74,43.36,44.86,52,52.86,3
cyrus_brouse,temperature_f,11-03,44.66,53.28,49.2,50.41,45.1,46.23,50.92,52.01,3
cyrus_brouse,temperature_f,11-04,47.21,55.02,51.09,51.84,47.41,49.19,52.74,53.51,3
cyrus_brouse,temperature_f,11-05,46.98,55.98,52.59,54.45,47.55,48.63,54.99,55.48,3
cyrus_brouse,temperature_f,11-06,47.28,56.39,52.16,51.85,47.62,49.03,56.08,56.26,3
cyrus_brouse,temperature_f,11-07,49.32,56.19,51.89,50.63,49.61,50.04,54.39,55.51,3
cyrus_brouse,temperature_f,11-08,47.01,54.3,49.94,48.88,47.42,48.31,52.29,53.37,3
cyrus_brouse,temperature_f,11-09,46.83,52.43,49.51,49.03,47.24,48.47,51.19,51.97,3
cyrus_brouse,temperature_f,11-10,46.63,52.2,49.65,49.66,47.03,47.75,51.46,51.67,3
cyrus_brouse,temperature_f,11-11,44.81,52.34,49.51,50.56,45.31,46.39,51.96,52.21,3
cyrus_brouse,temperature_f,11-12,43.85,52.07,47.3,46,44.21,45,50.4,51.35,3
cyrus_brouse,temperature_f,11-13,42.91,50.32,45.69,44.63,43.09,43.55,48.43,49.55,3
cyrus_brouse,temperature_f,11-14,42.43,49.46,45.18,43.96,42.6,42.9,48.7,48.91,3
cyrus_brouse,temperature_f,11-15,41.73,50.52,45.2,43.36,41.92,42.44,49.82,50.08,3
cyrus_brouse,temperature_f,11-16,40.95,50.72,45.49,44.13,41.37,41.82,50.56,50.62,3
cyrus_brouse,temperature_f,11-17,39.48,50.72,45.95,47.61,39.8,40.36,49.96,50.48,3
cyrus_brouse,temperature_f,11-18,37.17,50.88,44.35,43.82,37.84,38.5,50.47,50.59,3
cyrus_brouse,temperature_f,11-19,36.07,52.3,43.44,42.51,36.22,36.58,51.12,51.58,3
cyrus_brouse,temperature_f,11-20,35.69,52.32,43.25,42.25,35.75,36.17,50.92,51.91,3
cyrus_brouse,temperature_f,11-21,35.77,50.41,42.94,43.19,35.92,37.57,47.93,49.46,3
cyrus_brouse,temperature_f,11-22,36.48,47.46,42.78,44.17,36.8,38.59,46.36,46.88,3
cyrus_brouse,temperature_f,11-23,36.94,46.98,42.96,43.86,37.39,39.55,46.78,46.85,3
cyrus_brouse,temperature_f,11-24,37.8,47.07,42.87,42.09,38.3,40.59,46.83,46.99,3
cyrus_brouse,temperature_f,11-25,39.16,47.68,42.81,41.59,39.36,40,47.05,47.12,3
cyrus_brouse,temperature_f,11-26,38.34,48,42.02,40,38.4,38.68,47.17,47.89,3
cyrus_brouse,temperature_f,11-27,37.72,46.85,41.69,40.73,37.96,38.35,45.54,46.16,3
cyrus_brouse,temperature_f,11-28,37.13,45.66,41.58,41.87,37.26,37.46,44.99,45.62,3
cyrus_brouse,temperature_f,11-29,36.92,44.83,41.16,41.87,36.97,37.03,43.86,44.55,3
cyrus_brouse,temperature_f,11-30,36.82,45.32,40.54,41.58,36.84,36.91,42.41,44.8,3
cyrus_brouse,temperature_f,12-01,36.66,41.41,38.91,38.32,37,37.65,40.8,41.13,3
cyrus_brouse,temperature_f,12-02,37.52,41.82,39.9,40.31,37.63,39.49,40.59,41.3,3
cyrus_brouse,temperature_f,12-03,38.9,42.62,41.14,41.41,39.96,40.04,42.02,42.35,3
cyrus_brouse,temperature_f,12-04,36.15,42.49,39.67,39.8,36.44,36.94,42.24,42.42,3
cyrus_brouse,temperature_f,12-05,35.69,42.49,39.46,39.53,35.88,37.44,42.2,42.35,3
cyrus_brouse,temperature_f,12-06,37.9,42.32,39.95,39.26,38.16,39.07,41.22,41.74,3
cyrus_brouse,temperature_f,12-07,38.83,42.75,40.57,40.97,38.88,38.96,41.24,42.34,3
cyrus_brouse,temperature_f,12-08,38.73,42.78,40.83,41.41,38.75,38.87,42,42.35,3
cyrus_brouse,temperature_f,12-09,38.11,45.99,41.2,40.02,39.05,39.4,43.53,44.96,3
cyrus_brouse,temperature_f,12-10,37.88,45.98,41.19,40.86,37.93,38.63,43.53,45.08,3
cyrus_brouse,temperature_f,12-11,38.62,43.08,40.68,40.95,38.72,39.87,41.5,42.16,3
cyrus_brouse,temperature_f,12-12,38.58,40.55,39.59,39.69,38.75,39.28,39.94,40.2,3
cyrus_brouse,temperature_f,12-13,37.49,39.54,38.58,38.75,37.53,38.27,38.95,39.12,3
cyrus_brouse,temperature_f,12-14,36.85,38.72,37.91,38.11,36.93,37.24,38.51,38.63,3
cyrus_brouse,temperature_f,12-15,36.6,40.76,38.28,38.18,36.74,37.19,38.64,40.52,3
cyrus_brouse,temperature_f,12-16,37.99,40.39,38.61,38.29,38.03,38.07,39.04,39.53,3
cyrus_brouse,temperature_f,12-17,36.34,41.55,39.72,39.78,38.71,39.44,40.42,41.12,3
cyrus_brouse,temperature_f,12-18,34.88,41.64,39.76,39.89,35.04,39.74,41.08,41.59,3
cyrus_brouse,temperature_f,12-19,34.48,39.93,38.81,39.51,38.18,38.31,39.65,39.83,3
cyrus_brouse,temperature_f,12-20,34.47,39.54,37.77,37.94,35.22,37.42,39.25,39.47,3
cyrus_brouse,temperature_f,12-21,35.05,39.45,37.63,38.45,35.13,36.1,38.71,39.08,3
cyrus_brouse,temperature_f,12-22,35.57,40.78,38.04,38.06,35.73,36.39,39.76,40.13,3
cyrus_brouse,temperature_f,12-23,34.37,42.41,37.97,37.76,34.53,34.91,41.04,41.57,3
cyrus_brouse,temperature_f,12-24,34.27,44.26,38.39,37.57,34.32,34.38,42.83,43.49,3
cyrus_brouse,temperature_f,12-25,34.11,45.42,38.84,37.57,34.15,34.2,44.65,44.76,3
cyrus_brouse,temperature_f,12-26,34.08,46.81,39.35,37.79,34.1,34.12,45.76,46.26,3
cyrus_brouse,temperature_f,12-27,34.09,46.81,39.69,39.17,34.1,34.14,45.12,46.23,3
cyrus_brouse,temperature_f,12-28,34.19,45.09,40.19,41.31,34.24,34.75,44.62,44.8,3
cyrus_brouse,temperature_f,12-29,34.2,44.72,40.63,42.8,34.47,34.85,44.29,44.61,3
cyrus_brouse,temperature_f,12-30,34.26,44.19,40.37,42.96,34.38,34.68,43.28,43.94,3
cyrus_brouse,temperature_f,12-31,34.93,43.17,40.77,42.52,36.27,37.74,42.83,42.99,3
harry_tetters,discharge,01-01,0.1,0.52,0.26,0.21,0.11,0.11,0.41,0.47,2
harry_tetters,discharge,01-02,0.09,0.31,0.19,0.19,0.1,0.1,0.29,0.29,2
harry_tetters,discharge,01-03,0.09,1.07,0.38,0.19,0.09,0.09,0.64,1.01,2
harry_tetters,discharge,01-04,0.07,1.01,0.43,0.1,0.09,0.09,0.81,0.94,2
harry_tetters,discharge,01-05,0.07,0.5,0.27,0.08,0.08,0.08,0.46,0.48,2
harry_tetters,discharge,01-06,0.08,0.45,0.26,0.25,0.08,0.08,0.44,0.44,2
harry_tetters,discharge,01-07,0.08,0.43,0.25,0.25,0.08,0.09,0.42,0.43,2
harry_tetters,discharge,01-08,0.08,0.43,0.25,0.24,0.08,0.08,0.4,0.41,2
harry_tetters,discharge,01-09,0.08,0.48,0.28,0.38,0.08,0.1,0.4,0.41,2
harry_tetters,discharge,01-10,0.38,0.83,0.52,0.42,0.38,0.39,0.65,0.76,2
harry_tetters,discharge,01-11,0.29,0.44,0.38,0.39,0.32,0.36,0.4,0.4,2
harry_tetters,discharge,01-12,0.26,0.47,0.35,0.38,0.27,0.28,0.41,0.43,2
harry_tetters,discharge,01-13,0.37,0.45,0.4,0.4,0.38,0.39,0.41,0.43,2
harry_tetters,discharge,01-14,0.34,0.4,0.37,0.37,0.34,0.36,0.38,0.38,2
harry_tetters,discharge,01-15,0.27,0.38,0.33,0.35,0.28,0.29,0.37,0.37,2
harry_tetters,discharge,01-16,0.25,0.46,0.33,0.32,0.25,0.26,0.39,0.44,2
harry_tetters,discharge,01-17,0.21,0.48,0.34,0.34,0.21,0.21,0.46,0.46,2
harry_tetters,discharge,01-18,0.2,0.53,0.34,0.34,0.21,0.22,0.45,0.47,2
harry_tetters,discharge,01-19,0.24,0.98,0.54,0.41,0.25,0.26,0.86,0.95,2
harry_tetters,discharge,01-20,0.26,1.02,0.61,0.57,0.26,0.27,0.96,0.98,2
harry_tetters,discharge,01-21,0.24,0.84,0.51,0.49,0.25,0.25,0.77,0.81,2
harry_tetters,discharge,01-22,0.22,0.75,0.48,0.47,0.23,0.23,0.73,0.74,2
harry_tetters,discharge,01-23,0.24,0.78,0.52,0.53,0.26,0.3,0.72,0.74,2
harry_tetters,discharge,01-24,0.38,1.7,0.72,0.65,0.41,0.62,0.7,1.19,2
harry_tetters,discharge,01-25,0.62,3.06,1.37,1.28,0.63,0.74,1.89,2.18,2
harry_tetters,discharge,01-26,0.73,13.36,4.74,2.01,0.74,0.77,8.56,12.06,2
harry_tetters,discharge,01-27,0.72,11.64,4.88,3.86,0.74,0.75,8.71,10.85,2
harry_tetters,discharge,01-28,0.69,11.14,5.73,5.49,0.69,0.72,10.78,11.02,2
harry_tetters,discharge,01-29,0.67,11.2,5.32,4.74,0.68,0.69,10.05,10.48,2
harry_tetters,discharge,01-30,0.63,8.86,4.33,3.96,0.66,0.67,8.02,8.34,2
harry_tetters,discharge,01-31,0.58,7.18,3.44,2.9,0.6,0.61,6.28,6.83,2
harry_tetters,discharge,02-01,0.52,5.12,1.54,0.64,0.53,0.54,3.09,3.32,2
harry_tetters,discharge,02-02,0.45,2.94,1.55,1.42,0.46,0.51,2.59,2.79,2
harry_tetters,discharge,02-03,0.42,2.3,1.27,1.17,0.42,0.44,2.1,2.22,2
harry_tetters,discharge,02-04,0.41,1.88,1.08,1,0.41,0.41,1.74,1.82,2
harry_tetters,discharge,02-05,0.41,1.58,0.95,0.9,0.41,0.42,1.48,1.54,2
harry_tetters,discharge,02-06,0.39,1.35,0.84,0.79,0.4,0.41,1.26,1.32,2
harry_tetters,discharge,02-07,0.39,1.17,0.77,0.8,0.39,0.41,1.09,1.13,2
harry_tetters,discharge,02-08,0.43,1.03,0.74,0.74,0.46,0.51,0.98,1,2
harry_tetters,discharge,02-09,0.53,2,1.17,0.92,0.74,0.9,1.69,1.96,2
harry_tetters,discharge,02-10,0.79,1.93,1.19,1.04,0.85,0.87,1.5,1.76,2
harry_tetters,discharge,02-11,0.59,1.13,0.83,0.76,0.71,0.73,0.93,1.08,2
harry_tetters,discharge,02-12,0.64,0.71,0.68,0.68,0.66,0.67,0.69,0.7,2
harry_tetters,discharge,02-13,0.62,0.76,0.66,0.65,0.62,0.63,0.68,0.69,2
harry_tetters,discharge,02-14,0.57,0.68,0.62,0.62,0.59,0.6,0.63,0.65,2
harry_tetters,discharge,02-15,0.55,1.08,0.68,0.66,0.57,0.61,0.69,0.91,2
harry_tetters,discharge,02-16,0.56,0.81,0.61,0.6,0.56,0.57,0.62,0.66,2
harry_tetters,discharge,02-17,0.51,0.85,0.65,0.65,0.55,0.57,0.7,0.74,2
harry_tetters,discharge,02-18,0.45,0.58,0.54,0.54,0.5,0.53,0.57,0.57,2
harry_tetters,discharge,02-19,0.43,0.55,0.49,0.48,0.44,0.45,0.53,0.54,2
harry_tetters,discharge,02-20,0.42,0.52,0.46,0.46,0.43,0.43,0.5,0.51,2
harry_tetters,discharge,02-21,0.41,0.8,0.48,0.44,0.42,0.42,0.49,0.64,2
harry_tetters,discharge,02-22,0.42,4,0.89,0.53,0.44,0.48,0.62,2.37,2
harry_tetters,discharge,02-23,0.48,6.5,2.89,2.25,0.5,0.5,5.54,5.77,2
harry_tetters,discharge,02-24,0.44,5.7,2.71,2.4,0.46,0.48,5.01,5.23,2
harry_tetters,discharge,02-25,0.43,4.36,2.19,1.94,0.44,0.44,4.05,4.18,2
harry_tetters,discharge,02-26,0.4,3.49,1.59,0.46,0.45,0.45,2.82,3.03,2
harry_tetters,discharge,02-27,0.39,8.11,2.27,0.46,0.44,0.45,3.9,6.33,2
harry_tetters,discharge,02-28,0.43,8.86,4.12,3.97,0.46,0.61,7.46,7.93,2
harry_tetters,discharge,02-29,0.43,0.55,0.46,0.45,0.43,0.44,0.47,0.49,1
harry_tetters,discharge,03-01,0.4,7.02,3.46,3.2,0.4,0.43,6.5,6.76,2
harry_tetters,discharge,03-02,0.4,6.02,2.73,2.21,0.41,0.41,5.01,5.83,2
harry_tetters,discharge,03-03,0.39,6.98,1.78,0.44,0.4,0.4,3.5,6.29,2
harry_tetters,discharge,03-04,0.4,6.02,2.59,2.36,0.4,0.4,4.55,5.15,2
harry_tetters,discharge,03-05,0.35,4.56,1.64,0.49,0.4,0.41,4.17,4.29,2
harry_tetters,discharge,03-06,0.32,0.5,0.43,0.45,0.34,0.36,0.49,0.5,2
harry_tetters,discharge,03-07,0.37,0.49,0.42,0.44,0.37,0.38,0.47,0.48,2
harry_tetters,discharge,03-08,0.36,0.66,0.42,0.39,0.36,0.37,0.44,0.51,2
harry_tetters,discharge,03-09,0.13,4.13,1.59,0.82,0.49,0.61,3.82,3.98,2
harry_tetters,discharge,03-10,0.12,4.43,2.37,2.4,0.16,0.7,4.15,4.36,2
harry_tetters,discharge,03-11,0.46,3.83,1.96,1.86,0.47,0.48,3.45,3.55,2
harry_tetters,discharge,03-12,0.41,3.17,1.72,1.64,0.43,0.43,3.03,3.12,2
harry_tetters,discharge,03-13,0.39,3.12,1.62,1.5,0.4,0.41,2.81,2.91,2
harry_tetters,discharge,03-14,0.39,2.65,1.75,2.14,0.48,0.74,2.48,2.56,2
harry_tetters,discharge,03-15,1.5,2.42,1.95,1.99,1.64,1.72,2.13,2.25,2
harry_tetters,discharge,03-16,0.13,1.79,1.05,1.5,0.14,0.16,1.61,1.65,2
harry_tetters,discharge,03-17,0.84,2.71,1.59,1.48,0.88,0.96,2.22,2.44,2
harry_tetters,discharge,03-18,0.72,2.29,1.35,1.19,0.8,0.82,1.92,2.05,2
harry_tetters,discharge,03-19,0.58,1.5,1.01,1.04,0.62,0.65,1.38,1.43,2
harry_tetters,discharge,03-20,0.51,1.3,0.96,1.01,0.57,0.67,1.25,1.28,2
harry_tetters,discharge,03-21,0.46,1.16,0.65,0.52,0.48,0.48,0.57,1.13,2
harry_tetters,discharge,03-22,0.43,1.06,0.73,0.72,0.44,0.44,1,1.04,2
harry_tetters,discharge,03-23,0.4,1.21,0.78,0.77,0.43,0.44,1.12,1.15,2
harry_tetters,discharge,03-24,0.37,1.11,0.74,0.73,0.38,0.39,1.09,1.1,3
harry_tetters,discharge,03-25,0.35,1.72,0.88,0.73,0.36,0.37,1.4,1.58,2
harry_tetters,discharge,03-26,0.35,1.38,0.86,0.87,0.4,0.41,1.25,1.3,2
harry_tetters,discharge,03-27,0.48,1.47,0.95,0.91,0.5,0.53,1.39,1.42,2
harry_tetters,discharge,03-28,0.44,1.35,0.84,0.53,0.45,0.46,1.25,1.33,2
harry_tetters,discharge,03-29,0.42,1.79,0.91,0.85,0.43,0.44,1.28,1.56,2
harry_tetters,discharge,03-30,0.39,1.45,0.99,1.11,0.42,0.78,1.13,1.3,2
harry_tetters,discharge,03-31,0.69,1.49,1.04,1.06,0.72,0.88,1.26,1.31,2
harry_tetters,discharge,04-01,0.73,4.56,2.61,2.45,0.99,1.89,3.7,4.08,2
harry_tetters,discharge,04-02,1.81,12.32,4.74,3.16,1.96,2.14,7.46,8.16,2
harry_tetters,discharge,04-03,1.54,13.5,6.77,5.95,1.6,1.67,11.97,12.56,2
harry_tetters,discharge,04-04,0.29,10.36,4.8,1.54,1.43,1.46,8.61,10.1,2
harry_tetters,discharge,04-05,0.29,2.23,1.53,1.54,0.37,1.46,1.91,2.16,2
harry_tetters,discharge,04-06,1.28,1.79,1.55,1.54,1.39,1.48,1.65,1.69,2
harry_tetters,discharge,04-07,1.14,1.48,1.3,1.28,1.22,1.25,1.35,1.42,2
harry_tetters,discharge,04-08,1.04,1.31,1.17,1.14,1.07,1.09,1.25,1.28,2
harry_tetters,discharge,04-09,0.95,1.18,1.06,1.05,0.98,1,1.13,1.14,2
harry_tetters,discharge,04-10,0.86,1.06,0.95,0.94,0.92,0.92,0.98,1,2
harry_tetters,discharge,04-11,0.53,3.16,1.43,0.92,0.83,0.86,2.04,2.66,2
harry_tetters,discharge,04-12,0.74,5.55,2.24,2,0.8,0.81,3.53,4,2
harry_tetters,discharge,04-13,0.7,3.12,1.69,1.37,0.72,0.74,2.82,2.94,2
harry_tetters,discharge,04-14,0.69,2.04,1.29,1.18,0.69,0.7,1.92,1.97,2
harry_tetters,discharge,04-15,0.65,1.64,1.09,1.03,0.68,0.69,1.48,1.54,2
harry_tetters,discharge,04-16,0.63,1.35,0.94,0.91,0.64,0.66,1.23,1.29,2
harry_tetters,discharge,04-17,0.4,2.07,1.07,0.76,0.64,0.66,1.3,1.82,2
harry_tetters,discharge,04-18,0.53,2.09,1.15,1.06,0.63,0.68,1.62,1.83,2
harry_tetters,discharge,04-19,0.49,6.05,2.36,0.67,0.51,0.51,4.88,5.61,2
harry_tetters,discharge,04-20,0.46,5.8,2.38,0.57,0.48,0.49,4.52,5.17,2
harry_tetters,discharge,04-21,0.48,3.12,1.46,1.11,0.49,0.5,2.18,2.86,2
harry_tetters,discharge,04-22,0.48,1.6,0.99,0.94,0.5,0.52,1.49,1.53,2
harry_tetters,discharge,04-23,0.48,1.42,0.88,0.88,0.49,0.5,1.24,1.33,2
harry_tetters,discharge,04-24,0.09,1.67,0.71,0.5,0.09,0.19,1.25,1.42,3
harry_tetters,discharge,04-25,0.1,1.1,0.54,0.49,0.1,0.11,1,1.05,3
harry_tetters,discharge,04-26,0.09,0.95,0.51,0.53,0.1,0.1,0.86,0.89,3
harry_tetters,discharge,04-27,0.08,1.16,0.53,0.48,0.09,0.09,0.96,1.09,3
harry_tetters,discharge,04-28,0.07,1.07,0.58,0.62,0.07,0.08,1,1.04,3
harry_tetters,discharge,04-29,0.07,1.04,0.66,0.94,0.07,0.07,0.96,0.99,3
harry_tetters,discharge,04-30,0.06,1.19,0.7,0.99,0.06,0.07,1.04,1.08,3
harry_tetters,discharge,05-01,0.09,1.4,0.7,0.84,0.1,0.1,1.02,1.21,3
harry_tetters,discharge,05-02,0.09,2.7,1.11,0.74,0.09,0.69,1.85,2.26,3
harry_tetters,discharge,05-03,1.02,2.54,1.77,1.58,1.25,1.41,2.18,2.42,2
harry_tetters,discharge,05-04,0.84,2.09,1.31,1.21,0.87,0.92,1.68,1.87,2
harry_tetters,discharge,05-05,0.17,1.62,1.07,1.02,0.77,0.8,1.38,1.41,2
harry_tetters,discharge,05-06,0.65,1.19,0.88,0.85,0.67,0.68,1.09,1.14,2
harry_tetters,discharge,05-07,0.65,1.84,1,0.95,0.76,0.9,1.02,1.19,2
harry_tetters,discharge,05-08,0.8,2.49,1.43,1.16,0.82,0.83,2.06,2.35,2
harry_tetters,discharge,05-09,0.71,2.97,1.23,1.02,0.72,0.72,1.45,2.24,2
harry_tetters,discharge,05-10,0.66,3.34,1.75,1.56,0.69,0.69,2.79,2.99,2
harry_tetters,discharge,05-11,0.6,3.06,1.55,1.32,0.63,0.64,2.36,2.79,2
harry_tetters,discharge,05-12,0.58,1.94,1.17,1.05,0.59,0.59,1.74,1.79,2
harry_tetters,discharge,05-13,0.55,1.47,0.98,0.9,0.56,0.57,1.42,1.44,2
harry_tetters,discharge,05-14,0.46,2.01,0.88,0.84,0.48,0.5,1.2,1.21,2
harry_tetters,discharge,05-15,0.43,4.22,2.01,1.3,0.44,0.45,3.67,4.13,2
harry_tetters,discharge,05-16,0.4,3,1.42,1.23,0.42,0.43,2.34,2.59,2
harry_tetters,discharge,05-17,0.37,1.98,1.02,0.95,0.38,0.38,1.65,1.69,2
harry_tetters,discharge,05-18,0.34,1.41,0.87,0.83,0.36,0.38,1.34,1.38,2
harry_tetters,discharge,05-19,0.32,1.2,0.74,0.71,0.33,0.33,1.13,1.16,2
harry_tetters,discharge,05-20,0.35,0.99,0.67,0.65,0.38,0.4,0.95,0.97,2
harry_tetters,discharge,05-21,0.31,0.85,0.57,0.54,0.33,0.34,0.82,0.83,2
harry_tetters,discharge,05-22,0.18,0.78,0.5,0.46,0.29,0.3,0.7,0.72,2
harry_tetters,discharge,05-23,0.18,0.6,0.38,0.35,0.18,0.18,0.58,0.58,2
harry_tetters,discharge,05-24,0.17,0.52,0.33,0.35,0.18,0.18,0.49,0.5,2
harry_tetters,discharge,05-25,0.16,0.5,0.31,0.32,0.16,0.16,0.45,0.48,2
harry_tetters,discharge,05-26,0.15,0.55,0.29,0.27,0.15,0.16,0.4,0.53,2
harry_tetters,discharge,05-27,0.14,0.61,0.35,0.33,0.15,0.15,0.55,0.58,2
harry_tetters,discharge,05-28,0.14,0.56,0.33,0.29,0.14,0.14,0.52,0.54,2
harry_tetters,discharge,05-29,0.14,0.95,0.43,0.29,0.14,0.14,0.72,0.91,2
harry_tetters,discharge,05-30,0.14,0.61,0.34,0.3,0.14,0.14,0.55,0.58,2
harry_tetters,discharge,05-31,0.13,0.45,0.28,0.27,0.14,0.14,0.44,0.44,2
harry_tetters,discharge,06-01,0.12,0.6,0.27,0.25,0.13,0.13,0.39,0.39,2
harry_tetters,discharge,06-02,0.12,0.79,0.39,0.32,0.12,0.12,0.65,0.76,2
harry_tetters,discharge,06-03,0.11,0.5,0.29,0.27,0.12,0.12,0.47,0.49,2
harry_tetters,discharge,06-04,0.1,0.42,0.25,0.24,0.1,0.1,0.41,0.41,2
harry_tetters,discharge,06-05,0.09,0.44,0.24,0.23,0.09,0.1,0.37,0.42,2
harry_tetters,discharge,06-06,0.09,0.51,0.26,0.24,0.09,0.1,0.41,0.46,2
harry_tetters,discharge,06-07,0.08,0.59,0.25,0.21,0.08,0.08,0.38,0.48,2
harry_tetters,discharge,06-08,0.07,0.38,0.2,0.2,0.08,0.08,0.32,0.33,2
harry_tetters,discharge,06-09,0.03,0.45,0.23,0.2,0.03,0.04,0.42,0.43,2
harry_tetters,discharge,06-10,0.03,0.35,0.18,0.16,0.03,0.03,0.33,0.34,2
harry_tetters,discharge,06-11,0.03,0.29,0.16,0.15,0.03,0.03,0.29,0.29,2
harry_tetters,discharge,06-12,0.03,0.68,0.28,0.26,0.04,0.04,0.62,0.64,3
harry_tetters,discharge,06-13,0.03,12.44,0.6,0.26,0.03,0.04,0.52,0.62,3
harry_tetters,discharge,06-14,0.03,35.96,9.47,0.28,0.04,0.04,25.7,34.94,3
harry_tetters,discharge,06-15,0.03,30.82,7.48,0.25,0.03,0.04,16.62,26.99,3
harry_tetters,discharge,06-16,0.03,10.6,2.39,0.28,0.03,0.08,5.03,8.16,3
harry_tetters,discharge,06-17,0.03,4.04,1.23,0.3,0.03,0.03,2.77,3.79,3
harry_tetters,discharge,06-18,0.03,2.44,0.78,0.22,0.03,0.03,1.85,2.27,3
harry_tetters,discharge,06-19,0.03,1.74,0.65,0.34,0.03,0.03,1.47,1.66,3
harry_tetters,discharge,06-20,0.03,1.42,0.56,0.38,0.03,0.03,1.18,1.38,3
harry_tetters,discharge,06-21,0.02,1.16,0.45,0.25,0.03,0.03,1,1.14,3
harry_tetters,discharge,06-22,0.02,1.02,0.39,0.25,0.02,0.02,0.9,0.99,3
harry_tetters,discharge,06-23,0.02,0.84,0.37,0.46,0.02,0.02,0.54,0.78,3
harry_tetters,discharge,06-24,0.02,0.55,0.26,0.26,0.02,0.03,0.45,0.51,3
harry_tetters,discharge,06-25,0.03,3.49,0.69,0.44,0.04,0.04,0.47,2.69,3
harry_tetters,discharge,06-26,0.05,2.18,0.49,0.54,0.05,0.06,0.62,0.9,3
harry_tetters,discharge,06-27,0.05,0.54,0.29,0.33,0.05,0.06,0.46,0.52,3
harry_tetters,discharge,06-28,0.04,0.42,0.24,0.25,0.05,0.05,0.4,0.41,3
harry_tetters,discharge,06-29,0.05,0.74,0.33,0.38,0.05,0.05,0.4,0.66,3
harry_tetters,discharge,06-30,0.04,0.48,0.26,0.34,0.04,0.05,0.36,0.44,3
harry_tetters,discharge,07-01,0.05,0.39,0.21,0.27,0.06,0.07,0.28,0.35,3
harry_tetters,discharge,07-02,0.08,0.83,0.25,0.24,0.09,0.1,0.34,0.35,3
harry_tetters,discharge,07-03,0.05,0.61,0.24,0.22,0.11,0.21,0.3,0.3,3
harry_tetters,discharge,07-04,0.08,0.28,0.2,0.22,0.08,0.09,0.27,0.28,3
harry_tetters,discharge,07-05,0.08,3.72,0.36,0.26,0.08,0.09,0.43,0.56,3
harry_tetters,discharge,07-06,0.08,7.34,2.04,0.25,0.11,0.15,4.71,6.86,3
harry_tetters,discharge,07-07,0.17,2.83,0.67,0.24,0.21,0.22,1.1,1.82,3
harry_tetters,discharge,07-08,0.21,0.98,0.45,0.25,0.21,0.24,0.81,0.91,3
harry_tetters,discharge,07-09,0.18,0.76,0.4,0.25,0.21,0.24,0.63,0.71,3
harry_tetters,discharge,07-10,0.16,64.35,12.8,0.57,0.17,0.18,8.11,62.99,3
harry_tetters,discharge,07-11,0.16,62.14,13.67,0.5,0.16,0.17,24.54,52.82,3
harry_tetters,discharge,07-12,0.16,11.85,1.79,0.43,0.16,0.17,2.49,5.67,3
harry_tetters,discharge,07-13,0.07,1.77,0.6,0.37,0.07,0.08,1.15,1.5,3
harry_tetters,discharge,07-14,0.06,1.07,0.46,0.34,0.06,0.07,0.92,1.02,3
harry_tetters,discharge,07-15,0.06,0.99,0.43,0.32,0.11,0.12,0.78,0.9,3
harry_tetters,discharge,07-16,0.09,3.98,1.07,0.36,0.09,0.09,2.12,3.42,3
harry_tetters,discharge,07-17,0.08,1.91,0.59,0.35,0.09,0.09,1.13,1.48,3
harry_tetters,discharge,07-18,0.07,0.84,0.36,0.29,0.08,0.08,0.62,0.76,3
harry_tetters,discharge,07-19,0.07,0.57,0.29,0.26,0.07,0.08,0.5,0.56,3
harry_tetters,discharge,07-20,0.07,0.46,0.25,0.25,0.07,0.08,0.42,0.45,3
harry_tetters,discharge,07-21,0.08,0.4,0.24,0.24,0.1,0.1,0.38,0.4,3
harry_tetters,discharge,07-22,0.1,0.37,0.24,0.25,0.11,0.11,0.35,0.36,3
harry_tetters,discharge,07-23,0.11,0.37,0.24,0.27,0.12,0.13,0.32,0.33,3
harry_tetters,discharge,07-24,0.12,0.35,0.24,0.29,0.13,0.13,0.31,0.32,3
harry_tetters,discharge,07-25,0.12,0.28,0.22,0.25,0.12,0.12,0.27,0.28,3
harry_tetters,discharge,07-26,0.11,1.88,0.25,0.22,0.12,0.14,0.23,0.24,3
harry_tetters,discharge,07-27,0.2,2.94,0.53,0.22,0.21,0.21,0.34,2.21,3
harry_tetters,discharge,07-28,0.17,0.28,0.21,0.2,0.19,0.2,0.22,0.23,3
harry_tetters,discharge,07-29,0.17,4.29,0.94,0.2,0.19,0.19,1.38,3.45,3
harry_tetters,discharge,07-30,0.18,1.78,0.6,0.43,0.18,0.19,0.81,1.39,3
harry_tetters,discharge,07-31,0.17,0.35,0.27,0.29,0.17,0.18,0.33,0.34,3
harry_tetters,discharge,08-01,0.17,0.3,0.24,0.25,0.18,0.18,0.29,0.29,3
harry_tetters,discharge,08-02,0.16,0.4,0.23,0.22,0.17,0.17,0.28,0.29,3
harry_tetters,discharge,08-03,0.16,0.39,0.24,0.21,0.16,0.2,0.31,0.35,3
harry_tetters,discharge,08-04,0.18,0.29,0.24,0.23,0.2,0.2,0.27,0.28,3
harry_tetters,discharge,08-05,0.17,0.27,0.21,0.2,0.17,0.18,0.26,0.26,3
harry_tetters,discharge,08-06,0.17,0.28,0.21,0.2,0.18,0.19,0.24,0.25,3
harry_tetters,discharge,08-07,0.17,0.24,0.2,0.21,0.18,0.18,0.22,0.22,3
harry_tetters,discharge,08-08,0.18,0.24,0.2,0.2,0.19,0.19,0.21,0.22,3
harry_tetters,discharge,08-09,0.16,0.21,0.18,0.18,0.17,0.17,0.19,0.2,3
harry_tetters,discharge,08-10,0.15,0.18,0.17,0.17,0.16,0.16,0.17,0.18,3
harry_tetters,discharge,08-11,0.14,0.18,0.16,0.15,0.14,0.15,0.16,0.18,3
harry_tetters,discharge,08-12,0.12,0.18,0.15,0.15,0.14,0.14,0.17,0.18,3
harry_tetters,discharge,08-13,0.13,0.18,0.16,0.16,0.14,0.15,0.17,0.17,3
harry_tetters,discharge,08-14,0.14,0.39,0.2,0.18,0.15,0.15,0.25,0.31,3
harry_tetters,discharge,08-15,0.08,0.4,0.18,0.17,0.09,0.1,0.18,0.37,3
harry_tetters,discharge,08-16,0.11,0.18,0.15,0.16,0.14,0.14,0.16,0.17,3
harry_tetters,discharge,08-17,0.14,0.26,0.17,0.16,0.14,0.15,0.18,0.19,3
harry_tetters,discharge,08-18,0.15,0.29,0.17,0.16,0.15,0.16,0.17,0.18,3
harry_tetters,discharge,08-19,0.14,0.28,0.17,0.15,0.14,0.15,0.19,0.25,3
harry_tetters,discharge,08-20,0.13,0.24,0.16,0.15,0.14,0.14,0.16,0.21,3
harry_tetters,discharge,08-21,0.12,0.94,0.31,0.16,0.12,0.13,0.48,0.78,3
harry_tetters,discharge,08-22,0.1,0.42,0.19,0.15,0.11,0.12,0.28,0.35,3
harry_tetters,discharge,08-23,0.1,0.26,0.16,0.14,0.1,0.1,0.23,0.25,3
harry_tetters,discharge,08-24,0.09,0.22,0.14,0.1,0.1,0.1,0.21,0.22,3
harry_tetters,discharge,08-25,0.1,0.21,0.14,0.11,0.1,0.1,0.2,0.21,3
harry_tetters,discharge,08-26,0.09,0.21,0.13,0.1,0.1,0.1,0.2,0.21,3
harry_tetters,discharge,08-27,0.1,0.19,0.13,0.1,0.1,0.1,0.18,0.18,3
harry_tetters,discharge,08-28,0.09,0.18,0.12,0.1,0.09,0.1,0.17,0.17,3
harry_tetters,discharge,08-29,0.09,0.54,0.16,0.1,0.09,0.09,0.29,0.32,3
harry_tetters,discharge,08-30,0.09,0.33,0.16,0.1,0.09,0.09,0.28,0.32,3
harry_tetters,discharge,08-31,0.09,0.28,0.15,0.1,0.09,0.1,0.26,0.27,3
harry_tetters,discharge,09-01,0.09,0.25,0.14,0.1,0.09,0.09,0.23,0.24,3
harry_tetters,discharge,09-02,0.08,0.23,0.13,0.09,0.08,0.09,0.22,0.22,3
harry_tetters,discharge,09-03,0.08,0.22,0.13,0.09,0.08,0.08,0.22,0.22,3
harry_tetters,discharge,09-04,0.08,0.22,0.13,0.09,0.08,0.08,0.21,0.21,3
harry_tetters,discharge,09-05,0.08,0.21,0.13,0.09,0.08,0.08,0.2,0.2,3
harry_tetters,discharge,09-06,0.07,0.21,0.12,0.1,0.08,0.08,0.18,0.18,3
harry_tetters,discharge,09-07,0.07,0.2,0.11,0.08,0.07,0.08,0.18,0.19,3
harry_tetters,discharge,09-08,0.07,0.18,0.12,0.1,0.08,0.08,0.17,0.18,3
harry_tetters,discharge,09-09,0.07,0.18,0.12,0.11,0.07,0.07,0.17,0.17,3
harry_tetters,discharge,09-10,0.07,0.17,0.11,0.11,0.07,0.07,0.16,0.16,3
harry_tetters,discharge,09-11,0.07,0.21,0.12,0.11,0.07,0.07,0.16,0.2,3
harry_tetters,discharge,09-12,0.07,0.21,0.13,0.14,0.07,0.07,0.18,0.2,3
harry_tetters,discharge,09-13,0.06,0.19,0.12,0.1,0.06,0.07,0.18,0.18,3
harry_tetters,discharge,09-14,0.06,0.17,0.09,0.09,0.06,0.06,0.12,0.12,3
harry_tetters,discharge,09-15,0.06,0.12,0.08,0.08,0.06,0.06,0.11,0.11,3
harry_tetters,discharge,09-16,0.06,0.12,0.08,0.08,0.06,0.06,0.11,0.11,3
harry_tetters,discharge,09-17,0.05,0.11,0.08,0.07,0.05,0.06,0.1,0.11,3
harry_tetters,discharge,09-18,0.05,0.1,0.07,0.07,0.05,0.05,0.1,0.1,3
harry_tetters,discharge,09-19,0.05,0.18,0.08,0.07,0.05,0.05,0.13,0.14,3
harry_tetters,discharge,09-20,0.05,0.14,0.08,0.07,0.05,0.05,0.12,0.12,3
harry_tetters,discharge,09-21,0.05,0.14,0.08,0.06,0.05,0.05,0.12,0.13,3
harry_tetters,discharge,09-22,0.05,0.15,0.08,0.06,0.05,0.06,0.13,0.14,3
harry_tetters,discharge,09-23,0.06,0.12,0.08,0.06,0.06,0.06,0.11,0.12,3
harry_tetters,discharge,09-24,0.06,0.12,0.08,0.07,0.06,0.06,0.11,0.11,3
harry_tetters,discharge,09-25,0.06,0.21,0.09,0.07,0.06,0.06,0.12,0.14,3
harry_tetters,discharge,09-26,0.06,0.22,0.11,0.07,0.06,0.06,0.21,0.22,3
harry_tetters,discharge,09-27,0.03,0.22,0.11,0.07,0.03,0.06,0.21,0.22,3
harry_tetters,discharge,09-28,0.03,0.2,0.1,0.07,0.04,0.05,0.18,0.2,3
harry_tetters,discharge,09-29,0.03,0.18,0.09,0.07,0.03,0.04,0.17,0.17,3
harry_tetters,discharge,09-30,0.03,0.17,0.09,0.07,0.03,0.03,0.17,0.17,3
harry_tetters,discharge,10-01,0.03,0.17,0.09,0.07,0.03,0.03,0.16,0.17,3
harry_tetters,discharge,10-02,0.03,0.16,0.08,0.07,0.03,0.03,0.15,0.16,3
harry_tetters,discharge,10-03,0.03,0.14,0.08,0.07,0.03,0.03,0.14,0.14,3
harry_tetters,discharge,10-04,0.03,0.14,0.08,0.07,0.04,0.04,0.14,0.14,3
harry_tetters,discharge,10-05,0.04,0.14,0.08,0.07,0.04,0.05,0.13,0.14,3
harry_tetters,discharge,10-06,0.04,0.14,0.08,0.07,0.04,0.05,0.13,0.13,3
harry_tetters,discharge,10-07,0.05,0.14,0.08,0.06,0.05,0.05,0.13,0.13,3
harry_tetters,discharge,10-08,0.06,0.13,0.08,0.06,0.06,0.06,0.13,0.13,3
harry_tetters,discharge,10-09,0.05,0.13,0.08,0.06,0.06,0.06,0.12,0.13,3
harry_tetters,discharge,10-10,0.05,0.12,0.08,0.06,0.05,0.05,0.12,0.12,3
harry_tetters,discharge,10-11,0.05,0.12,0.08,0.06,0.05,0.05,0.12,0.12,3
harry_tetters,discharge,10-12,0.05,0.16,0.08,0.06,0.05,0.05,0.13,0.13,3
harry_tetters,discharge,10-13,0.04,0.15,0.08,0.06,0.05,0.05,0.14,0.14,3
harry_tetters,discharge,10-14,0.05,0.19,0.12,0.14,0.05,0.06,0.14,0.19,3
harry_tetters,discharge,10-15,0.04,0.18,0.11,0.14,0.05,0.05,0.14,0.16,3
harry_tetters,discharge,10-16,0.05,0.14,0.1,0.1,0.05,0.05,0.14,0.14,3
harry_tetters,discharge,10-17,0.04,0.17,0.09,0.08,0.04,0.05,0.14,0.16,3
harry_tetters,discharge,10-18,0.04,0.2,0.1,0.07,0.04,0.05,0.17,0.19,3
harry_tetters,discharge,10-19,0.05,0.21,0.12,0.09,0.05,0.05,0.2,0.21,3
harry_tetters,discharge,10-20,0.05,0.19,0.13,0.15,0.06,0.06,0.19,0.19,3
harry_tetters,discharge,10-21,0.06,0.18,0.12,0.13,0.06,0.06,0.18,0.18,3
harry_tetters,discharge,10-22,0.06,0.18,0.12,0.13,0.06,0.06,0.17,0.17,3
harry_tetters,discharge,10-23,0.06,0.17,0.11,0.1,0.06,0.07,0.17,0.17,3
harry_tetters,discharge,10-24,0.06,0.17,0.11,0.09,0.06,0.06,0.16,0.16,3
harry_tetters,discharge,10-25,0.06,0.27,0.11,0.08,0.07,0.07,0.16,0.16,3
harry_tetters,discharge,10-26,0.06,0.35,0.12,0.1,0.07,0.07,0.1,0.29,3
harry_tetters,discharge,10-27,0.06,0.12,0.09,0.09,0.06,0.07,0.1,0.11,3
harry_tetters,discharge,10-28,0.06,0.12,0.09,0.09,0.06,0.06,0.11,0.12,3
harry_tetters,discharge,10-29,0.06,0.17,0.11,0.12,0.06,0.07,0.14,0.16,3
harry_tetters,discharge,10-30,0.06,0.2,0.09,0.1,0.06,0.07,0.11,0.12,3
harry_tetters,discharge,10-31,0.06,0.19,0.1,0.07,0.06,0.07,0.14,0.18,3
harry_tetters,discharge,11-01,0.05,0.07,0.06,0.06,0.06,0.06,0.06,0.07,3
harry_tetters,discharge,11-02,0.04,0.06,0.06,0.06,0.05,0.05,0.06,0.06,3
harry_tetters,discharge,11-03,0.04,0.06,0.05,0.06,0.04,0.04,0.06,0.06,3
harry_tetters,discharge,11-04,0.04,0.08,0.06,0.06,0.04,0.04,0.06,0.08,3
harry_tetters,discharge,11-05,0.04,0.08,0.06,0.06,0.04,0.04,0.08,0.08,3
harry_tetters,discharge,11-06,0.04,0.11,0.07,0.06,0.04,0.04,0.1,0.1,3
harry_tetters,discharge,11-07,0.04,0.09,0.06,0.07,0.05,0.05,0.07,0.08,3
harry_tetters,discharge,11-08,0.04,0.07,0.06,0.06,0.04,0.05,0.07,0.07,3
harry_tetters,discharge,11-09,0.03,0.07,0.05,0.06,0.05,0.05,0.06,0.06,3
harry_tetters,discharge,11-10,0.03,0.1,0.06,0.06,0.03,0.04,0.06,0.1,3
harry_tetters,discharge,11-11,0.04,0.09,0.06,0.06,0.04,0.04,0.08,0.09,3
harry_tetters,discharge,11-12,0.04,0.07,0.06,0.06,0.04,0.04,0.07,0.07,3
harry_tetters,discharge,11-13,0.04,0.07,0.05,0.05,0.04,0.05,0.06,0.06,3
harry_tetters,discharge,11-14,0.03,0.2,0.08,0.05,0.03,0.04,0.09,0.19,3
harry_tetters,discharge,11-15,0.02,0.16,0.07,0.05,0.03,0.03,0.12,0.14,3
harry_tetters,discharge,11-16,0.03,0.12,0.06,0.05,0.03,0.03,0.1,0.1,3
harry_tetters,discharge,11-17,0.03,0.09,0.06,0.06,0.03,0.03,0.09,0.09,3
harry_tetters,discharge,11-18,0.03,0.12,0.06,0.05,0.03,0.03,0.08,0.09,3
harry_tetters,discharge,11-19,0.03,0.2,0.07,0.04,0.03,0.03,0.12,0.16,3
harry_tetters,discharge,11-20,0.03,0.15,0.07,0.04,0.03,0.03,0.13,0.14,3
harry_tetters,discharge,11-21,0.03,0.13,0.07,0.07,0.03,0.04,0.11,0.12,3
harry_tetters,discharge,11-22,0.03,0.1,0.06,0.05,0.03,0.04,0.1,0.1,3
harry_tetters,discharge,11-23,0.03,0.1,0.06,0.04,0.04,0.04,0.09,0.1,3
harry_tetters,discharge,11-24,0.03,0.09,0.05,0.04,0.03,0.03,0.08,0.08,3
harry_tetters,discharge,11-25,0.03,0.09,0.05,0.05,0.03,0.03,0.08,0.08,3
harry_tetters,discharge,11-26,0.03,0.09,0.05,0.04,0.03,0.03,0.07,0.08,3
harry_tetters,discharge,11-27,0.03,0.2,0.08,0.07,0.03,0.03,0.09,0.18,3
harry_tetters,discharge,11-28,0.03,0.16,0.07,0.07,0.03,0.04,0.09,0.12,3
harry_tetters,discharge,11-29,0.04,0.09,0.06,0.07,0.04,0.04,0.07,0.08,3
harry_tetters,discharge,11-30,0.04,0.16,0.07,0.06,0.04,0.05,0.1,0.12,3
harry_tetters,discharge,12-01,0.05,0.11,0.07,0.07,0.06,0.06,0.09,0.1,3
harry_tetters,discharge,12-02,0.06,0.12,0.08,0.07,0.06,0.06,0.1,0.11,3
harry_tetters,discharge,12-03,0.06,0.19,0.08,0.08,0.06,0.06,0.1,0.11,3
harry_tetters,discharge,12-04,0.06,0.1,0.07,0.07,0.06,0.06,0.09,0.1,3
harry_tetters,discharge,12-05,0.06,0.08,0.07,0.07,0.06,0.07,0.07,0.08,3
harry_tetters,discharge,12-06,0.06,0.08,0.07,0.07,0.06,0.06,0.07,0.07,3
harry_tetters,discharge,12-07,0.05,0.07,0.06,0.06,0.06,0.06,0.07,0.07,3
harry_tetters,discharge,12-08,0.05,0.08,0.06,0.07,0.05,0.05,0.07,0.08,3
harry_tetters,discharge,12-09,0.05,0.13,0.08,0.06,0.05,0.05,0.1,0.12,3
harry_tetters,discharge,12-10,0.05,0.12,0.08,0.08,0.05,0.05,0.1,0.1,3
harry_tetters,discharge,12-11,0.04,0.1,0.08,0.08,0.05,0.05,0.09,0.09,3
harry_tetters,discharge,12-12,0.04,0.09,0.07,0.07,0.04,0.05,0.08,0.08,3
harry_tetters,discharge,12-13,0.04,0.08,0.06,0.07,0.05,0.05,0.08,0.08,3
harry_tetters,discharge,12-14,0.04,0.1,0.06,0.05,0.04,0.05,0.08,0.08,3
harry_tetters,discharge,12-15,0.04,0.21,0.13,0.15,0.05,0.05,0.19,0.2,3
harry_tetters,discharge,12-16,0.05,0.25,0.15,0.16,0.06,0.06,0.2,0.24,3
harry_tetters,discharge,12-17,0.06,0.17,0.1,0.08,0.07,0.08,0.12,0.13,3
harry_tetters,discharge,12-18,0.07,0.13,0.09,0.09,0.07,0.07,0.12,0.12,3
harry_tetters,discharge,12-19,0.06,0.12,0.08,0.07,0.06,0.06,0.1,0.11,3
harry_tetters,discharge,12-20,0.05,0.11,0.07,0.06,0.06,0.06,0.1,0.1,3
harry_tetters,discharge,12-21,0.06,0.11,0.07,0.06,0.06,0.06,0.1,0.1,3
harry_tetters,discharge,12-22,0.04,0.21,0.08,0.06,0.04,0.05,0.1,0.11,3
harry_tetters,discharge,12-23,0.04,0.39,0.11,0.09,0.04,0.05,0.12,0.24,3
harry_tetters,discharge,12-24,0.05,0.11,0.08,0.09,0.05,0.06,0.1,0.1,3
harry_tetters,discharge,12-25,0.06,0.1,0.08,0.08,0.06,0.06,0.1,0.1,3
harry_tetters,discharge,12-26,0.06,0.1,0.08,0.09,0.06,0.07,0.09,0.1,3
harry_tetters,discharge,12-27,0.07,0.12,0.09,0.09,0.07,0.09,0.09,0.1,3
harry_tetters,discharge,12-28,0.05,0.15,0.1,0.1,0.06,0.08,0.11,0.14,3
harry_tetters,discharge,12-29,0.05,1.02,0.19,0.14,0.1,0.11,0.17,0.35,3
harry_tetters,discharge,12-30,0.12,1.4,0.51,0.29,0.12,0.13,0.84,1.27,3
harry_tetters,discharge,12-31,0.01,1.09,0.38,0.12,0.01,0.11,0.67,0.95,3
harry_tetters,temperature_f,01-01,32.57,38.52,35.38,35.48,32.67,33.51,37.16,37.82,2
harry_tetters,temperature_f,01-02,33.93,38,35.62,35.31,34.2,34.5,36.99,37.38,2
harry_tetters,temperature_f,01-03,34.49,40.45,37.27,36.84,35.03,35.54,39.77,40,2
harry_tetters,temperature_f,01-04,32.76,43.73,37.55,36.73,33.1,34.04,40.98,42.41,2
harry_tetters,temperature_f,01-05,32.64,38.84,34.92,34.2,32.68,32.73,37.09,38.01,2
harry_tetters,temperature_f,01-06,32.64,36.09,34.3,34.35,32.65,32.92,35.2,35.83,2
harry_tetters,temperature_f,01-07,33.4,35.19,34.17,34.1,33.5,33.66,34.66,35.01,2
harry_tetters,temperature_f,01-08,32.84,37.67,34.53,34.25,33.19,33.88,35.13,36.1,2
harry_tetters,temperature_f,01-09,32.41,36.09,33.41,33.12,32.6,32.88,33.58,34.83,2
harry_tetters,temperature_f,01-10,32.53,35.41,33.63,33.63,32.82,32.97,33.98,34.65,2
harry_tetters,temperature_f,01-11,32.55,38.76,34.99,34.48,32.94,33.4,37.51,38.11,2
harry_tetters,temperature_f,01-12,32.48,39.78,35.71,35.26,32.53,33.28,38.4,39.12,2
harry_tetters,temperature_f,01-13,32.27,36.02,33.31,32.48,32.4,32.42,34.4,34.96,2
harry_tetters,temperature_f,01-14,32.11,33.41,32.44,32.4,32.2,32.24,32.46,32.77,2
harry_tetters,temperature_f,01-15,32.24,32.81,32.42,32.42,32.25,32.26,32.49,32.58,2
harry_tetters,temperature_f,01-16,32.24,33.37,32.59,32.47,32.26,32.46,32.78,33,2
harry_tetters,temperature_f,01-17,32.46,34.68,33.27,32.88,32.47,32.49,34.13,34.48,2
harry_tetters,temperature_f,01-18,32.48,36.54,33.81,33.19,32.49,32.5,35.2,36.14,2
harry_tetters,temperature_f,01-19,32.43,39.91,34.94,33.67,32.45,32.46,37.71,39.32,2
harry_tetters,temperature_f,01-20,32.42,37.17,34.07,33.12,32.42,32.43,35.99,36.7,2
harry_tetters,temperature_f,01-21,32.42,35.3,33.26,32.92,32.43,32.44,33.9,34.58,2
harry_tetters,temperature_f,01-22,32.21,35.51,33.05,32.52,32.43,32.44,33.36,34.61,2
harry_tetters,temperature_f,01-23,32.13,34.65,32.92,32.54,32.39,32.5,33.25,34.29,2
harry_tetters,temperature_f,01-24,32.3,36.53,33.26,32.48,32.41,32.45,34.04,35.49,2
harry_tetters,temperature_f,01-25,32.27,33.83,32.59,32.38,32.32,32.33,32.84,33.06,2
harry_tetters,temperature_f,01-26,32.16,33.64,32.7,32.7,32.36,32.41,32.87,33.18,2
harry_tetters,temperature_f,01-27,32.17,33.49,32.67,32.58,32.23,32.3,32.82,33.42,2
harry_tetters,temperature_f,01-28,32.19,33.76,32.93,32.96,32.21,32.55,33.33,33.43,2
harry_tetters,temperature_f,01-29,32.55,34.55,33.52,33.56,32.74,32.98,33.8,34.39,2
harry_tetters,temperature_f,01-30,32.15,34.15,33.17,33.33,32.19,32.42,33.74,34.03,2
harry_tetters,temperature_f,01-31,32.19,36.2,33.64,33.47,32.2,32.23,34.61,35.9,2
harry_tetters,temperature_f,02-01,32.23,39.67,34.29,33.18,32.24,32.26,35.06,38.73,2
harry_tetters,temperature_f,02-02,32.18,38.51,34.31,33.49,32.25,32.32,36.17,37.48,2
harry_tetters,temperature_f,02-03,32.2,37.25,33.53,33.03,32.3,32.4,33.94,35.97,2
harry_tetters,temperature_f,02-04,32.39,39.07,33.71,32.79,32.4,32.43,33.73,37.56,2
harry_tetters,temperature_f,02-05,32.18,38.22,33.31,32.4,32.22,32.26,33.51,36.51,2
harry_tetters,temperature_f,02-06,32.31,40.13,34.54,33.99,32.5,33.01,35.03,38.39,2
harry_tetters,temperature_f,02-07,32.25,40.48,34.81,33.89,32.46,32.95,35.98,39.17,2
harry_tetters,temperature_f,02-08,32.27,45.2,36.41,35.06,32.36,33.3,37.35,43.89,2
harry_tetters,temperature_f,02-09,32.67,50.43,39.29,38.24,33.21,33.63,43.82,48.44,2
harry_tetters,temperature_f,02-10,32.14,44.7,37.7,37.83,32.71,33.36,41.54,42.98,2
harry_tetters,temperature_f,02-11,32.15,42.74,35.07,34.16,32.16,32.53,36.64,40.22,2
harry_tetters,temperature_f,02-12,32.12,40.85,34.75,33.7,32.14,32.64,36.57,38.58,2
harry_tetters,temperature_f,02-13,32.24,41.03,35.01,34.12,32.42,32.88,37.01,38.72,2
harry_tetters,temperature_f,02-14,32.18,40.76,35.66,34.74,32.33,32.72,38.49,39.59,2
harry_tetters,temperature_f,02-15,32.48,47.41,37.91,36.69,33.11,33.5,41.45,45.05,2
harry_tetters,temperature_f,02-16,32.16,40.24,35.29,34.24,32.24,32.55,37.33,39.45,2
harry_tetters,temperature_f,02-17,32.13,35.22,32.88,32.47,32.2,32.22,33.39,34.26,2
harry_tetters,temperature_f,02-18,32.21,35.83,33,32.79,32.22,32.24,33.25,34.43,2
harry_tetters,temperature_f,02-19,32.21,44.29,35.65,33.96,32.24,32.74,37.73,41.83,2
harry_tetters,temperature_f,02-20,32.21,44.89,36.6,35.47,32.25,33.15,39.65,42.98,2
harry_tetters,temperature_f,02-21,33.06,44.18,36.77,35.35,33.34,34.41,39.06,41.96,2
harry_tetters,temperature_f,02-22,33.46,42,36.46,36.07,33.83,34.06,38.12,40.66,2
harry_tetters,temperature_f,02-23,33.52,45.94,37.04,35.84,33.92,34.27,37.41,43.5,2
harry_tetters,temperature_f,02-24,32.3,39.16,35.34,35.11,32.82,34.26,36.81,37.74,2
harry_tetters,temperature_f,02-25,32.2,43.22,35.75,35.04,32.41,33.56,37.14,40.95,2
harry_tetters,temperature_f,02-26,33.17,50.65,39.2,37.03,33.73,34.72,43.08,48.06,2
harry_tetters,temperature_f,02-27,34.3,59.32,42.83,40.08,34.58,36.41,47.51,56.71,2
harry_tetters,temperature_f,02-28,34.5,53.17,42.16,41.16,36.81,37.19,45.03,51.91,2
harry_tetters,temperature_f,02-29,32.42,43.13,36.04,34.38,32.54,32.97,38.84,42.42,1
harry_tetters,temperature_f,03-01,32.5,46.83,39.52,39.43,32.87,35.52,43.31,45.98,2
harry_tetters,temperature_f,03-02,38.83,52.25,42.69,41.78,38.86,40.2,44.36,48.8,2
harry_tetters,temperature_f,03-03,32.24,55.8,40.29,38.76,32.26,37.43,42.03,52.2,2
harry_tetters,temperature_f,03-04,32.25,58.24,41.55,39.05,32.26,34.03,46.79,55.83,2
harry_tetters,temperature_f,03-05,34.96,57.85,45.66,47.35,35.39,39.47,50.37,55.51,2
harry_tetters,temperature_f,03-06,37.93,49.69,43,41.88,38.53,39.09,46.94,47.77,2
harry_tetters,temperature_f,03-07,37.4,47.52,42.02,41.89,38.09,39.9,43.82,46.24,2
harry_tetters,temperature_f,03-08,36.63,47.77,42.28,42.09,37.23,40.04,44.59,47.16,2
harry_tetters,temperature_f,03-09,36.57,47.97,42.77,43.76,37.37,39.67,45.26,47.69,2
harry_tetters,temperature_f,03-10,33.55,42.2,37.18,36.71,34.22,35.81,38.78,40.7,2
harry_tetters,temperature_f,03-11,32.82,51.42,40.07,39.04,33.64,34.74,45.35,48.33,2
harry_tetters,temperature_f,03-12,35.41,57.52,42.47,40.04,36.2,37.19,45.35,54.53,2
harry_tetters,temperature_f,03-13,34.36,62.58,44.6,42.69,35.26,36.2,49.29,59.55,2
harry_tetters,temperature_f,03-14,32.34,53.55,43.79,46.61,33.09,35.25,50.5,52.3,2
harry_tetters,temperature_f,03-15,32.27,56.41,44.92,47.22,32.61,38.89,50.33,54.54,2
harry_tetters,temperature_f,03-16,36.35,54.57,45.06,44.62,37.51,42.97,48.12,52.67,2
harry_tetters,temperature_f,03-17,36.1,46.96,42.56,42.54,38.72,41.41,44.27,46.02,2
harry_tetters,temperature_f,03-18,32.25,42.73,36.5,36.63,32.79,33.88,38.3,40.71,2
harry_tetters,temperature_f,03-19,32.24,49.03,37.83,35.81,32.27,34.08,41.53,46.38,2
harry_tetters,temperature_f,03-20,32.16,47.71,39.98,39.93,32.52,37.97,43.72,46.22,2
harry_tetters,temperature_f,03-21,32.54,50,39.76,38.38,32.76,35.17,44.53,47.5,2
harry_tetters,temperature_f,03-22,34.93,48.99,41.58,42.16,35.23,36.73,44.81,45.39,2
harry_tetters,temperature_f,03-23,34.27,50.38,43.15,45.15,35.75,38.37,46.72,48.17,2
harry_tetters,temperature_f,03-24,33.11,51.19,42,42.06,33.79,39.23,45.89,48.71,3
harry_tetters,temperature_f,03-25,36.69,54.36,42.81,41.1,37.02,38.98,44.1,52,2
harry_tetters,temperature_f,03-26,35.97,53.46,45.72,46.53,37.07,45.05,48.56,50.74,2
harry_tetters,temperature_f,03-27,38.22,49.26,43.09,43.12,39.9,41.16,44.18,46.99,2
harry_tetters,temperature_f,03-28,33.9,52.86,42.27,42.27,34.77,37.25,47.32,50.55,2
harry_tetters,temperature_f,03-29,34.98,57.47,42.76,40.66,36.48,38.2,45.87,53.47,2
harry_tetters,temperature_f,03-30,32.55,52.95,43.57,43.88,33.36,37.75,49.14,51.81,2
harry_tetters,temperature_f,03-31,42.47,53.17,47.39,47.65,42.73,45.2,49.82,51.57,2
harry_tetters,temperature_f,04-01,42.51,50.7,46.22,45.37,44.38,44.65,47.71,49.6,2
harry_tetters,temperature_f,04-02,40.03,52.52,45.23,45.45,40.78,43.49,46.22,50.24,2
harry_tetters,temperature_f,04-03,40.8,51.91,45.78,45.28,41.99,43.5,47.18,50.86,2
harry_tetters,temperature_f,04-04,42.48,55.63,47.83,47.18,42.94,44.63,49.37,54.71,2
harry_tetters,temperature_f,04-05,41.97,60.78,50.68,50.33,43.1,45.69,54.82,59.16,2
harry_tetters,temperature_f,04-06,39.5,59.29,48.6,48.53,40.92,43.94,53.13,56.04,2
harry_tetters,temperature_f,04-07,39.8,59.97,48.91,48.01,41.5,43.03,54.55,57.92,2
harry_tetters,temperature_f,04-08,40.28,63.18,51.52,49.58,41.98,45.76,58.5,61.88,2
harry_tetters,temperature_f,04-09,41.19,69.62,54.53,53.35,43.02,48.36,61.93,66.12,2
harry_tetters,temperature_f,04-10,43.6,66.45,55.37,55.17,45.73,50.32,61.19,64.53,2
harry_tetters,temperature_f,04-11,46.14,68.65,54.49,52.44,47.79,51.28,55.68,66.22,2
harry_tetters,temperature_f,04-12,48.61,74.1,55.91,52.28,48.99,49.92,60.71,70.31,2
harry_tetters,temperature_f,04-13,44.67,75.85,57.81,57.19,46.04,50.01,62.75,72.22,2
harry_tetters,temperature_f,04-14,50.5,74.82,61.01,60.35,51.14,53.36,68,71.94,2
harry_tetters,temperature_f,04-15,52.36,75.16,63.04,62.33,53.89,58.42,68.86,71.5,2
harry_tetters,temperature_f,04-16,50.67,70.32,59.12,59.05,52.16,55.3,61.85,66.84,2
harry_tetters,temperature_f,04-17,43.4,63.9,52.81,52.53,45.16,46.71,58.68,62.68,2
harry_tetters,temperature_f,04-18,41.4,66.4,53.69,55.06,41.78,45.61,59.25,64.41,2
harry_tetters,temperature_f,04-19,40.97,64.08,54.44,55.76,42.21,50.11,60.05,62.94,2
harry_tetters,temperature_f,04-20,47.95,63.46,53.28,51.59,48.41,49.28,54.78,62.26,2
harry_tetters,temperature_f,04-21,44.91,61.32,53.37,54.16,45.55,49.84,57.2,58.4,2
harry_tetters,temperature_f,04-22,43.69,65.14,52.31,51.14,45.22,48.64,55.43,61.65,2
harry_tetters,temperature_f,04-23,43.92,54.34,49.27,50.56,44.69,46.19,51.93,52.49,2
harry_tetters,temperature_f,04-24,42.02,72.01,52.8,49.98,43.43,47.48,59.62,67.47,3
harry_tetters,temperature_f,04-25,40.48,63.03,50.4,48.58,41.59,42.94,58.08,60.61,3
harry_tetters,temperature_f,04-26,38.53,61.79,49.21,48.56,40.6,44.26,53.85,59.67,3
harry_tetters,temperature_f,04-27,39.31,70.86,53.91,53.28,41.67,46.45,61.41,65.99,3
harry_tetters,temperature_f,04-28,43.41,72.86,55.02,51.28,46.37,48.38,60.85,69.08,3
harry_tetters,temperature_f,04-29,44.92,68.09,57.55,59.34,47.31,50.16,64.02,66.07,3
harry_tetters,temperature_f,04-30,47.59,74.48,56.31,55.13,48.36,50.36,59.67,67.92,3
harry_tetters,temperature_f,05-01,45.6,76.68,56.28,54.32,46.53,50.41,60.31,69.78,3
harry_tetters,temperature_f,05-02,43.61,76.08,54.69,51.16,44.43,47.27,59.74,70.89,3
harry_tetters,temperature_f,05-03,44.11,72.01,56.31,57.38,44.31,46.12,62.53,69.24,2
harry_tetters,temperature_f,05-04,43.59,67.98,58.4,61.46,44.57,53.8,63.89,66.83,2
harry_tetters,temperature_f,05-05,47.21,71.83,59.68,61.25,48.88,57.75,62.33,68.19,2
harry_tetters,temperature_f,05-06,50.77,67.66,58.41,57.63,52.4,56,60.71,64.93,2
harry_tetters,temperature_f,05-07,54,75.69,61.21,59.78,54.27,55.28,65.05,72.17,2
harry_tetters,temperature_f,05-08,57.29,73.9,62.05,59.98,57.88,58.5,63.73,71.37,2
harry_tetters,temperature_f,05-09,54.09,74.44,60.42,57.94,55.48,56.75,62.65,70.79,2
harry_tetters,temperature_f,05-10,52.25,75.97,60.52,58.87,53.13,54.64,64.38,72.25,2
harry_tetters,temperature_f,05-11,54.57,75.92,60.93,58.22,55.08,56.07,63.5,73.54,2
harry_tetters,temperature_f,05-12,50.86,69.39,61.2,62.03,52.11,57.51,66.78,67.71,2
harry_tetters,temperature_f,05-13,57.92,74.71,63.86,62.8,58.9,60.37,65.43,71.55,2
harry_tetters,temperature_f,05-14,57.52,70.84,63.71,63.24,59.14,61.36,66.68,68.18,2
harry_tetters,temperature_f,05-15,54.86,73.26,62.23,61.31,56.02,58.6,65.4,70.58,2
harry_tetters,temperature_f,05-16,54.61,72.82,62.84,61.91,56.08,57.82,67.83,70.49,2
harry_tetters,temperature_f,05-17,53.47,73.62,63.72,63.27,55.52,59.99,68.4,71.37,2
harry_tetters,temperature_f,05-18,48.67,75.51,62.76,63.14,50.68,56.95,68.71,73.36,2
harry_tetters,temperature_f,05-19,51.91,78.44,64.14,63.63,52.9,59.11,68.89,76.6,2
harry_tetters,temperature_f,05-20,54.41,77.34,63.99,62.25,56.01,58.17,69.61,75.51,2
harry_tetters,temperature_f,05-21,50.85,77.9,65.55,66.95,52.12,59.97,71.38,76.29,2
harry_tetters,temperature_f,05-22,54.5,78.15,67.38,69.12,55.79,62.15,72.28,75.8,2
harry_tetters,temperature_f,05-23,55.58,75.97,66.12,66.22,56.96,61.2,71.93,74.7,2
harry_tetters,temperature_f,05-24,57.43,75.69,65.81,64.33,58.91,60.79,71.37,73.38,2
harry_tetters,temperature_f,05-25,51.94,75.25,64.05,65.39,53.27,58.84,68.31,73.23,2
harry_tetters,temperature_f,05-26,50.67,70.79,62.02,63.08,52.43,58.39,66.61,68.28,2
harry_tetters,temperature_f,05-27,52.57,71.53,62.22,62.94,54.21,59.83,64.08,69.23,2
harry_tetters,temperature_f,05-28,56.17,74.01,63.27,62.19,57.58,59.06,66.74,71.23,2
harry_tetters,temperature_f,05-29,57.38,75.97,64.16,62.48,58.84,59.71,67.07,73.76,2
harry_tetters,temperature_f,05-30,56.98,78.3,65.43,63.85,58.2,60.72,69,75.92,2
harry_tetters,temperature_f,05-31,54.63,78.98,66.15,66.1,55.99,60.94,69.9,76.83,2
harry_tetters,temperature_f,06-01,57.22,79.66,66.7,65.96,58.22,62.11,70.35,76.97,2
harry_tetters,temperature_f,06-02,62.58,79,67.26,65.42,62.71,63.19,69.52,76.59,2
harry_tetters,temperature_f,06-03,59.34,78.3,68.03,68.38,60.29,64.29,72.05,75.11,2
harry_tetters,temperature_f,06-04,61.59,75.31,68.06,67.54,63.14,64.3,71.9,73.8,2
harry_tetters,temperature_f,06-05,59.47,73.13,67.15,67.85,60.65,65.08,70.02,71.18,2
harry_tetters,temperature_f,06-06,61.65,72.3,66.49,66.19,62.58,63.51,69.31,70.96,2
harry_tetters,temperature_f,06-07,57.45,69.01,64.17,64.38,58.94,61.8,67.1,68.65,2
harry_tetters,temperature_f,06-08,56.03,69.94,63.13,62.86,57.5,59.46,67.05,68.71,2
harry_tetters,temperature_f,06-09,57.81,70.7,64.18,63.36,59.11,60.88,67.93,69.28,2
harry_tetters,temperature_f,06-10,58.19,73.06,64.07,62.94,59.48,60.43,67.64,70.9,2
harry_tetters,temperature_f,06-11,56.75,68,62.88,63.35,57.99,61.41,64.49,66.68,2
harry_tetters,temperature_f,06-12,57.69,75.69,64.96,61.93,59.3,60.43,69.9,72.88,3
harry_tetters,temperature_f,06-13,55.29,79.27,66.36,65.77,55.87,62.49,70.57,75.34,3
harry_tetters,temperature_f,06-14,58.33,75.27,67.6,67.57,59.23,65.43,72.14,74.01,3
harry_tetters,temperature_f,06-15,58.12,78.4,68.65,69.48,59.94,63.81,72.81,76.91,3
harry_tetters,temperature_f,06-16,60.44,81.97,69.17,66.94,61.04,62.89,74.26,78.52,3
harry_tetters,temperature_f,06-17,58.68,79.23,69.93,69.76,60.85,67.84,74.34,78.24,3
harry_tetters,temperature_f,06-18,58.37,77.11,68.68,70.57,61.51,63.84,72.73,74.54,3
harry_tetters,temperature_f,06-19,58.82,76.48,68.59,70.5,61,63.95,72.43,74.75,3
harry_tetters,temperature_f,06-20,63.16,79.56,70.97,71.47,63.85,65.95,75.25,77.15,3
harry_tetters,temperature_f,06-21,65.07,82.06,73.12,72.86,66.02,68,77.83,79.67,3
harry_tetters,temperature_f,06-22,65.17,79.84,72.33,71.58,66.94,69.89,75.42,78.26,3
harry_tetters,temperature_f,06-23,64.04,77.9,70.23,70.23,65.6,66.78,73.11,74.87,3
harry_tetters,temperature_f,06-24,61.52,79.05,70.06,69.48,64.2,66.31,74.07,76.79,3
harry_tetters,temperature_f,06-25,63.9,77,69.55,69.26,65.91,67.33,71.46,74.51,3
harry_tetters,temperature_f,06-26,65.01,76.39,69.3,69.13,65.82,67.57,70.48,72.68,3
harry_tetters,temperature_f,06-27,61.54,72.91,66.3,65.53,63.23,64.09,67.93,71.55,3
harry_tetters,temperature_f,06-28,58.05,72.43,65.69,65.66,60.22,62.58,68.68,71.3,3
harry_tetters,temperature_f,06-29,61.77,76.33,68.96,68.9,62.39,64.2,73.18,74.63,3
harry_tetters,temperature_f,06-30,65.14,77.23,70.2,69.73,66.48,67.23,72.52,75.49,3
harry_tetters,temperature_f,07-01,60.01,72.18,67.91,68.65,62.35,66.4,70.38,71.3,3
harry_tetters,temperature_f,07-02,60.28,75.43,67.75,68.29,61.92,65.05,69.57,73.13,3
harry_tetters,temperature_f,07-03,63.46,76.03,69.56,68.85,65.25,66.54,72.75,75.03,3
harry_tetters,temperature_f,07-04,64.6,79.07,70.55,69.78,66.43,67.71,72.91,75.98,3
harry_tetters,temperature_f,07-05,65.93,78.98,70.99,70.07,66.95,68.11,73.76,76.33,3
harry_tetters,temperature_f,07-06,65.61,77.68,70.69,70.48,66.94,69.75,71.94,73.95,3
harry_tetters,temperature_f,07-07,63.97,76.19,69.88,69.75,65.54,67.44,72.81,74.38,3
harry_tetters,temperature_f,07-08,66.16,75.92,69.82,69.15,66.64,67.64,71.73,73.85,3
harry_tetters,temperature_f,07-09,63.1,75.18,68.9,69.67,63.95,65.59,71.67,72.73,3
harry_tetters,temperature_f,07-10,60.4,74.75,67.58,67.78,62.07,64.89,69.85,72.7,3
harry_tetters,temperature_f,07-11,62.91,73.47,68.82,68.9,64.77,66.61,71.17,72.63,3
harry_tetters,temperature_f,07-12,66.25,75.45,69.94,69.71,67.4,68.09,71.15,72.8,3
harry_tetters,temperature_f,07-13,64.27,75.87,69.45,68.92,66.02,67.39,71.62,73.92,3
harry_tetters,temperature_f,07-14,63.86,74.84,69.57,69.94,64.62,66.25,72.77,73.56,3
harry_tetters,temperature_f,07-15,63.57,77.31,69.47,69.4,65.36,67.23,70.59,74.74,3
harry_tetters,temperature_f,07-16,64.9,75.99,70.55,70.74,66.44,67.71,73.08,74.74,3
harry_tetters,temperature_f,07-17,64.2,76.15,69.73,69.69,65.35,67.8,71.64,73.6,3
harry_tetters,temperature_f,07-18,61.95,76.96,68.33,68.13,63.47,65.37,70.38,74.13,3
harry_tetters,temperature_f,07-19,61.52,76.98,68.27,67.66,63.02,64.45,71.64,74.73,3
harry_tetters,temperature_f,07-20,62.82,78.8,69.84,69.91,64.04,66.6,72.39,75.48,3
harry_tetters,temperature_f,07-21,64.38,78.24,69.95,69.98,65.58,66.97,71.74,74.97,3
harry_tetters,temperature_f,07-22,65.97,77.59,70.38,69.98,66.66,67.8,72.57,74.64,3
harry_tetters,temperature_f,07-23,65.75,76.44,69.73,69.08,66.51,67.84,71.26,73.7,3
harry_tetters,temperature_f,07-24,63.84,76.53,70.08,70.18,65.62,67.93,72.01,73.89,3
harry_tetters,temperature_f,07-25,64.69,74.71,69.47,68.95,66.15,67.26,72.12,73.44,3
harry_tetters,temperature_f,07-26,62.51,72.93,68.26,68.86,63.63,65.82,70.52,71.69,3
harry_tetters,temperature_f,07-27,62.62,74.86,69.06,68.65,64.46,66.63,71.87,72.99,3
harry_tetters,temperature_f,07-28,64.04,75.96,69.88,69.49,65.33,67.59,72.7,73.85,3
harry_tetters,temperature_f,07-29,63.99,75.16,69.99,70.25,65.3,69.04,71.65,73.53,3
harry_tetters,temperature_f,07-30,62.76,76.19,69.56,69.71,64.08,67.14,72.14,74.07,3
harry_tetters,temperature_f,07-31,62.08,76.14,69.18,69.37,63.89,65.32,72.59,74.42,3
harry_tetters,temperature_f,08-01,62.8,75.13,69.72,70.2,64.54,66.92,72.41,74.17,3
harry_tetters,temperature_f,08-02,63.37,74.89,70.04,71.22,64.89,67.23,72.55,73.47,3
harry_tetters,temperature_f,08-03,63.86,77.13,70.82,70.57,65.74,68.45,73.69,75.82,3
harry_tetters,temperature_f,08-04,66.67,77.5,71.63,71.33,67.92,69.82,73.65,75.5,3
harry_tetters,temperature_f,08-05,66.36,76.89,71.65,71.38,67.5,70.16,73.76,75.48,3
harry_tetters,temperature_f,08-06,66.97,77.85,71.13,71.06,67.65,69.04,72.28,75.15,3
harry_tetters,temperature_f,08-07,66.18,77.54,70.02,68.67,66.49,67.21,72.18,75.23,3
harry_tetters,temperature_f,08-08,63.88,77.27,70.05,71.19,64.91,66,72.88,75.24,3
harry_tetters,temperature_f,08-09,64.51,73.76,68.72,69.01,65.8,66.83,70.29,71.76,3
harry_tetters,temperature_f,08-10,62.76,73.6,67.48,66.99,64.08,65.41,69.33,71.96,3
harry_tetters,temperature_f,08-11,60.44,72.41,66.76,66.49,62.02,65.08,68.81,71.54,3
harry_tetters,temperature_f,08-12,60.19,74.35,66.41,67.46,61.44,63.1,68.47,70.88,3
harry_tetters,temperature_f,08-13,60.39,73.8,65.76,65.08,61.65,62.69,69.01,71.77,3
harry_tetters,temperature_f,08-14,60.94,71.73,66.31,66.78,61.68,64.11,68.59,69.69,3
harry_tetters,temperature_f,08-15,63.43,71.44,66.78,66.76,64.27,65.93,67.68,69.03,3
harry_tetters,temperature_f,08-16,62.08,71.46,66.61,66.29,62.46,64.24,69.3,70.73,3
harry_tetters,temperature_f,08-17,62.24,71.04,66.58,66.81,62.91,64.31,68.9,70.31,3
harry_tetters,temperature_f,08-18,59.85,71.22,66.17,66.92,61.72,63.55,68.43,70.05,3
harry_tetters,temperature_f,08-19,59.16,72.05,65.64,66.27,60.23,62.78,68.11,69.84,3
harry_tetters,temperature_f,08-20,60.93,73.06,65.72,65.28,62.05,63.25,67.5,70.35,3
harry_tetters,temperature_f,08-21,57.87,74.44,66.36,66.76,59.37,64.08,69.04,72.62,3
harry_tetters,temperature_f,08-22,58.32,72.54,66.17,65.91,59.77,64.65,69.3,70.95,3
harry_tetters,temperature_f,08-23,59.4,75.06,66.59,66.72,61.26,62.98,68.85,72.36,3
harry_tetters,temperature_f,08-24,61.75,79.03,69.22,68.34,62.43,63.97,73.53,76.51,3
harry_tetters,temperature_f,08-25,64.24,77.52,70.62,70.77,65.63,66.74,74.48,75.61,3
harry_tetters,temperature_f,08-26,64.72,75.6,70.41,70.09,66.95,68.9,72.41,74.21,3
harry_tetters,temperature_f,08-27,62.44,77.49,69.15,69.53,63.89,65.88,71.29,74.67,3
harry_tetters,temperature_f,08-28,62.62,77.18,69.12,69.58,63.01,64.45,72.54,75.05,3
harry_tetters,temperature_f,08-29,62.56,76.26,69.55,69.19,63.33,67.24,72.52,74.79,3
harry_tetters,temperature_f,08-30,62.46,77,68.78,68.14,63.05,65.53,71.78,74.65,3
harry_tetters,temperature_f,08-31,59.94,74.61,67.09,66.69,61.02,62.78,70.97,73.48,3
harry_tetters,temperature_f,09-01,59.34,72.86,66.24,66.56,60.34,63.79,68.85,71.59,3
harry_tetters,temperature_f,09-02,60.62,72.91,65.68,65.91,61.08,62.65,67.75,70.49,3
harry_tetters,temperature_f,09-03,60.44,73.31,66.64,66.58,61.55,63.9,69.82,71.55,3
harry_tetters,temperature_f,09-04,59.36,73.94,67.12,67.89,60.33,65.97,69.15,72,3
harry_tetters,temperature_f,09-05,60.84,73.9,67.41,67.57,61.62,65.82,69.28,72.89,3
harry_tetters,temperature_f,09-06,64.22,73.29,68.23,67.55,65.48,65.89,70.38,71.96,3
harry_tetters,temperature_f,09-07,59.5,71.08,65.7,64.98,60.53,63.07,68.92,70.06,3
harry_tetters,temperature_f,09-08,56.17,68.45,63.66,65.07,57.24,60.58,67.05,67.74,3
harry_tetters,temperature_f,09-09,56.46,68.05,63.42,64.62,57.31,61.25,65.95,66.83,3
harry_tetters,temperature_f,09-10,58.48,71.01,64.66,64.83,59.51,62.53,67.23,68.4,3
harry_tetters,temperature_f,09-11,59.76,68.59,64.63,65.03,60.86,62.35,66.85,67.75,3
harry_tetters,temperature_f,09-12,59.68,69.57,63.38,62.78,60.7,61.92,64.38,66.78,3
harry_tetters,temperature_f,09-13,57.6,69.82,62.7,62.73,58.91,60.3,64.35,66.44,3
harry_tetters,temperature_f,09-14,56.16,70.97,63.14,62.71,57.56,60.76,65.77,69.12,3
harry_tetters,temperature_f,09-15,56.59,70.59,63.32,63.19,57.35,60.91,66.09,68.79,3
harry_tetters,temperature_f,09-16,56.35,70.32,63.3,62.51,58.06,60.89,66.34,69.22,3
harry_tetters,temperature_f,09-17,57.97,70.65,63.61,62.98,59.11,60.85,66.76,69.2,3
harry_tetters,temperature_f,09-18,57.13,71.42,63.79,63.23,58,60.03,67.33,69.07,3
harry_tetters,temperature_f,09-19,55.04,73.13,63.82,63.72,56.22,59.5,67.23,71.43,3
harry_tetters,temperature_f,09-20,58.12,67.75,63.46,64.06,58.62,61.2,65.97,67.02,3
harry_tetters,temperature_f,09-21,59.04,71.96,64.86,64.18,60.01,62.06,67.14,70.99,3
harry_tetters,temperature_f,09-22,55.06,67.32,62.61,62.44,59.4,60.69,65.07,66.69,3
harry_tetters,temperature_f,09-23,52.09,66.92,60.99,60.67,54.4,58.48,64.58,65.76,3
harry_tetters,temperature_f,09-24,56.19,68.13,61.41,61.9,56.62,58.06,63.99,65.78,3
harry_tetters,temperature_f,09-25,57.24,68.04,62.06,61.57,58.83,59.56,64.38,66.25,3
harry_tetters,temperature_f,09-26,54.97,67.08,61.3,61.86,56.12,58.32,63.99,65.2,3
harry_tetters,temperature_f,09-27,54.39,64.94,60.61,62.15,54.85,57.2,63.28,63.9,3
harry_tetters,temperature_f,09-28,53.64,65.39,60.27,62.15,54.45,55.69,62.78,64.76,3
harry_tetters,temperature_f,09-29,51.15,67.62,60.67,61.95,52.51,55.4,64.51,66.68,3
harry_tetters,temperature_f,09-30,49.64,67.5,60.36,61.99,51.21,55.04,65.28,66.53,3
harry_tetters,temperature_f,10-01,51.24,67.59,60.31,61.77,52.11,55.9,64.47,66.01,3
harry_tetters,temperature_f,10-02,53.67,65.57,58.99,59.31,54.05,55.58,61.63,64.22,3
harry_tetters,temperature_f,10-03,50.88,67.23,58.18,57.31,52.01,53.62,62.37,64.41,3
harry_tetters,temperature_f,10-04,50.74,67.17,58.35,58.37,51.13,53.78,62.4,65.1,3
harry_tetters,temperature_f,10-05,51.21,64.38,58.17,57.06,51.81,54.9,63,63.58,3
harry_tetters,temperature_f,10-06,52.59,62.35,57.9,58.3,53.2,55.83,60.3,61.58,3
harry_tetters,temperature_f,10-07,50.68,58.95,54.35,54.18,52.13,53.04,55.51,56.77,3
harry_tetters,temperature_f,10-08,48.33,58.6,52.32,52.39,49.17,50.31,53.6,55.25,3
harry_tetters,temperature_f,10-09,46.94,56.71,51.28,51.39,47.49,50.41,52.66,53.66,3
harry_tetters,temperature_f,10-10,48.11,55.45,50.96,50.86,48.82,49.62,52.23,52.91,3
harry_tetters,temperature_f,10-11,49.23,57.2,52.04,51.58,49.75,50.04,53.58,55.22,3
harry_tetters,temperature_f,10-12,52.29,58.77,54.68,54.48,52.77,53.15,55.8,57.3,3
harry_tetters,temperature_f,10-13,47.82,58.53,53.49,53.49,50.85,52.23,54.77,56.49,3
harry_tetters,temperature_f,10-14,45.8,56.23,51.09,51.71,47,49.71,52.57,53.21,3
harry_tetters,temperature_f,10-15,46.45,52.66,49.34,49.14,47.04,48.09,50.67,51.85,3
harry_tetters,temperature_f,10-16,45.53,53.58,49.48,49.82,46.01,47.26,51.39,52.8,3
harry_tetters,temperature_f,10-17,44.12,55.04,48.98,48.65,45.14,46.11,51.6,53.04,3
harry_tetters,temperature_f,10-18,42.68,56.52,48.53,48.69,43.77,44.38,52.61,54.55,3
harry_tetters,temperature_f,10-19,42.42,57.36,49.41,50.95,43.67,46.02,52.83,54.45,3
harry_tetters,temperature_f,10-20,41.27,57.33,49.61,51.58,41.74,44.36,53.83,55.58,3
harry_tetters,temperature_f,10-21,42.08,57.52,50.61,50.58,42.88,48.74,52.61,56.29,3
harry_tetters,temperature_f,10-22,46.3,56.68,51.83,52.09,47.42,48.85,54.68,56.22,3
harry_tetters,temperature_f,10-23,43.69,58.12,52.41,53.47,45.43,50.04,55.81,57.35,3
harry_tetters,temperature_f,10-24,47.12,59.04,52.84,52.38,48.15,49.17,56.71,58.18,3
harry_tetters,temperature_f,10-25,47.59,58.53,54.57,55.71,48.7,52.5,57.38,58.03,3
harry_tetters,temperature_f,10-26,44.51,60.98,53.52,54.28,46.26,48.76,57.22,60.24,3
harry_tetters,temperature_f,10-27,40.87,64.04,51.05,49.41,41.81,44.31,59.09,62.74,3
harry_tetters,temperature_f,10-28,41.68,61.99,50.13,49.82,42.78,44.37,55.63,57.41,3
harry_tetters,temperature_f,10-29,42.02,59.79,50.98,50.97,43.63,49.12,53.46,57.93,3
harry_tetters,temperature_f,10-30,43.56,61.95,51.3,49.82,44.38,47.34,56.57,60.09,3
harry_tetters,temperature_f,10-31,37.95,63.39,50.98,54.59,39.49,41.33,58.01,60,3
harry_tetters,temperature_f,11-01,36.93,62.17,48.46,50.38,38.18,40.78,53.49,57.01,3
harry_tetters,temperature_f,11-02,38.4,58.66,46.04,45.03,38.62,43.38,49.53,53.33,3
harry_tetters,temperature_f,11-03,40.77,59.65,47.72,46.65,41.97,44.55,50.81,54.64,3
harry_tetters,temperature_f,11-04,46.1,61.23,52.78,51.3,46.36,49.53,57.52,58.61,3
harry_tetters,temperature_f,11-05,43.84,63.28,53.95,54.81,45.6,48.13,58.44,61.36,3
harry_tetters,temperature_f,11-06,44.43,61.63,51.92,50.25,45.3,47.05,56.23,59.47,3
harry_tetters,temperature_f,11-07,44.31,58.03,50.24,50.02,46.41,48.61,51.44,53.93,3
harry_tetters,temperature_f,11-08,41.66,56.23,47.13,46.74,43.49,45.58,48.27,51.72,3
harry_tetters,temperature_f,11-09,42.02,52.57,47.48,47.68,42.82,45.4,49.41,51.33,3
harry_tetters,temperature_f,11-10,43.24,54.79,48.62,47.61,44.48,45.78,51.73,54.15,3
harry_tetters,temperature_f,11-11,41.37,54.19,47.42,48.15,42.71,44.11,49.57,52.67,3
harry_tetters,temperature_f,11-12,39.97,49.33,43.37,43.09,40.74,41.88,44.46,46,3
harry_tetters,temperature_f,11-13,37.3,47.14,41.44,40.84,38.62,39.78,43.51,44.82,3
harry_tetters,temperature_f,11-14,37.92,48.85,42.5,41.35,38.94,39.59,44.91,48.49,3
harry_tetters,temperature_f,11-15,37.09,51.53,43.02,41.47,37.86,38.55,47.91,50.01,3
harry_tetters,temperature_f,11-16,36.67,50.04,43.14,42.04,37.71,38.43,47.97,49.01,3
harry_tetters,temperature_f,11-17,34.32,52.2,43.79,45.93,35.82,37.31,48.2,49.94,3
harry_tetters,temperature_f,11-18,33.15,51.69,41.46,40.69,33.66,34.55,48.02,50.86,3
harry_tetters,temperature_f,11-19,32.66,57.2,41.64,39.4,32.92,33.25,50.77,53.18,3
harry_tetters,temperature_f,11-20,32.5,48.22,39.25,39.02,32.6,32.81,45.52,46.26,3
harry_tetters,temperature_f,11-21,32.52,43.96,38.07,39.56,32.59,32.92,40.59,43.14,3
harry_tetters,temperature_f,11-22,32.54,45.07,38.91,39.38,32.66,34.12,42.99,44.02,3
harry_tetters,temperature_f,11-23,32.51,44.55,40.01,41.63,32.76,38.03,43.22,44.04,3
harry_tetters,temperature_f,11-24,32.47,44.93,39.42,39.23,33.44,36.26,43.01,43.92,3
harry_tetters,temperature_f,11-25,33.58,47.8,39.26,38.2,33.88,34.46,43.39,46.63,3
harry_tetters,temperature_f,11-26,32.52,47.34,37.93,36.18,33.38,33.79,42.43,44.11,3
harry_tetters,temperature_f,11-27,33.41,41.54,37.2,37.77,33.7,34.18,38.93,41.26,3
harry_tetters,temperature_f,11-28,33.21,42.63,37.13,37.72,33.31,33.47,39.59,40.98,3
harry_tetters,temperature_f,11-29,33.04,46.47,37.24,36.45,33.18,33.24,38.19,44.62,3
harry_tetters,temperature_f,11-30,32.44,45.6,34.89,33.85,32.6,33.2,34.66,39.05,3
harry_tetters,temperature_f,12-01,32.32,37.12,34.02,32.85,32.45,32.54,35.7,36.54,3
harry_tetters,temperature_f,12-02,32.75,42.47,36.15,35.63,32.89,33.36,38.73,39.59,3
harry_tetters,temperature_f,12-03,32.33,44.18,37.34,38.34,33.31,34.02,39.34,41.54,3
harry_tetters,temperature_f,12-04,32.32,40.9,34.9,32.91,32.34,32.41,38.05,39.29,3
harry_tetters,temperature_f,12-05,32.22,39.48,34.59,33.33,32.24,32.27,37.62,38.52,3
harry_tetters,temperature_f,12-06,32.21,39.89,35.42,35.23,32.23,32.27,38.1,38.64,3
harry_tetters,temperature_f,12-07,32.21,43.45,36.83,36.1,32.23,32.51,40.34,41.85,3
harry_tetters,temperature_f,12-08,32.9,43.96,37.8,37.54,33.61,35.61,39.57,42.82,3
harry_tetters,temperature_f,12-09,32.72,49.48,39.02,36.91,33.31,34.73,44.4,47.31,3
harry_tetters,temperature_f,12-10,33.79,44.09,37.35,36.24,34.22,35.01,39.64,40.61,3
harry_tetters,temperature_f,12-11,33.65,38.72,36.21,36.34,34.76,35.16,36.96,37.87,3
harry_tetters,temperature_f,12-12,32.45,38.11,34.38,33.66,32.67,33.25,35.69,36.51,3
harry_tetters,temperature_f,12-13,32.27,37.26,33.66,33.44,32.33,32.56,34.3,35.3,3
harry_tetters,temperature_f,12-14,32.62,38.14,34.09,33.27,32.73,33.03,34.28,36.93,3
harry_tetters,temperature_f,12-15,32.25,39.51,34.57,33.46,32.44,32.88,36.17,37.24,3
harry_tetters,temperature_f,12-16,32.29,37.23,34.31,34.27,32.45,33.06,35.09,36.89,3
harry_tetters,temperature_f,12-17,32.2,39.55,34.93,34.46,32.23,32.45,37.28,38.91,3
harry_tetters,temperature_f,12-18,32.22,38.66,34.22,33.74,32.28,32.39,35.56,37.1,3
harry_tetters,temperature_f,12-19,32.3,35.53,33.24,32.96,32.31,32.39,33.77,34.76,3
harry_tetters,temperature_f,12-20,32.11,35.32,33.2,32.87,32.35,32.45,33.45,34.97,3
harry_tetters,temperature_f,12-21,32.1,38.11,33.44,32.43,32.16,32.26,33.88,37.58,3
harry_tetters,temperature_f,12-22,32.14,40.29,34.4,32.44,32.15,32.25,37.3,39.9,3
harry_tetters,temperature_f,12-23,32.16,43.1,35.23,32.59,32.18,32.32,39.51,42.18,3
harry_tetters,temperature_f,12-24,32.46,45.67,36.66,33.55,32.69,32.79,41.99,45.14,3
harry_tetters,temperature_f,12-25,32.11,47.89,37.27,34.42,32.71,32.79,43.86,46.27,3
harry_tetters,temperature_f,12-26,32.45,49.35,38.52,35.26,32.76,32.87,46.33,47.48,3
harry_tetters,temperature_f,12-27,32.67,44.89,37.24,35.75,32.87,32.98,41.68,43.77,3
harry_tetters,temperature_f,12-28,32.83,45.32,39.03,40.87,32.97,33.29,42.55,43.35,3
harry_tetters,temperature_f,12-29,32.39,42.07,38.08,40.46,32.55,33.42,40.9,41.4,3
harry_tetters,temperature_f,12-30,32.6,41.52,37.42,39.21,32.73,33.07,39.88,40.56,3
harry_tetters,temperature_f,12-31,32.53,39.97,36.41,37.66,32.66,33.03,38.29,39.03,3
outflow,discharge,01-01,0.36,1.1,0.71,0.66,0.37,0.38,1.06,1.09,2
outflow,discharge,01-02,0.36,1.23,0.78,0.78,0.38,0.4,1.17,1.2,2
outflow,discharge,01-03,0.32,2.68,1.27,0.79,0.34,0.36,2.35,2.57,2
outflow,discharge,01-04,0.26,3.01,1.58,1.53,0.32,0.33,2.81,2.93,2
outflow,discharge,01-05,0.32,3.18,1.69,1.67,0.33,0.36,3.04,3.09,2
outflow,discharge,01-06,0.31,3.18,1.73,1.71,0.32,0.33,3.12,3.15,2
outflow,discharge,01-07,0.33,3.07,1.71,1.72,0.34,0.39,3.01,3.04,2
outflow,discharge,01-08,0.4,3.04,1.69,1.65,0.43,0.43,2.95,2.98,2
outflow,discharge,01-09,0.42,2.98,2,2.53,0.48,1.08,2.87,2.9,2
outflow,discharge,01-10,2.05,3.07,2.67,2.81,2.21,2.37,2.95,2.98,2
outflow,discharge,01-11,2.65,3.07,2.93,2.95,2.81,2.9,2.98,3.01,2
outflow,discharge,01-12,2.68,5.42,3.21,2.93,2.84,2.87,3.01,4.48,2
outflow,discharge,01-13,2.68,6.09,4.16,3.95,2.79,2.81,5.42,5.73,2
outflow,discharge,01-14,2.76,5.46,3.85,3.7,2.81,2.84,4.87,5,2
outflow,discharge,01-15,2.81,4.56,3.62,3.52,2.84,2.85,4.34,4.48,2
outflow,discharge,01-16,2.76,4.34,3.63,3.78,2.81,2.84,4.23,4.26,2
outflow,discharge,01-17,3.48,4.23,3.79,3.66,3.55,3.58,3.94,4.16,2
outflow,discharge,01-18,3.51,4.67,3.8,3.74,3.58,3.61,3.98,4.01,2
outflow,discharge,01-19,4.01,6.14,4.98,4.71,4.22,4.52,5.42,5.94,2
outflow,discharge,01-20,4.37,6.72,5.49,5.41,4.67,4.67,6.19,6.67,2
outflow,discharge,01-21,4.37,6.81,5.67,5.68,4.63,4.67,6.67,6.72,2
outflow,discharge,01-22,4.52,6.81,5.65,5.63,4.6,4.63,6.67,6.72,2
outflow,discharge,01-23,4.96,6.67,6.17,6.26,5.5,5.9,6.53,6.57,2
outflow,discharge,01-24,5.94,7.57,6.39,6.19,6.03,6.14,6.48,7.35,2
outflow,discharge,01-25,5.9,9.74,7.4,7.43,5.99,6.98,7.96,8.43,2
outflow,discharge,01-26,7.19,34.71,16.96,8.91,7.24,7.35,27.99,31.94,2
outflow,discharge,01-27,4.79,41.42,22.59,21.11,5.62,6.91,38.97,40.78,2
outflow,discharge,01-28,6.53,53.26,27.88,24.19,6.62,6.81,51.37,52.72,2
outflow,discharge,01-29,6.28,53.53,29.75,29.58,6.38,6.49,52.99,53.26,2
outflow,discharge,01-30,5.81,52.72,28.91,28.31,5.85,6.09,51.91,52.45,2
outflow,discharge,01-31,5.46,50.29,26.63,25.45,5.5,5.68,47.56,49.21,2
outflow,discharge,02-01,5.29,44.6,23.49,22.11,5.33,5.46,41.42,43.13,2
outflow,discharge,02-02,4.92,38.36,20.23,18.86,4.96,5.16,35.34,37.04,2
outflow,discharge,02-03,4.52,32.26,17.32,16.16,4.59,4.71,29.96,31.41,2
outflow,discharge,02-04,4.3,27.4,14.92,14.1,4.34,4.52,25.24,26.46,2
outflow,discharge,02-05,4.01,23.42,12.94,12.18,4.05,4.19,21.6,22.58,2
outflow,discharge,02-06,3.87,20.06,11.34,10.69,3.94,3.98,18.66,19.46,2
outflow,discharge,02-07,3.81,17.34,10.04,9.53,3.84,3.91,16.02,16.9,2
outflow,discharge,02-08,3.94,15.26,9.23,8.94,3.98,4.05,14.4,14.7,2
outflow,discharge,02-09,4.23,13.81,9.84,10.03,5.53,6.89,13.18,13.45,2
outflow,discharge,02-10,7.92,12.36,9.81,9.51,8.14,8.26,11.32,11.88,2
outflow,discharge,02-11,8.26,10.6,9.29,9.07,8.43,8.49,10.14,10.47,2
outflow,discharge,02-12,8.09,9.61,8.66,8.43,8.26,8.32,9.05,9.27,2
outflow,discharge,02-13,7.63,8.49,7.98,7.92,7.69,7.8,8.14,8.37,2
outflow,discharge,02-14,6.67,7.97,7.43,7.46,7.08,7.25,7.62,7.69,2
outflow,discharge,02-15,6.04,8.67,7.33,7.13,6.38,6.91,8.03,8.37,2
outflow,discharge,02-16,6.09,7.46,6.76,6.74,6.33,6.38,7.08,7.24,2
outflow,discharge,02-17,5.5,7.24,6.4,6.48,5.67,5.86,6.91,7.02,2
outflow,discharge,02-18,4.79,7.19,5.99,6.21,4.91,5.29,6.75,6.91,2
outflow,discharge,02-19,4.34,6.62,5.44,5.26,4.63,4.67,6.28,6.43,2
outflow,discharge,02-20,4.12,5.76,5.01,5.03,4.34,4.41,5.63,5.68,2
outflow,discharge,02-21,4.01,5.72,4.78,4.87,4.16,4.23,5.21,5.5,2
outflow,discharge,02-22,3.98,20.82,7.58,5.12,4.26,5.04,7.35,18.78,2
outflow,discharge,02-23,4.52,26.76,14.72,13.06,4.71,4.83,24.82,25.8,2
outflow,discharge,02-24,4.41,29.1,16.46,15.66,4.67,4.79,28.42,28.76,2
outflow,discharge,02-25,4.48,30,16.99,16.77,4.67,4.79,29.1,29.64,2
outflow,discharge,02-26,4.12,28.25,15.79,15.18,4.52,4.56,27.08,27.57,2
outflow,discharge,02-27,4.34,47.84,21.08,15.38,4.52,4.75,39.46,46.19,2
outflow,discharge,02-28,3.39,49.75,26.47,25.85,3.68,3.98,48.94,49.48,2
outflow,discharge,02-29,3.42,4.19,3.82,3.81,3.69,3.77,3.87,3.94,1
outflow,discharge,03-01,3.48,50.56,25.53,24.65,3.58,3.62,47.56,48.67,2
outflow,discharge,03-02,3.18,45.1,22.8,21.79,3.29,3.32,42.47,43.6,2
outflow,discharge,03-03,3.23,54.34,23.13,20.17,3.32,3.36,39.24,52.21,2
outflow,discharge,03-04,3.18,53.26,26.4,24.83,3.21,3.29,49.75,51.4,2
outflow,discharge,03-05,3.18,45.6,23.49,22.92,3.32,3.45,43.35,44.1,2
outflow,discharge,03-06,3.35,55.42,26.03,23.04,3.42,3.48,46.37,54.61,2
outflow,discharge,03-07,3.32,55.96,29.09,28.35,3.39,3.42,54.88,55.45,2
outflow,discharge,03-08,3.23,52.99,26.85,25.81,3.29,3.43,50.02,51.91,2
outflow,discharge,03-09,4.96,46.16,24.07,22.77,5.08,5.17,42.84,44.38,2
outflow,discharge,03-10,4.34,44.1,23.4,22.2,4.48,4.71,42.05,43.38,2
outflow,discharge,03-11,4.52,39.24,20.71,19.55,4.75,4.79,36.82,37.94,2
outflow,discharge,03-12,4.37,34.12,18.6,17.85,4.48,4.56,32.74,33.93,2
outflow,discharge,03-13,4.08,30.72,16.32,15.44,4.23,4.3,28.59,29.64,2
outflow,discharge,03-14,4.08,26.28,15.91,16.8,4.86,6.82,24.12,25.53,2
outflow,discharge,03-15,9.94,23,16.31,15.78,10.27,10.6,22.3,22.72,2
outflow,discharge,03-16,9.61,22.44,15.75,15.97,10.2,11.08,20.3,20.69,2
outflow,discharge,03-17,8.8,23.56,15.26,15.14,9.2,9.67,20.43,21.34,2
outflow,discharge,03-18,8.03,20.56,13.47,13.24,8.32,8.54,17.89,19.23,2
outflow,discharge,03-19,6.86,17.34,12.08,12.18,7.3,8.37,15.91,16.68,2
outflow,discharge,03-20,5.9,15.71,10.58,10.24,6.18,6.38,14.9,15.17,2
outflow,discharge,03-21,5.76,13.18,9.26,9.03,5.85,6.04,12.68,12.84,2
outflow,discharge,03-22,5.04,12.12,8.61,8.59,5.33,5.46,11.8,11.96,2
outflow,discharge,03-23,4.45,12.28,8.35,8.4,4.56,4.64,11.96,12.12,2
outflow,discharge,03-24,4.19,11.72,7.97,7.94,4.41,4.56,11.4,11.64,2
outflow,discharge,03-25,3.94,42.05,13.71,11.72,4.09,4.23,13.36,36.14,3
outflow,discharge,03-26,3.87,38.8,16.95,11.48,5.06,5.72,31.58,36.82,3
outflow,discharge,03-27,4.79,45.1,15.34,11.96,4.96,5.29,20.95,33.74,3
outflow,discharge,03-28,0,35.55,12.14,11.32,4.48,4.75,14.3,27.91,3
outflow,discharge,03-29,4.01,27.57,10.98,10.14,4.26,4.41,14.4,20.53,3
outflow,discharge,03-30,4.16,20.69,9.74,9.74,5.74,7.02,10.92,15.62,3
outflow,discharge,03-31,7.02,21.34,11.33,10.84,7.13,7.41,14.2,16.35,3
outflow,discharge,04-01,7.92,17.34,13.13,13.18,10.14,11.08,14.6,15.8,3
outflow,discharge,04-02,12.04,26.12,17.08,16.9,12.52,12.84,19.94,23.5,3
outflow,discharge,04-03,12.52,30,18.65,15.35,12.68,13.09,26.92,28.08,3
outflow,discharge,04-04,12.52,27.74,18.48,14.7,13.18,14.3,26.92,27.4,3
outflow,discharge,04-05,12.84,26.92,17.62,14.4,13,13.27,24.12,25.9,3
outflow,discharge,04-06,12.28,23.7,16.71,15.8,12.63,13.18,21.21,22.66,3
outflow,discharge,04-07,10.92,20.95,15.68,16.02,11.08,11.8,19.58,20.13,3
outflow,discharge,04-08,9.81,18.66,14.22,14.6,10.2,10.84,17.34,18,3
outflow,discharge,04-09,8.94,16.79,12.67,13.09,9.27,9.54,15.26,15.8,3
outflow,discharge,04-10,8.03,14.1,11.53,12.52,8.49,8.73,13.18,13.77,3
outflow,discharge,04-11,7.35,20.56,12.42,11.72,7.54,7.86,17.12,18.88,3
outflow,discharge,04-12,6.72,22.44,13.36,11.32,7.13,7.3,21.34,22.16,3
outflow,discharge,04-13,6.14,22.16,13.41,13.63,6.48,6.57,20.3,21.55,3
outflow,discharge,04-14,5.76,20.56,13.11,13.9,5.9,5.99,18.33,19.94,3
outflow,discharge,04-15,5.42,18,11.56,12.12,5.59,5.72,16.24,17.3,3
outflow,discharge,04-16,5.42,15.71,10.51,10.84,5.54,6.04,14.5,15.08,3
outflow,discharge,04-17,4.3,17.67,10.2,10.07,4.69,5.54,14.5,16.53,3
outflow,discharge,04-18,3.77,16.02,9.42,9.07,3.94,4.08,14.99,15.44,3
outflow,discharge,04-19,3.55,20.82,10.57,8.2,3.84,3.98,19.82,20.43,3
outflow,discharge,04-20,3.42,20.69,10.29,8.37,3.55,3.71,18.11,19.46,3
outflow,discharge,04-21,3.15,17.78,9.3,7.97,3.48,3.61,15.35,16.97,3
outflow,discharge,04-22,3.32,15.26,8.62,7.8,3.45,3.58,14.4,14.8,3
outflow,discharge,04-23,3.15,14.9,8.22,7.86,3.32,3.39,13.27,13.54,3
outflow,discharge,04-24,3.01,13,7.83,8.49,3.09,3.23,11.56,12.12,3
outflow,discharge,04-25,2.9,11.4,7.5,8.43,3.04,3.64,10.6,10.92,3
outflow,discharge,04-26,3.39,10.07,6.91,7.52,3.51,3.58,9.4,9.81,3
outflow,discharge,04-27,3.18,11.96,6.92,6.67,3.42,3.51,10.2,11.08,3
outflow,discharge,04-28,3.09,11.48,7.06,6.48,3.3,5,10.34,10.92,3
outflow,discharge,04-29,5.21,11.56,7.3,5.9,5.46,5.63,10.14,10.4,3
outflow,discharge,04-30,5.08,10.34,7.29,6.86,5.21,5.42,9.27,9.87,3
outflow,discharge,05-01,7.08,9.54,7.85,7.57,7.19,7.3,8.14,9.07,3
outflow,discharge,05-02,6.86,10.47,7.98,7.86,6.91,7.13,8.87,9.14,3
outflow,discharge,05-03,6.86,12.12,10.17,10.53,7.77,9.27,11.56,11.8,3
outflow,discharge,05-04,8.94,12.92,11.05,11.48,9.14,9.27,12.28,12.76,3
outflow,discharge,05-05,8.32,13.63,10.77,10.47,8.8,8.94,12.76,13.18,3
outflow,discharge,05-06,7.41,15.26,10.6,9.47,7.77,8.09,14.2,15.08,3
outflow,discharge,05-07,7.24,14.9,10.83,9.27,8.2,8.6,14.4,14.7,3
outflow,discharge,05-08,8.43,14.3,11.05,10.92,8.6,8.87,13.09,13.9,3
outflow,discharge,05-09,7.8,13.72,10.54,10.68,7.88,8.32,12.44,13.18,3
outflow,discharge,05-10,7.08,11.8,9.9,10.92,7.35,7.52,11.24,11.48,3
outflow,discharge,05-11,6.48,11.48,9.16,10.07,6.77,6.91,10.34,10.92,3
outflow,discharge,05-12,5.99,10.07,8.44,9.4,6.2,6.33,9.67,9.81,3
outflow,discharge,05-13,5.37,9.47,7.65,8.43,5.63,5.85,8.67,8.94,3
outflow,discharge,05-14,4.63,9.94,7.06,7.92,4.87,5.21,8.09,8.26,3
outflow,discharge,05-15,4.05,11,7.53,7.69,4.31,4.41,10.6,10.76,3
outflow,discharge,05-16,3.51,11.56,7.14,7.02,3.61,4.01,10.27,10.4,3
outflow,discharge,05-17,3.07,10.47,6.48,5.99,3.22,3.39,9.87,10.14,3
outflow,discharge,05-18,2.65,9.47,6.06,6.19,2.84,2.98,8.94,9.27,3
outflow,discharge,05-19,2.3,8.67,5.8,6.62,2.57,2.65,7.8,8.35,3
outflow,discharge,05-20,2.5,8.49,5.58,6.57,2.57,2.76,7.35,7.57,3
outflow,discharge,05-21,2.28,6.97,5.07,6.28,2.35,2.5,6.53,6.67,3
outflow,discharge,05-22,2.16,6.77,4.52,5.25,2.3,2.35,5.81,6.17,3
outflow,discharge,05-23,2,5.04,3.72,4.34,2.07,2.11,4.63,4.83,3
outflow,discharge,05-24,1.65,4.37,3.26,3.81,1.75,1.98,4.05,4.23,3
outflow,discharge,05-25,1.36,8.32,3.28,3.07,1.45,1.55,3.87,5.16,3
outflow,discharge,05-26,1.15,15.35,5.23,2.79,1.24,1.32,8.26,14.6,3
outflow,discharge,05-27,1.03,19.94,7.01,3.04,1.09,1.13,15.44,18.29,3
outflow,discharge,05-28,0.94,20.56,7.86,2.5,0.98,1.01,19.94,20.18,3
outflow,discharge,05-29,0.86,19.7,7.58,3.01,0.91,0.94,18.33,19.22,3
outflow,discharge,05-30,0.84,17.89,6.79,2.98,0.86,0.91,15.62,17.01,3
outflow,discharge,05-31,0.78,15.71,5.98,2.65,0.84,0.91,13.45,14.99,3
outflow,discharge,06-01,0.65,14.3,5.5,2.37,0.74,0.79,12.84,13.63,3
outflow,discharge,06-02,0.51,12.92,5.23,2.93,0.56,0.6,11.64,12.68,3
outflow,discharge,06-03,0.39,11.24,4.45,2.84,0.44,0.46,9.27,10.76,3
outflow,discharge,06-04,0.14,8.94,3.81,2.7,0.21,0.28,8.14,8.8,3
outflow,discharge,06-05,0,7.97,3.39,2.6,0.06,0.09,7.02,7.75,3
outflow,discharge,06-06,0,9,3.14,2.35,0,0,6.72,6.91,3
outflow,discharge,06-07,0,9.07,3.3,1.52,0,0,8.03,8.46,3
outflow,discharge,06-08,0,10.4,3.27,1.3,0,0,7.63,9.91,3
outflow,discharge,06-09,0,10.4,3.75,1.2,0,0,9.74,10.27,3
outflow,discharge,06-10,0,9.67,3.36,0.81,0,0,8.87,9.54,3
outflow,discharge,06-11,0,8.8,3.01,0.72,0,0,7.97,8.49,3
outflow,discharge,06-12,0,7.75,2.68,0.65,0,0,7.24,7.46,3
outflow,discharge,06-13,0,18.66,3.12,0.6,0,0,7.02,7.19,3
outflow,discharge,06-14,0,23.7,7.57,0.53,0,0,21.34,23.14,3
outflow,discharge,06-15,0,24.4,7.87,0.44,0,0,23,23.28,3
outflow,discharge,06-16,0,23.28,7.13,0.31,0,0,20.06,21.6,3
outflow,discharge,06-17,0,19.1,5.52,0.18,0,0,15.17,17.67,3
outflow,discharge,06-18,0,14.1,4.23,0.18,0,0,11.8,13,3
outflow,discharge,06-19,0,11.24,3.51,0.14,0,0,9.94,10.84,3
outflow,discharge,06-20,0,9.61,3.05,0.34,0,0,8.32,9.14,3
outflow,discharge,06-21,0,8.03,2.55,0.3,0,0,7.08,7.52,3
outflow,discharge,06-22,0,6.81,2.08,0.23,0,0,5.59,6.28,3
outflow,discharge,06-23,0,5.37,1.81,0.52,0,0,4.75,5.04,3
outflow,discharge,06-24,0,4.56,1.58,0.42,0,0,4.19,4.45,3
outflow,discharge,06-25,0,4.01,1.62,1.37,0,0,3.68,3.94,3
outflow,discharge,06-26,0,4.83,1.88,1.3,0,0,4.01,4.54,3
outflow,discharge,06-27,0,3.77,1.45,1.04,0,0,2.98,3.55,3
outflow,discharge,06-28,0,2.87,1.21,0.89,0,0,2.65,2.81,3
outflow,discharge,06-29,0,2.5,1.28,1.67,0,0,2.18,2.33,3
outflow,discharge,06-30,0,2.3,1.13,1.27,0,0,1.87,2.16,3
outflow,discharge,07-01,0,2.37,0.98,1.01,0,0,1.73,2.16,3
outflow,discharge,07-02,0,2.18,0.93,0.78,0,0,1.92,2.11,3
outflow,discharge,07-03,0,1.87,0.8,0.61,0,0,1.75,1.81,3
outflow,discharge,07-04,0,1.79,0.74,0.56,0,0,1.59,1.71,3
outflow,discharge,07-05,0,8.54,1.57,0.6,0,0,3.45,3.71,3
outflow,discharge,07-06,0,9.87,3.36,0.57,0,0,9.54,9.67,3
outflow,discharge,07-07,0,9.61,3.27,0.48,0,0,9.2,9.47,3
outflow,discharge,07-08,0,8.87,2.93,0.42,0,0,7.97,8.67,3
outflow,discharge,07-09,0,7.63,2.41,0.37,0,0,6.43,7.08,3
outflow,discharge,07-10,0,7.24,3.62,5.5,0,0,5.9,6.62,3
outflow,discharge,07-11,0,8.09,4.15,5.16,0,0,7.24,7.52,3
outflow,discharge,07-12,0,7.8,3.74,3.91,0,0,7.19,7.3,3
outflow,discharge,07-13,0,7.3,3.33,3.29,0,0,6.48,6.77,3
outflow,discharge,07-14,0,7.19,3.11,2.98,0,0,6.14,6.48,3
outflow,discharge,07-15,0,6.23,2.85,2.76,0,0,5.68,5.85,3
outflow,discharge,07-16,0,8.8,3.43,3.09,0,0,6.97,7.38,3
outflow,discharge,07-17,0,6.81,3.05,2.95,0,0,5.76,6.57,3
outflow,discharge,07-18,0,5.5,2.52,2.79,0,0,4.48,5.02,3
outflow,discharge,07-19,0,4.52,2.2,2.6,0,0,3.84,4.12,3
outflow,discharge,07-20,0,3.77,1.92,2.47,0,0,3.29,3.51,3
outflow,discharge,07-21,0,3.39,1.64,1.85,0,0,2.93,3.05,3
outflow,discharge,07-22,0,2.93,1.6,2.14,0,0,2.57,2.7,3
outflow,discharge,07-23,0,3.21,1.6,2.28,0,0,2.42,2.55,3
outflow,discharge,07-24,0,3.39,1.67,1.89,0,0,2.93,3.15,3
outflow,discharge,07-25,0,2.79,1.35,1.5,0,0,2.4,2.63,3
outflow,discharge,07-26,0,2.28,1.19,1.25,0,0,2.11,2.23,3
outflow,discharge,07-27,0.7,2.18,1.33,1.06,0.86,0.95,1.98,2.05,3
outflow,discharge,07-28,0.61,1.96,1.23,1.06,0.86,0.94,1.67,1.89,3
outflow,discharge,07-29,0.61,3.61,1.83,1.37,0.82,0.88,3.35,3.55,3
outflow,discharge,07-30,1.13,3.58,2.21,2.07,1.18,1.23,3.21,3.45,3
outflow,discharge,07-31,1.03,3.12,1.98,1.98,1.09,1.13,2.76,2.93,3
outflow,discharge,08-01,0.79,2.65,1.76,1.83,0.84,1.06,2.42,2.54,3
outflow,discharge,08-02,0.75,2.4,1.62,1.77,0.77,0.79,2.23,2.3,3
outflow,discharge,08-03,0.58,2.07,1.6,1.89,0.81,1.09,1.96,1.98,3
outflow,discharge,08-04,1,1.96,1.52,1.65,1.07,1.13,1.79,1.83,3
outflow,discharge,08-05,0.98,1.81,1.37,1.45,1,1.06,1.63,1.69,3
outflow,discharge,08-06,0.92,1.89,1.36,1.41,0.98,1.03,1.59,1.72,3
outflow,discharge,08-07,0.78,1.87,1.24,1.04,0.86,0.94,1.65,1.8,3
outflow,discharge,08-08,0.57,1.63,1.12,1.04,0.77,0.84,1.46,1.54,3
outflow,discharge,08-09,0.38,1.45,0.93,0.85,0.51,0.69,1.32,1.37,3
outflow,discharge,08-10,0.12,1.28,0.7,0.7,0.21,0.4,1.04,1.18,3
outflow,discharge,08-11,0,1.12,0.51,0.45,0,0.12,0.97,1.03,3
outflow,discharge,08-12,0,0.97,0.36,0.28,0,0,0.75,0.85,3
outflow,discharge,08-13,0,0.74,0.3,0.21,0,0,0.6,0.7,3
outflow,discharge,08-14,0,1.09,0.51,0.57,0,0,0.85,1,3
outflow,discharge,08-15,0,0.95,0.5,0.7,0,0,0.78,0.82,3
outflow,discharge,08-16,0,0.72,0.41,0.58,0,0,0.64,0.68,3
outflow,discharge,08-17,0,1.04,0.42,0.53,0,0,0.58,0.8,3
outflow,discharge,08-18,0,0.73,0.38,0.5,0,0.04,0.55,0.69,3
outflow,discharge,08-19,0,0.58,0.33,0.43,0,0.11,0.49,0.52,3
outflow,discharge,08-20,0,1.25,0.4,0.38,0,0,0.42,1.06,3
outflow,discharge,08-21,0,1.67,0.65,0.36,0,0,1.59,1.62,3
outflow,discharge,08-22,0,1.59,0.59,0.27,0,0,1.46,1.52,3
outflow,discharge,08-23,0,1.43,0.51,0.19,0,0,1.3,1.34,3
outflow,discharge,08-24,0,1.34,0.51,0.24,0,0,1.21,1.27,3
outflow,discharge,08-25,0,1.28,0.43,0.11,0,0,1.12,1.2,3
outflow,discharge,08-26,0,1.04,0.32,0.01,0,0,0.91,0.94,3
outflow,discharge,08-27,0,0.94,0.29,0,0,0,0.82,0.89,3
outflow,discharge,08-28,0,0.89,0.26,0,0,0,0.74,0.82,3
outflow,discharge,08-29,0,2.57,0.62,0,0,0,1.89,2.21,3
outflow,discharge,08-30,0,2.28,0.65,0,0,0,1.81,2.02,3
outflow,discharge,08-31,0,1.77,0.54,0,0,0,1.54,1.67,3
outflow,discharge,09-01,0,1.52,0.49,0,0,0,1.45,1.48,3
outflow,discharge,09-02,0,1.48,0.46,0,0,0,1.34,1.39,3
outflow,discharge,09-03,0,1.37,0.42,0,0,0,1.23,1.28,3
outflow,discharge,09-04,0,1.18,0.36,0,0,0,1.03,1.13,3
outflow,discharge,09-05,0,0.98,0.31,0,0,0,0.89,0.92,3
outflow,discharge,09-06,0,0.88,0.27,0,0,0,0.81,0.84,3
outflow,discharge,09-07,0,0.77,0.23,0,0,0,0.68,0.73,3
outflow,discharge,09-08,0,0.68,0.21,0,0,0,0.6,0.64,3
outflow,discharge,09-09,0,0.64,0.18,0,0,0,0.49,0.58,3
outflow,discharge,09-10,0,0.64,0.16,0,0,0,0.45,0.49,3
outflow,discharge,09-11,0,1.12,0.26,0,0,0,0.48,0.98,3
outflow,discharge,09-12,0,1.01,0.29,0,0,0,0.78,0.97,3
outflow,discharge,09-13,0,0.68,0.2,0,0,0,0.58,0.64,3
outflow,discharge,09-14,0,0.53,0.17,0,0,0,0.49,0.51,3
outflow,discharge,09-15,0,0.51,0.15,0,0,0,0.43,0.45,3
outflow,discharge,09-16,0,0.5,0.14,0,0,0,0.39,0.42,3
outflow,discharge,09-17,0,0.49,0.13,0,0,0,0.37,0.4,3
outflow,discharge,09-18,0,0.37,0.1,0,0,0,0.26,0.32,3
outflow,discharge,09-19,0,0.88,0.24,0,0,0,0.74,0.75,3
outflow,discharge,09-20,0,1.07,0.25,0,0,0,0.7,0.77,3
outflow,discharge,09-21,0,0.81,0.23,0,0,0,0.61,0.73,3
outflow,discharge,09-22,0,0.57,0.12,0,0,0,0.3,0.39,3
outflow,discharge,09-23,0,0.26,0.07,0,0,0,0.19,0.22,3
outflow,discharge,09-24,0,0.21,0.04,0,0,0,0.06,0.16,3
outflow,discharge,09-25,0,0.24,0.03,0,0,0,0.03,0.07,3
outflow,discharge,09-26,0,0.21,0.04,0,0,0,0.1,0.15,3
outflow,discharge,09-27,0,0.1,0.01,0,0,0,0,0.06,3
outflow,discharge,09-28,0,0,0,0,0,0,0,0,3
outflow,discharge,09-29,0,0,0,0,0,0,0,0,3
outflow,discharge,09-30,0,0,0,0,0,0,0,0,3
outflow,discharge,10-01,0,0,0,0,0,0,0,0,3
outflow,discharge,10-02,0,0,0,0,0,0,0,0,3
outflow,discharge,10-03,0,0,0,0,0,0,0,0,3
outflow,discharge,10-04,0,0,0,0,0,0,0,0,3
outflow,discharge,10-05,0,0,0,0,0,0,0,0,3
outflow,discharge,10-06,0,0,0,0,0,0,0,0,3
outflow,discharge,10-07,0,0,0,0,0,0,0,0,3
outflow,discharge,10-08,0,0,0,0,0,0,0,0,3
outflow,discharge,10-09,0,0,0,0,0,0,0,0,3
outflow,discharge,10-10,0,0,0,0,0,0,0,0,3
outflow,discharge,10-11,0,0,0,0,0,0,0,0,3
outflow,discharge,10-12,0,0,0,0,0,0,0,0,3
outflow,discharge,10-13,0,0,0,0,0,0,0,0,3
outflow,discharge,10-14,0,0,0,0,0,0,0,0,3
outflow,discharge,10-15,0,0,0,0,0,0,0,0,3
outflow,discharge,10-16,0,0,0,0,0,0,0,0,3
outflow,discharge,10-17,0,0,0,0,0,0,0,0,3
outflow,discharge,10-18,0,0,0,0,0,0,0,0,3
outflow,discharge,10-19,0,0,0,0,0,0,0,0,3
outflow,discharge,10-20,0,0,0,0,0,0,0,0,3
outflow,discharge,10-21,0,0,0,0,0,0,0,0,3
outflow,discharge,10-22,0,0,0,0,0,0,0,0,3
outflow,discharge,10-23,0,0,0,0,0,0,0,0,3
outflow,discharge,10-24,0,0,0,0,0,0,0,0,3
outflow,discharge,10-25,0,0,0,0,0,0,0,0,3
outflow,discharge,10-26,0,0,0,0,0,0,0,0,3
outflow,discharge,10-27,0,0,0,0,0,0,0,0,3
outflow,discharge,10-28,0,0,0,0,0,0,0,0,3
outflow,discharge,10-29,0,0,0,0,0,0,0,0,3
outflow,discharge,10-30,0,0,0,0,0,0,0,0,3
outflow,discharge,10-31,0,0,0,0,0,0,0,0,3
outflow,discharge,11-01,0,0,0,0,0,0,0,0,3
outflow,discharge,11-02,0,0,0,0,0,0,0,0,3
outflow,discharge,11-03,0,0,0,0,0,0,0,0,3
outflow,discharge,11-04,0,0,0,0,0,0,0,0,3
outflow,discharge,11-05,0,0,0,0,0,0,0,0,3
outflow,discharge,11-06,0,0,0,0,0,0,0,0,3
outflow,discharge,11-07,0,0,0,0,0,0,0,0,3
outflow,discharge,11-08,0,0,0,0,0,0,0,0,3
outflow,discharge,11-09,0,0,0,0,0,0,0,0,3
outflow,discharge,11-10,0,0,0,0,0,0,0,0,3
outflow,discharge,11-11,0,0,0,0,0,0,0,0,3
outflow,discharge,11-12,0,0,0,0,0,0,0,0,3
outflow,discharge,11-13,0,0,0,0,0,0,0,0,3
outflow,discharge,11-14,0,0,0,0,0,0,0,0,3
outflow,discharge,11-15,0,0,0,0,0,0,0,0,3
outflow,discharge,11-16,0,0,0,0,0,0,0,0,3
outflow,discharge,11-17,0,0,0,0,0,0,0,0,3
outflow,discharge,11-18,0,0,0,0,0,0,0,0,3
outflow,discharge,11-19,0,0,0,0,0,0,0,0,3
outflow,discharge,11-20,0,0,0,0,0,0,0,0,3
outflow,discharge,11-21,0,0,0,0,0,0,0,0,3
outflow,discharge,11-22,0,0,0,0,0,0,0,0,3
outflow,discharge,11-23,0,0,0,0,0,0,0,0,3
outflow,discharge,11-24,0,0,0,0,0,0,0,0,3
outflow,discharge,11-25,0,0,0,0,0,0,0,0,3
outflow,discharge,11-26,0,0,0,0,0,0,0,0,3
outflow,discharge,11-27,0,0,0,0,0,0,0,0,3
outflow,discharge,11-28,0,0,0,0,0,0,0,0,3
outflow,discharge,11-29,0,0,0,0,0,0,0,0,3
outflow,discharge,11-30,0,0,0,0,0,0,0,0,3
outflow,discharge,12-01,0,0,0,0,0,0,0,0,3
outflow,discharge,12-02,0,0,0,0,0,0,0,0,3
outflow,discharge,12-03,0,0,0,0,0,0,0,0,3
outflow,discharge,12-04,0,0,0,0,0,0,0,0,3
outflow,discharge,12-05,0,0,0,0,0,0,0,0,3
outflow,discharge,12-06,0,0,0,0,0,0,0,0,3
outflow,discharge,12-07,0,0,0,0,0,0,0,0,3
outflow,discharge,12-08,0,0,0,0,0,0,0,0,3
outflow,discharge,12-09,0,0,0,0,0,0,0,0,3
outflow,discharge,12-10,0,0,0,0,0,0,0,0,3
outflow,discharge,12-11,0,0,0,0,0,0,0,0,3
outflow,discharge,12-12,0,0,0,0,0,0,0,0,3
outflow,discharge,12-13,0,0,0,0,0,0,0,0,3
outflow,discharge,12-14,0,0,0,0,0,0,0,0,3
outflow,discharge,12-15,0,0,0,0,0,0,0,0,3
outflow,discharge,12-16,0,0,0,0,0,0,0,0,3
outflow,discharge,12-17,0,0,0,0,0,0,0,0,3
outflow,discharge,12-18,0,0,0,0,0,0,0,0,3
outflow,discharge,12-19,0,0,0,0,0,0,0,0,3
outflow,discharge,12-20,0,0,0,0,0,0,0,0,3
outflow,discharge,12-21,0,0,0,0,0,0,0,0,3
outflow,discharge,12-22,0,0,0,0,0,0,0,0,3
outflow,discharge,12-23,0,0,0,0,0,0,0,0,3
outflow,discharge,12-24,0,0,0,0,0,0,0,0,3
outflow,discharge,12-25,0,0,0,0,0,0,0,0,3
outflow,discharge,12-26,0,0,0,0,0,0,0,0,3
outflow,discharge,12-27,0,0,0,0,0,0,0,0,3
outflow,discharge,12-28,0,0.29,0.05,0,0,0,0.06,0.2,3
outflow,discharge,12-29,0,0.32,0.09,0,0,0,0.25,0.29,3
outflow,discharge,12-30,0,0.58,0.17,0.08,0,0,0.33,0.38,3
outflow,discharge,12-31,0,0.98,0.4,0.39,0,0,0.75,0.87,3
outflow,temperature_f,01-01,35.02,39.84,37.23,37.06,35.39,35.5,38.76,39.52,2
outflow,temperature_f,01-02,35.42,38.67,36.57,36.43,35.55,35.86,37.01,38.08,2
outflow,temperature_f,01-03,35.39,36.7,35.94,35.87,35.64,35.78,36.03,36.49,2
outflow,temperature_f,01-04,35.4,39.48,36.84,36.48,35.66,35.91,37.44,38.96,2
outflow,temperature_f,01-05,35.09,37.67,36.2,36.12,35.32,35.72,36.87,37.24,2
outflow,temperature_f,01-06,35.14,37.67,36.11,35.9,35.24,35.3,36.87,37.52,2
outflow,temperature_f,01-07,34.43,36.92,35.43,35.39,34.83,35.18,35.6,36.04,2
outflow,temperature_f,01-08,35.03,36.72,35.6,35.54,35.07,35.21,35.82,36.35,2
outflow,temperature_f,01-09,34.66,37.89,36.15,35.86,34.89,35.28,37.3,37.76,2
outflow,temperature_f,01-10,35.69,37.62,36.5,36.37,35.76,35.98,37.08,37.25,2
outflow,temperature_f,01-11,35.14,37.54,36.21,35.99,35.36,35.76,36.98,37.29,2
outflow,temperature_f,01-12,34.7,37.04,36.07,36.27,34.97,35.57,36.61,36.78,2
outflow,temperature_f,01-13,32.44,37.03,34.67,35.21,32.61,32.87,36.27,36.77,2
outflow,temperature_f,01-14,32.27,39.34,35.47,34.8,32.31,32.56,39.01,39.25,2
outflow,temperature_f,01-15,32.77,40.66,36.44,36.31,32.8,32.99,39.88,40.23,2
outflow,temperature_f,01-16,33.13,40,36.51,36.51,33.19,33.31,39.68,39.84,2
outflow,temperature_f,01-17,33.23,39.58,35.9,35.53,33.3,33.41,38.38,38.94,2
outflow,temperature_f,01-18,33.41,38.57,35.71,35.57,33.5,33.54,37.86,38.01,2
outflow,temperature_f,01-19,33.36,38.79,35.8,35.57,33.42,33.47,38.13,38.47,2
outflow,temperature_f,01-20,33.3,38.15,35.38,35.15,33.35,33.38,37.31,37.72,2
outflow,temperature_f,01-21,33.31,37.08,34.9,34.63,33.36,33.41,36.39,36.63,2
outflow,temperature_f,01-22,33.34,36.96,34.81,34.49,33.38,33.39,36.18,36.77,2
outflow,temperature_f,01-23,33.29,36.63,34.46,34.1,33.33,33.39,35.56,35.97,2
outflow,temperature_f,01-24,33.31,36.57,34.58,34.31,33.35,33.46,35.7,36.26,2
outflow,temperature_f,01-25,33.5,36.94,35.02,34.77,33.57,33.69,36.25,36.76,2
outflow,temperature_f,01-26,33.74,35.42,34.51,34.2,33.8,34.01,35.13,35.33,2
outflow,temperature_f,01-27,33.12,34.88,34.28,34.33,33.77,34.16,34.59,34.7,2
outflow,temperature_f,01-28,33.89,34.96,34.46,34.52,34,34.18,34.7,34.85,2
outflow,temperature_f,01-29,34.19,35.08,34.62,34.61,34.34,34.51,34.73,34.93,2
outflow,temperature_f,01-30,33.97,34.96,34.54,34.62,34.13,34.3,34.72,34.87,2
outflow,temperature_f,01-31,33.78,35.56,34.63,34.76,33.87,34.25,34.95,35.29,2
outflow,temperature_f,02-01,34.09,36.94,35.09,34.82,34.14,34.62,35.47,36.46,2
outflow,temperature_f,02-02,34.48,37.14,35.6,35.54,34.52,35.02,36.15,36.78,2
outflow,temperature_f,02-03,34.84,37.2,36.01,36.04,34.91,35.47,36.58,36.9,2
outflow,temperature_f,02-04,35.33,38.25,36.56,36.39,35.42,36.01,37.05,37.95,2
outflow,temperature_f,02-05,35.87,39.11,37.04,36.84,35.94,36.47,37.17,38.67,2
outflow,temperature_f,02-06,35.9,39.39,37.65,37.57,36.2,37.39,38.26,38.92,2
outflow,temperature_f,02-07,36.87,39.55,37.89,37.72,37.03,37.31,38.24,39.17,2
outflow,temperature_f,02-08,36.77,39.8,38.5,38.55,37.01,38.06,39.12,39.51,2
outflow,temperature_f,02-09,37.8,40.75,38.62,38.35,37.97,38.2,38.9,39.4,2
outflow,temperature_f,02-10,37.68,39.21,38.47,38.4,37.99,38.23,38.82,38.99,2
outflow,temperature_f,02-11,37.29,41.58,39.06,39.12,37.55,37.79,40.19,40.85,2
outflow,temperature_f,02-12,37.67,42.45,39.86,39.52,38.35,38.77,41.01,41.79,2
outflow,temperature_f,02-13,38.36,42.51,39.95,39.94,38.63,38.94,40.3,41.74,2
outflow,temperature_f,02-14,37.4,42.33,39.82,39.87,37.91,38.59,40.76,41.64,2
outflow,temperature_f,02-15,37.28,43.44,39.39,38.27,37.65,38.11,40.82,42.61,2
outflow,temperature_f,02-16,35.58,40.92,38.56,38.54,36.37,36.78,40.39,40.72,2
outflow,temperature_f,02-17,33.7,40.1,37.14,36.09,34.98,35.31,39.14,39.71,2
outflow,temperature_f,02-18,32.41,40.75,36.06,35.97,32.51,33.56,38.06,39.65,2
outflow,temperature_f,02-19,34.56,42.55,37.92,37.67,34.76,35.75,39.66,41.58,2
outflow,temperature_f,02-20,35.48,42.43,38.8,38.95,35.71,36.9,40.13,41.79,2
outflow,temperature_f,02-21,36.79,40.99,38.86,38.93,37.18,38.06,39.56,40.46,2
outflow,temperature_f,02-22,38.08,40.67,39.05,38.77,38.17,38.59,39.31,40.38,2
outflow,temperature_f,02-23,37.79,42.65,39.54,38.85,37.94,38.32,40.62,42.47,2
outflow,temperature_f,02-24,37.28,42.69,39.11,38.76,37.51,38.02,39.68,41.93,2
outflow,temperature_f,02-25,36.56,42.16,38.64,38.3,37.07,37.5,38.95,41.23,2
outflow,temperature_f,02-26,36.25,44.92,39.88,39.85,36.55,38.43,41.23,43.45,2
outflow,temperature_f,02-27,37.64,48.09,40.85,39.65,37.84,37.92,43.23,45.97,2
outflow,temperature_f,02-28,37.51,46.12,41.33,40.41,37.7,38.54,44.36,45.6,2
outflow,temperature_f,02-29,38.53,44.29,40.96,40.01,38.78,38.91,43.29,44.14,1
outflow,temperature_f,03-01,38.26,42.86,40.78,40.78,38.45,39.9,42.14,42.63,2
outflow,temperature_f,03-02,39.26,47.01,41.72,41.08,39.49,40.1,42.09,45.86,2
outflow,temperature_f,03-03,37.49,47.79,41.73,41.09,37.85,39.48,43.84,46.87,2
outflow,temperature_f,03-04,36.9,47.86,42.13,42.25,37.27,39.06,44.81,47.19,2
outflow,temperature_f,03-05,38.45,47.57,43.41,44.37,38.62,39.96,46.59,47.05,2
outflow,temperature_f,03-06,39.07,46.96,42.99,43.04,39.38,39.58,46.23,46.8,2
outflow,temperature_f,03-07,39.19,46.62,43.04,43.69,39.45,40.13,45.5,46.27,2
outflow,temperature_f,03-08,39.22,45.98,42.77,43.39,39.51,40.03,45.02,45.85,2
outflow,temperature_f,03-09,39.68,46.03,43.08,43.06,39.86,40.43,45.77,45.95,2
outflow,temperature_f,03-10,39.51,44.07,41.63,41.56,39.65,40.01,43.19,43.73,2
outflow,temperature_f,03-11,39.04,47.93,42.26,41.56,39.33,40.24,43.27,46.91,2
outflow,temperature_f,03-12,39.44,50.56,43.18,41.73,39.71,40.02,45.5,49.58,2
outflow,temperature_f,03-13,38.95,53.33,44.31,43.33,39.19,39.54,47.44,52.03,2
outflow,temperature_f,03-14,38.09,50.52,44.41,44.71,38.54,39.3,49.41,50.13,2
outflow,temperature_f,03-15,38.11,51.37,44.73,44.76,38.37,40.59,49.1,50.89,2
outflow,temperature_f,03-16,39.68,51.71,44.84,44.39,40.02,41.17,48.65,50.42,2
outflow,temperature_f,03-17,39.2,48.2,43.95,43.71,40.25,41.22,46.98,47.7,2
outflow,temperature_f,03-18,36.59,45.93,41.52,41.65,37.56,38.36,44.76,45.34,2
outflow,temperature_f,03-19,36.3,47.43,41.28,41.54,36.54,38.3,43.67,45.94,2
outflow,temperature_f,03-20,36.47,46.13,41.86,42.74,36.9,39.6,44.19,45.45,2
outflow,temperature_f,03-21,38.58,46.56,41.99,41.46,38.99,40.89,42.84,45.87,2
outflow,temperature_f,03-22,40.45,46.06,42.39,41.94,40.55,40.95,43.76,44.89,2
outflow,temperature_f,03-23,41.06,46.71,42.7,42.05,41.25,41.66,43.35,45.61,2
outflow,temperature_f,03-24,41.08,46.87,42.7,42.08,41.24,41.46,43.21,45.67,2
outflow,temperature_f,03-25,40.24,46.87,43.29,42.41,41.2,41.6,45.24,46.2,3
outflow,temperature_f,03-26,39.68,47.26,43.51,43.56,40.28,42.29,44.56,46.4,3
outflow,temperature_f,03-27,40.07,45.51,42.59,42.62,41.06,41.75,43.44,44.11,3
outflow,temperature_f,03-28,39.19,48.33,43.08,42.72,40.06,41.58,44.16,47.1,3
outflow,temperature_f,03-29,39.82,50.9,43.64,43.05,40.73,41.88,44.11,49.04,3
outflow,temperature_f,03-30,40.27,48.83,44.3,43.95,41.05,41.5,46.72,48.15,3
outflow,temperature_f,03-31,42.18,50.29,45.03,43.76,42.62,43.21,47.35,48.97,3
outflow,temperature_f,04-01,41.08,49.05,44.68,43.91,41.95,42.77,47.32,48.25,3
outflow,temperature_f,04-02,40.28,47.43,44.43,43.94,41.04,42.65,46.92,47.18,3
outflow,temperature_f,04-03,41.56,47.14,44.5,44.45,41.83,43.27,45.9,46.75,3
outflow,temperature_f,04-04,41.94,47.71,45,45.18,42.35,44.31,46.15,46.97,3
outflow,temperature_f,04-05,42.76,51.01,46.45,46.31,43.13,45.2,47.68,49.65,3
outflow,temperature_f,04-06,44.07,49.55,46.7,46.34,44.66,45.5,48.11,49.21,3
outflow,temperature_f,04-07,44.04,50.07,47,46.94,44.5,45.31,48.85,49.45,3
outflow,temperature_f,04-08,43.86,54.55,48.3,47.8,44.11,45.79,51.19,52.78,3
outflow,temperature_f,04-09,43.05,57.78,49.86,50.36,43.66,44.87,54.28,55.91,3
outflow,temperature_f,04-10,42.33,57.36,51.7,52.83,43.52,49.44,55.29,56.71,3
outflow,temperature_f,04-11,45.12,58.86,52.38,53.38,46.55,49.14,54,57.77,3
outflow,temperature_f,04-12,46.58,62.53,53.28,52.09,47.71,50.94,55.67,60.19,3
outflow,temperature_f,04-13,49.1,65.37,54.92,53.24,50.11,51.31,57.72,63.08,3
outflow,temperature_f,04-14,49.14,68.54,56.35,54.48,50.59,51.71,60.08,65.52,3
outflow,temperature_f,04-15,48.43,68.95,57.6,56.26,49.04,50.36,63.99,68.07,3
outflow,temperature_f,04-16,48.45,66.24,57.24,57.43,49.19,52.36,62.38,64.78,3
outflow,temperature_f,04-17,47.5,60.01,54.5,55.27,48.71,52.3,57.25,58.65,3
outflow,temperature_f,04-18,47.32,60.69,53.28,51.84,48.47,49.17,56.98,59.79,3
outflow,temperature_f,04-19,46.83,60.64,53.37,52.84,47.18,49.35,57.79,59.34,3
outflow,temperature_f,04-20,45.97,57.13,52.64,52.74,47.38,49.64,55.81,56.6,3
outflow,temperature_f,04-21,47.82,58.05,53.9,54.66,48.73,52.79,55.63,56.75,3
outflow,temperature_f,04-22,48.94,59.72,53.38,53.64,49.67,50.34,55.08,57.78,3
outflow,temperature_f,04-23,48.61,56.35,53.12,54.01,50.16,51.31,54.75,55.3,3
outflow,temperature_f,04-24,49.84,58.62,53.9,53.69,50.38,52.88,54.5,57.66,3
outflow,temperature_f,04-25,49.66,57.56,53.6,54.39,49.78,50.83,56.59,57.19,3
outflow,temperature_f,04-26,47.93,57.29,53.01,53.28,48.91,52.07,54.52,55.44,3
outflow,temperature_f,04-27,49.73,62.46,54.97,54.59,50.83,52.5,56.55,60.71,3
outflow,temperature_f,04-28,50.9,63.95,55.55,53.33,51.62,52.74,59.34,62.49,3
outflow,temperature_f,04-29,50.77,63.66,56.57,55.45,51.4,52.66,61.48,63.19,3
outflow,temperature_f,04-30,51.4,66.96,57,54.54,51.81,53.28,62.11,65.67,3
outflow,temperature_f,05-01,51.04,69.24,57.3,54.05,51.93,52.59,62.76,67.45,3
outflow,temperature_f,05-02,49.35,69.53,56.67,53.31,50.01,51.15,64.13,67.41,3
outflow,temperature_f,05-03,49.01,69.75,56.81,53.02,49.33,51.84,65.12,68.5,3
outflow,temperature_f,05-04,49.3,69.57,58.06,54.79,50.03,52.68,66.78,68.55,3
outflow,temperature_f,05-05,52.45,67.87,58.96,55.35,52.95,53.78,66.79,67.15,3
outflow,temperature_f,05-06,53.02,67.82,58.57,56.5,53.27,53.67,64.9,66.51,3
outflow,temperature_f,05-07,52.16,66.72,59.44,57.43,53.69,55.53,63.97,65.63,3
outflow,temperature_f,05-08,53.8,70.45,61.24,59.97,55.39,58.98,64.54,68.98,3
outflow,temperature_f,05-09,55.17,67.66,61.44,61.81,56.78,58.95,64.47,65.25,3
outflow,temperature_f,05-10,58.59,68.92,63.63,64.04,59.21,61.38,65.97,67.18,3
outflow,temperature_f,05-11,62.28,70.84,65.77,64.71,63.05,63.73,68.04,69.47,3
outflow,temperature_f,05-12,60.76,71.85,67.06,67.5,61.68,65.79,69.01,70.88,3
outflow,temperature_f,05-13,63.66,75.34,68.51,67.57,65.07,66.7,69.67,73.89,3
outflow,temperature_f,05-14,65.05,76.08,69.24,68,65.75,66.65,71.46,74.13,3
outflow,temperature_f,05-15,63.39,75.76,68.96,68.5,64.44,66.47,71.13,74.15,3
outflow,temperature_f,05-16,65.61,73.96,69.48,69.69,66.03,66.99,71.55,73.01,3
outflow,temperature_f,05-17,63.99,74.32,69.47,69.4,65.63,67.59,71.85,73.7,3
outflow,temperature_f,05-18,62.98,79,69.29,67.69,64.48,66.51,71.65,77.17,3
outflow,temperature_f,05-19,63.34,79.48,70.24,69.39,64.93,65.79,74.35,78.43,3
outflow,temperature_f,05-20,63.68,79.88,70.91,70.75,64.55,65.35,75.9,78.73,3
outflow,temperature_f,05-21,61.61,80.6,71.36,70.65,62.61,68.02,76.21,79.53,3
outflow,temperature_f,05-22,63.93,79.38,71.06,69.6,65.16,67.5,75.87,78.31,3
outflow,temperature_f,05-23,64.85,79.52,70.83,68.97,65.36,66.24,74.52,78.67,3
outflow,temperature_f,05-24,64.81,79.29,71.27,69.87,65.87,68.36,74.53,78.2,3
outflow,temperature_f,05-25,64.51,79.32,70.14,67.95,65.59,66.45,74.3,78.13,3
outflow,temperature_f,05-26,62.22,75.99,69.84,69.17,64.57,67.41,73.6,75.26,3
outflow,temperature_f,05-27,62.2,73.44,69.48,70.16,64.5,68.07,71.35,72.69,3
outflow,temperature_f,05-28,65.53,74.7,70.28,70.59,67.2,68.11,72.48,73.33,3
outflow,temperature_f,05-29,66.49,75.43,71.31,71.29,68.37,69.49,73.29,74.35,3
outflow,temperature_f,05-30,67.8,80.35,73.13,73.27,69.05,70.45,75.2,77.41,3
outflow,temperature_f,05-31,68.72,82.22,75.28,75.16,70.73,73.17,77.74,79.84,3
outflow,temperature_f,06-01,69.87,82.72,75.37,75.31,71.27,73.33,77,79.83,3
outflow,temperature_f,06-02,70.12,80.91,74.44,73.67,70.62,72.72,76.5,79.4,3
outflow,temperature_f,06-03,69.62,81.09,75.15,75.38,71.03,72.55,77.27,79.59,3
outflow,temperature_f,06-04,70.7,79.61,74.91,74.53,71.64,72.93,77.22,78.89,3
outflow,temperature_f,06-05,69.4,78.33,74.42,75.15,70.82,72.23,76.28,76.88,3
outflow,temperature_f,06-06,70.9,77.45,73.9,73.51,71.5,72.59,75.27,76.79,3
outflow,temperature_f,06-07,67.8,76.12,72.62,72.59,70.34,71.53,74.01,75.12,3
outflow,temperature_f,06-08,66.79,76.19,71.8,71.46,69.27,70.2,73.58,75.21,3
outflow,temperature_f,06-09,67.78,76.35,72.15,72.07,69.24,70.16,74.1,75.21,3
outflow,temperature_f,06-10,68.09,78.35,72.43,72.23,69.13,70.29,74.12,76.41,3
outflow,temperature_f,06-11,67.23,77.02,72.41,72.14,69.27,70.97,74.17,75.41,3
outflow,temperature_f,06-12,66.22,78.78,72.33,72.03,66.87,68.61,76.46,77.8,3
outflow,temperature_f,06-13,63.12,81.01,73.43,74.89,64.87,68.86,77.43,79.33,3
outflow,temperature_f,06-14,65.53,82.31,75.11,75.78,66.61,72.54,79.47,81.73,3
outflow,temperature_f,06-15,67.12,86.41,77.06,76.17,68.91,72.64,81.18,85.27,3
outflow,temperature_f,06-16,68.22,85.66,76.77,75.69,69.18,71.22,82.45,84.71,3
outflow,temperature_f,06-17,66.52,85.75,77.72,78.8,68.17,74.71,82.09,84.1,3
outflow,temperature_f,06-18,68.34,83.37,77.87,79.12,70.39,76.95,80.62,81.75,3
outflow,temperature_f,06-19,70.9,84.2,77.71,77.99,72.49,75.54,80.01,82.36,3
outflow,temperature_f,06-20,71.4,89.06,79.21,79.11,72.85,76.77,81.16,86.46,3
outflow,temperature_f,06-21,72.43,87.8,80.3,81.03,73.98,77.2,83.19,85.95,3
outflow,temperature_f,06-22,72.66,86.47,80.16,80.69,74.24,76.98,83.28,84.8,3
outflow,temperature_f,06-23,72.73,82.96,78.2,78.8,73.75,74.62,81.07,82.17,3
outflow,temperature_f,06-24,71.51,85.6,78.92,78.76,72.6,75.81,82.51,84.89,3
outflow,temperature_f,06-25,73.35,83.39,78.52,78.71,75.26,76.5,80.29,82.64,3
outflow,temperature_f,06-26,72.72,81.99,77.33,77.79,73.6,75.24,79.03,81.07,3
outflow,temperature_f,06-27,70.45,81.18,75.53,76.08,71.13,72.3,78.28,80.04,3
outflow,temperature_f,06-28,68,81.82,75.24,75.25,69.59,73.62,77.45,80.65,3
outflow,temperature_f,06-29,70.95,82.26,77.55,77.9,72.44,74.25,80.94,81.91,3
outflow,temperature_f,06-30,75.06,83.43,79.28,79.36,75.96,77.52,81.01,82.51,3
outflow,temperature_f,07-01,71.92,80.31,77.6,77.97,74.3,77.16,78.98,79.55,3
outflow,temperature_f,07-02,71.1,82.51,77.11,76.77,73.17,75.76,78.87,81.15,3
outflow,temperature_f,07-03,72.9,84.52,77.99,77.92,73.81,74.86,79.99,83.15,3
outflow,temperature_f,07-04,75.16,84.61,79.6,79.03,75.93,77.29,82.17,83.9,3
outflow,temperature_f,07-05,74.34,86.95,79.3,78.64,75.21,76.96,81.07,84.72,3
outflow,temperature_f,07-06,73.63,84.87,79.26,79.52,74.86,78.13,80.82,82.97,3
outflow,temperature_f,07-07,72.59,85.24,79.85,80.2,74.7,77.65,82.6,84.32,3
outflow,temperature_f,07-08,75.69,84.81,79.88,79.97,76.68,78.3,81.03,82.93,3
outflow,temperature_f,07-09,73.44,81.7,78.79,79.09,75.31,77.95,80.4,81.13,3
outflow,temperature_f,07-10,72.88,83.97,78.53,77.27,75.33,76.55,81.27,83.27,3
outflow,temperature_f,07-11,74.98,83.07,79.09,79.54,75.39,77.04,80.94,82.04,3
outflow,temperature_f,07-12,76.14,84.04,79.65,79.2,77.62,78.22,80.96,82.64,3
outflow,temperature_f,07-13,74.5,85.62,79.29,79.41,75.09,76.73,81.34,84.69,3
outflow,temperature_f,07-14,72.14,83.91,79.58,80.78,74,77.95,81.84,82.24,3
outflow,temperature_f,07-15,74.5,84.9,78.98,78.64,74.9,77.41,80.38,83.87,3
outflow,temperature_f,07-16,73.71,84.61,79.48,79.74,75.01,77.31,81.84,83.81,3
outflow,temperature_f,07-17,73.54,84.7,79.23,78.6,74.9,77.94,81.48,83.41,3
outflow,temperature_f,07-18,71.44,83.34,79.03,79.81,74.08,77.38,81.34,82.05,3
outflow,temperature_f,07-19,72.86,84.49,79.9,80.19,75.21,77.85,82.62,83.7,3
outflow,temperature_f,07-20,75.79,84.43,80.33,80.49,77.35,78.84,81.82,83.16,3
outflow,temperature_f,07-21,74.3,84.81,79.98,79.9,75.68,78.15,82.31,83.81,3
outflow,temperature_f,07-22,73.26,85.21,80.56,80.8,75.18,79.21,82.96,84.19,3
outflow,temperature_f,07-23,74.53,83.75,79.83,79.56,76.64,77.95,82.26,83.17,3
outflow,temperature_f,07-24,72.97,83.93,79.91,80.49,74.93,79.29,81.75,82.49,3
outflow,temperature_f,07-25,75.22,83.68,79.85,79.68,76.63,78.06,81.93,82.97,3
outflow,temperature_f,07-26,74.25,82.83,79.08,78.85,76.16,77.2,81,82.37,3
outflow,temperature_f,07-27,74.17,84.9,79.37,79.36,76.07,76.89,81.36,83.03,3
outflow,temperature_f,07-28,75.11,84.06,80.06,80.04,77.12,78.67,81.75,82.79,3
outflow,temperature_f,07-29,76.26,82.94,80.22,80.4,77.81,79.27,81.55,82.29,3
outflow,temperature_f,07-30,75.13,84.02,80.27,80.22,77.04,78.66,82.24,83.02,3
outflow,temperature_f,07-31,76.69,85.24,80.75,80.78,77.44,79.18,82.08,84.27,3
outflow,temperature_f,08-01,77.22,84.78,80.59,80.58,77.65,78.64,82.26,84.15,3
outflow,temperature_f,08-02,76.39,83.59,80.38,80.94,77.16,78.84,81.82,82.64,3
outflow,temperature_f,08-03,77.18,84.54,80.81,80.29,77.8,78.58,83.35,84.11,3
outflow,temperature_f,08-04,78.24,86.32,81.33,80.82,79.07,79.63,82.63,85.11,3
outflow,temperature_f,08-05,78.1,87.94,82,81.7,78.75,79.77,83.89,85.68,3
outflow,temperature_f,08-06,76.01,87.39,80.34,79.56,76.61,77.61,82.33,85.74,3
outflow,temperature_f,08-07,73.24,86.68,78.86,76.71,74.94,75.72,82.78,85.54,3
outflow,temperature_f,08-08,73.22,84.11,78.68,79.65,73.8,75.22,81.27,82.99,3
outflow,temperature_f,08-09,74.44,81.39,78.3,78.3,75.56,76.98,79.92,80.75,3
outflow,temperature_f,08-10,72.36,83.77,77.38,76.89,74.15,75.31,79.43,81.54,3
outflow,temperature_f,08-11,69.76,81.99,76.31,76.6,71.79,74.97,78.19,79.48,3
outflow,temperature_f,08-12,69.71,81.88,76.62,76.86,71.64,74.37,79.18,80.91,3
outflow,temperature_f,08-13,71.64,81.9,76.05,75.16,72.24,73.36,79.05,81.01,3
outflow,temperature_f,08-14,70.12,83.16,75.7,76.14,71.41,73.02,77.85,80.47,3
outflow,temperature_f,08-15,71.19,78.87,74.72,74.75,71.92,73.42,75.83,77.44,3
outflow,temperature_f,08-16,69.93,80.13,74.83,74.5,71.55,72.43,77.29,78.19,3
outflow,temperature_f,08-17,71.44,78.71,74.49,74.37,71.94,72.64,76.06,77.18,3
outflow,temperature_f,08-18,68.67,81.12,74.52,74.25,70.14,72.82,76.55,78.7,3
outflow,temperature_f,08-19,68.41,81.28,74.94,74.89,70.43,72.88,77.25,79.27,3
outflow,temperature_f,08-20,68.13,81.34,74.59,74.88,70.28,72.28,76.64,79.5,3
outflow,temperature_f,08-21,66.09,82.85,75.74,76.41,68.51,74.3,78.85,80.33,3
outflow,temperature_f,08-22,67.05,80.47,75.96,76.95,69.27,75.33,78.37,79.6,3
outflow,temperature_f,08-23,68.7,82.78,76.22,76.14,71.06,73.98,78.71,81.71,3
outflow,temperature_f,08-24,70.11,83.16,78.56,79.77,72,75.94,81.41,82.65,3
outflow,temperature_f,08-25,75.36,83.89,79.4,79.74,76.66,77.77,80.76,82,3
outflow,temperature_f,08-26,74.79,84.33,78.46,77.79,75.96,76.64,79.83,82.45,3
outflow,temperature_f,08-27,71.87,85.55,77.83,78.08,73,75.04,79.86,83.01,3
outflow,temperature_f,08-28,70.09,83.61,77.66,78.49,72.47,74.79,80.24,81.78,3
outflow,temperature_f,08-29,70.43,82.78,77.27,77.58,72.36,76.06,79.02,80.7,3
outflow,temperature_f,08-30,70.45,82.47,76.47,76.51,72.17,74.8,78.42,80.79,3
outflow,temperature_f,08-31,67.24,82.22,75.84,76.82,69.75,73.53,78.57,80.01,3
outflow,temperature_f,09-01,67.46,81.64,75.92,76.32,69.68,74.39,78.71,80.17,3
outflow,temperature_f,09-02,69.39,81.05,75.38,76.03,70.61,72.45,78.19,79.81,3
outflow,temperature_f,09-03,66.33,82.54,76.12,76.91,68.98,73.35,79.81,81.23,3
outflow,temperature_f,09-04,67.39,82.78,76.54,77.54,69.79,75.72,78.57,81.06,3
outflow,temperature_f,09-05,69.57,84.52,76.77,76.39,71.14,74.64,79.16,82.86,3
outflow,temperature_f,09-06,71.65,81.48,76.04,75.56,73.44,74.08,78.1,79.45,3
outflow,temperature_f,09-07,65.97,78.75,72.9,74.5,67.18,69.76,75.69,76.85,3
outflow,temperature_f,09-08,61.52,80.38,71.3,71.89,63.49,69.22,73.49,77.91,3
outflow,temperature_f,09-09,63.57,80.55,71.51,71.42,65.09,69.48,73.42,78.09,3
outflow,temperature_f,09-10,66.18,79.59,73.1,73.81,67.58,69.13,76.39,78.24,3
outflow,temperature_f,09-11,67.95,78.71,72.76,73.15,68.59,70.47,74.71,76,3
outflow,temperature_f,09-12,68.49,77.7,71.59,71.08,69,69.89,72.84,74.82,3
outflow,temperature_f,09-13,66.29,78.24,71.28,71.22,67.83,69.06,73.26,74.8,3
outflow,temperature_f,09-14,64.38,79.41,71.77,71.71,66.42,69.51,74.39,76.13,3
outflow,temperature_f,09-15,64.94,80.26,72.2,72.09,66.83,70.2,74.75,76.6,3
outflow,temperature_f,09-16,64.87,79.12,72,71.49,66.51,69.78,75,77.23,3
outflow,temperature_f,09-17,65.03,78.66,71.95,71.85,66.58,69.06,75.13,77.06,3
outflow,temperature_f,09-18,64.58,81.32,71.75,72.32,66.09,68.09,74.37,77.81,3
outflow,temperature_f,09-19,62.02,81.41,71.87,72.57,63.71,67.73,75.9,78.04,3
outflow,temperature_f,09-20,64.38,77.22,71.71,72.36,65.37,70.75,73.98,75.41,3
outflow,temperature_f,09-21,66.96,81.43,72.7,72.37,68.53,70.2,74.48,77.73,3
outflow,temperature_f,09-22,65.43,75.43,71.11,71.2,68.29,69.35,72.88,74.05,3
outflow,temperature_f,09-23,62.76,73.47,69.18,69.87,64.58,67.91,71.02,71.61,3
outflow,temperature_f,09-24,64.63,73.02,68.34,68.31,65.15,66.43,69.91,71.27,3
outflow,temperature_f,09-25,64.53,74.26,68.39,68.09,65.84,66.7,69.06,72.68,3
outflow,temperature_f,09-26,62.33,72.03,67.3,67.37,63.18,64.6,69.85,71.05,3
outflow,temperature_f,09-27,60.67,68.95,65.82,66.78,61.82,63.81,67.48,68.32,3
outflow,temperature_f,09-28,59.99,67.59,64.55,65.7,60.8,61.93,66.18,67.29,3
outflow,temperature_f,09-29,58.1,70.56,65.76,66.33,59.71,64.26,68.92,70.2,3
outflow,temperature_f,09-30,58.26,72.68,66.35,67.39,60.21,64.11,69.26,70.35,3
outflow,temperature_f,10-01,58.23,74.79,66.73,67.5,59.85,63.28,69.55,72.51,3
outflow,temperature_f,10-02,59.32,75.24,66.26,66.06,60.19,62.2,69.82,73.23,3
outflow,temperature_f,10-03,56.95,77.61,66.41,65.44,58.87,61.9,70.75,75.01,3
outflow,temperature_f,10-04,56.3,73.87,65.97,65.37,58.24,63.05,70.48,72.64,3
outflow,temperature_f,10-05,58.53,71.44,65.41,66.24,60.05,62.42,68.65,69.74,3
outflow,temperature_f,10-06,61.07,71.28,65.51,65.37,62.24,64,66.69,69.08,3
outflow,temperature_f,10-07,56.64,68.16,61.87,61.57,59.1,60.39,63.37,64.73,3
outflow,temperature_f,10-08,53.67,66.87,58.97,58.59,54.81,56.89,60.85,63.85,3
outflow,temperature_f,10-09,52.21,66.88,58.55,58.24,53.73,56.98,59.81,63.36,3
outflow,temperature_f,10-10,54.12,68.14,58.87,56.98,55.1,55.99,61.79,64.47,3
outflow,temperature_f,10-11,53.8,67.05,60.01,60.08,55.21,58.12,61.9,64.93,3
outflow,temperature_f,10-12,57.27,65.71,60.93,60.8,57.82,59.32,62.51,63.96,3
outflow,temperature_f,10-13,55.2,61.43,58.35,58.51,56.24,56.91,59.5,60.61,3
outflow,temperature_f,10-14,52.27,59.72,55.61,55.11,53.82,54.45,56.93,58.13,3
outflow,temperature_f,10-15,51.6,56.48,53.88,53.8,52.32,53.02,54.68,55.55,3
outflow,temperature_f,10-16,50.47,58.55,53.85,53.73,50.88,52.27,55.38,57.01,3
outflow,temperature_f,10-17,50.04,62.4,53.94,53.28,51.09,52.2,54.57,58.55,3
outflow,temperature_f,10-18,47.61,62.02,53.38,52.88,48.58,49.35,56.79,58.92,3
outflow,temperature_f,10-19,46.69,64.29,53.59,54.46,47.21,49.5,55.17,60.74,3
outflow,temperature_f,10-20,44.85,63.7,53.21,54.63,45.57,46.44,55.9,61.16,3
outflow,temperature_f,10-21,44.4,65.46,54.13,52.61,45,51.8,58.39,62.67,3
outflow,temperature_f,10-22,49.69,64.22,55.75,55.49,50.17,51.58,59.07,62.13,3
outflow,temperature_f,10-23,48.7,61.99,56.28,57.65,50.36,53.87,59.58,60.5,3
outflow,temperature_f,10-24,51.03,62.04,56.95,57.24,51.95,54.45,59.7,60.63,3
outflow,temperature_f,10-25,53.24,60.19,57.64,58.03,54.32,56.32,59.61,59.97,3
outflow,temperature_f,10-26,51.4,61.79,57.28,58.14,52.88,54.59,59.34,61.47,3
outflow,temperature_f,10-27,48.67,65.28,56.18,54.77,50.62,52.25,60.71,64.35,3
outflow,temperature_f,10-28,48.49,64.02,55.53,54.68,50.28,51.51,60.08,61.91,3
outflow,temperature_f,10-29,49.41,64.24,55.72,55.15,51.05,53.67,57.09,62.37,3
outflow,temperature_f,10-30,48.85,66.36,55.39,52.92,50.7,51.35,60.17,64.38,3
outflow,temperature_f,10-31,44.66,63.63,54.15,55.31,45.45,46.45,60.98,62.38,3
outflow,temperature_f,11-01,42.26,60.48,52.6,55.71,43.36,45.08,56.98,58.97,3
outflow,temperature_f,11-02,42.35,60.26,51.28,52.02,43.39,46.63,56.25,57.96,3
outflow,temperature_f,11-03,43.25,59.81,51.64,51.39,44.66,47.68,55.35,58.02,3
outflow,temperature_f,11-04,47.28,59.7,54.36,55.29,47.46,51.82,58.26,58.92,3
outflow,temperature_f,11-05,47.7,61.88,55.89,57.15,49.19,52.11,58.75,61.39,3
outflow,temperature_f,11-06,48.11,62.74,55.09,54.25,49.48,51.44,59.99,61.3,3
outflow,temperature_f,11-07,50.23,61.41,54.34,53.29,50.87,51.57,57.24,58.92,3
outflow,temperature_f,11-08,48.34,58.42,51.71,50.85,48.7,49.06,53.71,55.97,3
outflow,temperature_f,11-09,48.02,55.62,51.44,51.6,48.6,49.1,53.31,54.32,3
outflow,temperature_f,11-10,47.68,57.31,52.02,51.44,48.92,50.07,54.34,55.88,3
outflow,temperature_f,11-11,45.72,55.99,51.45,51.55,47.43,49.69,53.55,54.47,3
outflow,temperature_f,11-12,45.07,52.3,48.41,48.38,46.09,47.32,49.5,50.56,3
outflow,temperature_f,11-13,42.92,49.95,45.93,45.54,44.32,44.71,46.96,48.23,3
outflow,temperature_f,11-14,42.62,49.91,45.93,46.14,43.12,43.92,47.57,49.29,3
outflow,temperature_f,11-15,41.66,51.55,46.37,46.58,42,42.64,49.15,50.82,3
outflow,temperature_f,11-16,39.81,50.92,46.46,47.46,40.85,41.67,50.27,50.68,3
outflow,temperature_f,11-17,38.05,51.53,46.54,48.74,39.89,40.5,50.54,51.05,3
outflow,temperature_f,11-18,35.51,51.37,44.66,46.44,37.05,37.58,49.89,51.26,3
outflow,temperature_f,11-19,34.06,56.14,44.43,45.1,34.64,35.63,51.35,54.06,3
outflow,temperature_f,11-20,33.81,52.92,43.12,43.65,34,36.44,49.5,50.81,3
outflow,temperature_f,11-21,34.25,47.05,41.11,43.08,34.99,36.18,43.98,44.64,3
outflow,temperature_f,11-22,35.98,46.8,41.37,41.54,36.15,38.05,43.55,46.06,3
outflow,temperature_f,11-23,36.93,46.28,42.4,43.31,37.48,40.33,44.18,45.72,3
outflow,temperature_f,11-24,38.13,45.69,42.2,42.85,38.63,40.6,43.97,44.61,3
outflow,temperature_f,11-25,38.5,46.53,42.35,42.05,39.18,40.43,43.99,45.76,3
outflow,temperature_f,11-26,37.92,46.99,42.28,42.26,39.45,40.03,44.56,46.05,3
outflow,temperature_f,11-27,35.64,43.69,40.51,42.03,36.42,37.13,42.43,43.26,3
outflow,temperature_f,11-28,34.5,43.42,39.63,41.24,35.01,35.71,41.78,42.73,3
outflow,temperature_f,11-29,34.56,45.01,39.2,38.58,34.98,36.73,41.3,44.37,3
outflow,temperature_f,11-30,34.24,45.09,37.84,36.81,34.68,35.45,39.68,42.79,3
outflow,temperature_f,12-01,33.97,41.06,36.68,36.87,34.1,34.39,37.71,39.61,3
outflow,temperature_f,12-02,33.67,40.54,37.32,37.77,33.79,35.31,39.24,40.38,3
outflow,temperature_f,12-03,34.17,41.84,38.69,40.22,34.62,35.34,40.72,41.28,3
outflow,temperature_f,12-04,33.05,41.93,37.74,38.5,33.39,33.93,40.3,41.49,3
outflow,temperature_f,12-05,32.9,41.07,36.81,36.65,33.12,33.81,40.46,40.86,3
outflow,temperature_f,12-06,33.12,40.83,37.1,38.25,33.31,34.06,39.79,40.12,3
outflow,temperature_f,12-07,33.03,41.98,37.69,38.32,33.27,33.92,41.1,41.33,3
outflow,temperature_f,12-08,33.1,43.21,38.84,40.19,33.41,35.57,41.18,42.57,3
outflow,temperature_f,12-09,34.14,47.55,39.82,38.87,34.7,36.51,43.88,46.61,3
outflow,temperature_f,12-10,35.9,45.8,39.9,39.53,36.28,37.41,42.6,43.68,3
outflow,temperature_f,12-11,35.56,41.68,38.97,39.46,36.93,37.95,39.97,40.52,3
outflow,temperature_f,12-12,33.44,40.29,36.84,37.32,33.75,34.31,39.2,39.63,3
outflow,temperature_f,12-13,33.08,39.93,36.59,37.39,33.45,34.01,38.43,38.83,3
outflow,temperature_f,12-14,33.15,39.94,36.29,36.84,33.49,34.34,37.52,38.71,3
outflow,temperature_f,12-15,32.35,39.69,36.3,36.92,32.96,33.55,38.16,39.29,3
outflow,temperature_f,12-16,33.4,39.84,36.1,35.88,33.66,34.24,38.03,39.15,3
outflow,temperature_f,12-17,33.42,41.65,36.4,34.81,33.64,34.09,39.51,41.31,3
outflow,temperature_f,12-18,33.13,41.08,36.28,35.14,33.38,34.15,39.63,40.39,3
outflow,temperature_f,12-19,33.13,39.06,35.49,35.48,33.28,33.5,36.92,37.93,3
outflow,temperature_f,12-20,33.23,37.06,35.12,35.2,33.37,34.58,35.66,36.5,3
outflow,temperature_f,12-21,33.95,38.71,36,35.41,34.31,35.02,36.93,38.47,3
outflow,temperature_f,12-22,34.13,40.51,36.5,35.5,34.38,34.65,38.73,40,3
outflow,temperature_f,12-23,33.46,41.17,36.33,34.67,33.93,34.12,39.75,40.95,3
outflow,temperature_f,12-24,33.05,43.63,36.5,33.97,33.22,33.35,41.48,42.84,3
outflow,temperature_f,12-25,32.98,45.62,37.26,34.14,33.08,33.3,43.93,44.98,3
outflow,temperature_f,12-26,33.18,46.04,37.63,33.94,33.32,33.53,45.35,45.67,3
outflow,temperature_f,12-27,33.2,44.8,37.29,34.36,33.34,33.69,43.58,44.12,3
outflow,temperature_f,12-28,33.17,43.2,38.27,37.86,33.4,33.7,42.57,42.88,3
outflow,temperature_f,12-29,33.24,42.25,38.52,40.21,33.49,33.81,41.6,41.91,3
outflow,temperature_f,12-30,33.17,42.68,38.45,40.03,33.44,34.3,40.91,41.41,3
outflow,temperature_f,12-31,34.91,40.65,38.16,38.98,35.14,35.61,39.9,40.22,3
