"TOA5","Clear Lake Outflow","CR800","47844","CR800.Std.32.05","CPU:Clear_Outflow_Rain_Gauge.CR8","727","Clear_Outflow_Min_15"
"TIMESTAMP","RECORD","BattV_Min","BattV_TMn","PTemp_C_Avg","Lvl_ft_Avg","Temp_C_Avg","Rain_in_Tot"
"TS","RN","Volts","","Deg C","feet","deg C","inch"
"","","Min","TMn","Avg","Avg","Avg","Tot"
2026-01-12T00:15:00Z,133298,13.2,2026-01-12T00:11:25Z,-1.856,0.332,1.349,0
2026-01-12T00:30:00Z,133299,13.2,2026-01-12T00:28:50Z,-1.865,0.33,1.32,0
2026-01-12T00:45:00Z,133300,13.21,2026-01-12T00:35:50Z,-1.891,0.33,1.31,0
2026-01-12T01:00:00Z,133301,13.2,2026-01-12T00:57:20Z,-1.922,0.33,1.284,0
2026-01-12T01:15:00Z,133302,13.2,2026-01-12T01:02:15Z,-1.981,0.331,1.259,0
2026-01-12T01:30:00Z,133303,13.2,2026-01-12T01:29:55Z,-2.164,0.329,1.221,0
2026-01-12T01:45:00Z,133304,13.2,2026-01-12T01:34:30Z,-2.321,0.333,1.184,0
2026-01-12T02:00:00Z,133305,13.2,2026-01-12T01:53:10Z,-2.475,0.33,1.136,0
2026-01-12T02:15:00Z,133306,13.19,2026-01-12T02:14:40Z,-2.61,0.328,1.116,0
2026-01-12T02:30:00Z,133307,13.18,2026-01-12T02:16:15Z,-2.742,0.332,1.094,0
2026-01-12T02:45:00Z,133308,13.19,2026-01-12T02:32:40Z,-2.902,0.332,1.084,0
2026-01-12T03:00:00Z,133309,13.18,2026-01-12T02:47:20Z,-3.038,0.329,1.026,0
2026-01-12T03:15:00Z,133310,13.18,2026-01-12T03:02:15Z,-3.144,0.33,0.953,0
2026-01-12T03:30:00Z,133311,13.18,2026-01-12T03:15:25Z,-3.194,0.329,0.93,0
2026-01-12T03:45:00Z,133312,13.18,2026-01-12T03:32:40Z,-3.293,0.329,0.901,0
2026-01-12T04:00:00Z,133313,13.18,2026-01-12T03:59:00Z,-3.412,0.326,0.882,0
2026-01-12T04:15:00Z,133314,13.17,2026-01-12T04:03:00Z,-3.517,0.326,0.865,0
2026-01-12T04:30:00Z,133315,13.18,2026-01-12T04:28:50Z,-3.643,0.329,0.84,0
2026-01-12T04:45:00Z,133316,13.18,2026-01-12T04:31:10Z,-3.813,0.329,0.822,0
2026-01-12T05:00:00Z,133317,13.18,2026-01-12T04:45:05Z,-4.031,0.331,0.775,0
2026-01-12T05:15:00Z,133318,13.16,2026-01-12T05:02:15Z,-4.228,0.332,0.711,0
2026-01-12T05:30:00Z,133319,13.15,2026-01-12T05:29:55Z,-4.368,0.331,0.671,0
2026-01-12T05:45:00Z,133320,13.17,2026-01-12T05:30:10Z,-4.455,0.331,0.634,0
2026-01-12T06:00:00Z,133321,13.16,2026-01-12T05:55:10Z,-4.516,0.333,0.601,0
2026-01-12T06:15:00Z,133322,13.16,2026-01-12T06:00:05Z,-4.56,0.335,0.556,0
2026-01-12T06:30:00Z,133323,13.15,2026-01-12T06:15:55Z,-4.595,0.336,0.51,0
2026-01-12T06:45:00Z,133324,13.15,2026-01-12T06:30:05Z,-4.638,0.337,0.475,0
2026-01-12T07:00:00Z,133325,13.14,2026-01-12T06:57:20Z,-4.684,0.338,0.447,0
2026-01-12T07:15:00Z,133326,13.13,2026-01-12T07:02:15Z,-4.752,0.338,0.42,0
2026-01-12T07:30:00Z,133327,13.13,2026-01-12T07:29:55Z,-4.796,0.339,0.377,0
2026-01-12T07:45:00Z,133328,13.14,2026-01-12T07:30:55Z,-4.818,0.338,0.337,0
2026-01-12T08:00:00Z,133329,13.14,2026-01-12T07:45:05Z,-4.871,0.337,0.312,0
2026-01-12T08:15:00Z,133330,13.13,2026-01-12T08:02:55Z,-4.929,0.338,0.278,0
2026-01-12T08:30:00Z,133331,13.13,2026-01-12T08:16:15Z,-4.971,0.337,0.258,0
2026-01-12T08:45:00Z,133332,13.15,2026-01-12T08:30:05Z,-4.938,0.335,0.253,0
2026-01-12T09:00:00Z,133333,13.18,2026-01-12T08:45:35Z,-4.809,0.332,0.239,0
2026-01-12T09:15:00Z,133334,13.23,2026-01-12T09:00:05Z,-4.505,0.333,0.238,0
2026-01-12T09:30:00Z,133335,13.36,2026-01-12T09:15:05Z,-4.064,0.335,0.239,0
2026-01-12T09:45:00Z,133336,13.41,2026-01-12T09:30:55Z,-3.639,0.335,0.261,0
2026-01-12T10:00:00Z,133337,13.48,2026-01-12T09:45:05Z,-3.179,0.337,0.285,0
2026-01-12T10:15:00Z,133338,13.55,2026-01-12T10:02:15Z,-2.696,0.336,0.326,0
2026-01-12T10:30:00Z,133339,13.58,2026-01-12T10:25:45Z,-2.224,0.334,0.376,0
2026-01-12T10:45:00Z,133340,13.52,2026-01-12T10:37:10Z,-1.776,0.333,0.427,0
2026-01-12T11:00:00Z,133341,13.58,2026-01-12T10:58:00Z,-1.391,0.334,0.47,0
2026-01-12T11:15:00Z,133342,13.55,2026-01-12T11:02:15Z,-1.048,0.333,0.469,0
2026-01-12T11:30:00Z,133343,13.63,2026-01-12T11:15:35Z,-0.797,0.332,0.507,0
2026-01-12T11:45:00Z,133344,13.7,2026-01-12T11:30:05Z,-0.492,0.331,0.58,0
2026-01-12T12:00:00Z,133345,13.75,2026-01-12T11:57:45Z,-0.031,0.331,0.673,0
2026-01-12T12:15:00Z,133346,13.63,2026-01-12T12:08:20Z,0.442,0.33,0.816,0
2026-01-12T12:30:00Z,133347,13.86,2026-01-12T12:15:05Z,0.878,0.331,0.941,0
2026-01-12T12:45:00Z,133348,13.83,2026-01-12T12:40:05Z,1.324,0.331,1.036,0
2026-01-12T13:00:00Z,133349,13.77,2026-01-12T12:57:45Z,1.706,0.329,1.119,0
2026-01-12T13:15:00Z,133350,13.55,2026-01-12T13:10:35Z,1.982,0.331,1.258,0
2026-01-12T13:30:00Z,133351,13.59,2026-01-12T13:17:40Z,1.935,0.33,1.257,0
2026-01-12T13:45:00Z,133352,13.89,2026-01-12T13:30:05Z,2.106,0.331,1.339,0
2026-01-12T14:00:00Z,133353,13.85,2026-01-12T13:59:45Z,2.535,0.331,1.459,0
2026-01-12T14:15:00Z,133354,13.72,2026-01-12T14:09:10Z,2.839,0.331,1.586,0
2026-01-12T14:30:00Z,133355,13.74,2026-01-12T14:29:55Z,3.019,0.331,1.692,0
2026-01-12T14:45:00Z,133356,13.68,2026-01-12T14:44:40Z,3.182,0.333,1.782,0
2026-01-12T15:00:00Z,133357,13.52,2026-01-12T14:59:35Z,3.2,0.336,1.895,0
2026-01-12T15:15:00Z,133358,13.47,2026-01-12T15:14:00Z,3.043,0.333,1.948,0
2026-01-12T15:30:00Z,133359,13.44,2026-01-12T15:22:00Z,2.84,0.331,1.945,0
2026-01-12T15:45:00Z,133360,13.42,2026-01-12T15:36:25Z,2.648,0.332,1.935,0
2026-01-12T16:00:00Z,133361,13.42,2026-01-12T15:45:55Z,2.56,0.333,1.919,0
2026-01-12T16:15:00Z,133362,13.41,2026-01-12T16:05:40Z,2.676,0.33,1.906,0
2026-01-12T16:30:00Z,133363,13.43,2026-01-12T16:30:00Z,2.811,0.332,1.908,0
2026-01-12T16:45:00Z,133364,13.41,2026-01-12T16:42:00Z,2.595,0.331,1.9,0
2026-01-12T17:00:00Z,133365,13.38,2026-01-12T16:59:55Z,2.282,0.33,1.885,0
2026-01-12T17:15:00Z,133366,13.36,2026-01-12T17:11:20Z,1.969,0.329,1.862,0
2026-01-12T17:30:00Z,133367,13.34,2026-01-12T17:30:00Z,1.589,0.329,1.843,0
2026-01-12T17:45:00Z,133368,13.32,2026-01-12T17:45:00Z,1.202,0.329,1.79,0
2026-01-12T18:00:00Z,133369,13.31,2026-01-12T17:56:55Z,0.813,0.33,1.735,0
2026-01-12T18:15:00Z,133370,13.3,2026-01-12T18:12:45Z,0.491,0.33,1.684,0
2026-01-12T18:30:00Z,133371,13.31,2026-01-12T18:15:05Z,0.238,0.33,1.635,0
2026-01-12T18:45:00Z,133372,13.3,2026-01-12T18:40:55Z,0.052,0.331,1.555,0
2026-01-12T19:00:00Z,133373,13.29,2026-01-12T18:54:30Z,-0.08,0.332,1.514,0
2026-01-12T19:15:00Z,133374,13.28,2026-01-12T19:02:20Z,-0.223,0.33,1.502,0
2026-01-12T19:30:00Z,133375,13.29,2026-01-12T19:25:05Z,-0.389,0.328,1.495,0
2026-01-12T19:45:00Z,133376,13.29,2026-01-12T19:30:55Z,-0.559,0.327,1.481,0
2026-01-12T20:00:00Z,133377,13.27,2026-01-12T19:59:50Z,-0.753,0.328,1.446,0
2026-01-12T20:15:00Z,133378,13.27,2026-01-12T20:13:55Z,-0.91,0.328,1.392,0
2026-01-12T20:30:00Z,133379,13.26,2026-01-12T20:23:10Z,-1.015,0.326,1.315,0
2026-01-12T20:45:00Z,133380,13.26,2026-01-12T20:30:50Z,-1.114,0.325,1.298,0
2026-01-12T21:00:00Z,133381,13.27,2026-01-12T20:46:55Z,-1.172,0.326,1.302,0
2026-01-12T21:15:00Z,133382,13.27,2026-01-12T21:02:15Z,-1.19,0.327,1.311,0
2026-01-12T21:30:00Z,133383,13.27,2026-01-12T21:26:00Z,-1.202,0.327,1.282,0
2026-01-12T21:45:00Z,133384,13.28,2026-01-12T21:41:10Z,-1.224,0.327,1.258,0
2026-01-12T22:00:00Z,133385,13.26,2026-01-12T21:59:10Z,-1.243,0.327,1.243,0
2026-01-12T22:15:00Z,133386,13.28,2026-01-12T22:01:05Z,-1.267,0.327,1.234,0
2026-01-12T22:30:00Z,133387,13.27,2026-01-12T22:29:55Z,-1.243,0.328,1.203,0
2026-01-12T22:45:00Z,133388,13.27,2026-01-12T22:30:25Z,-1.193,0.327,1.16,0
2026-01-12T23:00:00Z,133389,13.28,2026-01-12T22:46:25Z,-1.154,0.327,1.086,0
2026-01-12T23:15:00Z,133390,13.27,2026-01-12T23:02:15Z,-1.107,0.327,1.087,0
2026-01-12T23:30:00Z,133391,13.28,2026-01-12T23:15:45Z,-1.039,0.329,1.07,0
2026-01-12T23:45:00Z,133392,13.28,2026-01-12T23:31:45Z,-0.95,0.329,1.082,0
2026-01-13T00:15:00Z,133394,13.26,2026-01-13T00:05:20Z,-0.902,0.327,1.03,0
2026-01-13T00:30:00Z,133395,13.26,2026-01-13T00:18:00Z,-0.966,0.327,1.004,0
2026-01-13T00:45:00Z,133396,13.28,2026-01-13T00:30:05Z,-1.041,0.327,0.992,0
2026-01-13T01:00:00Z,133397,13.28,2026-01-13T00:45:05Z,-1.122,0.327,0.979,0
2026-01-13T01:15:00Z,133398,13.26,2026-01-13T01:02:15Z,-1.112,0.329,0.96,0
2026-01-13T01:30:00Z,133399,13.27,2026-01-13T01:29:50Z,-1.046,0.329,0.95,0
2026-01-13T01:45:00Z,133400,13.27,2026-01-13T01:32:55Z,-1.015,0.328,0.926,0
2026-01-13T02:00:00Z,133401,13.28,2026-01-13T01:45:05Z,-1.034,0.328,0.892,0
2026-01-13T02:15:00Z,133402,13.28,2026-01-13T02:03:05Z,-1.083,0.327,0.858,0
2026-01-13T02:30:00Z,133403,13.27,2026-01-13T02:29:50Z,-1.086,0.328,0.827,0
2026-01-13T02:45:00Z,133404,13.28,2026-01-13T02:30:05Z,-1.052,0.328,0.809,0
2026-01-13T03:00:00Z,133405,13.26,2026-01-13T02:57:20Z,-0.979,0.328,0.794,0
2026-01-13T03:15:00Z,133406,13.26,2026-01-13T03:02:25Z,-0.888,0.328,0.783,0
2026-01-13T03:30:00Z,133407,13.28,2026-01-13T03:15:05Z,-0.796,0.329,0.766,0
2026-01-13T03:45:00Z,133408,13.28,2026-01-13T03:30:10Z,-0.687,0.33,0.751,0
2026-01-13T04:00:00Z,133409,13.27,2026-01-13T03:57:20Z,-0.564,0.33,0.733,0
2026-01-13T04:15:00Z,133410,13.27,2026-01-13T04:00:10Z,-0.46,0.331,0.719,0
2026-01-13T04:30:00Z,133411,13.28,2026-01-13T04:15:05Z,-0.344,0.331,0.711,0
2026-01-13T04:45:00Z,133412,13.28,2026-01-13T04:30:30Z,-0.215,0.33,0.705,0
2026-01-13T05:00:00Z,133413,13.28,2026-01-13T04:46:10Z,-0.062,0.331,0.702,0
2026-01-13T05:15:00Z,133414,13.27,2026-01-13T05:02:15Z,0.089,0.331,0.698,0
2026-01-13T05:30:00Z,133415,13.28,2026-01-13T05:20:10Z,0.154,0.331,0.692,0
2026-01-13T05:45:00Z,133416,13.28,2026-01-13T05:44:10Z,0.197,0.332,0.683,0
2026-01-13T06:00:00Z,133417,13.28,2026-01-13T05:46:50Z,0.263,0.334,0.678,0
2026-01-13T06:15:00Z,133418,13.28,2026-01-13T06:05:30Z,0.377,0.335,0.675,0
2026-01-13T06:30:00Z,133419,13.28,2026-01-13T06:16:10Z,0.5,0.335,0.668,0
2026-01-13T06:45:00Z,133420,13.28,2026-01-13T06:33:25Z,0.576,0.334,0.663,0
2026-01-13T07:00:00Z,133421,13.28,2026-01-13T06:45:30Z,0.673,0.334,0.665,0
2026-01-13T07:15:00Z,133422,13.28,2026-01-13T07:02:15Z,0.831,0.336,0.673,0
2026-01-13T07:30:00Z,133423,13.28,2026-01-13T07:17:30Z,1.022,0.338,0.679,0
2026-01-13T07:45:00Z,133424,13.28,2026-01-13T07:30:50Z,1.202,0.338,0.685,0
2026-01-13T08:00:00Z,133425,13.28,2026-01-13T07:57:20Z,1.341,0.339,0.69,0
2026-01-13T08:15:00Z,133426,13.26,2026-01-13T08:02:10Z,1.445,0.34,0.699,0
2026-01-13T08:30:00Z,133427,13.28,2026-01-13T08:22:35Z,1.524,0.343,0.704,0
2026-01-13T08:45:00Z,133428,13.29,2026-01-13T08:30:05Z,1.597,0.347,0.707,0
2026-01-13T09:00:00Z,133429,13.29,2026-01-13T08:52:50Z,1.675,0.347,0.715,0
2026-01-13T09:15:00Z,133430,13.3,2026-01-13T09:02:15Z,1.791,0.347,0.728,0
2026-01-13T09:30:00Z,133431,13.32,2026-01-13T09:15:05Z,1.95,0.344,0.736,0
2026-01-13T09:45:00Z,133432,13.32,2026-01-13T09:30:05Z,2.08,0.343,0.751,0
2026-01-13T10:00:00Z,133433,13.32,2026-01-13T09:49:50Z,2.218,0.344,0.762,0
2026-01-13T10:15:00Z,133434,13.33,2026-01-13T10:02:30Z,2.41,0.344,0.778,0
2026-01-13T10:30:00Z,133435,13.35,2026-01-13T10:15:05Z,2.615,0.346,0.795,0
2026-01-13T10:45:00Z,133436,13.42,2026-01-13T10:42:40Z,2.967,0.35,0.85,0
2026-01-13T11:00:00Z,133437,13.38,2026-01-13T10:56:40Z,3.267,0.352,0.898,0
2026-01-13T11:15:00Z,133438,13.36,2026-01-13T11:10:35Z,3.399,0.351,0.907,0
2026-01-13T11:30:00Z,133439,13.35,2026-01-13T11:29:55Z,3.455,0.351,0.908,0
2026-01-13T11:45:00Z,133440,13.34,2026-01-13T11:44:40Z,3.476,0.349,0.912,0
2026-01-13T12:00:00Z,133441,13.34,2026-01-13T11:53:40Z,3.497,0.35,0.931,0
2026-01-13T12:15:00Z,133442,13.34,2026-01-13T12:10:05Z,3.43,0.349,0.948,0
2026-01-13T12:30:00Z,133443,13.35,2026-01-13T12:17:20Z,3.226,0.351,0.963,0
2026-01-13T12:45:00Z,133444,13.35,2026-01-13T12:30:10Z,3.115,0.35,0.986,0
2026-01-13T13:00:00Z,133445,13.35,2026-01-13T12:47:15Z,3.157,0.345,0.981,0
2026-01-13T13:15:00Z,133446,13.43,2026-01-13T13:00:05Z,3.375,0.349,1.012,0
2026-01-13T13:30:00Z,133447,13.51,2026-01-13T13:18:30Z,3.85,0.348,1.116,0
2026-01-13T13:45:00Z,133448,13.64,2026-01-13T13:31:10Z,4.496,0.344,1.28,0
2026-01-13T14:00:00Z,133449,13.99,2026-01-13T13:47:50Z,5.248,0.343,1.404,0
2026-01-13T14:15:00Z,133450,14.28,2026-01-13T14:06:35Z,5.984,0.341,1.515,0
2026-01-13T14:30:00Z,133451,14.59,2026-01-13T14:17:40Z,6.529,0.341,1.617,0
2026-01-13T14:45:00Z,133452,14.6,2026-01-13T14:34:45Z,6.876,0.341,1.721,0
2026-01-13T15:00:00Z,133453,14.37,2026-01-13T14:59:45Z,6.962,0.335,1.844,0
2026-01-13T15:15:00Z,133454,14.29,2026-01-13T15:14:15Z,6.921,0.335,1.942,0
2026-01-13T15:30:00Z,133455,14.27,2026-01-13T15:23:10Z,6.859,0.335,1.973,0
2026-01-13T15:45:00Z,133456,14.35,2026-01-13T15:38:25Z,6.814,0.335,1.979,0
2026-01-13T16:00:00Z,133457,14.37,2026-01-13T15:45:05Z,6.768,0.335,2.004,0
2026-01-13T16:15:00Z,133458,14.37,2026-01-13T16:04:35Z,6.903,0.337,2.06,0
2026-01-13T16:30:00Z,133459,14.31,2026-01-13T16:29:50Z,6.978,0.336,2.108,0
2026-01-13T16:45:00Z,133460,14.12,2026-01-13T16:44:55Z,6.675,0.336,2.157,0
2026-01-13T17:00:00Z,133461,13.96,2026-01-13T16:59:45Z,6.306,0.336,2.185,0
2026-01-13T17:15:00Z,133462,13.84,2026-01-13T17:14:25Z,5.922,0.335,2.204,0
2026-01-13T17:30:00Z,133463,13.72,2026-01-13T17:29:55Z,5.497,0.336,2.223,0
2026-01-13T17:45:00Z,133464,13.65,2026-01-13T17:44:20Z,5.091,0.336,2.229,0
2026-01-13T18:00:00Z,133465,13.58,2026-01-13T17:57:20Z,4.792,0.336,2.215,0
2026-01-13T18:15:00Z,133466,13.52,2026-01-13T18:13:35Z,4.689,0.335,2.202,0
2026-01-13T18:30:00Z,133467,13.47,2026-01-13T18:30:00Z,4.634,0.335,2.198,0
2026-01-13T18:45:00Z,133468,13.44,2026-01-13T18:43:10Z,4.591,0.335,2.195,0
2026-01-13T19:00:00Z,133469,13.4,2026-01-13T18:59:40Z,4.622,0.338,2.19,0
2026-01-13T19:15:00Z,133470,13.37,2026-01-13T19:12:05Z,4.701,0.338,2.178,0
2026-01-13T19:30:00Z,133471,13.34,2026-01-13T19:29:55Z,4.643,0.338,2.168,0
2026-01-13T19:45:00Z,133472,13.33,2026-01-13T19:39:40Z,4.509,0.336,2.168,0
2026-01-13T20:00:00Z,133473,13.31,2026-01-13T19:57:25Z,4.337,0.335,2.172,0
2026-01-13T20:15:00Z,133474,13.3,2026-01-13T20:14:20Z,4.164,0.333,2.182,0
2026-01-13T20:30:00Z,133475,13.29,2026-01-13T20:29:55Z,4.03,0.333,2.181,0
2026-01-13T20:45:00Z,133476,13.28,2026-01-13T20:41:00Z,4.036,0.333,2.1,0
2026-01-13T21:00:00Z,133477,13.27,2026-01-13T20:55:10Z,4.169,0.334,2.081,0
2026-01-13T21:15:00Z,133478,13.28,2026-01-13T21:06:45Z,4.321,0.333,2.052,0
2026-01-13T21:30:00Z,133479,13.27,2026-01-13T21:17:15Z,4.422,0.334,2.046,0
2026-01-13T21:45:00Z,133480,13.27,2026-01-13T21:31:10Z,4.446,0.333,2.042,0
2026-01-13T22:00:00Z,133481,13.27,2026-01-13T21:47:10Z,4.388,0.331,2.057,0
2026-01-13T22:15:00Z,133482,13.27,2026-01-13T22:02:15Z,4.31,0.331,2.063,0
2026-01-13T22:30:00Z,133483,13.27,2026-01-13T22:15:45Z,4.19,0.33,2.063,0
2026-01-13T22:45:00Z,133484,13.27,2026-01-13T22:42:35Z,4.045,0.331,2.06,0
2026-01-13T23:00:00Z,133485,13.27,2026-01-13T22:49:50Z,3.868,0.33,2.063,0
2026-01-13T23:15:00Z,133486,13.27,2026-01-13T23:00:15Z,3.689,0.33,2.058,0
2026-01-13T23:30:00Z,133487,13.27,2026-01-13T23:15:05Z,3.52,0.331,2.016,0
2026-01-13T23:45:00Z,133488,13.26,2026-01-13T23:34:45Z,3.33,0.33,2.005,0
2026-01-14T00:15:00Z,133490,13.27,2026-01-14T00:02:20Z,3.051,0.33,1.904,0
2026-01-14T00:30:00Z,133491,13.27,2026-01-14T00:16:30Z,2.982,0.329,1.911,0
2026-01-14T00:45:00Z,133492,13.26,2026-01-14T00:32:50Z,3.109,0.328,1.884,0
2026-01-14T01:00:00Z,133493,13.26,2026-01-14T00:48:30Z,3.3,0.329,1.824,0
2026-01-14T01:15:00Z,133494,13.26,2026-01-14T01:03:50Z,3.305,0.327,1.822,0
2026-01-14T01:30:00Z,133495,13.27,2026-01-14T01:25:40Z,3.137,0.328,1.851,0
2026-01-14T01:45:00Z,133496,13.28,2026-01-14T01:40:10Z,3.102,0.329,1.858,0
2026-01-14T02:00:00Z,133497,13.27,2026-01-14T01:53:15Z,3.116,0.329,1.865,0
2026-01-14T02:15:00Z,133498,13.26,2026-01-14T02:14:50Z,3.188,0.329,1.876,0
2026-01-14T02:30:00Z,133499,13.27,2026-01-14T02:23:45Z,3.283,0.329,1.887,0
2026-01-14T02:45:00Z,133500,13.27,2026-01-14T02:34:45Z,3.375,0.329,1.891,0
2026-01-14T03:00:00Z,133501,13.27,2026-01-14T02:48:05Z,3.253,0.33,1.898,0
2026-01-14T03:15:00Z,133502,13.27,2026-01-14T03:02:15Z,2.903,0.33,1.908,0
2026-01-14T03:30:00Z,133503,13.27,2026-01-14T03:29:50Z,2.684,0.33,1.921,0
2026-01-14T03:45:00Z,133504,13.27,2026-01-14T03:36:40Z,2.724,0.33,1.927,0
2026-01-14T04:00:00Z,133505,13.27,2026-01-14T03:54:45Z,2.731,0.33,1.922,0
2026-01-14T04:15:00Z,133506,13.27,2026-01-14T04:02:25Z,2.535,0.328,1.906,0
2026-01-14T04:30:00Z,133507,13.27,2026-01-14T04:26:45Z,2.42,0.328,1.886,0
2026-01-14T04:45:00Z,133508,13.28,2026-01-14T04:32:35Z,2.483,0.329,1.868,0
2026-01-14T05:00:00Z,133509,13.28,2026-01-14T04:52:10Z,2.59,0.33,1.855,0
2026-01-14T05:15:00Z,133510,13.26,2026-01-14T05:03:00Z,2.727,0.329,1.841,0
2026-01-14T05:30:00Z,133511,13.27,2026-01-14T05:20:05Z,2.857,0.33,1.825,0
2026-01-14T05:45:00Z,133512,13.27,2026-01-14T05:39:35Z,2.956,0.331,1.805,0
2026-01-14T06:00:00Z,133513,13.28,2026-01-14T05:48:50Z,3.011,0.33,1.805,0
2026-01-14T06:15:00Z,133514,13.27,2026-01-14T06:02:15Z,3.033,0.33,1.815,0
2026-01-14T06:30:00Z,133515,13.27,2026-01-14T06:29:55Z,3.026,0.331,1.82,0
2026-01-14T06:45:00Z,133516,13.27,2026-01-14T06:38:50Z,2.988,0.331,1.814,0
2026-01-14T07:00:00Z,133517,13.26,2026-01-14T06:47:00Z,2.95,0.331,1.787,0
2026-01-14T07:15:00Z,133518,13.26,2026-01-14T07:10:05Z,2.895,0.331,1.769,0
2026-01-14T07:30:00Z,133519,13.26,2026-01-14T07:20:50Z,2.823,0.33,1.767,0
2026-01-14T07:45:00Z,133520,13.28,2026-01-14T07:30:25Z,2.753,0.33,1.771,0
2026-01-14T08:00:00Z,133521,13.27,2026-01-14T07:53:30Z,2.687,0.329,1.775,0
2026-01-14T08:15:00Z,133522,13.26,2026-01-14T08:08:30Z,2.653,0.33,1.777,0
2026-01-14T08:30:00Z,133523,13.26,2026-01-14T08:24:30Z,2.651,0.331,1.78,0
2026-01-14T08:45:00Z,133524,13.26,2026-01-14T08:45:00Z,2.676,0.332,1.768,0
2026-01-14T09:00:00Z,133525,13.26,2026-01-14T08:47:40Z,2.695,0.331,1.719,0
2026-01-14T09:15:00Z,133526,13.26,2026-01-14T09:01:45Z,2.7,0.331,1.7,0
2026-01-14T09:30:00Z,133527,13.28,2026-01-14T09:24:30Z,2.742,0.329,1.697,0
2026-01-14T09:45:00Z,133528,13.27,2026-01-14T09:43:10Z,2.774,0.329,1.703,0
2026-01-14T10:00:00Z,133529,13.27,2026-01-14T09:51:10Z,2.741,0.329,1.722,0
2026-01-14T10:15:00Z,133530,13.27,2026-01-14T10:02:15Z,2.706,0.329,1.751,0
2026-01-14T10:30:00Z,133531,13.28,2026-01-14T10:15:10Z,2.676,0.329,1.782,0
2026-01-14T10:45:00Z,133532,13.28,2026-01-14T10:44:15Z,2.673,0.332,1.817,0
2026-01-14T11:00:00Z,133533,13.27,2026-01-14T10:45:15Z,2.321,0.33,1.852,0
2026-01-14T11:15:00Z,133534,13.29,2026-01-14T11:02:20Z,1.703,0.328,1.895,0
2026-01-14T11:30:00Z,133535,13.29,2026-01-14T11:25:10Z,1.249,0.327,1.934,0
2026-01-14T11:45:00Z,133536,13.28,2026-01-14T11:44:40Z,0.905,0.328,1.921,0
2026-01-14T12:00:00Z,133537,13.3,2026-01-14T11:45:05Z,0.563,0.327,1.838,0
2026-01-14T12:15:00Z,133538,13.3,2026-01-14T12:02:15Z,0.247,0.325,1.79,0
2026-01-14T12:30:00Z,133539,13.3,2026-01-14T12:23:05Z,-0.011,0.326,1.784,0
2026-01-14T12:45:00Z,133540,13.29,2026-01-14T12:36:00Z,-0.288,0.325,1.747,0
2026-01-14T13:00:00Z,133541,13.3,2026-01-14T12:57:25Z,-0.567,0.324,1.744,0
2026-01-14T13:15:00Z,133542,13.3,2026-01-14T13:02:15Z,-0.78,0.325,1.755,0
2026-01-14T13:30:00Z,133543,13.3,2026-01-14T13:18:00Z,-1.026,0.326,1.741,0
2026-01-14T13:45:00Z,133544,13.3,2026-01-14T13:43:00Z,-1.339,0.325,1.723,0
2026-01-14T14:00:00Z,133545,13.29,2026-01-14T13:47:35Z,-1.718,0.327,1.699,0
2026-01-14T14:15:00Z,133546,13.28,2026-01-14T14:02:15Z,-2.161,0.327,1.643,0
2026-01-14T14:30:00Z,133547,13.26,2026-01-14T14:20:10Z,-2.572,0.327,1.598,0
2026-01-14T14:45:00Z,133548,13.28,2026-01-14T14:37:40Z,-2.904,0.33,1.565,0
2026-01-14T15:00:00Z,133549,13.27,2026-01-14T14:57:35Z,-3.217,0.331,1.547,0
2026-01-14T15:15:00Z,133550,13.26,2026-01-14T15:09:15Z,-3.471,0.332,1.534,0
2026-01-14T15:30:00Z,133551,13.26,2026-01-14T15:27:40Z,-3.668,0.334,1.502,0
2026-01-14T15:45:00Z,133552,13.26,2026-01-14T15:30:10Z,-3.837,0.333,1.479,0
2026-01-14T16:00:00Z,133553,13.25,2026-01-14T15:57:20Z,-4.007,0.332,1.474,0
2026-01-14T16:15:00Z,133554,13.25,2026-01-14T16:01:30Z,-4.201,0.331,1.496,0
2026-01-14T16:30:00Z,133555,13.25,2026-01-14T16:16:55Z,-4.42,0.333,1.505,0
2026-01-14T16:45:00Z,133556,13.24,2026-01-14T16:43:35Z,-4.608,0.336,1.504,0
2026-01-14T17:00:00Z,133557,13.24,2026-01-14T16:56:55Z,-4.775,0.339,1.516,0
2026-01-14T17:15:00Z,133558,13.24,2026-01-14T17:07:35Z,-4.951,0.338,1.555,0
2026-01-14T17:30:00Z,133559,13.24,2026-01-14T17:15:35Z,-5.141,0.339,1.572,0
2026-01-14T17:45:00Z,133560,13.24,2026-01-14T17:31:35Z,-5.331,0.338,1.579,0
2026-01-14T18:00:00Z,133561,13.24,2026-01-14T17:47:35Z,-5.5,0.34,1.565,0
2026-01-14T18:15:00Z,133562,13.23,2026-01-14T18:02:20Z,-5.655,0.342,1.542,0
2026-01-14T18:30:00Z,133563,13.23,2026-01-14T18:22:15Z,-5.791,0.344,1.521,0
2026-01-14T18:45:00Z,133564,13.24,2026-01-14T18:32:15Z,-5.909,0.342,1.494,0
2026-01-14T19:00:00Z,133565,13.24,2026-01-14T18:46:15Z,-6.027,0.342,1.454,0
2026-01-14T19:15:00Z,133566,13.22,2026-01-14T19:02:45Z,-6.173,0.339,1.434,0
2026-01-14T19:30:00Z,133567,13.24,2026-01-14T19:15:35Z,-6.346,0.337,1.42,0
2026-01-14T19:45:00Z,133568,13.24,2026-01-14T19:30:20Z,-6.556,0.334,1.478,0
2026-01-14T20:00:00Z,133569,13.23,2026-01-14T19:57:25Z,-6.787,0.335,1.47,0
2026-01-14T20:15:00Z,133570,13.22,2026-01-14T20:02:20Z,-7.001,0.334,1.559,0
2026-01-14T20:30:00Z,133571,13.22,2026-01-14T20:29:55Z,-7.191,0.335,1.522,0
2026-01-14T20:45:00Z,133572,13.23,2026-01-14T20:31:50Z,-7.361,0.336,1.494,0
2026-01-14T21:00:00Z,133573,13.21,2026-01-14T20:57:40Z,-7.563,0.335,1.46,0
2026-01-14T21:15:00Z,133574,13.23,2026-01-14T21:00:10Z,-7.781,0.336,1.444,0
2026-01-14T21:30:00Z,133575,13.23,2026-01-14T21:15:55Z,-7.98,0.336,1.45,0
2026-01-14T21:45:00Z,133576,13.21,2026-01-14T21:33:25Z,-8.15,0.335,1.422,0
2026-01-14T22:00:00Z,133577,13.23,2026-01-14T21:53:20Z,-8.31,0.336,1.453,0
2026-01-14T22:15:00Z,133578,13.23,2026-01-14T22:00:40Z,-8.45,0.337,1.457,0
2026-01-14T22:30:00Z,133579,13.23,2026-01-14T22:18:35Z,-8.59,0.337,1.427,0
2026-01-14T22:45:00Z,133580,13.23,2026-01-14T22:30:05Z,-8.7,0.336,1.393,0
2026-01-14T23:00:00Z,133581,13.22,2026-01-14T22:57:20Z,-8.79,0.337,1.39,0
2026-01-14T23:15:00Z,133582,13.22,2026-01-14T23:08:00Z,-8.87,0.339,1.398,0
2026-01-14T23:30:00Z,133583,13.22,2026-01-14T23:17:20Z,-8.95,0.341,1.397,0
2026-01-14T23:45:00Z,133584,13.23,2026-01-14T23:30:10Z,-9,0.342,1.392,0
2026-01-15T00:15:00Z,133586,13.21,2026-01-15T00:02:20Z,-9.03,0.34,1.334,0
2026-01-15T00:30:00Z,133587,13.2,2026-01-15T00:27:05Z,-9.02,0.34,1.299,0
2026-01-15T00:45:00Z,133588,13.22,2026-01-15T00:39:50Z,-9.01,0.341,1.269,0
2026-01-15T01:00:00Z,133589,13.21,2026-01-15T00:46:10Z,-9.01,0.34,1.231,0
2026-01-15T01:15:00Z,133590,13.21,2026-01-15T01:13:15Z,-9.04,0.341,1.255,0
2026-01-15T01:30:00Z,133591,13.21,2026-01-15T01:29:05Z,-9.1,0.342,1.286,0
2026-01-15T01:45:00Z,133592,13.2,2026-01-15T01:32:00Z,-9.18,0.343,1.295,0
2026-01-15T02:00:00Z,133593,13.22,2026-01-15T01:51:50Z,-9.23,0.343,1.29,0
2026-01-15T02:15:00Z,133594,13.21,2026-01-15T02:02:25Z,-9.25,0.344,1.283,0
2026-01-15T02:30:00Z,133595,13.22,2026-01-15T02:17:55Z,-9.29,0.345,1.273,0
2026-01-15T02:45:00Z,133596,13.22,2026-01-15T02:44:20Z,-9.32,0.346,1.256,0
2026-01-15T03:00:00Z,133597,13.22,2026-01-15T02:54:40Z,-9.34,0.345,1.242,0
2026-01-15T03:15:00Z,133598,13.22,2026-01-15T03:14:40Z,-9.33,0.345,1.23,0
2026-01-15T03:30:00Z,133599,13.22,2026-01-15T03:24:25Z,-9.27,0.345,1.213,0
2026-01-15T03:45:00Z,133600,13.22,2026-01-15T03:41:45Z,-9.21,0.346,1.198,0
2026-01-15T04:00:00Z,133601,13.22,2026-01-15T03:57:20Z,-9.19,0.346,1.185,0
2026-01-15T04:15:00Z,133602,13.22,2026-01-15T04:12:30Z,-9.19,0.346,1.173,0
2026-01-15T04:30:00Z,133603,13.22,2026-01-15T04:24:00Z,-9.22,0.346,1.16,0
2026-01-15T04:45:00Z,133604,13.22,2026-01-15T04:44:25Z,-9.23,0.346,1.145,0
2026-01-15T05:00:00Z,133605,13.22,2026-01-15T04:53:10Z,-9.23,0.346,1.129,0
2026-01-15T05:15:00Z,133606,13.22,2026-01-15T05:03:05Z,-9.21,0.346,1.109,0
2026-01-15T05:30:00Z,133607,13.21,2026-01-15T05:29:50Z,-9.19,0.345,1.09,0
2026-01-15T05:45:00Z,133608,13.22,2026-01-15T05:44:20Z,-9.19,0.344,1.171,0
2026-01-15T06:00:00Z,133609,13.21,2026-01-15T05:57:20Z,-9.3,0.343,1.206,0
2026-01-15T06:15:00Z,133610,13.2,2026-01-15T06:02:25Z,-9.53,0.341,1.199,0
2026-01-15T06:30:00Z,133611,13.21,2026-01-15T06:29:55Z,-9.78,0.342,1.207,0
2026-01-15T06:45:00Z,133612,13.22,2026-01-15T06:36:00Z,-9.99,0.343,1.199,0
2026-01-15T07:00:00Z,133613,13.21,2026-01-15T06:47:30Z,-10.17,0.344,1.186,0
2026-01-15T07:15:00Z,133614,13.22,2026-01-15T07:02:20Z,-10.37,0.344,1.171,0
2026-01-15T07:30:00Z,133615,13.21,2026-01-15T07:29:55Z,-10.59,0.344,1.151,0
2026-01-15T07:45:00Z,133616,13.22,2026-01-15T07:36:40Z,-10.75,0.344,1.138,0
2026-01-15T08:00:00Z,133617,13.22,2026-01-15T07:58:35Z,-10.87,0.344,1.135,0
2026-01-15T08:15:00Z,133618,13.22,2026-01-15T08:00:45Z,-11.03,0.344,1.136,0
2026-01-15T08:30:00Z,133619,13.2,2026-01-15T08:29:55Z,-11.25,0.345,1.127,0
2026-01-15T08:45:00Z,133620,13.21,2026-01-15T08:30:30Z,-11.5,0.345,1.113,0
2026-01-15T09:00:00Z,133621,13.21,2026-01-15T08:57:30Z,-11.7,0.345,1.094,0
2026-01-15T09:15:00Z,133622,13.2,2026-01-15T09:09:25Z,-11.79,0.344,1.071,0
2026-01-15T09:30:00Z,133623,13.25,2026-01-15T09:20:15Z,-11.68,0.342,1.053,0
2026-01-15T09:45:00Z,133624,13.31,2026-01-15T09:30:05Z,-11.21,0.343,1.04,0
2026-01-15T10:00:00Z,133625,13.33,2026-01-15T09:48:10Z,-10.26,0.343,1.028,0
2026-01-15T10:15:00Z,133626,13.36,2026-01-15T10:05:55Z,-9.1,0.342,1.051,0
2026-01-15T10:30:00Z,133627,13.42,2026-01-15T10:15:05Z,-7.981,0.341,1.087,0
2026-01-15T10:45:00Z,133628,13.42,2026-01-15T10:31:15Z,-6.98,0.342,1.141,0
2026-01-15T11:00:00Z,133629,13.46,2026-01-15T10:45:10Z,-6.097,0.341,1.206,0
2026-01-15T11:15:00Z,133630,13.54,2026-01-15T11:00:25Z,-5.318,0.34,1.284,0
2026-01-15T11:30:00Z,133631,13.55,2026-01-15T11:16:45Z,-4.623,0.34,1.368,0
2026-01-15T11:45:00Z,133632,13.6,2026-01-15T11:30:05Z,-4.024,0.34,1.46,0
2026-01-15T12:00:00Z,133633,13.63,2026-01-15T11:45:05Z,-3.535,0.341,1.571,0
2026-01-15T12:15:00Z,133634,13.58,2026-01-15T12:07:30Z,-3.153,0.341,1.717,0
2026-01-15T12:30:00Z,133635,13.75,2026-01-15T12:15:05Z,-2.847,0.341,1.878,0
2026-01-15T12:45:00Z,133636,14.04,2026-01-15T12:30:55Z,-2.452,0.341,2.023,0
2026-01-15T13:00:00Z,133637,14.12,2026-01-15T12:45:05Z,-2.074,0.341,2.147,0
2026-01-15T13:15:00Z,133638,14.44,2026-01-15T13:00:05Z,-1.755,0.342,2.251,0
2026-01-15T13:30:00Z,133639,14.8,2026-01-15T13:19:35Z,-1.463,0.344,2.393,0
2026-01-15T13:45:00Z,133640,13.86,2026-01-15T13:44:25Z,-1.144,0.339,2.646,0
2026-01-15T14:00:00Z,133641,13.94,2026-01-15T13:59:50Z,-0.768,0.342,3.119,0
2026-01-15T14:15:00Z,133642,13.88,2026-01-15T14:00:40Z,-0.482,0.349,3.365,0
2026-01-15T14:30:00Z,133643,14.41,2026-01-15T14:24:15Z,-0.59,0.344,2.714,0
2026-01-15T14:45:00Z,133644,14.39,2026-01-15T14:41:30Z,-0.825,0.346,2.64,0
2026-01-15T15:00:00Z,133645,14.4,2026-01-15T14:45:40Z,-1.154,0.346,2.606,0
2026-01-15T15:15:00Z,133646,14.46,2026-01-15T15:06:25Z,-1.647,0.346,2.538,0
2026-01-15T15:30:00Z,133647,14.45,2026-01-15T15:27:40Z,-2.115,0.345,2.473,0
2026-01-15T15:45:00Z,133648,14.47,2026-01-15T15:30:05Z,-2.385,0.345,2.429,0
2026-01-15T16:00:00Z,133649,14.46,2026-01-15T15:57:20Z,-2.496,0.345,2.394,0
2026-01-15T16:15:00Z,133650,14.49,2026-01-15T16:00:05Z,-2.615,0.345,2.365,0
2026-01-15T16:30:00Z,133651,14.4,2026-01-15T16:30:00Z,-2.753,0.346,2.328,0
2026-01-15T16:45:00Z,133652,14.32,2026-01-15T16:43:30Z,-2.942,0.345,2.282,0
2026-01-15T17:00:00Z,133653,14.09,2026-01-15T16:58:45Z,-3.182,0.344,2.236,0
2026-01-15T17:15:00Z,133654,13.86,2026-01-15T17:14:45Z,-3.456,0.345,2.198,0
2026-01-15T17:30:00Z,133655,13.72,2026-01-15T17:29:40Z,-3.739,0.345,2.155,0
2026-01-15T17:45:00Z,133656,13.65,2026-01-15T17:43:15Z,-4.011,0.345,2.103,0
2026-01-15T18:00:00Z,133657,13.57,2026-01-15T17:58:05Z,-4.262,0.346,2.055,0
2026-01-15T18:15:00Z,133658,13.54,2026-01-15T18:13:15Z,-4.491,0.345,2.001,0
2026-01-15T18:30:00Z,133659,13.46,2026-01-15T18:29:40Z,-4.668,0.344,1.945,0
2026-01-15T18:45:00Z,133660,13.44,2026-01-15T18:43:30Z,-4.813,0.345,1.902,0
2026-01-15T19:00:00Z,133661,13.41,2026-01-15T18:59:40Z,-4.94,0.345,1.866,0
2026-01-15T19:15:00Z,133662,13.37,2026-01-15T19:07:55Z,-5.096,0.344,1.82,0
2026-01-15T19:30:00Z,133663,13.34,2026-01-15T19:29:55Z,-5.356,0.344,1.779,0
2026-01-15T19:45:00Z,133664,13.33,2026-01-15T19:41:00Z,-5.554,0.345,1.755,0
2026-01-15T20:00:00Z,133665,13.29,2026-01-15T19:57:25Z,-5.689,0.345,1.729,0
2026-01-15T20:15:00Z,133666,13.29,2026-01-15T20:02:20Z,-5.904,0.345,1.696,0
2026-01-15T20:30:00Z,133667,13.28,2026-01-15T20:29:55Z,-6.257,0.344,1.671,0
2026-01-15T20:45:00Z,133668,13.27,2026-01-15T20:36:35Z,-6.686,0.346,1.647,0
2026-01-15T21:00:00Z,133669,13.26,2026-01-15T20:45:55Z,-7.081,0.346,1.63,0
2026-01-15T21:15:00Z,133670,13.25,2026-01-15T21:02:30Z,-7.384,0.348,1.615,0
2026-01-15T21:30:00Z,133671,13.23,2026-01-15T21:29:50Z,-7.614,0.347,1.599,0
2026-01-15T21:45:00Z,133672,13.25,2026-01-15T21:43:10Z,-7.88,0.346,1.583,0
2026-01-15T22:00:00Z,133673,13.23,2026-01-15T21:57:20Z,-8.12,0.347,1.563,0
2026-01-15T22:15:00Z,133674,13.23,2026-01-15T22:02:20Z,-8.24,0.347,1.545,0
2026-01-15T22:30:00Z,133675,13.23,2026-01-15T22:29:50Z,-8.28,0.348,1.527,0
2026-01-15T22:45:00Z,133676,13.24,2026-01-15T22:30:05Z,-8.29,0.348,1.509,0
2026-01-15T23:00:00Z,133677,13.24,2026-01-15T22:48:45Z,-8.27,0.348,1.488,0
2026-01-15T23:15:00Z,133678,13.23,2026-01-15T23:13:20Z,-8.21,0.347,1.468,0
2026-01-15T23:30:00Z,133679,13.24,2026-01-15T23:29:50Z,-8.15,0.347,1.448,0
2026-01-15T23:45:00Z,133680,13.24,2026-01-15T23:44:45Z,-8.06,0.347,1.428,0
2026-01-16T00:15:00Z,133682,13.24,2026-01-16T00:13:15Z,-7.831,0.348,1.441,0
2026-01-16T00:30:00Z,133683,13.24,2026-01-16T00:17:20Z,-7.694,0.348,1.445,0
2026-01-16T00:45:00Z,133684,13.24,2026-01-16T00:42:35Z,-7.567,0.348,1.451,0
2026-01-16T01:00:00Z,133685,13.24,2026-01-16T00:45:15Z,-7.462,0.348,1.485,0
2026-01-16T01:15:00Z,133686,13.24,2026-01-16T01:01:15Z,-7.37,0.349,1.515,0
2026-01-16T01:30:00Z,133687,13.23,2026-01-16T01:29:50Z,-7.283,0.349,1.55,0
2026-01-16T01:45:00Z,133688,13.24,2026-01-16T01:30:35Z,-7.193,0.349,1.607,0
2026-01-16T02:00:00Z,133689,13.23,2026-01-16T01:57:20Z,-7.085,0.35,1.674,0
2026-01-16T02:15:00Z,133690,13.24,2026-01-16T02:02:25Z,-6.984,0.349,1.668,0
2026-01-16T02:30:00Z,133691,13.25,2026-01-16T02:15:05Z,-6.915,0.349,1.64,0
2026-01-16T02:45:00Z,133692,13.24,2026-01-16T02:39:55Z,-6.874,0.349,1.606,0
2026-01-16T03:00:00Z,133693,13.24,2026-01-16T02:57:20Z,-6.835,0.35,1.574,0
2026-01-16T03:15:00Z,133694,13.25,2026-01-16T03:00:40Z,-6.785,0.35,1.547,0
2026-01-16T03:30:00Z,133695,13.24,2026-01-16T03:29:55Z,-6.718,0.352,1.522,0
2026-01-16T03:45:00Z,133696,13.25,2026-01-16T03:35:10Z,-6.668,0.352,1.497,0
2026-01-16T04:00:00Z,133697,13.25,2026-01-16T03:45:05Z,-6.618,0.351,1.471,0
2026-01-16T04:15:00Z,133698,13.25,2026-01-16T04:00:05Z,-6.57,0.352,1.442,0
2026-01-16T04:30:00Z,133699,13.25,2026-01-16T04:15:05Z,-6.517,0.352,1.414,0
2026-01-16T04:45:00Z,133700,13.25,2026-01-16T04:30:05Z,-6.454,0.353,1.386,0
2026-01-16T05:00:00Z,133701,13.25,2026-01-16T04:45:05Z,-6.366,0.352,1.362,0
2026-01-16T05:15:00Z,133702,13.25,2026-01-16T05:00:15Z,-6.279,0.352,1.337,0
2026-01-16T05:30:00Z,133703,13.25,2026-01-16T05:15:05Z,-6.205,0.351,1.313,0
2026-01-16T05:45:00Z,133704,13.25,2026-01-16T05:30:10Z,-6.15,0.353,1.311,0
2026-01-16T06:00:00Z,133705,13.25,2026-01-16T05:47:50Z,-6.117,0.353,1.341,0
2026-01-16T06:15:00Z,133706,13.25,2026-01-16T06:00:15Z,-6.132,0.353,1.379,0
2026-01-16T06:30:00Z,133707,13.25,2026-01-16T06:20:45Z,-6.139,0.354,1.393,0
2026-01-16T06:45:00Z,133708,13.25,2026-01-16T06:30:15Z,-6.133,0.354,1.399,0
2026-01-16T07:00:00Z,133709,13.25,2026-01-16T06:45:50Z,-6.097,0.354,1.402,0
2026-01-16T07:15:00Z,133710,13.25,2026-01-16T07:00:40Z,-6.059,0.352,1.398,0
2026-01-16T07:30:00Z,133711,13.25,2026-01-16T07:16:20Z,-6.035,0.351,1.39,0
2026-01-16T07:45:00Z,133712,13.25,2026-01-16T07:32:15Z,-5.993,0.35,1.374,0
2026-01-16T08:00:00Z,133713,13.25,2026-01-16T07:45:40Z,-5.943,0.35,1.32,0
2026-01-16T08:15:00Z,133714,13.25,2026-01-16T08:09:40Z,-5.861,0.35,1.332,0
2026-01-16T08:30:00Z,133715,13.25,2026-01-16T08:23:20Z,-5.772,0.35,1.386,0
2026-01-16T08:45:00Z,133716,13.25,2026-01-16T08:31:00Z,-5.662,0.351,1.4,0
2026-01-16T09:00:00Z,133717,13.26,2026-01-16T08:45:05Z,-5.523,0.35,1.391,0
2026-01-16T09:15:00Z,133718,13.27,2026-01-16T09:02:45Z,-5.35,0.35,1.372,0
2026-01-16T09:30:00Z,133719,13.28,2026-01-16T09:16:20Z,-5.164,0.349,1.351,0
2026-01-16T09:45:00Z,133720,13.29,2026-01-16T09:35:00Z,-4.948,0.35,1.33,0
2026-01-16T10:00:00Z,133721,13.28,2026-01-16T09:51:00Z,-4.747,0.351,1.305,0
2026-01-16T10:15:00Z,133722,13.28,2026-01-16T10:02:15Z,-4.563,0.351,1.279,0
2026-01-16T10:30:00Z,133723,13.31,2026-01-16T10:15:05Z,-4.332,0.352,1.261,0
2026-01-16T10:45:00Z,133724,13.31,2026-01-16T10:31:00Z,-4.095,0.352,1.245,0
2026-01-16T11:00:00Z,133725,13.34,2026-01-16T10:45:05Z,-3.847,0.354,1.235,0
2026-01-16T11:15:00Z,133726,13.34,2026-01-16T11:02:00Z,-3.611,0.354,1.22,0
2026-01-16T11:30:00Z,133727,13.35,2026-01-16T11:16:40Z,-3.396,0.352,1.195,0
2026-01-16T11:45:00Z,133728,13.35,2026-01-16T11:43:25Z,-3.167,0.353,1.194,0
2026-01-16T12:00:00Z,133729,13.34,2026-01-16T11:57:20Z,-2.992,0.353,1.189,0
2026-01-16T12:15:00Z,133730,13.34,2026-01-16T12:02:15Z,-2.869,0.353,1.19,0
2026-01-16T12:30:00Z,133731,13.32,2026-01-16T12:29:55Z,-2.776,0.354,1.185,0
2026-01-16T12:45:00Z,133732,13.33,2026-01-16T12:32:40Z,-2.718,0.355,1.175,0
2026-01-16T13:00:00Z,133733,13.32,2026-01-16T12:53:45Z,-2.672,0.357,1.163,0
2026-01-16T13:15:00Z,133734,13.33,2026-01-16T13:00:05Z,-2.621,0.36,1.11,0
2026-01-16T13:30:00Z,133735,13.31,2026-01-16T13:29:50Z,-2.57,0.36,1.069,0
2026-01-16T13:45:00Z,133736,13.31,2026-01-16T13:33:20Z,-2.569,0.359,1.042,0
2026-01-16T14:00:00Z,133737,13.3,2026-01-16T13:53:25Z,-2.543,0.357,1.055,0
2026-01-16T14:15:00Z,133738,13.3,2026-01-16T14:02:15Z,-2.46,0.356,1.057,0
2026-01-16T14:30:00Z,133739,13.31,2026-01-16T14:15:15Z,-2.362,0.355,1.055,0
2026-01-16T14:45:00Z,133740,13.31,2026-01-16T14:30:05Z,-2.246,0.356,1.039,0
2026-01-16T15:00:00Z,133741,13.3,2026-01-16T14:57:20Z,-2.112,0.355,1.034,0
2026-01-16T15:15:00Z,133742,13.29,2026-01-16T15:02:15Z,-1.935,0.355,1.046,0
2026-01-16T15:30:00Z,133743,13.3,2026-01-16T15:15:25Z,-1.779,0.355,1.049,0
2026-01-16T15:45:00Z,133744,13.3,2026-01-16T15:36:45Z,-1.618,0.355,1.026,0
2026-01-16T16:00:00Z,133745,13.29,2026-01-16T15:57:25Z,-1.452,0.354,1.008,0
2026-01-16T16:15:00Z,133746,13.29,2026-01-16T16:02:15Z,-1.302,0.352,0.997,0
2026-01-16T16:30:00Z,133747,13.29,2026-01-16T16:29:55Z,-1.171,0.351,0.986,0
2026-01-16T16:45:00Z,133748,13.29,2026-01-16T16:38:05Z,-1.064,0.35,0.975,0
2026-01-16T17:00:00Z,133749,13.28,2026-01-16T16:57:20Z,-0.981,0.35,0.965,0
2026-01-16T17:15:00Z,133750,13.28,2026-01-16T17:07:25Z,-0.91,0.349,0.967,0
2026-01-16T17:30:00Z,133751,13.27,2026-01-16T17:29:50Z,-0.85,0.349,0.98,0
2026-01-16T17:45:00Z,133752,13.28,2026-01-16T17:44:45Z,-0.799,0.349,0.976,0
2026-01-16T18:00:00Z,133753,13.27,2026-01-16T17:57:20Z,-0.747,0.349,0.967,0
2026-01-16T18:15:00Z,133754,13.28,2026-01-16T18:00:05Z,-0.69,0.35,0.955,0
2026-01-16T18:30:00Z,133755,13.28,2026-01-16T18:15:05Z,-0.641,0.349,0.942,0
2026-01-16T18:45:00Z,133756,13.28,2026-01-16T18:30:05Z,-0.595,0.349,0.926,0
2026-01-16T19:00:00Z,133757,13.27,2026-01-16T18:57:20Z,-0.543,0.35,0.912,0
2026-01-16T19:15:00Z,133758,13.26,2026-01-16T19:02:25Z,-0.485,0.35,0.899,0
2026-01-16T19:30:00Z,133759,13.28,2026-01-16T19:15:05Z,-0.431,0.35,0.887,0
2026-01-16T19:45:00Z,133760,13.26,2026-01-16T19:30:15Z,-0.382,0.351,0.864,0
2026-01-16T20:00:00Z,133761,13.27,2026-01-16T19:57:35Z,-0.345,0.35,0.839,0
2026-01-16T20:15:00Z,133762,13.28,2026-01-16T20:02:05Z,-0.319,0.349,0.815,0
2026-01-16T20:30:00Z,133763,13.28,2026-01-16T20:15:05Z,-0.283,0.349,0.791,0
2026-01-16T20:45:00Z,133764,13.28,2026-01-16T20:37:25Z,-0.246,0.349,0.774,0
2026-01-16T21:00:00Z,133765,13.28,2026-01-16T20:45:05Z,-0.187,0.35,0.761,0
2026-01-16T21:15:00Z,133766,13.28,2026-01-16T21:07:15Z,-0.124,0.35,0.744,0
2026-01-16T21:30:00Z,133767,13.28,2026-01-16T21:29:50Z,-0.056,0.351,0.75,0
2026-01-16T21:45:00Z,133768,13.28,2026-01-16T21:30:05Z,0.007,0.352,0.758,0
2026-01-16T22:00:00Z,133769,13.28,2026-01-16T21:45:05Z,0.055,0.352,0.758,0
2026-01-16T22:15:00Z,133770,13.27,2026-01-16T22:02:30Z,0.1,0.351,0.761,0
2026-01-16T22:30:00Z,133771,13.28,2026-01-16T22:21:10Z,0.148,0.351,0.761,0
2026-01-16T22:45:00Z,133772,13.27,2026-01-16T22:41:35Z,0.209,0.351,0.743,0
2026-01-16T23:00:00Z,133773,13.27,2026-01-16T22:57:20Z,0.267,0.351,0.742,0
2026-01-16T23:15:00Z,133774,13.27,2026-01-16T23:02:25Z,0.329,0.352,0.729,0
2026-01-16T23:30:00Z,133775,13.27,2026-01-16T23:17:10Z,0.37,0.352,0.732,0
2026-01-16T23:45:00Z,133776,13.28,2026-01-16T23:30:30Z,0.393,0.351,0.862,0
2026-01-17T00:15:00Z,133778,13.27,2026-01-17T00:02:30Z,0.371,0.349,0.973,0
2026-01-17T00:30:00Z,133779,13.27,2026-01-17T00:23:50Z,0.342,0.349,0.956,0
2026-01-17T00:45:00Z,133780,13.28,2026-01-17T00:37:10Z,0.311,0.348,0.945,0
2026-01-17T01:00:00Z,133781,13.28,2026-01-17T00:45:10Z,0.265,0.349,0.92,0
2026-01-17T01:15:00Z,133782,13.27,2026-01-17T01:01:10Z,0.226,0.349,0.929,0
2026-01-17T01:30:00Z,133783,13.27,2026-01-17T01:29:55Z,0.193,0.348,0.922,0
2026-01-17T01:45:00Z,133784,13.28,2026-01-17T01:30:55Z,0.181,0.347,0.875,0
2026-01-17T02:00:00Z,133785,13.27,2026-01-17T01:57:25Z,0.168,0.346,0.83,0
2026-01-17T02:15:00Z,133786,13.28,2026-01-17T02:00:50Z,0.155,0.346,0.804,0
2026-01-17T02:30:00Z,133787,13.28,2026-01-17T02:15:20Z,0.159,0.348,0.782,0
2026-01-17T02:45:00Z,133788,13.28,2026-01-17T02:30:40Z,0.174,0.348,0.77,0
2026-01-17T03:00:00Z,133789,13.28,2026-01-17T02:45:10Z,0.171,0.347,0.755,0
2026-01-17T03:15:00Z,133790,13.28,2026-01-17T03:02:20Z,0.16,0.348,0.744,0
2026-01-17T03:30:00Z,133791,13.28,2026-01-17T03:15:50Z,0.16,0.349,0.727,0
2026-01-17T03:45:00Z,133792,13.26,2026-01-17T03:37:20Z,0.136,0.348,0.707,0
2026-01-17T04:00:00Z,133793,13.28,2026-01-17T03:45:10Z,0.096,0.346,0.692,0
2026-01-17T04:15:00Z,133794,13.24,2026-01-17T04:11:00Z,0.023,0.345,0.696,0
2026-01-17T04:30:00Z,133795,13.26,2026-01-17T04:29:50Z,-0.088,0.344,0.703,0
2026-01-17T04:45:00Z,133796,13.25,2026-01-17T04:35:00Z,-0.224,0.344,0.693,0
2026-01-17T05:00:00Z,133797,13.27,2026-01-17T04:49:35Z,-0.38,0.344,0.691,0
2026-01-17T05:15:00Z,133798,13.26,2026-01-17T05:02:25Z,-0.543,0.345,0.688,0
2026-01-17T05:30:00Z,133799,13.26,2026-01-17T05:29:50Z,-0.697,0.346,0.685,0
2026-01-17T05:45:00Z,133800,13.26,2026-01-17T05:34:55Z,-0.858,0.344,0.682,0
2026-01-17T06:00:00Z,133801,13.26,2026-01-17T05:57:20Z,-1.056,0.342,0.675,0
2026-01-17T06:15:00Z,133802,13.25,2026-01-17T06:03:00Z,-1.29,0.34,0.717,0
2026-01-17T06:30:00Z,133803,13.25,2026-01-17T06:21:35Z,-1.561,0.34,0.719,0
2026-01-17T06:45:00Z,133804,13.26,2026-01-17T06:31:20Z,-1.855,0.341,0.731,0
2026-01-17T07:00:00Z,133805,13.26,2026-01-17T06:57:35Z,-2.167,0.34,0.732,0
2026-01-17T07:15:00Z,133806,13.25,2026-01-17T07:00:15Z,-2.456,0.34,0.73,0
2026-01-17T07:30:00Z,133807,13.25,2026-01-17T07:16:35Z,-2.73,0.339,0.719,0
2026-01-17T07:45:00Z,133808,13.24,2026-01-17T07:36:25Z,-3.009,0.339,0.707,0
2026-01-17T08:00:00Z,133809,13.24,2026-01-17T07:53:05Z,-3.298,0.339,0.687,0
2026-01-17T08:15:00Z,133810,13.25,2026-01-17T08:13:30Z,-3.594,0.339,0.674,0
2026-01-17T08:30:00Z,133811,13.24,2026-01-17T08:23:15Z,-3.876,0.339,0.66,0
2026-01-17T08:45:00Z,133812,13.24,2026-01-17T08:36:00Z,-4.115,0.34,0.648,0
2026-01-17T09:00:00Z,133813,13.24,2026-01-17T08:58:05Z,-4.291,0.34,0.644,0
2026-01-17T09:15:00Z,133814,13.26,2026-01-17T09:14:10Z,-4.414,0.341,0.64,0
2026-01-17T09:30:00Z,133815,13.28,2026-01-17T09:15:05Z,-4.451,0.343,0.651,0
2026-01-17T09:45:00Z,133816,13.27,2026-01-17T09:44:05Z,-4.502,0.343,0.653,0
2026-01-17T10:00:00Z,133817,13.29,2026-01-17T09:45:05Z,-4.546,0.34,0.674,0
2026-01-17T10:15:00Z,133818,13.3,2026-01-17T10:03:30Z,-4.516,0.34,0.712,0
2026-01-17T10:30:00Z,133819,13.32,2026-01-17T10:15:05Z,-4.461,0.338,0.748,0
2026-01-17T10:45:00Z,133820,13.58,2026-01-17T10:31:50Z,-4.346,0.339,0.859,0
2026-01-17T11:00:00Z,133821,13.59,2026-01-17T10:57:25Z,-4.08,0.342,1.002,0
2026-01-17T11:15:00Z,133822,13.62,2026-01-17T11:13:35Z,-3.755,0.346,1.103,0
2026-01-17T11:30:00Z,133823,13.69,2026-01-17T11:15:05Z,-3.699,0.344,1.158,0
2026-01-17T11:45:00Z,133824,13.78,2026-01-17T11:37:40Z,-3.825,0.343,1.195,0
2026-01-17T12:00:00Z,133825,13.99,2026-01-17T11:47:00Z,-3.958,0.342,1.299,0
2026-01-17T12:15:00Z,133826,13.93,2026-01-17T12:11:40Z,-4.043,0.34,1.68,0
2026-01-17T12:30:00Z,133827,13.9,2026-01-17T12:21:35Z,-3.659,0.343,2.189,0
2026-01-17T12:45:00Z,133828,13.91,2026-01-17T12:33:40Z,-3.268,0.341,2.34,0
2026-01-17T13:00:00Z,133829,13.91,2026-01-17T12:58:35Z,-3.468,0.335,2.358,0
2026-01-17T13:15:00Z,133830,14.49,2026-01-17T13:06:55Z,-3.173,0.347,2.066,0
2026-01-17T13:30:00Z,133831,14.49,2026-01-17T13:15:55Z,-3.405,0.342,1.764,0
2026-01-17T13:45:00Z,133832,14.49,2026-01-17T13:42:00Z,-3.696,0.339,1.794,0
2026-01-17T14:00:00Z,133833,14.48,2026-01-17T13:57:25Z,-3.923,0.339,1.761,0
2026-01-17T14:15:00Z,133834,14.49,2026-01-17T14:14:00Z,-4.081,0.337,1.748,0
2026-01-17T14:30:00Z,133835,14.49,2026-01-17T14:16:40Z,-4.158,0.339,1.782,0
2026-01-17T14:45:00Z,133836,14.52,2026-01-17T14:31:55Z,-4.278,0.342,1.794,0
2026-01-17T15:00:00Z,133837,14.52,2026-01-17T14:46:00Z,-4.68,0.339,1.769,0
2026-01-17T15:15:00Z,133838,14.55,2026-01-17T15:02:00Z,-5.233,0.339,1.743,0
2026-01-17T15:30:00Z,133839,14.58,2026-01-17T15:20:40Z,-5.642,0.339,1.714,0
2026-01-17T15:45:00Z,133840,14.57,2026-01-17T15:31:00Z,-5.968,0.336,1.661,0
2026-01-17T16:00:00Z,133841,14.58,2026-01-17T15:56:10Z,-6.2,0.331,1.61,0
2026-01-17T16:15:00Z,133842,14.58,2026-01-17T16:02:20Z,-6.48,0.328,1.53,0
2026-01-17T16:30:00Z,133843,14.6,2026-01-17T16:21:50Z,-6.831,0.323,1.461,0
2026-01-17T16:45:00Z,133844,14.62,2026-01-17T16:30:40Z,-7.141,0.322,1.412,0
2026-01-17T17:00:00Z,133845,14.33,2026-01-17T17:00:00Z,-7.463,0.32,1.359,0
2026-01-17T17:15:00Z,133846,14.05,2026-01-17T17:14:55Z,-7.819,0.317,1.318,0
2026-01-17T17:30:00Z,133847,13.82,2026-01-17T17:30:00Z,-8.13,0.317,1.293,0
2026-01-17T17:45:00Z,133848,13.71,2026-01-17T17:44:10Z,-8.42,0.315,1.261,0
2026-01-17T18:00:00Z,133849,13.63,2026-01-17T17:59:45Z,-8.7,0.315,1.206,0
2026-01-17T18:15:00Z,133850,13.58,2026-01-17T18:13:30Z,-8.97,0.315,1.166,0
2026-01-17T18:30:00Z,133851,13.51,2026-01-17T18:29:50Z,-9.25,0.313,1.133,0
2026-01-17T18:45:00Z,133852,13.48,2026-01-17T18:43:15Z,-9.52,0.313,1.097,0
2026-01-17T19:00:00Z,133853,13.43,2026-01-17T18:57:20Z,-9.78,0.312,1.051,0
2026-01-17T19:15:00Z,133854,13.4,2026-01-17T19:13:30Z,-10.01,0.313,1.006,0
2026-01-17T19:30:00Z,133855,13.35,2026-01-17T19:29:50Z,-10.26,0.313,0.989,0
2026-01-17T19:45:00Z,133856,13.35,2026-01-17T19:41:45Z,-10.46,0.313,0.967,0
2026-01-17T20:00:00Z,133857,13.3,2026-01-17T19:57:20Z,-10.62,0.313,0.94,0
2026-01-17T20:15:00Z,133858,13.3,2026-01-17T20:14:50Z,-10.79,0.313,0.912,0
2026-01-17T20:30:00Z,133859,13.27,2026-01-17T20:29:50Z,-10.93,0.312,0.898,0
2026-01-17T20:45:00Z,133860,13.27,2026-01-17T20:39:45Z,-11.03,0.313,0.881,0
2026-01-17T21:00:00Z,133861,13.25,2026-01-17T20:57:25Z,-11.08,0.312,0.859,0
2026-01-17T21:15:00Z,133862,13.25,2026-01-17T21:03:35Z,-11.1,0.311,0.843,0
2026-01-17T21:30:00Z,133863,13.22,2026-01-17T21:29:50Z,-11.17,0.313,0.826,0
2026-01-17T21:45:00Z,133864,13.24,2026-01-17T21:40:00Z,-11.29,0.312,0.84,0
2026-01-17T22:00:00Z,133865,13.21,2026-01-17T21:57:20Z,-11.41,0.313,0.822,0
2026-01-17T22:15:00Z,133866,13.23,2026-01-17T22:02:00Z,-11.54,0.312,0.798,0
2026-01-17T22:30:00Z,133867,13.21,2026-01-17T22:30:00Z,-11.66,0.313,0.777,0
2026-01-17T22:45:00Z,133868,13.19,2026-01-17T22:30:05Z,-11.76,0.313,0.765,0
2026-01-17T23:00:00Z,133869,13.22,2026-01-17T22:45:05Z,-11.86,0.312,0.753,0
2026-01-17T23:15:00Z,133870,13.21,2026-01-17T23:02:20Z,-11.97,0.312,0.741,0
2026-01-17T23:30:00Z,133871,13.2,2026-01-17T23:29:50Z,-12.09,0.312,0.726,0
2026-01-17T23:45:00Z,133872,13.22,2026-01-17T23:30:05Z,-12.19,0.312,0.717,0
2026-01-18T00:15:00Z,133874,13.22,2026-01-18T00:10:25Z,-12.34,0.312,0.688,0
2026-01-18T00:30:00Z,133875,13.21,2026-01-18T00:29:50Z,-12.4,0.311,0.689,0
2026-01-18T00:45:00Z,133876,13.2,2026-01-18T00:43:35Z,-12.41,0.312,0.679,0
2026-01-18T01:00:00Z,133877,13.21,2026-01-18T00:57:20Z,-12.37,0.312,0.681,0
2026-01-18T01:15:00Z,133878,13.2,2026-01-18T01:02:30Z,-12.23,0.312,0.711,0
2026-01-18T01:30:00Z,133879,13.2,2026-01-18T01:29:50Z,-12.06,0.31,0.694,0
2026-01-18T01:45:00Z,133880,13.22,2026-01-18T01:30:15Z,-11.87,0.312,0.704,0
2026-01-18T02:00:00Z,133881,13.2,2026-01-18T01:57:20Z,-11.7,0.311,0.705,0
2026-01-18T02:15:00Z,133882,13.2,2026-01-18T02:02:15Z,-11.54,0.312,0.702,0
2026-01-18T02:30:00Z,133883,13.22,2026-01-18T02:17:10Z,-11.41,0.312,0.699,0
2026-01-18T02:45:00Z,133884,13.2,2026-01-18T02:33:35Z,-11.32,0.311,0.702,0
2026-01-18T03:00:00Z,133885,13.22,2026-01-18T02:52:10Z,-11.27,0.311,0.686,0
2026-01-18T03:15:00Z,133886,13.23,2026-01-18T03:00:05Z,-11.23,0.312,0.663,0
2026-01-18T03:30:00Z,133887,13.23,2026-01-18T03:15:05Z,-11.2,0.311,0.644,0
2026-01-18T03:45:00Z,133888,13.23,2026-01-18T03:30:05Z,-11.2,0.311,0.628,0
2026-01-18T04:00:00Z,133889,13.22,2026-01-18T03:57:20Z,-11.23,0.31,0.624,0
2026-01-18T04:15:00Z,133890,13.21,2026-01-18T04:02:15Z,-11.27,0.31,0.632,0
2026-01-18T04:30:00Z,133891,13.21,2026-01-18T04:29:55Z,-11.31,0.31,0.63,0
2026-01-18T04:45:00Z,133892,13.23,2026-01-18T04:30:25Z,-11.32,0.31,0.624,0
2026-01-18T05:00:00Z,133893,13.22,2026-01-18T04:57:25Z,-11.32,0.31,0.626,0
2026-01-18T05:15:00Z,133894,13.22,2026-01-18T05:02:25Z,-11.32,0.31,0.796,0
2026-01-18T05:30:00Z,133895,13.23,2026-01-18T05:16:10Z,-11.28,0.309,0.773,0
2026-01-18T05:45:00Z,133896,13.23,2026-01-18T05:30:25Z,-11.23,0.309,0.7,0
2026-01-18T06:00:00Z,133897,13.22,2026-01-18T05:57:20Z,-11.16,0.31,0.657,0
2026-01-18T06:15:00Z,133898,13.21,2026-01-18T06:02:15Z,-11.11,0.309,0.63,0
2026-01-18T06:30:00Z,133899,13.21,2026-01-18T06:26:50Z,-11.04,0.309,0.619,0
2026-01-18T06:45:00Z,133900,13.22,2026-01-18T06:34:05Z,-10.96,0.308,0.606,0
2026-01-18T07:00:00Z,133901,13.23,2026-01-18T06:46:50Z,-10.88,0.308,0.593,0
2026-01-18T07:15:00Z,133902,13.23,2026-01-18T07:08:10Z,-10.79,0.307,0.581,0
2026-01-18T07:30:00Z,133903,13.22,2026-01-18T07:16:10Z,-10.7,0.308,0.565,0
2026-01-18T07:45:00Z,133904,13.22,2026-01-18T07:32:10Z,-10.63,0.308,0.545,0
2026-01-18T08:00:00Z,133905,13.22,2026-01-18T07:57:25Z,-10.57,0.307,0.527,0
2026-01-18T08:15:00Z,133906,13.21,2026-01-18T08:02:15Z,-10.51,0.307,0.507,0
2026-01-18T08:30:00Z,133907,13.24,2026-01-18T08:15:10Z,-10.44,0.307,0.49,0
2026-01-18T08:45:00Z,133908,13.24,2026-01-18T08:30:50Z,-10.36,0.307,0.466,0
2026-01-18T09:00:00Z,133909,13.26,2026-01-18T08:45:10Z,-10.27,0.307,0.458,0
2026-01-18T09:15:00Z,133910,13.29,2026-01-18T09:00:05Z,-10.12,0.307,0.459,0
2026-01-18T09:30:00Z,133911,13.34,2026-01-18T09:15:05Z,-9.94,0.307,0.468,0
2026-01-18T09:45:00Z,133912,13.39,2026-01-18T09:43:50Z,-9.72,0.308,0.487,0
2026-01-18T10:00:00Z,133913,13.43,2026-01-18T09:46:15Z,-9.49,0.308,0.503,0
2026-01-18T10:15:00Z,133914,13.48,2026-01-18T10:00:05Z,-9.31,0.307,0.504,0
2026-01-18T10:30:00Z,133915,14,2026-01-18T10:16:50Z,-9.15,0.305,0.543,0
2026-01-18T10:45:00Z,133916,13.89,2026-01-18T10:44:40Z,-8.74,0.3,1.12,0
2026-01-18T11:00:00Z,133917,13.9,2026-01-18T10:46:40Z,-7.846,0.307,2.38,0
2026-01-18T11:15:00Z,133918,13.92,2026-01-18T11:07:10Z,-7.622,0.304,1.954,0
2026-01-18T11:30:00Z,133919,13.92,2026-01-18T11:22:35Z,-7.616,0.305,2.008,0
2026-01-18T11:45:00Z,133920,13.95,2026-01-18T11:38:30Z,-7.616,0.305,2.066,0
2026-01-18T12:00:00Z,133921,13.95,2026-01-18T11:45:25Z,-7.612,0.304,1.98,0
2026-01-18T12:15:00Z,133922,13.95,2026-01-18T12:07:45Z,-7.586,0.304,2.714,0
2026-01-18T12:30:00Z,133923,13.96,2026-01-18T12:29:40Z,-7.467,0.304,2.828,0
2026-01-18T12:45:00Z,133924,13.95,2026-01-18T12:37:45Z,-7.25,0.303,3.384,0
2026-01-18T13:00:00Z,133925,14.61,2026-01-18T12:57:20Z,-6.787,0.313,1.439,0
2026-01-18T13:15:00Z,133926,14.61,2026-01-18T13:11:40Z,-6.841,0.308,0.821,0
2026-01-18T13:30:00Z,133927,14.61,2026-01-18T13:29:50Z,-6.948,0.308,0.773,0
2026-01-18T13:45:00Z,133928,14.62,2026-01-18T13:31:15Z,-7.056,0.308,0.781,0
2026-01-18T14:00:00Z,133929,14.62,2026-01-18T13:53:20Z,-7.165,0.308,0.78,0
2026-01-18T14:15:00Z,133930,14.6,2026-01-18T14:02:15Z,-7.309,0.308,0.782,0
2026-01-18T14:30:00Z,133931,14.62,2026-01-18T14:23:00Z,-7.45,0.308,0.764,0
2026-01-18T14:45:00Z,133932,14.62,2026-01-18T14:32:15Z,-7.566,0.308,0.811,0
2026-01-18T15:00:00Z,133933,14.62,2026-01-18T14:56:35Z,-7.739,0.308,0.822,0
2026-01-18T15:15:00Z,133934,14.64,2026-01-18T15:09:55Z,-7.924,0.308,0.811,0
2026-01-18T15:30:00Z,133935,14.63,2026-01-18T15:22:05Z,-8.01,0.308,0.805,0
2026-01-18T15:45:00Z,133936,14.63,2026-01-18T15:39:15Z,-8.08,0.307,0.791,0
2026-01-18T16:00:00Z,133937,14.64,2026-01-18T15:55:15Z,-8.22,0.308,0.772,0
2026-01-18T16:15:00Z,133938,14.64,2026-01-18T16:00:35Z,-8.33,0.307,0.758,0
2026-01-18T16:30:00Z,133939,14.64,2026-01-18T16:27:15Z,-8.44,0.307,0.741,0
2026-01-18T16:45:00Z,133940,14.64,2026-01-18T16:32:35Z,-8.53,0.307,0.717,0
2026-01-18T17:00:00Z,133941,14.17,2026-01-18T16:59:55Z,-8.63,0.307,0.694,0
2026-01-18T17:15:00Z,133942,13.9,2026-01-18T17:13:50Z,-8.79,0.307,0.668,0
2026-01-18T17:30:00Z,133943,13.74,2026-01-18T17:29:40Z,-8.95,0.306,0.641,0
2026-01-18T17:45:00Z,133944,13.65,2026-01-18T17:44:35Z,-9.1,0.306,0.615,0
2026-01-18T18:00:00Z,133945,13.59,2026-01-18T17:58:45Z,-9.22,0.306,0.591,0
2026-01-18T18:15:00Z,133946,13.54,2026-01-18T18:14:35Z,-9.31,0.305,0.57,0
2026-01-18T18:30:00Z,133947,13.48,2026-01-18T18:29:55Z,-9.36,0.305,0.551,0
2026-01-18T18:45:00Z,133948,13.45,2026-01-18T18:44:40Z,-9.39,0.305,0.534,0
2026-01-18T19:00:00Z,133949,13.4,2026-01-18T18:57:20Z,-9.41,0.306,0.517,0
2026-01-18T19:15:00Z,133950,13.38,2026-01-18T19:14:15Z,-9.39,0.306,0.507,0
2026-01-18T19:30:00Z,133951,13.36,2026-01-18T19:28:00Z,-9.37,0.305,0.484,0
2026-01-18T19:45:00Z,133952,13.33,2026-01-18T19:41:25Z,-9.37,0.305,0.462,0
2026-01-18T20:00:00Z,133953,13.31,2026-01-18T19:55:55Z,-9.35,0.305,0.443,0
2026-01-18T20:15:00Z,133954,13.29,2026-01-18T20:15:00Z,-9.34,0.305,0.425,0
2026-01-18T20:30:00Z,133955,13.27,2026-01-18T20:30:00Z,-9.34,0.306,0.407,0
2026-01-18T20:45:00Z,133956,13.27,2026-01-18T20:39:30Z,-9.32,0.306,0.39,0
2026-01-18T21:00:00Z,133957,13.24,2026-01-18T20:57:20Z,-9.29,0.306,0.372,0
2026-01-18T21:15:00Z,133958,13.25,2026-01-18T21:02:20Z,-9.27,0.306,0.354,0
2026-01-18T21:30:00Z,133959,13.22,2026-01-18T21:29:50Z,-9.23,0.306,0.335,0
2026-01-18T21:45:00Z,133960,13.25,2026-01-18T21:30:05Z,-9.22,0.306,0.316,0
2026-01-18T22:00:00Z,133961,13.22,2026-01-18T21:57:20Z,-9.2,0.306,0.296,0
2026-01-18T22:15:00Z,133962,13.22,2026-01-18T22:03:30Z,-9.17,0.306,0.273,0
2026-01-18T22:30:00Z,133963,13.24,2026-01-18T22:15:05Z,-9.13,0.307,0.246,0
2026-01-18T22:45:00Z,133964,13.22,2026-01-18T22:43:45Z,-9.08,0.307,0.222,0
2026-01-18T23:00:00Z,133965,13.24,2026-01-18T22:45:05Z,-9.04,0.306,0.209,0
2026-01-18T23:15:00Z,133966,13.23,2026-01-18T23:02:25Z,-9,0.306,0.201,0
2026-01-18T23:30:00Z,133967,13.23,2026-01-18T23:27:40Z,-9.01,0.307,0.194,0
2026-01-18T23:45:00Z,133968,13.23,2026-01-18T23:30:20Z,-9.04,0.307,0.191,0
2026-01-19T00:15:00Z,133970,13.23,2026-01-19T00:05:00Z,-9.06,0.307,0.189,0
2026-01-19T00:30:00Z,133971,13.24,2026-01-19T00:15:40Z,-9.08,0.307,0.187,0
2026-01-19T00:45:00Z,133972,13.22,2026-01-19T00:33:45Z,-9.14,0.307,0.254,0
2026-01-19T01:00:00Z,133973,13.22,2026-01-19T00:57:20Z,-9.27,0.307,0.447,0
2026-01-19T01:15:00Z,133974,13.24,2026-01-19T01:02:20Z,-9.36,0.307,0.391,0
2026-01-19T01:30:00Z,133975,13.22,2026-01-19T01:29:50Z,-9.4,0.307,0.339,0
2026-01-19T01:45:00Z,133976,13.24,2026-01-19T01:30:20Z,-9.36,0.307,0.316,0
2026-01-19T02:00:00Z,133977,13.22,2026-01-19T01:57:20Z,-9.27,0.307,0.294,0
2026-01-19T02:15:00Z,133978,13.24,2026-01-19T02:05:00Z,-9.12,0.307,0.291,0
2026-01-19T02:30:00Z,133979,13.24,2026-01-19T02:29:05Z,-8.96,0.308,0.286,0
2026-01-19T02:45:00Z,133980,13.24,2026-01-19T02:40:30Z,-8.81,0.308,0.269,0
2026-01-19T03:00:00Z,133981,13.22,2026-01-19T02:57:20Z,-8.67,0.308,0.26,0
2026-01-19T03:15:00Z,133982,13.22,2026-01-19T03:02:20Z,-8.54,0.308,0.248,0
2026-01-19T03:30:00Z,133983,13.23,2026-01-19T03:29:50Z,-8.44,0.308,0.248,0
2026-01-19T03:45:00Z,133984,13.22,2026-01-19T03:42:15Z,-8.36,0.309,0.242,0
2026-01-19T04:00:00Z,133985,13.23,2026-01-19T03:57:20Z,-8.29,0.308,0.241,0
2026-01-19T04:15:00Z,133986,13.24,2026-01-19T04:13:50Z,-8.23,0.309,0.242,0
2026-01-19T04:30:00Z,133987,13.25,2026-01-19T04:16:15Z,-8.18,0.309,0.245,0
2026-01-19T04:45:00Z,133988,13.25,2026-01-19T04:35:40Z,-8.14,0.307,0.249,0
2026-01-19T05:00:00Z,133989,13.23,2026-01-19T04:57:25Z,-8.11,0.309,0.252,0
2026-01-19T05:15:00Z,133990,13.24,2026-01-19T05:02:20Z,-8.06,0.308,0.255,0
2026-01-19T05:30:00Z,133991,13.23,2026-01-19T05:29:50Z,-8.02,0.307,0.261,0
2026-01-19T05:45:00Z,133992,13.25,2026-01-19T05:34:45Z,-7.991,0.308,0.266,0
2026-01-19T06:00:00Z,133993,13.23,2026-01-19T05:57:20Z,-7.973,0.308,0.267,0
2026-01-19T06:15:00Z,133994,13.25,2026-01-19T06:06:45Z,-7.986,0.308,0.269,0
2026-01-19T06:30:00Z,133995,13.24,2026-01-19T06:29:55Z,-7.993,0.309,0.291,0
2026-01-19T06:45:00Z,133996,13.25,2026-01-19T06:38:45Z,-8.01,0.309,0.341,0
2026-01-19T07:00:00Z,133997,13.23,2026-01-19T06:57:25Z,-8.05,0.31,0.319,0
2026-01-19T07:15:00Z,133998,13.23,2026-01-19T07:02:20Z,-8.1,0.309,0.305,0
2026-01-19T07:30:00Z,133999,13.24,2026-01-19T07:29:50Z,-8.29,0.309,0.301,0
2026-01-19T07:45:00Z,134000,13.25,2026-01-19T07:37:25Z,-8.64,0.31,0.299,0
2026-01-19T08:00:00Z,134001,13.23,2026-01-19T07:48:35Z,-9.01,0.308,0.302,0
2026-01-19T08:15:00Z,134002,13.23,2026-01-19T08:02:20Z,-9.32,0.308,0.307,0
2026-01-19T08:30:00Z,134003,13.25,2026-01-19T08:17:25Z,-9.54,0.308,0.3,0
2026-01-19T08:45:00Z,134004,13.25,2026-01-19T08:30:45Z,-9.67,0.308,0.296,0
2026-01-19T09:00:00Z,134005,13.26,2026-01-19T08:46:45Z,-9.75,0.309,0.319,0
2026-01-19T09:15:00Z,134006,13.27,2026-01-19T09:02:20Z,-9.78,0.308,0.319,0
2026-01-19T09:30:00Z,134007,13.27,2026-01-19T09:29:50Z,-9.76,0.307,0.315,0
2026-01-19T09:45:00Z,134008,13.26,2026-01-19T09:43:50Z,-9.71,0.31,0.323,0
2026-01-19T10:00:00Z,134009,13.29,2026-01-19T09:45:25Z,-9.73,0.31,0.308,0
2026-01-19T10:15:00Z,134010,13.32,2026-01-19T10:02:20Z,-9.78,0.31,0.319,0
2026-01-19T10:30:00Z,134011,13.38,2026-01-19T10:16:25Z,-9.78,0.309,0.327,0
2026-01-19T10:45:00Z,134012,13.47,2026-01-19T10:32:10Z,-9.8,0.31,0.322,0
2026-01-19T11:00:00Z,134013,13.57,2026-01-19T10:55:05Z,-9.81,0.309,0.312,0
2026-01-19T11:15:00Z,134014,13.55,2026-01-19T11:04:20Z,-9.72,0.311,0.329,0
2026-01-19T11:30:00Z,134015,13.58,2026-01-19T11:17:35Z,-9.65,0.309,0.345,0
2026-01-19T11:45:00Z,134016,13.59,2026-01-19T11:30:55Z,-9.59,0.308,0.345,0
2026-01-19T12:00:00Z,134017,13.61,2026-01-19T11:46:25Z,-9.42,0.308,0.344,0
2026-01-19T12:15:00Z,134018,13.62,2026-01-19T12:08:15Z,-9.21,0.31,0.351,0
2026-01-19T12:30:00Z,134019,13.59,2026-01-19T12:29:50Z,-9.21,0.309,0.361,0
2026-01-19T12:45:00Z,134020,13.6,2026-01-19T12:30:10Z,-9.35,0.309,0.37,0
2026-01-19T13:00:00Z,134021,13.76,2026-01-19T12:45:05Z,-9.59,0.309,0.377,0
2026-01-19T13:15:00Z,134022,13.93,2026-01-19T13:14:00Z,-9.88,0.302,0.896,0
2026-01-19T13:30:00Z,134023,13.91,2026-01-19T13:17:15Z,-9.76,0.308,2.146,0
2026-01-19T13:45:00Z,134024,13.93,2026-01-19T13:36:30Z,-9.67,0.307,2.488,0
2026-01-19T14:00:00Z,134025,13.94,2026-01-19T13:54:50Z,-9.67,0.307,2.569,0
2026-01-19T14:15:00Z,134026,13.93,2026-01-19T14:09:30Z,-9.84,0.31,2.035,0
2026-01-19T14:30:00Z,134027,13.94,2026-01-19T14:27:30Z,-10.1,0.31,1.579,0
2026-01-19T14:45:00Z,134028,13.95,2026-01-19T14:38:25Z,-10.4,0.309,1.32,0
2026-01-19T15:00:00Z,134029,13.95,2026-01-19T14:49:30Z,-10.71,0.31,0.987,0
2026-01-19T15:15:00Z,134030,13.96,2026-01-19T15:01:35Z,-11.04,0.31,0.644,0
2026-01-19T15:30:00Z,134031,14.04,2026-01-19T15:29:55Z,-11.38,0.31,0.54,0
2026-01-19T15:45:00Z,134032,13.96,2026-01-19T15:34:30Z,-11.64,0.308,0.536,0
2026-01-19T16:00:00Z,134033,13.95,2026-01-19T15:54:15Z,-11.75,0.309,0.79,0
2026-01-19T16:15:00Z,134034,14.52,2026-01-19T16:00:50Z,-11.78,0.31,0.438,0
2026-01-19T16:30:00Z,134035,14.52,2026-01-19T16:29:50Z,-11.84,0.311,0.398,0
2026-01-19T16:45:00Z,134036,14.09,2026-01-19T16:44:55Z,-12.12,0.31,0.386,0
2026-01-19T17:00:00Z,134037,13.87,2026-01-19T16:57:25Z,-12.53,0.311,0.376,0
2026-01-19T17:15:00Z,134038,13.76,2026-01-19T17:12:30Z,-12.99,0.311,0.362,0
2026-01-19T17:30:00Z,134039,13.62,2026-01-19T17:29:50Z,-13.44,0.311,0.35,0
2026-01-19T17:45:00Z,134040,13.57,2026-01-19T17:44:30Z,-13.92,0.311,0.34,0
2026-01-19T18:00:00Z,134041,13.49,2026-01-19T17:57:20Z,-14.4,0.311,0.331,0
2026-01-19T18:15:00Z,134042,13.41,2026-01-19T18:14:40Z,-14.82,0.311,0.323,0
2026-01-19T18:30:00Z,134043,13.42,2026-01-19T18:29:55Z,-15.17,0.31,0.315,0
2026-01-19T18:45:00Z,134044,13.39,2026-01-19T18:44:50Z,-15.45,0.31,0.307,0
2026-01-19T19:00:00Z,134045,13.35,2026-01-19T18:57:25Z,-15.72,0.31,0.298,0
2026-01-19T19:15:00Z,134046,13.32,2026-01-19T19:02:20Z,-15.92,0.311,0.289,0
2026-01-19T19:30:00Z,134047,13.27,2026-01-19T19:29:50Z,-16.1,0.311,0.278,0
2026-01-19T19:45:00Z,134048,13.28,2026-01-19T19:42:25Z,-16.25,0.31,0.266,0
2026-01-19T20:00:00Z,134049,13.23,2026-01-19T19:57:20Z,-16.38,0.31,0.254,0
2026-01-19T20:15:00Z,134050,13.25,2026-01-19T20:02:20Z,-16.49,0.309,0.243,0
2026-01-19T20:30:00Z,134051,13.2,2026-01-19T20:29:50Z,-16.57,0.309,0.233,0
2026-01-19T20:45:00Z,134052,13.18,2026-01-19T20:43:55Z,-16.62,0.31,0.226,0
2026-01-19T21:00:00Z,134053,13.18,2026-01-19T20:57:20Z,-16.66,0.309,0.221,0
2026-01-19T21:15:00Z,134054,13.18,2026-01-19T21:02:20Z,-16.69,0.309,0.218,0
2026-01-19T21:30:00Z,134055,13.17,2026-01-19T21:29:50Z,-16.71,0.309,0.22,0
2026-01-19T21:45:00Z,134056,13.2,2026-01-19T21:44:40Z,-16.73,0.309,0.224,0
2026-01-19T22:00:00Z,134057,13.18,2026-01-19T21:57:20Z,-16.75,0.309,0.226,0
2026-01-19T22:15:00Z,134058,13.18,2026-01-19T22:02:20Z,-16.75,0.309,0.228,0
2026-01-19T22:30:00Z,134059,13.16,2026-01-19T22:29:50Z,-16.76,0.309,0.23,0
2026-01-19T22:45:00Z,134060,13.17,2026-01-19T22:33:55Z,-16.78,0.308,0.23,0
2026-01-19T23:00:00Z,134061,13.16,2026-01-19T22:57:20Z,-16.79,0.308,0.229,0
2026-01-19T23:15:00Z,134062,13.17,2026-01-19T23:02:20Z,-16.82,0.308,0.228,0
2026-01-19T23:30:00Z,134063,13.16,2026-01-19T23:29:50Z,-16.86,0.308,0.227,0
2026-01-19T23:45:00Z,134064,13.19,2026-01-19T23:30:05Z,-16.86,0.308,0.227,0
2026-01-20T00:15:00Z,134066,13.16,2026-01-20T00:02:20Z,-16.86,0.308,0.222,0
2026-01-20T00:30:00Z,134067,13.17,2026-01-20T00:18:50Z,-16.84,0.308,0.219,0
2026-01-20T00:45:00Z,134068,13.19,2026-01-20T00:30:05Z,-16.81,0.308,0.217,0
2026-01-20T01:00:00Z,134069,13.18,2026-01-20T00:57:30Z,-16.77,0.308,0.214,0
2026-01-20T01:15:00Z,134070,13.16,2026-01-20T01:02:15Z,-16.74,0.307,0.212,0
2026-01-20T01:30:00Z,134071,13.16,2026-01-20T01:29:55Z,-16.72,0.308,0.21,0
2026-01-20T01:45:00Z,134072,13.19,2026-01-20T01:40:55Z,-16.69,0.308,0.21,0
2026-01-20T02:00:00Z,134073,13.18,2026-01-20T01:57:25Z,-16.67,0.308,0.209,0
2026-01-20T02:15:00Z,134074,13.19,2026-01-20T02:00:55Z,-16.65,0.307,0.209,0
2026-01-20T02:30:00Z,134075,13.19,2026-01-20T02:24:25Z,-16.65,0.308,0.209,0
2026-01-20T02:45:00Z,134076,13.19,2026-01-20T02:31:35Z,-16.67,0.307,0.208,0
2026-01-20T03:00:00Z,134077,13.19,2026-01-20T02:47:35Z,-16.71,0.307,0.207,0
2026-01-20T03:15:00Z,134078,13.19,2026-01-20T03:00:55Z,-16.77,0.307,0.207,0
2026-01-20T03:30:00Z,134079,13.19,2026-01-20T03:16:55Z,-16.83,0.307,0.206,0
2026-01-20T03:45:00Z,134080,13.19,2026-01-20T03:32:55Z,-16.9,0.308,0.205,0
2026-01-20T04:00:00Z,134081,13.18,2026-01-20T03:57:20Z,-16.97,0.307,0.204,0
2026-01-20T04:15:00Z,134082,13.19,2026-01-20T04:02:25Z,-17.04,0.307,0.203,0
2026-01-20T04:30:00Z,134083,13.18,2026-01-20T04:29:50Z,-17.11,0.308,0.204,0
2026-01-20T04:45:00Z,134084,13.19,2026-01-20T04:34:15Z,-17.17,0.307,0.209,0
2026-01-20T05:00:00Z,134085,13.19,2026-01-20T04:52:55Z,-17.24,0.307,0.217,0
2026-01-20T05:15:00Z,134086,13.19,2026-01-20T05:02:25Z,-17.3,0.307,0.238,0
2026-01-20T05:30:00Z,134087,13.17,2026-01-20T05:29:50Z,-17.36,0.307,0.249,0
2026-01-20T05:45:00Z,134088,13.18,2026-01-20T05:35:05Z,-17.4,0.307,0.25,0
2026-01-20T06:00:00Z,134089,13.18,2026-01-20T05:57:20Z,-17.41,0.307,0.249,0
2026-01-20T06:15:00Z,134090,13.19,2026-01-20T06:02:20Z,-17.38,0.307,0.247,0
2026-01-20T06:30:00Z,134091,13.18,2026-01-20T06:29:50Z,-17.35,0.307,0.245,0
2026-01-20T06:45:00Z,134092,13.19,2026-01-20T06:30:10Z,-17.35,0.307,0.241,0
2026-01-20T07:00:00Z,134093,13.18,2026-01-20T06:57:20Z,-17.37,0.307,0.239,0
2026-01-20T07:15:00Z,134094,13.19,2026-01-20T07:00:15Z,-17.41,0.307,0.235,0
2026-01-20T07:30:00Z,134095,13.19,2026-01-20T07:15:05Z,-17.45,0.307,0.232,0
2026-01-20T07:45:00Z,134096,13.18,2026-01-20T07:44:00Z,-17.48,0.306,0.228,0
2026-01-20T08:00:00Z,134097,13.18,2026-01-20T07:57:20Z,-17.51,0.307,0.224,0
2026-01-20T08:15:00Z,134098,13.18,2026-01-20T08:02:35Z,-17.51,0.306,0.219,0
2026-01-20T08:30:00Z,134099,13.2,2026-01-20T08:15:05Z,-17.5,0.307,0.217,0
2026-01-20T08:45:00Z,134100,13.17,2026-01-20T08:30:15Z,-17.42,0.306,0.212,0
2026-01-20T09:00:00Z,134101,13.22,2026-01-20T08:57:30Z,-17.27,0.306,0.208,0
2026-01-20T09:15:00Z,134102,13.2,2026-01-20T09:02:20Z,-17.02,0.307,0.205,0
2026-01-20T09:30:00Z,134103,13.59,2026-01-20T09:24:40Z,-16.62,0.306,0.204,0
2026-01-20T09:45:00Z,134104,13.82,2026-01-20T09:30:05Z,-15.92,0.307,0.203,0
2026-01-20T10:00:00Z,134105,14.01,2026-01-20T09:53:00Z,-15,0.308,0.203,0
2026-01-20T10:15:00Z,134106,14.13,2026-01-20T10:00:15Z,-14.08,0.308,0.21,0
2026-01-20T10:30:00Z,134107,13.88,2026-01-20T10:25:30Z,-13.17,0.298,1.286,0
2026-01-20T10:45:00Z,134108,13.89,2026-01-20T10:34:15Z,-11.42,0.302,3.357,0
2026-01-20T11:00:00Z,134109,13.9,2026-01-20T10:45:45Z,-9.41,0.301,4.017,0
2026-01-20T11:15:00Z,134110,13.92,2026-01-20T11:09:30Z,-7.711,0.301,4.267,0
2026-01-20T11:30:00Z,134111,13.91,2026-01-20T11:24:05Z,-6.268,0.301,4.392,0
2026-01-20T11:45:00Z,134112,13.92,2026-01-20T11:34:40Z,-5.149,0.301,4.473,0
2026-01-20T12:00:00Z,134113,13.94,2026-01-20T11:49:35Z,-4.544,0.313,3.003,0
2026-01-20T12:15:00Z,134114,14.63,2026-01-20T12:14:35Z,-5.945,0.308,0.71,0
2026-01-20T12:30:00Z,134115,14.61,2026-01-20T12:29:55Z,-7.248,0.306,0.45,0
2026-01-20T12:45:00Z,134116,14.6,2026-01-20T12:41:20Z,-7.854,0.307,0.374,0
2026-01-20T13:00:00Z,134117,14.6,2026-01-20T12:54:40Z,-8.1,0.307,0.348,0
2026-01-20T13:15:00Z,134118,14.61,2026-01-20T13:05:20Z,-8.18,0.307,0.34,0
2026-01-20T13:30:00Z,134119,14.61,2026-01-20T13:16:00Z,-8.11,0.307,0.338,0
2026-01-20T13:45:00Z,134120,14.61,2026-01-20T13:35:55Z,-7.94,0.308,0.338,0
2026-01-20T14:00:00Z,134121,14.61,2026-01-20T13:48:00Z,-7.826,0.306,0.338,0
2026-01-20T14:15:00Z,134122,14.61,2026-01-20T14:12:25Z,-7.753,0.307,0.337,0
2026-01-20T14:30:00Z,134123,14.61,2026-01-20T14:22:50Z,-7.858,0.306,0.335,0
2026-01-20T14:45:00Z,134124,14.62,2026-01-20T14:41:20Z,-8,0.307,0.334,0
2026-01-20T15:00:00Z,134125,14.62,2026-01-20T14:52:00Z,-8.23,0.306,0.333,0
2026-01-20T15:15:00Z,134126,14.64,2026-01-20T15:02:00Z,-8.57,0.307,0.33,0
2026-01-20T15:30:00Z,134127,14.64,2026-01-20T15:15:05Z,-8.96,0.307,0.324,0
2026-01-20T15:45:00Z,134128,14.67,2026-01-20T15:35:00Z,-9.27,0.307,0.318,0
2026-01-20T16:00:00Z,134129,14.67,2026-01-20T15:57:30Z,-9.44,0.307,0.314,0
2026-01-20T16:15:00Z,134130,14.64,2026-01-20T16:08:50Z,-9.4,0.307,0.311,0
2026-01-20T16:30:00Z,134131,14.64,2026-01-20T16:15:30Z,-9.27,0.308,0.308,0
2026-01-20T16:45:00Z,134132,14.64,2026-01-20T16:33:20Z,-9.29,0.308,0.306,0
2026-01-20T17:00:00Z,134133,14.68,2026-01-20T16:45:05Z,-9.43,0.308,0.304,0
2026-01-20T17:15:00Z,134134,14.67,2026-01-20T17:02:25Z,-9.62,0.308,0.301,0
2026-01-20T17:30:00Z,134135,14.27,2026-01-20T17:29:50Z,-9.79,0.308,0.298,0
2026-01-20T17:45:00Z,134136,13.86,2026-01-20T17:44:50Z,-10.03,0.308,0.291,0
2026-01-20T18:00:00Z,134137,13.71,2026-01-20T17:59:20Z,-10.39,0.308,0.283,0
2026-01-20T18:15:00Z,134138,13.63,2026-01-20T18:15:00Z,-10.79,0.308,0.275,0
2026-01-20T18:30:00Z,134139,13.56,2026-01-20T18:29:50Z,-11.16,0.308,0.268,0
2026-01-20T18:45:00Z,134140,13.51,2026-01-20T18:44:05Z,-11.55,0.307,0.263,0
2026-01-20T19:00:00Z,134141,13.45,2026-01-20T18:57:20Z,-11.89,0.307,0.256,0
2026-01-20T19:15:00Z,134142,13.43,2026-01-20T19:14:05Z,-12.15,0.307,0.249,0
2026-01-20T19:30:00Z,134143,13.37,2026-01-20T19:29:55Z,-12.3,0.308,0.243,0
2026-01-20T19:45:00Z,134144,13.37,2026-01-20T19:43:30Z,-12.4,0.307,0.236,0
2026-01-20T20:00:00Z,134145,13.32,2026-01-20T19:57:25Z,-12.48,0.307,0.229,0
2026-01-20T20:15:00Z,134146,13.31,2026-01-20T20:02:20Z,-12.7,0.307,0.221,0
2026-01-20T20:30:00Z,134147,13.29,2026-01-20T20:29:15Z,-13.09,0.307,0.214,0
2026-01-20T20:45:00Z,134148,13.27,2026-01-20T20:34:05Z,-13.48,0.307,0.205,0
2026-01-20T21:00:00Z,134149,13.25,2026-01-20T20:57:30Z,-13.89,0.307,0.196,0
2026-01-20T21:15:00Z,134150,13.24,2026-01-20T21:12:25Z,-14.26,0.306,0.188,0
2026-01-20T21:30:00Z,134151,13.23,2026-01-20T21:29:55Z,-14.53,0.306,0.181,0
2026-01-20T21:45:00Z,134152,13.23,2026-01-20T21:39:05Z,-14.64,0.306,0.174,0
2026-01-20T22:00:00Z,134153,13.22,2026-01-20T21:57:20Z,-14.51,0.306,0.169,0
2026-01-20T22:15:00Z,134154,13.21,2026-01-20T22:02:20Z,-14.08,0.307,0.164,0
2026-01-20T22:30:00Z,134155,13.19,2026-01-20T22:29:50Z,-13.36,0.307,0.159,0
2026-01-20T22:45:00Z,134156,13.21,2026-01-20T22:32:25Z,-12.62,0.307,0.155,0
2026-01-20T23:00:00Z,134157,13.19,2026-01-20T22:57:20Z,-12.07,0.307,0.15,0
2026-01-20T23:15:00Z,134158,13.22,2026-01-20T23:02:20Z,-11.73,0.307,0.146,0
2026-01-20T23:30:00Z,134159,13.22,2026-01-20T23:20:25Z,-11.51,0.307,0.142,0
2026-01-20T23:45:00Z,134160,13.22,2026-01-20T23:30:05Z,-11.36,0.307,0.138,0
2026-01-21T00:15:00Z,134162,13.2,2026-01-21T00:14:05Z,-10.98,0.306,0.131,0
2026-01-21T00:30:00Z,134163,13.22,2026-01-21T00:16:45Z,-10.73,0.306,0.127,0
2026-01-21T00:45:00Z,134164,13.23,2026-01-21T00:30:05Z,-10.5,0.307,0.122,0
2026-01-21T01:00:00Z,134165,13.21,2026-01-21T00:57:30Z,-10.27,0.307,0.116,0
2026-01-21T01:15:00Z,134166,13.22,2026-01-21T01:02:25Z,-10.03,0.307,0.11,0
2026-01-21T01:30:00Z,134167,13.24,2026-01-21T01:15:05Z,-9.85,0.307,0.106,0
2026-01-21T01:45:00Z,134168,13.24,2026-01-21T01:30:05Z,-9.71,0.306,0.103,0
2026-01-21T02:00:00Z,134169,13.24,2026-01-21T01:45:05Z,-9.61,0.306,0.101,0
2026-01-21T02:15:00Z,134170,13.24,2026-01-21T02:01:35Z,-9.51,0.307,0.099,0
2026-01-21T02:30:00Z,134171,13.23,2026-01-21T02:29:50Z,-9.35,0.307,0.098,0
2026-01-21T02:45:00Z,134172,13.24,2026-01-21T02:30:15Z,-9.16,0.307,0.097,0
2026-01-21T03:00:00Z,134173,13.22,2026-01-21T02:57:20Z,-8.96,0.307,0.096,0
2026-01-21T03:15:00Z,134174,13.24,2026-01-21T03:00:45Z,-8.76,0.308,0.096,0
2026-01-21T03:30:00Z,134175,13.25,2026-01-21T03:15:05Z,-8.61,0.308,0.095,0
2026-01-21T03:45:00Z,134176,13.25,2026-01-21T03:30:05Z,-8.49,0.308,0.095,0
2026-01-21T04:00:00Z,134177,13.25,2026-01-21T03:59:10Z,-8.4,0.309,0.094,0
2026-01-21T04:15:00Z,134178,13.24,2026-01-21T04:02:20Z,-8.31,0.309,0.094,0
2026-01-21T04:30:00Z,134179,13.24,2026-01-21T04:29:50Z,-8.22,0.31,0.094,0
2026-01-21T04:45:00Z,134180,13.25,2026-01-21T04:42:10Z,-8.13,0.311,0.095,0
2026-01-21T05:00:00Z,134181,13.23,2026-01-21T04:57:20Z,-8.02,0.312,0.099,0
2026-01-21T05:15:00Z,134182,13.23,2026-01-21T05:02:20Z,-7.889,0.311,0.103,0
2026-01-21T05:30:00Z,134183,13.23,2026-01-21T05:29:50Z,-7.768,0.311,0.105,0
2026-01-21T05:45:00Z,134184,13.23,2026-01-21T05:44:15Z,-7.643,0.312,0.106,0
2026-01-21T06:00:00Z,134185,13.25,2026-01-21T05:56:50Z,-7.491,0.313,0.107,0
2026-01-21T06:15:00Z,134186,13.23,2026-01-21T06:02:20Z,-7.307,0.313,0.108,0
2026-01-21T06:30:00Z,134187,13.25,2026-01-21T06:22:40Z,-7.135,0.313,0.108,0
2026-01-21T06:45:00Z,134188,13.25,2026-01-21T06:42:10Z,-6.989,0.312,0.109,0
2026-01-21T07:00:00Z,134189,13.25,2026-01-21T06:52:50Z,-6.859,0.313,0.109,0
2026-01-21T07:15:00Z,134190,13.25,2026-01-21T07:07:25Z,-6.725,0.312,0.109,0
2026-01-21T07:30:00Z,134191,13.25,2026-01-21T07:29:15Z,-6.604,0.312,0.108,0
2026-01-21T07:45:00Z,134192,13.25,2026-01-21T07:35:30Z,-6.501,0.312,0.108,0
2026-01-21T08:00:00Z,134193,13.25,2026-01-21T07:54:25Z,-6.407,0.311,0.108,0
2026-01-21T08:15:00Z,134194,13.25,2026-01-21T08:02:25Z,-6.291,0.312,0.107,0
2026-01-21T08:30:00Z,134195,13.24,2026-01-21T08:29:50Z,-6.164,0.312,0.107,0
2026-01-21T08:45:00Z,134196,13.26,2026-01-21T08:32:50Z,-6.041,0.312,0.107,0
2026-01-21T09:00:00Z,134197,13.24,2026-01-21T08:57:20Z,-5.914,0.313,0.107,0
2026-01-21T09:15:00Z,134198,13.26,2026-01-21T09:04:15Z,-5.751,0.313,0.107,0
2026-01-21T09:30:00Z,134199,13.25,2026-01-21T09:29:50Z,-5.518,0.313,0.108,0
2026-01-21T09:45:00Z,134200,13.26,2026-01-21T09:38:45Z,-5.265,0.314,0.107,0
2026-01-21T10:00:00Z,134201,13.27,2026-01-21T09:45:20Z,-4.981,0.314,0.107,0
2026-01-21T10:15:00Z,134202,13.29,2026-01-21T10:07:45Z,-4.611,0.315,0.109,0
2026-01-21T10:30:00Z,134203,13.29,2026-01-21T10:25:15Z,-4.181,0.315,0.115,0
2026-01-21T10:45:00Z,134204,13.3,2026-01-21T10:33:10Z,-3.759,0.316,0.122,0
2026-01-21T11:00:00Z,134205,13.27,2026-01-21T10:58:05Z,-3.416,0.315,0.126,0
2026-01-21T11:15:00Z,134206,13.26,2026-01-21T11:00:40Z,-3.236,0.315,0.129,0
2026-01-21T11:30:00Z,134207,13.29,2026-01-21T11:15:05Z,-3.119,0.314,0.157,0
2026-01-21T11:45:00Z,134208,13.28,2026-01-21T11:33:40Z,-2.977,0.315,0.173,0
2026-01-21T12:00:00Z,134209,13.29,2026-01-21T11:45:15Z,-2.781,0.316,0.171,0
2026-01-21T12:15:00Z,134210,13.29,2026-01-21T12:00:15Z,-2.507,0.316,0.181,0
2026-01-21T12:30:00Z,134211,13.24,2026-01-21T12:18:30Z,-2.105,0.316,0.189,0
2026-01-21T12:45:00Z,134212,13.29,2026-01-21T12:32:45Z,-1.637,0.317,0.184,0
2026-01-21T13:00:00Z,134213,13.29,2026-01-21T12:50:05Z,-1.177,0.317,0.177,0
2026-01-21T13:15:00Z,134214,13.3,2026-01-21T13:00:40Z,-0.733,0.316,0.173,0
2026-01-21T13:30:00Z,134215,13.32,2026-01-21T13:18:35Z,-0.256,0.317,0.17,0
2026-01-21T13:45:00Z,134216,13.31,2026-01-21T13:43:50Z,0.101,0.317,0.167,0
2026-01-21T14:00:00Z,134217,13.31,2026-01-21T13:53:10Z,0.313,0.316,0.163,0
2026-01-21T14:15:00Z,134218,13.31,2026-01-21T14:11:10Z,0.471,0.316,0.161,0
2026-01-21T14:30:00Z,134219,13.32,2026-01-21T14:19:15Z,0.581,0.316,0.159,0
2026-01-21T14:45:00Z,134220,13.34,2026-01-21T14:30:35Z,0.707,0.316,0.158,0
2026-01-21T15:00:00Z,134221,13.33,2026-01-21T14:57:20Z,0.817,0.316,0.157,0
2026-01-21T15:15:00Z,134222,13.33,2026-01-21T15:02:20Z,0.895,0.316,0.155,0
2026-01-21T15:30:00Z,134223,13.34,2026-01-21T15:29:50Z,0.942,0.316,0.251,0
2026-01-21T15:45:00Z,134224,13.35,2026-01-21T15:30:05Z,0.973,0.316,0.232,0
2026-01-21T16:00:00Z,134225,13.36,2026-01-21T15:45:05Z,1.005,0.316,0.215,0
2026-01-21T16:15:00Z,134226,13.37,2026-01-21T16:03:00Z,1.001,0.315,0.203,0
2026-01-21T16:30:00Z,134227,13.36,2026-01-21T16:22:40Z,0.986,0.315,0.193,0
2026-01-21T16:45:00Z,134228,13.35,2026-01-21T16:40:20Z,0.957,0.316,0.186,0
2026-01-21T17:00:00Z,134229,13.34,2026-01-21T16:51:30Z,0.895,0.315,0.18,0
2026-01-21T17:15:00Z,134230,13.32,2026-01-21T17:12:50Z,0.799,0.315,0.175,0
2026-01-21T17:30:00Z,134231,13.3,2026-01-21T17:29:55Z,0.663,0.315,0.171,0
2026-01-21T17:45:00Z,134232,13.29,2026-01-21T17:31:50Z,0.515,0.315,0.166,0
2026-01-21T18:00:00Z,134233,13.29,2026-01-21T17:53:00Z,0.346,0.315,0.162,0
2026-01-21T18:15:00Z,134234,13.29,2026-01-21T18:11:40Z,0.149,0.315,0.158,0
2026-01-21T18:30:00Z,134235,13.29,2026-01-21T18:16:10Z,-0.045,0.315,0.155,0
2026-01-21T18:45:00Z,134236,13.29,2026-01-21T18:44:45Z,-0.253,0.315,0.152,0
2026-01-21T19:00:00Z,134237,13.28,2026-01-21T18:57:20Z,-0.497,0.314,0.149,0
2026-01-21T19:15:00Z,134238,13.28,2026-01-21T19:02:20Z,-0.851,0.315,0.146,0
2026-01-21T19:30:00Z,134239,13.27,2026-01-21T19:23:35Z,-1.243,0.314,0.144,0
2026-01-21T19:45:00Z,134240,13.29,2026-01-21T19:30:05Z,-1.61,0.314,0.141,0
2026-01-21T20:00:00Z,134241,13.27,2026-01-21T19:48:40Z,-2.054,0.314,0.139,0
2026-01-21T20:15:00Z,134242,13.28,2026-01-21T20:11:00Z,-2.563,0.315,0.137,0
2026-01-21T20:30:00Z,134243,13.28,2026-01-21T20:20:45Z,-3.017,0.315,0.135,0
2026-01-21T20:45:00Z,134244,13.28,2026-01-21T20:34:15Z,-3.348,0.314,0.133,0
2026-01-21T21:00:00Z,134245,13.26,2026-01-21T20:48:20Z,-3.497,0.315,0.132,0
2026-01-21T21:15:00Z,134246,13.26,2026-01-21T21:02:20Z,-3.568,0.315,0.131,0
2026-01-21T21:30:00Z,134247,13.26,2026-01-21T21:29:50Z,-3.78,0.315,0.129,0
2026-01-21T21:45:00Z,134248,13.26,2026-01-21T21:33:40Z,-4.108,0.315,0.128,0
2026-01-21T22:00:00Z,134249,13.26,2026-01-21T21:47:00Z,-4.453,0.315,0.127,0
2026-01-21T22:15:00Z,134250,13.26,2026-01-21T22:00:20Z,-4.702,0.315,0.126,0
2026-01-21T22:30:00Z,134251,13.25,2026-01-21T22:29:55Z,-4.891,0.315,0.125,0
2026-01-21T22:45:00Z,134252,13.25,2026-01-21T22:30:05Z,-5.025,0.315,0.124,0
2026-01-21T23:00:00Z,134253,13.25,2026-01-21T22:57:25Z,-5.005,0.315,0.123,0
2026-01-21T23:15:00Z,134254,13.25,2026-01-21T23:02:25Z,-4.851,0.315,0.122,0
2026-01-21T23:30:00Z,134255,13.26,2026-01-21T23:15:05Z,-4.66,0.316,0.121,0
2026-01-21T23:45:00Z,134256,13.26,2026-01-21T23:30:05Z,-4.515,0.316,0.12,0
2026-01-22T00:15:00Z,134258,13.24,2026-01-22T00:04:20Z,-4.309,0.315,0.118,0
2026-01-22T00:30:00Z,134259,13.24,2026-01-22T00:29:50Z,-4.333,0.315,0.117,0
2026-01-22T00:45:00Z,134260,13.26,2026-01-22T00:30:10Z,-4.421,0.316,0.116,0
2026-01-22T01:00:00Z,134261,13.23,2026-01-22T00:56:45Z,-4.287,0.316,0.115,0
2026-01-22T01:15:00Z,134262,13.24,2026-01-22T01:03:55Z,-3.89,0.316,0.114,0
2026-01-22T01:30:00Z,134263,13.25,2026-01-22T01:24:35Z,-3.344,0.316,0.113,0
2026-01-22T01:45:00Z,134264,13.25,2026-01-22T01:34:45Z,-2.884,0.316,0.112,0
2026-01-22T02:00:00Z,134265,13.25,2026-01-22T01:46:55Z,-2.444,0.317,0.112,0
2026-01-22T02:15:00Z,134266,13.24,2026-01-22T02:02:30Z,-2.042,0.316,0.111,0
2026-01-22T02:30:00Z,134267,13.25,2026-01-22T02:22:00Z,-1.756,0.316,0.111,0
2026-01-22T02:45:00Z,134268,13.25,2026-01-22T02:35:05Z,-1.604,0.316,0.111,0
2026-01-22T03:00:00Z,134269,13.25,2026-01-22T02:50:55Z,-1.589,0.317,0.111,0
2026-01-22T03:15:00Z,134270,13.26,2026-01-22T03:00:45Z,-1.795,0.316,0.111,0
2026-01-22T03:30:00Z,134271,13.26,2026-01-22T03:18:20Z,-2.197,0.316,0.111,0
2026-01-22T03:45:00Z,134272,13.25,2026-01-22T03:41:25Z,-2.525,0.316,0.112,0
2026-01-22T04:00:00Z,134273,13.25,2026-01-22T03:57:20Z,-2.735,0.317,0.112,0
2026-01-22T04:15:00Z,134274,13.25,2026-01-22T04:02:20Z,-2.951,0.317,0.112,0
2026-01-22T04:30:00Z,134275,13.25,2026-01-22T04:23:25Z,-3.222,0.317,0.112,0
2026-01-22T04:45:00Z,134276,13.26,2026-01-22T04:31:25Z,-3.507,0.317,0.113,0
2026-01-22T05:00:00Z,134277,13.26,2026-01-22T04:47:25Z,-3.686,0.317,0.113,0
2026-01-22T05:15:00Z,134278,13.25,2026-01-22T05:12:55Z,-3.712,0.319,0.114,0
2026-01-22T05:30:00Z,134279,13.21,2026-01-22T05:18:55Z,-3.769,0.319,0.114,0
2026-01-22T05:45:00Z,134280,13.23,2026-01-22T05:30:20Z,-3.975,0.317,0.114,0
2026-01-22T06:00:00Z,134281,13.25,2026-01-22T05:57:30Z,-4.279,0.318,0.114,0
2026-01-22T06:15:00Z,134282,13.25,2026-01-22T06:14:10Z,-4.671,0.318,0.115,0
2026-01-22T06:30:00Z,134283,13.24,2026-01-22T06:29:30Z,-5.105,0.318,0.115,0
2026-01-22T06:45:00Z,134284,13.24,2026-01-22T06:32:00Z,-5.577,0.319,0.115,0
2026-01-22T07:00:00Z,134285,13.24,2026-01-22T06:57:35Z,-6.014,0.318,0.115,0
2026-01-22T07:15:00Z,134286,13.25,2026-01-22T07:13:10Z,-6.476,0.318,0.114,0
2026-01-22T07:30:00Z,134287,13.24,2026-01-22T07:30:00Z,-7.02,0.318,0.114,0
2026-01-22T07:45:00Z,134288,13.22,2026-01-22T07:41:15Z,-7.579,0.317,0.114,0
2026-01-22T08:00:00Z,134289,13.24,2026-01-22T07:57:25Z,-8.1,0.317,0.113,0
2026-01-22T08:15:00Z,134290,13.25,2026-01-22T08:00:15Z,-8.55,0.317,0.113,0
2026-01-22T08:30:00Z,134291,13.24,2026-01-22T08:19:30Z,-8.92,0.317,0.112,0
2026-01-22T08:45:00Z,134292,13.27,2026-01-22T08:30:05Z,-9.18,0.317,0.112,0
2026-01-22T09:00:00Z,134293,13.28,2026-01-22T08:57:35Z,-9.33,0.317,0.112,0
2026-01-22T09:15:00Z,134294,13.3,2026-01-22T09:01:05Z,-9.37,0.318,0.112,0
2026-01-22T09:30:00Z,134295,13.62,2026-01-22T09:30:00Z,-9.26,0.317,0.114,0
2026-01-22T09:45:00Z,134296,13.58,2026-01-22T09:34:30Z,-8.87,0.318,0.122,0
2026-01-22T10:00:00Z,134297,13.78,2026-01-22T09:54:25Z,-8.45,0.318,0.142,0
2026-01-22T10:15:00Z,134298,14.04,2026-01-22T10:00:15Z,-7.963,0.318,0.15,0
2026-01-22T10:30:00Z,134299,14.15,2026-01-22T10:15:15Z,-7.462,0.317,0.147,0
2026-01-22T10:45:00Z,134300,13.93,2026-01-22T10:41:20Z,-6.828,0.309,1.299,0
2026-01-22T11:00:00Z,134301,13.91,2026-01-22T10:45:10Z,-4.936,0.31,3.396,0
2026-01-22T11:15:00Z,134302,13.91,2026-01-22T11:10:30Z,-3.072,0.319,3.285,0
2026-01-22T11:30:00Z,134303,14.92,2026-01-22T11:29:55Z,-2.922,0.318,0.653,0
2026-01-22T11:45:00Z,134304,14.89,2026-01-22T11:42:00Z,-3.679,0.317,0.289,0
2026-01-22T12:00:00Z,134305,14.49,2026-01-22T11:59:20Z,-4.067,0.316,0.207,0
2026-01-22T12:15:00Z,134306,14.49,2026-01-22T12:00:45Z,-4.205,0.317,0.179,0
2026-01-22T12:30:00Z,134307,14.49,2026-01-22T12:17:10Z,-4.236,0.316,0.169,0
2026-01-22T12:45:00Z,134308,14.49,2026-01-22T12:30:10Z,-4.179,0.317,0.165,0
2026-01-22T13:00:00Z,134309,14.49,2026-01-22T12:46:30Z,-4.054,0.317,0.164,0
2026-01-22T13:15:00Z,134310,14.48,2026-01-22T13:14:40Z,-3.957,0.318,0.163,0
2026-01-22T13:30:00Z,134311,14.48,2026-01-22T13:30:00Z,-3.938,0.317,0.162,0
2026-01-22T13:45:00Z,134312,14.5,2026-01-22T13:31:50Z,-4.106,0.316,0.16,0
2026-01-22T14:00:00Z,134313,14.52,2026-01-22T13:55:35Z,-4.272,0.316,0.159,0
2026-01-22T14:15:00Z,134314,14.52,2026-01-22T14:02:30Z,-4.291,0.317,0.16,0
2026-01-22T14:30:00Z,134315,14.52,2026-01-22T14:22:15Z,-4.321,0.318,0.162,0
2026-01-22T14:45:00Z,134316,14.51,2026-01-22T14:40:55Z,-4.511,0.317,0.167,0
2026-01-22T15:00:00Z,134317,14.53,2026-01-22T14:45:25Z,-4.712,0.318,0.173,0
2026-01-22T15:15:00Z,134318,14.55,2026-01-22T15:10:30Z,-4.835,0.317,0.174,0
2026-01-22T15:30:00Z,134319,14.54,2026-01-22T15:29:45Z,-5.03,0.317,0.172,0
2026-01-22T15:45:00Z,134320,14.55,2026-01-22T15:30:05Z,-5.332,0.316,0.17,0
2026-01-22T16:00:00Z,134321,14.54,2026-01-22T15:51:15Z,-5.493,0.317,0.169,0
2026-01-22T16:15:00Z,134322,14.54,2026-01-22T16:03:25Z,-5.438,0.318,0.168,0
2026-01-22T16:30:00Z,134323,14.54,2026-01-22T16:17:10Z,-5.477,0.318,0.166,0
2026-01-22T16:45:00Z,134324,14.55,2026-01-22T16:40:15Z,-5.68,0.317,0.163,0
2026-01-22T17:00:00Z,134325,14.48,2026-01-22T17:00:00Z,-5.896,0.318,0.174,0
2026-01-22T17:15:00Z,134326,14.19,2026-01-22T17:14:50Z,-6.099,0.318,0.19,0
2026-01-22T17:30:00Z,134327,13.89,2026-01-22T17:30:00Z,-6.298,0.318,0.199,0
2026-01-22T17:45:00Z,134328,13.76,2026-01-22T17:44:50Z,-6.473,0.318,0.196,0
2026-01-22T18:00:00Z,134329,13.67,2026-01-22T17:59:45Z,-6.627,0.318,0.191,0
2026-01-22T18:15:00Z,134330,13.61,2026-01-22T18:14:35Z,-6.735,0.319,0.185,0
2026-01-22T18:30:00Z,134331,13.55,2026-01-22T18:24:25Z,-6.835,0.319,0.18,0
2026-01-22T18:45:00Z,134332,13.49,2026-01-22T18:44:30Z,-6.973,0.319,0.176,0
2026-01-22T19:00:00Z,134333,13.46,2026-01-22T18:58:25Z,-7.154,0.318,0.171,0
2026-01-22T19:15:00Z,134334,13.43,2026-01-22T19:13:50Z,-7.321,0.319,0.167,0
2026-01-22T19:30:00Z,134335,13.39,2026-01-22T19:21:55Z,-7.438,0.318,0.163,0
2026-01-22T19:45:00Z,134336,13.36,2026-01-22T19:44:15Z,-7.488,0.318,0.16,0
2026-01-22T20:00:00Z,134337,13.32,2026-01-22T19:57:25Z,-7.562,0.319,0.156,0
2026-01-22T20:15:00Z,134338,13.3,2026-01-22T20:14:25Z,-7.669,0.318,0.153,0
2026-01-22T20:30:00Z,134339,13.28,2026-01-22T20:29:55Z,-7.77,0.319,0.15,0
2026-01-22T20:45:00Z,134340,13.29,2026-01-22T20:44:05Z,-7.87,0.318,0.147,0
2026-01-22T21:00:00Z,134341,13.26,2026-01-22T20:57:25Z,-7.997,0.318,0.144,0
2026-01-22T21:15:00Z,134342,13.26,2026-01-22T21:06:55Z,-8.18,0.318,0.142,0
2026-01-22T21:30:00Z,134343,13.24,2026-01-22T21:30:00Z,-8.34,0.318,0.139,0
2026-01-22T21:45:00Z,134344,13.24,2026-01-22T21:37:45Z,-8.47,0.318,0.136,0
2026-01-22T22:00:00Z,134345,13.23,2026-01-22T21:57:20Z,-8.62,0.318,0.134,0
2026-01-22T22:15:00Z,134346,13.24,2026-01-22T22:02:25Z,-8.8,0.316,0.131,0
2026-01-22T22:30:00Z,134347,13.22,2026-01-22T22:17:00Z,-8.98,0.317,0.129,0
2026-01-22T22:45:00Z,134348,13.24,2026-01-22T22:40:15Z,-9.15,0.317,0.127,0
2026-01-22T23:00:00Z,134349,13.23,2026-01-22T22:57:25Z,-9.28,0.317,0.125,0
2026-01-22T23:15:00Z,134350,13.22,2026-01-22T23:02:20Z,-9.4,0.317,0.123,0
2026-01-22T23:30:00Z,134351,13.22,2026-01-22T23:29:50Z,-9.54,0.318,0.12,0
2026-01-22T23:45:00Z,134352,13.24,2026-01-22T23:30:20Z,-9.63,0.317,0.118,0
2026-01-23T00:15:00Z,134354,13.24,2026-01-23T00:00:05Z,-9.66,0.317,0.115,0
2026-01-23T00:30:00Z,134355,13.22,2026-01-23T00:29:50Z,-9.65,0.317,0.113,0
2026-01-23T00:45:00Z,134356,13.24,2026-01-23T00:38:15Z,-9.76,0.316,0.112,0
2026-01-23T01:00:00Z,134357,13.22,2026-01-23T00:50:05Z,-9.92,0.317,0.112,0
2026-01-23T01:15:00Z,134358,13.22,2026-01-23T01:08:30Z,-10.09,0.317,0.111,0
2026-01-23T01:30:00Z,134359,13.22,2026-01-23T01:29:50Z,-10.25,0.317,0.11,0
2026-01-23T01:45:00Z,134360,13.24,2026-01-23T01:30:45Z,-10.33,0.316,0.109,0
2026-01-23T02:00:00Z,134361,13.23,2026-01-23T01:56:05Z,-10.4,0.316,0.108,0
2026-01-23T02:15:00Z,134362,13.22,2026-01-23T02:14:25Z,-10.49,0.316,0.107,0
2026-01-23T02:30:00Z,134363,13.23,2026-01-23T02:25:25Z,-10.64,0.316,0.106,0
2026-01-23T02:45:00Z,134364,13.24,2026-01-23T02:30:05Z,-10.81,0.317,0.105,0
2026-01-23T03:00:00Z,134365,13.2,2026-01-23T02:53:20Z,-11.03,0.316,0.104,0
2026-01-23T03:15:00Z,134366,13.21,2026-01-23T03:08:40Z,-11.26,0.316,0.104,0
2026-01-23T03:30:00Z,134367,13.21,2026-01-23T03:29:50Z,-11.49,0.316,0.103,0
2026-01-23T03:45:00Z,134368,13.21,2026-01-23T03:44:25Z,-11.68,0.316,0.102,0
2026-01-23T04:00:00Z,134369,13.21,2026-01-23T03:57:20Z,-11.85,0.316,0.101,0
2026-01-23T04:15:00Z,134370,13.21,2026-01-23T04:01:20Z,-12.07,0.316,0.101,0
2026-01-23T04:30:00Z,134371,13.2,2026-01-23T04:29:50Z,-12.31,0.316,0.1,0
2026-01-23T04:45:00Z,134372,13.22,2026-01-23T04:30:45Z,-12.56,0.316,0.099,0
2026-01-23T05:00:00Z,134373,13.2,2026-01-23T04:57:20Z,-12.8,0.315,0.098,0
2026-01-23T05:15:00Z,134374,13.22,2026-01-23T05:00:05Z,-13.02,0.315,0.098,0
2026-01-23T05:30:00Z,134375,13.2,2026-01-23T05:21:15Z,-13.24,0.316,0.097,0
2026-01-23T05:45:00Z,134376,13.22,2026-01-23T05:30:05Z,-13.47,0.316,0.096,0
2026-01-23T06:00:00Z,134377,13.18,2026-01-23T05:58:00Z,-13.71,0.315,0.095,0
2026-01-23T06:15:00Z,134378,13.21,2026-01-23T06:04:40Z,-13.95,0.316,0.095,0
2026-01-23T06:30:00Z,134379,13.2,2026-01-23T06:29:50Z,-14.15,0.316,0.094,0
2026-01-23T06:45:00Z,134380,13.21,2026-01-23T06:44:40Z,-14.21,0.316,0.094,0
2026-01-23T07:00:00Z,134381,13.18,2026-01-23T06:57:20Z,-14.13,0.316,0.093,0
2026-01-23T07:15:00Z,134382,13.19,2026-01-23T07:14:30Z,-14.03,0.316,0.093,0
2026-01-23T07:30:00Z,134383,13.2,2026-01-23T07:29:50Z,-13.99,0.316,0.092,0
2026-01-23T07:45:00Z,134384,13.21,2026-01-23T07:40:40Z,-14.07,0.317,0.092,0
2026-01-23T08:00:00Z,134385,13.19,2026-01-23T07:57:20Z,-14.34,0.317,0.092,0
2026-01-23T08:15:00Z,134386,13.22,2026-01-23T08:02:20Z,-14.74,0.317,0.091,0
2026-01-23T08:30:00Z,134387,13.2,2026-01-23T08:29:50Z,-15.06,0.317,0.091,0
2026-01-23T08:45:00Z,134388,13.23,2026-01-23T08:30:30Z,-15.23,0.317,0.09,0
2026-01-23T09:00:00Z,134389,13.23,2026-01-23T08:57:20Z,-15.29,0.318,0.09,0
2026-01-23T09:15:00Z,134390,13.26,2026-01-23T09:04:30Z,-15.27,0.317,0.09,0
2026-01-23T09:30:00Z,134391,13.31,2026-01-23T09:15:30Z,-15.27,0.317,0.091,0
2026-01-23T09:45:00Z,134392,13.5,2026-01-23T09:31:55Z,-15.18,0.316,0.093,0
2026-01-23T10:00:00Z,134393,13.53,2026-01-23T09:59:40Z,-14.73,0.319,0.094,0
2026-01-23T10:15:00Z,134394,13.48,2026-01-23T10:02:25Z,-14.36,0.318,0.092,0
2026-01-23T10:30:00Z,134395,13.51,2026-01-23T10:18:45Z,-14.32,0.317,0.093,0
2026-01-23T10:45:00Z,134396,13.69,2026-01-23T10:35:35Z,-14.34,0.318,0.094,0
2026-01-23T11:00:00Z,134397,13.71,2026-01-23T10:52:00Z,-14.28,0.317,0.096,0
2026-01-23T11:15:00Z,134398,14.07,2026-01-23T11:07:35Z,-14.23,0.316,0.101,0
2026-01-23T11:30:00Z,134399,13.89,2026-01-23T11:28:20Z,-13.8,0.31,0.901,0
2026-01-23T11:45:00Z,134400,13.9,2026-01-23T11:30:15Z,-12.76,0.308,3.063,0
2026-01-23T12:00:00Z,134401,13.91,2026-01-23T11:45:05Z,-10.47,0.313,3.412,0
2026-01-23T12:15:00Z,134402,13.91,2026-01-23T12:10:05Z,-9.57,0.308,3.391,0
2026-01-23T12:30:00Z,134403,13.93,2026-01-23T12:29:05Z,-8.16,0.31,4.042,0
2026-01-23T12:45:00Z,134404,13.92,2026-01-23T12:45:00Z,-6.88,0.31,4.152,0
2026-01-23T13:00:00Z,134405,13.93,2026-01-23T12:45:50Z,-6.618,0.324,1.911,0
2026-01-23T13:15:00Z,134406,14.68,2026-01-23T13:00:05Z,-8.29,0.318,0.355,0
2026-01-23T13:30:00Z,134407,14.68,2026-01-23T13:15:10Z,-9.51,0.316,0.212,0
2026-01-23T13:45:00Z,134408,14.67,2026-01-23T13:43:20Z,-10.17,0.317,0.173,0
2026-01-23T14:00:00Z,134409,14.67,2026-01-23T13:46:50Z,-10.52,0.316,0.159,0
2026-01-23T14:15:00Z,134410,14.67,2026-01-23T14:02:00Z,-10.77,0.317,0.154,0
2026-01-23T14:30:00Z,134411,14.69,2026-01-23T14:17:50Z,-11.09,0.316,0.151,0
2026-01-23T14:45:00Z,134412,14.7,2026-01-23T14:30:05Z,-11.51,0.317,0.15,0
2026-01-23T15:00:00Z,134413,14.73,2026-01-23T14:48:20Z,-12,0.316,0.149,0
2026-01-23T15:15:00Z,134414,14.76,2026-01-23T15:00:15Z,-12.49,0.316,0.148,0
2026-01-23T15:30:00Z,134415,14.75,2026-01-23T15:15:45Z,-12.93,0.316,0.147,0
2026-01-23T15:45:00Z,134416,14.76,2026-01-23T15:30:20Z,-13.43,0.316,0.147,0
2026-01-23T16:00:00Z,134417,14.78,2026-01-23T15:45:05Z,-13.82,0.316,0.147,0
2026-01-23T16:15:00Z,134418,14.79,2026-01-23T16:01:05Z,-13.95,0.316,0.146,0
2026-01-23T16:30:00Z,134419,14.77,2026-01-23T16:29:50Z,-13.79,0.317,0.148,0
2026-01-23T16:45:00Z,134420,14.79,2026-01-23T16:35:45Z,-13.96,0.316,0.148,0
2026-01-23T17:00:00Z,134421,14.79,2026-01-23T16:46:10Z,-14.29,0.316,0.148,0
2026-01-23T17:15:00Z,134422,14.78,2026-01-23T17:15:00Z,-14.47,0.317,0.147,0
2026-01-23T17:30:00Z,134423,14.11,2026-01-23T17:29:50Z,-14.71,0.318,0.145,0
2026-01-23T17:45:00Z,134424,13.76,2026-01-23T17:45:00Z,-15.22,0.317,0.14,0
2026-01-23T18:00:00Z,134425,13.63,2026-01-23T17:59:30Z,-15.9,0.317,0.136,0
2026-01-23T18:15:00Z,134426,13.52,2026-01-23T18:14:35Z,-16.61,0.316,0.133,0
2026-01-23T18:30:00Z,134427,13.47,2026-01-23T18:29:50Z,-17.3,0.317,0.131,0
2026-01-23T18:45:00Z,134428,13.45,2026-01-23T18:44:05Z,-17.93,0.317,0.128,0
2026-01-23T19:00:00Z,134429,13.38,2026-01-23T18:57:20Z,-18.49,0.317,0.128,0
2026-01-23T19:15:00Z,134430,13.37,2026-01-23T19:02:20Z,-19.02,0.317,0.134,0
2026-01-23T19:30:00Z,134431,13.32,2026-01-23T19:29:50Z,-19.46,0.317,0.133,0
2026-01-23T19:45:00Z,134432,13.3,2026-01-23T19:44:45Z,-19.83,0.316,0.13,0
2026-01-23T20:00:00Z,134433,13.27,2026-01-23T19:53:55Z,-20.15,0.316,0.13,0
2026-01-23T20:15:00Z,134434,13.22,2026-01-23T20:04:35Z,-20.45,0.316,0.129,0
2026-01-23T20:30:00Z,134435,13.18,2026-01-23T20:29:50Z,-20.75,0.316,0.129,0
2026-01-23T20:45:00Z,134436,13.21,2026-01-23T20:42:50Z,-21.04,0.316,0.127,0
2026-01-23T21:00:00Z,134437,13.15,2026-01-23T20:57:20Z,-21.3,0.316,0.124,0
2026-01-23T21:15:00Z,134438,13.16,2026-01-23T21:02:20Z,-21.47,0.316,0.12,0
2026-01-23T21:30:00Z,134439,13.15,2026-01-23T21:29:50Z,-21.56,0.316,0.116,0
2026-01-23T21:45:00Z,134440,13.16,2026-01-23T21:41:55Z,-21.66,0.316,0.112,0
2026-01-23T22:00:00Z,134441,13.12,2026-01-23T21:54:35Z,-21.78,0.317,0.109,0
2026-01-23T22:15:00Z,134442,13.14,2026-01-23T22:02:25Z,-21.95,0.316,0.106,0
2026-01-23T22:30:00Z,134443,13.14,2026-01-23T22:30:00Z,-22.11,0.316,0.102,0
2026-01-23T22:45:00Z,134444,13.15,2026-01-23T22:30:55Z,-22.28,0.316,0.099,0
2026-01-23T23:00:00Z,134445,13.11,2026-01-23T22:57:25Z,-22.51,0.316,0.097,0
2026-01-23T23:15:00Z,134446,13.13,2026-01-23T23:02:20Z,-22.77,0.316,0.094,0
2026-01-23T23:30:00Z,134447,13.12,2026-01-23T23:29:55Z,-23.03,0.316,0.092,0
2026-01-23T23:45:00Z,134448,13.12,2026-01-23T23:44:40Z,-23.27,0.316,0.089,0
2026-01-24T00:15:00Z,134450,13.08,2026-01-24T00:02:20Z,-23.57,0.316,0.088,0
2026-01-24T00:30:00Z,134451,13.06,2026-01-24T00:29:50Z,-23.75,0.315,0.089,0
2026-01-24T00:45:00Z,134452,13.12,2026-01-24T00:41:50Z,-23.92,0.315,0.085,0
2026-01-24T01:00:00Z,134453,13.07,2026-01-24T00:57:20Z,-24.08,0.316,0.082,0
2026-01-24T01:15:00Z,134454,13.06,2026-01-24T01:02:15Z,-24.26,0.316,0.078,0
2026-01-24T01:30:00Z,134455,13.09,2026-01-24T01:24:55Z,-24.41,0.315,0.076,0
2026-01-24T01:45:00Z,134456,13.08,2026-01-24T01:34:40Z,-24.47,0.316,0.073,0
2026-01-24T02:00:00Z,134457,13.09,2026-01-24T01:57:20Z,-24.5,0.316,0.07,0
2026-01-24T02:15:00Z,134458,13.06,2026-01-24T02:02:25Z,-24.51,0.315,0.067,0
2026-01-24T02:30:00Z,134459,13.08,2026-01-24T02:29:50Z,-24.53,0.315,0.064,0
2026-01-24T02:45:00Z,134460,13.1,2026-01-24T02:30:05Z,-24.52,0.315,0.061,0
2026-01-24T03:00:00Z,134461,13.07,2026-01-24T02:57:20Z,-24.47,0.315,0.058,0
2026-01-24T03:15:00Z,134462,13.08,2026-01-24T03:02:20Z,-24.42,0.315,0.055,0
2026-01-24T03:30:00Z,134463,13.07,2026-01-24T03:29:50Z,-24.38,0.314,0.051,0
2026-01-24T03:45:00Z,134464,13.1,2026-01-24T03:34:40Z,-24.32,0.314,0.046,0
2026-01-24T04:00:00Z,134465,13.01,2026-01-24T03:55:10Z,-24.3,0.315,0.041,0
2026-01-24T04:15:00Z,134466,13.09,2026-01-24T04:02:20Z,-24.32,0.315,0.036,0
2026-01-24T04:30:00Z,134467,13.08,2026-01-24T04:29:50Z,-24.35,0.315,0.03,0
2026-01-24T04:45:00Z,134468,13.09,2026-01-24T04:37:30Z,-24.31,0.315,0.026,0
2026-01-24T05:00:00Z,134469,13.06,2026-01-24T04:57:20Z,-24.22,0.314,0.023,0
2026-01-24T05:15:00Z,134470,13.08,2026-01-24T05:14:45Z,-24.19,0.314,0.019,0
2026-01-24T05:30:00Z,134471,13.05,2026-01-24T05:29:50Z,-24.18,0.315,0.014,0
2026-01-24T05:45:00Z,134472,13.02,2026-01-24T05:30:05Z,-24.18,0.315,0.01,0
2026-01-24T06:00:00Z,134473,13.04,2026-01-24T05:57:20Z,-24.14,0.315,0.006,0
2026-01-24T06:15:00Z,134474,13.06,2026-01-24T06:02:20Z,-24.07,0.316,0.002,0
2026-01-24T06:30:00Z,134475,13.02,2026-01-24T06:29:50Z,-24.02,0.318,-0.001,0
2026-01-24T06:45:00Z,134476,13.09,2026-01-24T06:31:40Z,-24.02,0.321,-0.005,0
2026-01-24T07:00:00Z,134477,13.03,2026-01-24T06:57:20Z,-24.03,0.324,-0.008,0
2026-01-24T07:15:00Z,134478,13.01,2026-01-24T07:02:20Z,-24.06,0.327,-0.011,0
2026-01-24T07:30:00Z,134479,13.08,2026-01-24T07:29:55Z,-24.13,0.332,-0.015,0
2026-01-24T07:45:00Z,134480,13.09,2026-01-24T07:44:45Z,-24.21,0.338,-0.019,0
2026-01-24T08:00:00Z,134481,13.09,2026-01-24T07:57:30Z,-24.34,0.344,-0.023,0
2026-01-24T08:15:00Z,134482,13.09,2026-01-24T08:02:20Z,-24.47,0.351,-0.027,0
2026-01-24T08:30:00Z,134483,13.15,2026-01-24T08:15:05Z,-24.6,0.358,-0.031,0
2026-01-24T08:45:00Z,134484,13.19,2026-01-24T08:30:05Z,-24.64,0.366,-0.034,0
2026-01-24T09:00:00Z,134485,13.39,2026-01-24T08:48:10Z,-24.47,0.374,-0.036,0
2026-01-24T09:15:00Z,134486,13.65,2026-01-24T09:00:05Z,-23.93,0.381,-0.035,0
2026-01-24T09:30:00Z,134487,13.8,2026-01-24T09:27:20Z,-22.96,0.39,-0.036,0
2026-01-24T09:45:00Z,134488,13.66,2026-01-24T09:39:00Z,-21.99,0.399,-0.038,0
2026-01-24T10:00:00Z,134489,13.79,2026-01-24T09:46:40Z,-21.27,0.405,-0.037,0
2026-01-24T10:15:00Z,134490,14.08,2026-01-24T10:00:20Z,-20.56,0.413,-0.034,0
2026-01-24T10:30:00Z,134491,13.83,2026-01-24T10:29:50Z,-19.66,0.401,0.61,0
2026-01-24T10:45:00Z,134492,13.86,2026-01-24T10:30:20Z,-18.06,0.313,1.926,0
2026-01-24T11:00:00Z,134493,13.89,2026-01-24T10:48:15Z,-15.96,0.309,2.327,0
2026-01-24T11:15:00Z,134494,13.9,2026-01-24T11:09:50Z,-13.68,0.313,2.268,0
2026-01-24T11:30:00Z,134495,13.9,2026-01-24T11:18:35Z,-13.09,0.318,1.335,0
2026-01-24T11:45:00Z,134496,14.08,2026-01-24T11:45:00Z,-13.48,0.31,0.147,0
2026-01-24T12:00:00Z,134497,13.92,2026-01-24T11:59:30Z,-13.65,0.31,1.814,0
2026-01-24T12:15:00Z,134498,13.91,2026-01-24T12:05:25Z,-13.37,0.318,1.224,0
2026-01-24T12:30:00Z,134499,14.79,2026-01-24T12:29:50Z,-13.22,0.315,0.089,0
2026-01-24T12:45:00Z,134500,14.79,2026-01-24T12:32:10Z,-13.15,0.315,0.077,0
2026-01-24T13:00:00Z,134501,14.79,2026-01-24T12:45:05Z,-12.99,0.315,0.073,0
2026-01-24T13:15:00Z,134502,14.76,2026-01-24T13:11:30Z,-12.91,0.315,0.071,0
2026-01-24T13:30:00Z,134503,14.76,2026-01-24T13:15:15Z,-12.84,0.315,0.068,0
2026-01-24T13:45:00Z,134504,14.76,2026-01-24T13:33:20Z,-12.82,0.315,0.066,0
2026-01-24T14:00:00Z,134505,14.74,2026-01-24T13:57:30Z,-12.79,0.314,0.064,0
2026-01-24T14:15:00Z,134506,14.76,2026-01-24T14:00:05Z,-12.8,0.315,0.062,0
2026-01-24T14:30:00Z,134507,14.76,2026-01-24T14:16:10Z,-12.9,0.315,0.059,0
2026-01-24T14:45:00Z,134508,14.76,2026-01-24T14:30:30Z,-12.9,0.315,0.057,0
2026-01-24T15:00:00Z,134509,14.76,2026-01-24T14:45:20Z,-12.9,0.316,0.054,0
2026-01-24T15:15:00Z,134510,14.79,2026-01-24T15:05:55Z,-13,0.316,0.051,0
2026-01-24T15:30:00Z,134511,14.79,2026-01-24T15:28:00Z,-13.14,0.318,0.048,0
2026-01-24T15:45:00Z,134512,14.79,2026-01-24T15:35:15Z,-13.27,0.32,0.044,0
2026-01-24T16:00:00Z,134513,14.78,2026-01-24T15:57:30Z,-13.38,0.323,0.04,0
2026-01-24T16:15:00Z,134514,14.78,2026-01-24T16:09:55Z,-13.54,0.326,0.035,0
2026-01-24T16:30:00Z,134515,14.77,2026-01-24T16:29:50Z,-13.71,0.331,0.03,0
2026-01-24T16:45:00Z,134516,14.78,2026-01-24T16:44:35Z,-13.91,0.336,0.025,0
2026-01-24T17:00:00Z,134517,14.48,2026-01-24T17:00:00Z,-14.08,0.342,0.02,0
2026-01-24T17:15:00Z,134518,14.09,2026-01-24T17:15:00Z,-14.27,0.349,0.013,0
2026-01-24T17:30:00Z,134519,13.78,2026-01-24T17:30:00Z,-14.49,0.358,0.005,0
2026-01-24T17:45:00Z,134520,13.64,2026-01-24T17:45:00Z,-14.73,0.368,-0.002,0
2026-01-24T18:00:00Z,134521,13.56,2026-01-24T17:57:30Z,-14.92,0.378,-0.007,0
2026-01-24T18:15:00Z,134522,13.51,2026-01-24T18:14:10Z,-15.08,0.389,-0.01,0
2026-01-24T18:30:00Z,134523,13.46,2026-01-24T18:29:50Z,-15.2,0.401,-0.013,0
2026-01-24T18:45:00Z,134524,13.43,2026-01-24T18:41:55Z,-15.25,0.416,-0.016,0
2026-01-24T19:00:00Z,134525,13.39,2026-01-24T18:57:20Z,-15.29,0.433,-0.019,0
2026-01-24T19:15:00Z,134526,13.35,2026-01-24T19:14:45Z,-15.29,0.444,-0.022,0
2026-01-24T19:30:00Z,134527,13.32,2026-01-24T19:29:50Z,-15.29,0.454,-0.025,0
2026-01-24T19:45:00Z,134528,13.3,2026-01-24T19:42:35Z,-15.31,0.465,-0.028,0
2026-01-24T20:00:00Z,134529,13.26,2026-01-24T19:54:50Z,-15.34,0.476,-0.031,0
2026-01-24T20:15:00Z,134530,13.26,2026-01-24T20:02:25Z,-15.39,0.487,-0.033,0
2026-01-24T20:30:00Z,134531,13.24,2026-01-24T20:29:50Z,-15.44,0.498,-0.036,0
2026-01-24T20:45:00Z,134532,13.23,2026-01-24T20:41:00Z,-15.48,0.511,-0.038,0
2026-01-24T21:00:00Z,134533,13.22,2026-01-24T20:57:20Z,-15.5,0.525,-0.039,0
2026-01-24T21:15:00Z,134534,13.21,2026-01-24T21:02:20Z,-15.52,0.539,-0.04,0
2026-01-24T21:30:00Z,134535,13.2,2026-01-24T21:29:50Z,-15.52,0.554,-0.041,0
2026-01-24T21:45:00Z,134536,13.21,2026-01-24T21:41:20Z,-15.52,0.568,-0.042,0
2026-01-24T22:00:00Z,134537,13.18,2026-01-24T21:57:20Z,-15.49,0.58,-0.042,0
2026-01-24T22:15:00Z,134538,13.17,2026-01-24T22:02:20Z,-15.46,0.594,-0.043,0
2026-01-24T22:30:00Z,134539,13.17,2026-01-24T22:29:50Z,-15.41,0.609,-0.044,0
2026-01-24T22:45:00Z,134540,13.17,2026-01-24T22:30:05Z,-15.38,0.623,-0.044,0
2026-01-24T23:00:00Z,134541,13.16,2026-01-24T22:57:20Z,-15.33,0.642,-0.045,0
2026-01-24T23:15:00Z,134542,13.2,2026-01-24T23:02:20Z,-15.3,0.664,-0.046,0
2026-01-24T23:30:00Z,134543,13.2,2026-01-24T23:29:50Z,-15.26,0.682,-0.046,0
2026-01-24T23:45:00Z,134544,13.18,2026-01-24T23:34:45Z,-15.23,0.701,-0.047,0
2026-01-25T00:15:00Z,134546,13.19,2026-01-25T00:02:40Z,-15.17,0.747,-0.049,0
2026-01-25T00:30:00Z,134547,13.2,2026-01-25T00:24:40Z,-15.14,0.769,-0.049,0
2026-01-25T00:45:00Z,134548,13.2,2026-01-25T00:36:15Z,-15.1,0.789,-0.05,0
2026-01-25T01:00:00Z,134549,13.19,2026-01-25T00:57:20Z,-15.07,0.809,-0.051,0
2026-01-25T01:15:00Z,134550,13.19,2026-01-25T01:13:00Z,-15.02,0.825,-0.052,0
2026-01-25T01:30:00Z,134551,13.17,2026-01-25T01:24:45Z,-14.98,0.845,-0.053,0
2026-01-25T01:45:00Z,134552,13.2,2026-01-25T01:34:40Z,-14.93,0.865,-0.054,0
2026-01-25T02:00:00Z,134553,13.19,2026-01-25T01:57:20Z,-14.89,0.884,-0.054,0
2026-01-25T02:15:00Z,134554,13.19,2026-01-25T02:02:20Z,-14.82,0.906,-0.054,0
2026-01-25T02:30:00Z,134555,13.17,2026-01-25T02:29:50Z,-14.75,0.929,-0.054,0
2026-01-25T02:45:00Z,134556,13.2,2026-01-25T02:44:45Z,-14.68,0.944,-0.054,0
2026-01-25T03:00:00Z,134557,13.18,2026-01-25T02:57:20Z,-14.59,0.961,-0.053,0
2026-01-25T03:15:00Z,134558,13.17,2026-01-25T03:02:20Z,-14.5,0.979,-0.052,0
2026-01-25T03:30:00Z,134559,13.2,2026-01-25T03:30:00Z,-14.39,0.999,-0.051,0
2026-01-25T03:45:00Z,134560,13.2,2026-01-25T03:39:40Z,-14.29,1.012,-0.05,0
2026-01-25T04:00:00Z,134561,13.2,2026-01-25T03:57:30Z,-14.19,1.025,-0.049,0
2026-01-25T04:15:00Z,134562,13.18,2026-01-25T04:02:20Z,-14.09,1.038,-0.048,0
2026-01-25T04:30:00Z,134563,13.19,2026-01-25T04:30:00Z,-13.99,1.052,-0.046,0
2026-01-25T04:45:00Z,134564,13.21,2026-01-25T04:38:20Z,-13.9,1.064,-0.045,0
2026-01-25T05:00:00Z,134565,13.21,2026-01-25T04:55:45Z,-13.81,1.076,-0.044,0
2026-01-25T05:15:00Z,134566,13.18,2026-01-25T05:04:45Z,-13.71,1.089,-0.043,0
2026-01-25T05:30:00Z,134567,13.19,2026-01-25T05:29:50Z,-13.61,1.103,-0.042,0
2026-01-25T05:45:00Z,134568,13.21,2026-01-25T05:41:30Z,-13.49,1.113,-0.041,0
2026-01-25T06:00:00Z,134569,13.19,2026-01-25T05:57:20Z,-13.39,1.125,-0.04,0
2026-01-25T06:15:00Z,134570,13.21,2026-01-25T06:13:55Z,-13.3,1.145,-0.039,0
2026-01-25T06:30:00Z,134571,13.21,2026-01-25T06:29:55Z,-13.24,1.154,-0.038,0
2026-01-25T06:45:00Z,134572,13.21,2026-01-25T06:33:50Z,-13.21,1.165,-0.037,0
2026-01-25T07:00:00Z,134573,13.21,2026-01-25T06:46:05Z,-13.2,1.176,-0.036,0
2026-01-25T07:15:00Z,134574,13.21,2026-01-25T07:14:45Z,-13.2,1.187,-0.035,0
2026-01-25T07:30:00Z,134575,13.2,2026-01-25T07:29:50Z,-13.22,1.195,-0.034,0
2026-01-25T07:45:00Z,134576,13.22,2026-01-25T07:30:05Z,-13.2,1.206,-0.034,0
2026-01-25T08:00:00Z,134577,13.2,2026-01-25T07:57:20Z,-13.19,1.214,-0.033,0
2026-01-25T08:15:00Z,134578,13.2,2026-01-25T08:02:20Z,-13.15,1.223,-0.032,0
2026-01-25T08:30:00Z,134579,13.19,2026-01-25T08:29:50Z,-13.11,1.232,-0.032,0
2026-01-25T08:45:00Z,134580,13.21,2026-01-25T08:44:55Z,-13.04,1.233,-0.031,0
2026-01-25T09:00:00Z,134581,13.19,2026-01-25T08:57:20Z,-12.97,1.238,-0.03,0
2026-01-25T09:15:00Z,134582,13.2,2026-01-25T09:02:20Z,-12.87,1.247,-0.029,0
2026-01-25T09:30:00Z,134583,13.22,2026-01-25T09:20:05Z,-12.76,1.255,-0.029,0
2026-01-25T09:45:00Z,134584,13.22,2026-01-25T09:38:45Z,-12.63,1.26,-0.028,0
2026-01-25T10:00:00Z,134585,13.21,2026-01-25T09:57:30Z,-12.49,1.264,-0.027,0
2026-01-25T10:15:00Z,134586,13.22,2026-01-25T10:02:20Z,-12.3,1.268,-0.026,0
2026-01-25T10:30:00Z,134587,13.2,2026-01-25T10:25:35Z,-12.11,1.271,-0.025,0
2026-01-25T10:45:00Z,134588,13.23,2026-01-25T10:32:05Z,-11.94,1.277,-0.024,0
2026-01-25T11:00:00Z,134589,13.22,2026-01-25T10:57:20Z,-11.79,1.278,-0.023,0
2026-01-25T11:15:00Z,134590,13.24,2026-01-25T11:01:25Z,-11.64,1.277,-0.021,0
2026-01-25T11:30:00Z,134591,13.23,2026-01-25T11:29:50Z,-11.5,1.278,-0.02,0
2026-01-25T11:45:00Z,134592,13.26,2026-01-25T11:30:45Z,-11.31,1.279,-0.019,0
2026-01-25T12:00:00Z,134593,13.24,2026-01-25T11:57:20Z,-11.09,1.276,-0.017,0
2026-01-25T12:15:00Z,134594,13.25,2026-01-25T12:02:20Z,-10.82,1.272,-0.016,0
2026-01-25T12:30:00Z,134595,13.25,2026-01-25T12:29:50Z,-10.53,1.267,-0.014,0
2026-01-25T12:45:00Z,134596,13.27,2026-01-25T12:30:20Z,-10.26,1.26,-0.013,0
2026-01-25T13:00:00Z,134597,13.27,2026-01-25T13:00:00Z,-10,1.255,-0.012,0
2026-01-25T13:15:00Z,134598,13.27,2026-01-25T13:02:30Z,-9.8,1.248,-0.01,0
2026-01-25T13:30:00Z,134599,13.27,2026-01-25T13:17:25Z,-9.62,1.241,-0.009,0
2026-01-25T13:45:00Z,134600,13.27,2026-01-25T13:32:30Z,-9.53,1.231,-0.008,0
2026-01-25T14:00:00Z,134601,13.26,2026-01-25T13:57:25Z,-9.46,1.222,-0.007,0
2026-01-25T14:15:00Z,134602,13.25,2026-01-25T14:14:50Z,-9.4,1.211,-0.005,0
2026-01-25T14:30:00Z,134603,13.26,2026-01-25T14:18:30Z,-9.33,1.198,-0.004,0
2026-01-25T14:45:00Z,134604,13.27,2026-01-25T14:43:35Z,-9.29,1.185,-0.004,0
2026-01-25T15:00:00Z,134605,13.26,2026-01-25T14:50:30Z,-9.29,1.172,-0.003,0
2026-01-25T15:15:00Z,134606,13.24,2026-01-25T15:02:20Z,-9.31,1.158,-0.002,0
2026-01-25T15:30:00Z,134607,13.26,2026-01-25T15:29:50Z,-9.35,1.145,-0.001,0
2026-01-25T15:45:00Z,134608,13.26,2026-01-25T15:30:05Z,-9.41,1.133,-0.001,0
2026-01-25T16:00:00Z,134609,13.25,2026-01-25T15:57:30Z,-9.51,1.12,0,0
2026-01-25T16:15:00Z,134610,13.25,2026-01-25T16:04:55Z,-9.61,1.108,0,0
2026-01-25T16:30:00Z,134611,13.23,2026-01-25T16:30:00Z,-9.72,1.094,0.001,0
2026-01-25T16:45:00Z,134612,13.25,2026-01-25T16:41:25Z,-9.81,1.079,0.001,0
2026-01-25T17:00:00Z,134613,13.23,2026-01-25T16:57:30Z,-9.89,1.066,0.001,0
2026-01-25T17:15:00Z,134614,13.25,2026-01-25T17:07:10Z,-9.96,1.057,0.002,0
2026-01-25T17:30:00Z,134615,13.25,2026-01-25T17:15:50Z,-10.04,1.048,0.002,0
2026-01-25T17:45:00Z,134616,13.24,2026-01-25T17:34:10Z,-10.12,1.041,0.002,0
2026-01-25T18:00:00Z,134617,13.23,2026-01-25T17:54:55Z,-10.23,1.033,0.002,0
2026-01-25T18:15:00Z,134618,13.22,2026-01-25T18:02:20Z,-10.35,1.024,0.002,0
2026-01-25T18:30:00Z,134619,13.22,2026-01-25T18:29:50Z,-10.5,1.017,0.002,0
2026-01-25T18:45:00Z,134620,13.24,2026-01-25T18:30:05Z,-10.66,1.01,0.002,0
2026-01-25T19:00:00Z,134621,13.23,2026-01-25T18:57:20Z,-10.84,1.005,0.002,0
2026-01-25T19:15:00Z,134622,13.23,2026-01-25T19:00:30Z,-11.06,0.999,0.002,0
2026-01-25T19:30:00Z,134623,13.23,2026-01-25T19:19:10Z,-11.3,0.994,0.002,0
2026-01-25T19:45:00Z,134624,13.22,2026-01-25T19:45:00Z,-11.53,0.989,0.001,0
2026-01-25T20:00:00Z,134625,13.22,2026-01-25T19:57:30Z,-11.79,0.985,0.001,0
2026-01-25T20:15:00Z,134626,13.22,2026-01-25T20:02:20Z,-12.04,0.98,0.001,0
2026-01-25T20:30:00Z,134627,13.21,2026-01-25T20:29:50Z,-12.22,0.977,0,0
2026-01-25T20:45:00Z,134628,13.23,2026-01-25T20:30:05Z,-12.39,0.973,0,0
2026-01-25T21:00:00Z,134629,13.21,2026-01-25T20:57:20Z,-12.55,0.97,0,0
2026-01-25T21:15:00Z,134630,13.22,2026-01-25T21:02:25Z,-12.72,0.968,-0.001,0
2026-01-25T21:30:00Z,134631,13.22,2026-01-25T21:29:50Z,-12.88,0.967,-0.001,0
2026-01-25T21:45:00Z,134632,13.22,2026-01-25T21:40:30Z,-12.97,0.964,-0.002,0
2026-01-25T22:00:00Z,134633,13.22,2026-01-25T21:45:50Z,-13.03,0.963,-0.003,0
2026-01-25T22:15:00Z,134634,13.21,2026-01-25T22:03:40Z,-13.08,0.964,-0.003,0
2026-01-25T22:30:00Z,134635,13.22,2026-01-25T22:16:00Z,-13.14,0.964,-0.004,0
2026-01-25T22:45:00Z,134636,13.22,2026-01-25T22:30:10Z,-13.15,0.966,-0.005,0
2026-01-25T23:00:00Z,134637,13.19,2026-01-25T22:58:45Z,-13.13,0.968,-0.005,0
2026-01-25T23:15:00Z,134638,13.22,2026-01-25T23:00:05Z,-13.08,0.97,-0.006,0
2026-01-25T23:30:00Z,134639,13.21,2026-01-25T23:30:00Z,-12.98,0.973,-0.006,0
2026-01-25T23:45:00Z,134640,13.22,2026-01-25T23:30:05Z,-12.86,0.976,-0.007,0
2026-01-26T00:15:00Z,134642,13.19,2026-01-26T00:02:20Z,-12.63,0.982,-0.008,0
2026-01-26T00:30:00Z,134643,13.2,2026-01-26T00:30:00Z,-12.54,0.988,-0.009,0
2026-01-26T00:45:00Z,134644,13.21,2026-01-26T00:32:35Z,-12.52,0.992,-0.009,0
2026-01-26T01:00:00Z,134645,13.21,2026-01-26T00:57:30Z,-12.64,0.995,-0.009,0
2026-01-26T01:15:00Z,134646,13.19,2026-01-26T01:14:55Z,-12.9,1.003,-0.01,0
2026-01-26T01:30:00Z,134647,13.21,2026-01-26T01:16:30Z,-13.27,1.01,-0.01,0
2026-01-26T01:45:00Z,134648,13.21,2026-01-26T01:40:00Z,-13.68,1.015,-0.01,0
2026-01-26T02:00:00Z,134649,13.2,2026-01-26T01:57:25Z,-14.04,1.02,-0.011,0
2026-01-26T02:15:00Z,134650,13.19,2026-01-26T02:02:25Z,-14.39,1.024,-0.011,0
2026-01-26T02:30:00Z,134651,13.18,2026-01-26T02:29:55Z,-14.77,1.028,-0.012,0
2026-01-26T02:45:00Z,134652,13.2,2026-01-26T02:44:00Z,-15.06,1.031,-0.013,0
2026-01-26T03:00:00Z,134653,13.2,2026-01-26T02:54:15Z,-15.16,1.033,-0.013,0
2026-01-26T03:15:00Z,134654,13.19,2026-01-26T03:02:20Z,-15.06,1.033,-0.014,0
2026-01-26T03:30:00Z,134655,13.19,2026-01-26T03:29:55Z,-14.85,1.036,-0.015,0
2026-01-26T03:45:00Z,134656,13.19,2026-01-26T03:36:55Z,-14.6,1.039,-0.016,0
2026-01-26T04:00:00Z,134657,13.19,2026-01-26T03:50:15Z,-14.35,1.044,-0.017,0
2026-01-26T04:15:00Z,134658,13.19,2026-01-26T04:02:25Z,-14.12,1.05,-0.018,0
2026-01-26T04:30:00Z,134659,13.18,2026-01-26T04:29:55Z,-13.9,1.057,-0.018,0
2026-01-26T04:45:00Z,134660,13.19,2026-01-26T04:30:15Z,-13.69,1.063,-0.019,0
2026-01-26T05:00:00Z,134661,13.19,2026-01-26T04:46:15Z,-13.47,1.069,-0.019,0
2026-01-26T05:15:00Z,134662,13.2,2026-01-26T05:10:15Z,-13.25,1.074,-0.02,0
2026-01-26T05:30:00Z,134663,13.2,2026-01-26T05:15:35Z,-13.06,1.079,-0.02,0
2026-01-26T05:45:00Z,134664,13.2,2026-01-26T05:36:55Z,-12.9,1.085,-0.02,0
2026-01-26T06:00:00Z,134665,13.2,2026-01-26T05:47:35Z,-12.77,1.092,-0.02,0
2026-01-26T06:15:00Z,134666,13.18,2026-01-26T06:03:20Z,-12.67,1.097,-0.02,0
2026-01-26T06:30:00Z,134667,13.18,2026-01-26T06:29:55Z,-12.61,1.103,-0.02,0
2026-01-26T06:45:00Z,134668,13.2,2026-01-26T06:38:15Z,-12.64,1.109,-0.019,0
2026-01-26T07:00:00Z,134669,13.19,2026-01-26T06:57:25Z,-12.93,1.115,-0.019,0
2026-01-26T07:15:00Z,134670,13.2,2026-01-26T07:02:20Z,-13.44,1.122,-0.019,0
2026-01-26T07:30:00Z,134671,13.2,2026-01-26T07:25:10Z,-14.05,1.13,-0.019,0
2026-01-26T07:45:00Z,134672,13.2,2026-01-26T07:43:55Z,-14.68,1.135,-0.019,0
2026-01-26T08:00:00Z,134673,13.19,2026-01-26T07:48:20Z,-15.26,1.142,-0.02,0
2026-01-26T08:15:00Z,134674,13.17,2026-01-26T08:02:20Z,-15.75,1.147,-0.021,0
2026-01-26T08:30:00Z,134675,13.18,2026-01-26T08:29:55Z,-16.12,1.153,-0.022,0
2026-01-26T08:45:00Z,134676,13.17,2026-01-26T08:35:05Z,-16.39,1.156,-0.022,0
2026-01-26T09:00:00Z,134677,13.19,2026-01-26T08:47:25Z,-16.52,1.159,-0.023,0
2026-01-26T09:15:00Z,134678,13.2,2026-01-26T09:00:05Z,-16.48,1.159,-0.024,0
2026-01-26T09:30:00Z,134679,13.24,2026-01-26T09:15:05Z,-16.1,1.16,-0.025,0
2026-01-26T09:45:00Z,134680,13.26,2026-01-26T09:32:35Z,-15.09,1.159,-0.026,0
2026-01-26T10:00:00Z,134681,13.33,2026-01-26T09:46:05Z,-13.75,1.14,-0.026,0
2026-01-26T10:15:00Z,134682,13.32,2026-01-26T10:09:10Z,-12.29,1.127,-0.026,0
2026-01-26T10:30:00Z,134683,13.34,2026-01-26T10:25:35Z,-11.13,1.117,-0.026,0
2026-01-26T10:45:00Z,134684,13.39,2026-01-26T10:30:20Z,-10.16,1.103,-0.024,0
2026-01-26T11:00:00Z,134685,13.37,2026-01-26T10:57:30Z,-9.24,1.092,-0.022,0
2026-01-26T11:15:00Z,134686,13.37,2026-01-26T11:09:25Z,-8.48,1.085,-0.02,0
2026-01-26T11:30:00Z,134687,13.38,2026-01-26T11:16:30Z,-7.97,1.079,-0.018,0
2026-01-26T11:45:00Z,134688,13.42,2026-01-26T11:30:45Z,-7.495,1.063,-0.015,0
2026-01-26T12:00:00Z,134689,13.41,2026-01-26T11:53:30Z,-6.941,1.053,-0.013,0
2026-01-26T12:15:00Z,134690,13.38,2026-01-26T12:14:10Z,-6.408,1.044,-0.011,0
2026-01-26T12:30:00Z,134691,13.37,2026-01-26T12:28:05Z,-6.004,1.035,-0.008,0
2026-01-26T12:45:00Z,134692,13.38,2026-01-26T12:33:40Z,-5.689,1.036,-0.006,0
2026-01-26T13:00:00Z,134693,13.38,2026-01-26T12:56:40Z,-5.225,1.031,-0.004,0
2026-01-26T13:15:00Z,134694,13.38,2026-01-26T13:13:30Z,-5.06,1.025,-0.002,0
2026-01-26T13:30:00Z,134695,13.4,2026-01-26T13:16:05Z,-5.177,1.017,0,0
2026-01-26T13:45:00Z,134696,13.38,2026-01-26T13:35:00Z,-5.413,0.997,0.002,0
2026-01-26T14:00:00Z,134697,13.38,2026-01-26T13:56:05Z,-5.581,0.979,0.004,0
2026-01-26T14:15:00Z,134698,13.37,2026-01-26T14:14:40Z,-5.659,0.957,0.006,0
2026-01-26T14:30:00Z,134699,13.35,2026-01-26T14:26:15Z,-5.702,0.935,0.007,0
2026-01-26T14:45:00Z,134700,13.34,2026-01-26T14:30:45Z,-5.942,0.919,0.008,0
2026-01-26T15:00:00Z,134701,13.33,2026-01-26T14:56:20Z,-6.298,0.903,0.01,0
2026-01-26T15:15:00Z,134702,13.32,2026-01-26T15:02:20Z,-6.642,0.888,0.011,0
2026-01-26T15:30:00Z,134703,13.31,2026-01-26T15:30:00Z,-6.919,0.868,0.012,0
2026-01-26T15:45:00Z,134704,13.31,2026-01-26T15:43:00Z,-7.168,0.847,0.013,0
2026-01-26T16:00:00Z,134705,13.29,2026-01-26T15:55:00Z,-7.469,0.823,0.013,0
2026-01-26T16:15:00Z,134706,13.29,2026-01-26T16:02:25Z,-7.78,0.794,0.014,0
2026-01-26T16:30:00Z,134707,13.29,2026-01-26T16:29:25Z,-8.06,0.778,0.015,0
2026-01-26T16:45:00Z,134708,13.27,2026-01-26T16:42:30Z,-8.38,0.766,0.015,0
2026-01-26T17:00:00Z,134709,13.28,2026-01-26T16:51:00Z,-8.72,0.741,0.016,0
2026-01-26T17:15:00Z,134710,13.26,2026-01-26T17:02:20Z,-9.07,0.72,0.016,0
2026-01-26T17:30:00Z,134711,13.26,2026-01-26T17:29:40Z,-9.42,0.695,0.017,0
2026-01-26T17:45:00Z,134712,13.24,2026-01-26T17:45:00Z,-9.78,0.672,0.017,0
2026-01-26T18:00:00Z,134713,13.23,2026-01-26T17:45:20Z,-10.15,0.657,0.017,0
2026-01-26T18:15:00Z,134714,13.25,2026-01-26T18:09:45Z,-10.52,0.644,0.017,0
2026-01-26T18:30:00Z,134715,13.22,2026-01-26T18:28:20Z,-10.89,0.632,0.017,0
2026-01-26T18:45:00Z,134716,13.25,2026-01-26T18:42:05Z,-11.28,0.622,0.017,0
2026-01-26T19:00:00Z,134717,13.21,2026-01-26T18:50:05Z,-11.62,0.614,0.017,0
2026-01-26T19:15:00Z,134718,13.23,2026-01-26T19:02:25Z,-12.07,0.607,0.017,0
2026-01-26T19:30:00Z,134719,13.21,2026-01-26T19:29:55Z,-12.71,0.604,0.016,0
2026-01-26T19:45:00Z,134720,13.2,2026-01-26T19:35:00Z,-13.43,0.602,0.016,0
2026-01-26T20:00:00Z,134721,13.2,2026-01-26T19:57:25Z,-14.12,0.602,0.015,0
2026-01-26T20:15:00Z,134722,13.19,2026-01-26T20:02:20Z,-14.72,0.604,0.014,0
2026-01-26T20:30:00Z,134723,13.18,2026-01-26T20:29:50Z,-15.28,0.603,0.013,0
2026-01-26T20:45:00Z,134724,13.2,2026-01-26T20:44:25Z,-15.8,0.602,0.012,0
2026-01-26T21:00:00Z,134725,13.15,2026-01-26T20:52:30Z,-16.28,0.604,0.01,0
2026-01-26T21:15:00Z,134726,13.15,2026-01-26T21:04:35Z,-16.71,0.604,0.009,0
2026-01-26T21:30:00Z,134727,13.17,2026-01-26T21:25:05Z,-17.12,0.609,0.007,0
2026-01-26T21:45:00Z,134728,13.18,2026-01-26T21:40:25Z,-17.46,0.615,0.005,0
2026-01-26T22:00:00Z,134729,13.17,2026-01-26T21:56:25Z,-17.75,0.623,0.002,0
2026-01-26T22:15:00Z,134730,13.15,2026-01-26T22:04:20Z,-18,0.636,-0.001,0
2026-01-26T22:30:00Z,134731,13.14,2026-01-26T22:22:05Z,-18.22,0.65,-0.004,0
2026-01-26T22:45:00Z,134732,13.16,2026-01-26T22:44:25Z,-18.4,0.669,-0.008,0
2026-01-26T23:00:00Z,134733,13.13,2026-01-26T22:57:25Z,-18.52,0.692,-0.013,0
2026-01-26T23:15:00Z,134734,13.11,2026-01-26T23:02:20Z,-18.61,0.716,-0.017,0
2026-01-26T23:30:00Z,134735,13.15,2026-01-26T23:15:10Z,-18.69,0.74,-0.021,0
2026-01-26T23:45:00Z,134736,13.15,2026-01-26T23:31:30Z,-18.8,0.767,-0.026,0
2026-01-27T00:15:00Z,134738,13.11,2026-01-27T00:02:20Z,-19.16,0.82,-0.034,0
2026-01-27T00:30:00Z,134739,13.1,2026-01-27T00:29:55Z,-19.3,0.845,-0.038,0
2026-01-27T00:45:00Z,134740,13.12,2026-01-27T00:30:10Z,-19.36,0.871,-0.043,0
2026-01-27T01:00:00Z,134741,13.12,2026-01-27T00:57:30Z,-19.33,0.897,-0.046,0
2026-01-27T01:15:00Z,134742,13.11,2026-01-27T01:02:20Z,-19.25,0.924,-0.05,0
2026-01-27T01:30:00Z,134743,13.12,2026-01-27T01:29:55Z,-19.16,0.95,-0.054,0
2026-01-27T01:45:00Z,134744,13.13,2026-01-27T01:30:05Z,-18.95,0.978,-0.058,0
2026-01-27T02:00:00Z,134745,13.12,2026-01-27T01:57:25Z,-18.7,1.006,-0.061,0
2026-01-27T02:15:00Z,134746,13.1,2026-01-27T02:02:25Z,-18.52,1.038,-0.065,0
2026-01-27T02:30:00Z,134747,13.11,2026-01-27T02:29:55Z,-18.37,1.061,-0.068,0
2026-01-27T02:45:00Z,134748,13.13,2026-01-27T02:30:05Z,-18.23,1.089,-0.071,0
2026-01-27T03:00:00Z,134749,13.12,2026-01-27T02:57:30Z,-18.1,1.115,-0.073,0
2026-01-27T03:15:00Z,134750,13.13,2026-01-27T03:02:25Z,-17.94,1.131,-0.076,0
2026-01-27T03:30:00Z,134751,13.13,2026-01-27T03:29:55Z,-17.76,1.148,-0.078,0
2026-01-27T03:45:00Z,134752,13.13,2026-01-27T03:30:05Z,-17.57,1.163,-0.08,0
2026-01-27T04:00:00Z,134753,13.13,2026-01-27T03:57:25Z,-17.43,1.172,-0.082,0
2026-01-27T04:15:00Z,134754,13.1,2026-01-27T04:02:20Z,-17.23,1.189,-0.083,0
2026-01-27T04:30:00Z,134755,13.11,2026-01-27T04:29:50Z,-16.93,1.181,-0.084,0
2026-01-27T04:45:00Z,134756,13.15,2026-01-27T04:42:25Z,-16.45,1.206,-0.085,0
2026-01-27T05:00:00Z,134757,13.1,2026-01-27T04:58:20Z,-15.8,1.224,-0.086,0
2026-01-27T05:15:00Z,134758,13.14,2026-01-27T05:03:45Z,-15.18,1.351,-0.086,0
2026-01-27T05:30:00Z,134759,13.1,2026-01-27T05:17:35Z,-14.63,1.347,-0.086,0
2026-01-27T05:45:00Z,134760,13.1,2026-01-27T05:33:10Z,-14.16,1.3,-0.086,0
2026-01-27T06:00:00Z,134761,13.13,2026-01-27T05:56:10Z,-13.78,1.257,-0.086,0
2026-01-27T06:15:00Z,134762,13.14,2026-01-27T06:02:20Z,-13.48,1.247,-0.085,0
2026-01-27T06:30:00Z,134763,13.12,2026-01-27T06:19:20Z,-13.25,1.227,-0.084,0
2026-01-27T06:45:00Z,134764,13.14,2026-01-27T06:32:40Z,-13.07,1.235,-0.084,0
2026-01-27T07:00:00Z,134765,13.14,2026-01-27T06:45:25Z,-12.9,1.22,-0.082,0
2026-01-27T07:15:00Z,134766,13.14,2026-01-27T07:09:00Z,-12.74,1.255,-0.081,0
2026-01-27T07:30:00Z,134767,13.14,2026-01-27T07:21:05Z,-12.59,1.265,-0.08,0
2026-01-27T07:45:00Z,134768,13.15,2026-01-27T07:40:00Z,-12.45,1.251,-0.078,0
2026-01-27T08:00:00Z,134769,13.14,2026-01-27T07:58:05Z,-12.31,1.292,-0.077,0
2026-01-27T08:15:00Z,134770,13.15,2026-01-27T08:06:55Z,-12.18,1.393,-0.076,0
2026-01-27T08:30:00Z,134771,13.17,2026-01-27T08:25:15Z,-12.06,1.377,-0.074,0
2026-01-27T08:45:00Z,134772,13.18,2026-01-27T08:36:10Z,-11.94,1.352,-0.073,0
2026-01-27T09:00:00Z,134773,13.16,2026-01-27T08:49:35Z,-11.81,1.352,-0.072,0
2026-01-27T09:15:00Z,134774,13.2,2026-01-27T09:00:55Z,-11.65,1.314,-0.071,0
2026-01-27T09:30:00Z,134775,13.22,2026-01-27T09:27:40Z,-11.37,1.37,-0.069,0
2026-01-27T09:45:00Z,134776,13.23,2026-01-27T09:36:40Z,-10.96,1.297,-0.068,0
2026-01-27T10:00:00Z,134777,13.21,2026-01-27T09:49:45Z,-10.57,1.306,-0.066,0
2026-01-27T10:15:00Z,134778,13.22,2026-01-27T10:00:30Z,-10.23,1.319,-0.064,0
2026-01-27T10:30:00Z,134779,13.25,2026-01-27T10:15:10Z,-9.9,1.315,-0.062,0
2026-01-27T10:45:00Z,134780,13.24,2026-01-27T10:40:40Z,-9.47,1.309,-0.06,0
2026-01-27T11:00:00Z,134781,13.25,2026-01-27T10:47:40Z,-9.07,1.312,-0.057,0
2026-01-27T11:15:00Z,134782,13.28,2026-01-27T11:11:40Z,-8.63,1.287,-0.055,0
2026-01-27T11:30:00Z,134783,13.29,2026-01-27T11:29:50Z,-8.19,1.299,-0.052,0
2026-01-27T11:45:00Z,134784,13.27,2026-01-27T11:38:25Z,-7.893,1.283,-0.05,0
2026-01-27T12:00:00Z,134785,13.27,2026-01-27T11:46:10Z,-7.6,1.274,-0.047,0
2026-01-27T12:15:00Z,134786,13.27,2026-01-27T12:02:20Z,-7.235,1.302,-0.044,0
2026-01-27T12:30:00Z,134787,13.27,2026-01-27T12:29:50Z,-7.092,1.321,-0.042,0
2026-01-27T12:45:00Z,134788,13.28,2026-01-27T12:35:45Z,-7.056,1.321,-0.039,0
2026-01-27T13:00:00Z,134789,13.31,2026-01-27T12:47:40Z,-7.118,1.325,-0.036,0
2026-01-27T13:15:00Z,134790,13.31,2026-01-27T13:00:05Z,-7.117,1.327,-0.034,0
2026-01-27T13:30:00Z,134791,13.31,2026-01-27T13:15:40Z,-7.03,1.299,-0.031,0
2026-01-27T13:45:00Z,134792,13.3,2026-01-27T13:42:55Z,-6.812,1.298,-0.029,0
2026-01-27T14:00:00Z,134793,13.31,2026-01-27T13:45:25Z,-6.742,1.274,-0.027,0
2026-01-27T14:15:00Z,134794,13.33,2026-01-27T14:13:35Z,-6.467,1.279,-0.024,0
2026-01-27T14:30:00Z,134795,13.33,2026-01-27T14:15:05Z,-6.076,1.263,-0.022,0
2026-01-27T14:45:00Z,134796,13.32,2026-01-27T14:44:05Z,-5.846,1.242,-0.02,0
2026-01-27T15:00:00Z,134797,13.31,2026-01-27T14:57:20Z,-5.869,1.252,-0.018,0
2026-01-27T15:15:00Z,134798,13.31,2026-01-27T15:01:15Z,-5.984,1.232,-0.016,0
2026-01-27T15:30:00Z,134799,13.29,2026-01-27T15:25:15Z,-6.316,1.23,-0.015,0
2026-01-27T15:45:00Z,134800,13.29,2026-01-27T15:40:25Z,-6.655,1.227,-0.014,0
2026-01-27T16:00:00Z,134801,13.29,2026-01-27T15:46:30Z,-7.013,1.211,-0.012,0
2026-01-27T16:15:00Z,134802,13.27,2026-01-27T16:02:20Z,-7.322,1.193,-0.011,0
2026-01-27T16:30:00Z,134803,13.26,2026-01-27T16:29:50Z,-7.749,1.187,-0.01,0
2026-01-27T16:45:00Z,134804,13.26,2026-01-27T16:39:55Z,-8.19,1.162,-0.01,0
2026-01-27T17:00:00Z,134805,13.26,2026-01-27T16:47:55Z,-8.69,1.144,-0.009,0
2026-01-27T17:15:00Z,134806,13.25,2026-01-27T17:08:45Z,-9.2,1.13,-0.009,0
2026-01-27T17:30:00Z,134807,13.24,2026-01-27T17:25:15Z,-9.63,1.118,-0.008,0
2026-01-27T17:45:00Z,134808,13.23,2026-01-27T17:35:15Z,-10.02,1.095,-0.008,0
2026-01-27T18:00:00Z,134809,13.22,2026-01-27T17:57:25Z,-10.44,1.086,-0.008,0
2026-01-27T18:15:00Z,134810,13.21,2026-01-27T18:02:20Z,-10.9,1.072,-0.008,0
2026-01-27T18:30:00Z,134811,13.21,2026-01-27T18:29:50Z,-11.34,1.058,-0.009,0
2026-01-27T18:45:00Z,134812,13.23,2026-01-27T18:30:05Z,-11.68,1.043,-0.01,0
2026-01-27T19:00:00Z,134813,13.22,2026-01-27T18:52:25Z,-12,1.039,-0.01,0
2026-01-27T19:15:00Z,134814,13.22,2026-01-27T19:02:25Z,-12.32,1.027,-0.011,0
2026-01-27T19:30:00Z,134815,13.21,2026-01-27T19:25:15Z,-12.64,1.021,-0.012,0
2026-01-27T19:45:00Z,134816,13.21,2026-01-27T19:42:30Z,-12.99,1.016,-0.014,0
2026-01-27T20:00:00Z,134817,13.21,2026-01-27T19:46:05Z,-13.38,1.011,-0.015,0
2026-01-27T20:15:00Z,134818,13.19,2026-01-27T20:02:20Z,-13.76,1.01,-0.016,0
2026-01-27T20:30:00Z,134819,13.17,2026-01-27T20:29:50Z,-13.94,1.016,-0.018,0
2026-01-27T20:45:00Z,134820,13.2,2026-01-27T20:30:05Z,-14,1.015,-0.02,0
2026-01-27T21:00:00Z,134821,13.19,2026-01-27T20:54:05Z,-13.95,1.018,-0.022,0
2026-01-27T21:15:00Z,134822,13.19,2026-01-27T21:00:10Z,-13.83,1.025,-0.024,0
2026-01-27T21:30:00Z,134823,13.19,2026-01-27T21:15:15Z,-13.66,1.033,-0.026,0
2026-01-27T21:45:00Z,134824,13.19,2026-01-27T21:39:55Z,-13.43,1.043,-0.028,0
2026-01-27T22:00:00Z,134825,13.18,2026-01-27T21:57:30Z,-13.24,1.056,-0.03,0
2026-01-27T22:15:00Z,134826,13.17,2026-01-27T22:02:20Z,-13.1,1.064,-0.032,0
2026-01-27T22:30:00Z,134827,13.19,2026-01-27T22:16:30Z,-12.98,1.076,-0.034,0
2026-01-27T22:45:00Z,134828,13.19,2026-01-27T22:30:05Z,-12.87,1.085,-0.036,0
2026-01-27T23:00:00Z,134829,13.19,2026-01-27T22:45:35Z,-12.78,1.096,-0.038,0
2026-01-27T23:15:00Z,134830,13.16,2026-01-27T23:02:20Z,-12.7,1.103,-0.039,0
2026-01-27T23:30:00Z,134831,13.19,2026-01-27T23:15:15Z,-12.6,1.113,-0.041,0
2026-01-27T23:45:00Z,134832,13.19,2026-01-27T23:30:05Z,-12.49,1.122,-0.042,0
2026-01-28T00:15:00Z,134834,13.16,2026-01-28T00:02:20Z,-12.3,1.141,-0.045,0
2026-01-28T00:30:00Z,134835,13.15,2026-01-28T00:29:50Z,-12.22,1.152,-0.046,0
2026-01-28T00:45:00Z,134836,13.16,2026-01-28T00:44:50Z,-12.17,1.16,-0.047,0
2026-01-28T01:00:00Z,134837,13.16,2026-01-28T00:55:15Z,-12.17,1.168,-0.047,0
2026-01-28T01:15:00Z,134838,13.17,2026-01-28T01:05:40Z,-12.17,1.177,-0.048,0
2026-01-28T01:30:00Z,134839,13.18,2026-01-28T01:29:40Z,-12.17,1.186,-0.049,0
2026-01-28T01:45:00Z,134840,13.18,2026-01-28T01:32:20Z,-12.17,1.169,-0.05,0
2026-01-28T02:00:00Z,134841,13.18,2026-01-28T01:59:00Z,-12.19,1.189,-0.05,0
2026-01-28T02:15:00Z,134842,13.16,2026-01-28T02:02:25Z,-12.24,1.217,-0.051,0
2026-01-28T02:30:00Z,134843,13.16,2026-01-28T02:29:55Z,-12.29,1.227,-0.052,0
2026-01-28T02:45:00Z,134844,13.19,2026-01-28T02:30:05Z,-12.34,1.238,-0.053,0
2026-01-28T03:00:00Z,134845,13.15,2026-01-28T02:56:15Z,-12.38,1.242,-0.055,0
2026-01-28T03:15:00Z,134846,13.18,2026-01-28T03:05:40Z,-12.41,1.262,-0.057,0
2026-01-28T03:30:00Z,134847,13.18,2026-01-28T03:30:00Z,-12.42,1.254,-0.059,0
2026-01-28T03:45:00Z,134848,13.19,2026-01-28T03:30:05Z,-12.41,1.259,-0.062,0
2026-01-28T04:00:00Z,134849,13.17,2026-01-28T03:57:30Z,-12.38,1.252,-0.064,0
2026-01-28T04:15:00Z,134850,13.16,2026-01-28T04:02:25Z,-12.35,1.253,-0.067,0
2026-01-28T04:30:00Z,134851,13.16,2026-01-28T04:29:55Z,-12.33,1.244,-0.07,0
2026-01-28T04:45:00Z,134852,13.18,2026-01-28T04:35:25Z,-12.31,1.235,-0.072,0
2026-01-28T05:00:00Z,134853,13.18,2026-01-28T04:53:25Z,-12.31,1.237,-0.075,0
2026-01-28T05:15:00Z,134854,13.17,2026-01-28T05:02:20Z,-12.32,1.246,-0.077,0
2026-01-28T05:30:00Z,134855,13.18,2026-01-28T05:15:25Z,-12.34,1.243,-0.08,0
2026-01-28T05:45:00Z,134856,13.17,2026-01-28T05:40:55Z,-12.36,1.235,-0.082,0
2026-01-28T06:00:00Z,134857,13.17,2026-01-28T05:57:25Z,-12.38,1.226,-0.085,0
2026-01-28T06:15:00Z,134858,13.16,2026-01-28T06:02:25Z,-12.41,1.23,-0.087,0
2026-01-28T06:30:00Z,134859,13.17,2026-01-28T06:16:45Z,-12.45,1.23,-0.089,0
2026-01-28T06:45:00Z,134860,13.17,2026-01-28T06:31:40Z,-12.47,1.215,-0.091,0
2026-01-28T07:00:00Z,134861,13.17,2026-01-28T06:46:05Z,-12.5,1.231,-0.093,0
2026-01-28T07:15:00Z,134862,13.17,2026-01-28T07:02:20Z,-12.52,1.243,-0.096,0
2026-01-28T07:30:00Z,134863,13.17,2026-01-28T07:15:25Z,-12.53,1.238,-0.098,0
2026-01-28T07:45:00Z,134864,13.17,2026-01-28T07:30:05Z,-12.55,1.207,-0.1,0
2026-01-28T08:00:00Z,134865,13.17,2026-01-28T07:45:05Z,-12.57,1.201,-0.102,0
2026-01-28T08:15:00Z,134866,13.16,2026-01-28T08:02:25Z,-12.65,1.198,-0.104,0
2026-01-28T08:30:00Z,134867,13.14,2026-01-28T08:19:30Z,-12.81,1.182,-0.106,0
2026-01-28T08:45:00Z,134868,13.17,2026-01-28T08:30:05Z,-13.02,1.178,-0.107,0
2026-01-28T09:00:00Z,134869,13.12,2026-01-28T08:48:10Z,-13.15,1.204,-0.109,0
2026-01-28T09:15:00Z,134870,13.18,2026-01-28T09:02:30Z,-13.28,1.183,-0.111,0
2026-01-28T09:30:00Z,134871,13.22,2026-01-28T09:15:05Z,-13.36,1.201,-0.112,0
2026-01-28T09:45:00Z,134872,13.25,2026-01-28T09:36:05Z,-13.16,1.203,-0.114,0
2026-01-28T10:00:00Z,134873,13.25,2026-01-28T09:47:25Z,-12.84,1.233,-0.115,0
2026-01-28T10:15:00Z,134874,13.26,2026-01-28T10:00:05Z,-12.57,1.255,-0.115,0
2026-01-28T10:30:00Z,134875,13.28,2026-01-28T10:16:45Z,-12.26,1.223,-0.115,0
2026-01-28T10:45:00Z,134876,13.35,2026-01-28T10:30:35Z,-11.97,1.043,-0.114,0
2026-01-28T11:00:00Z,134877,13.35,2026-01-28T10:58:25Z,-11.6,0.985,-0.112,0
2026-01-28T11:15:00Z,134878,13.4,2026-01-28T11:00:05Z,-11.28,1.034,-0.109,0
2026-01-28T11:30:00Z,134879,13.49,2026-01-28T11:15:25Z,-10.96,1.108,-0.105,0
2026-01-28T11:45:00Z,134880,13.52,2026-01-28T11:30:05Z,-10.53,1.166,-0.1,0
2026-01-28T12:00:00Z,134881,13.53,2026-01-28T11:55:20Z,-10.1,1.279,-0.095,0
2026-01-28T12:15:00Z,134882,13.52,2026-01-28T12:02:20Z,-9.77,1.391,-0.089,0
2026-01-28T12:30:00Z,134883,13.52,2026-01-28T12:29:55Z,-9.52,1.439,-0.083,0
2026-01-28T12:45:00Z,134884,13.42,2026-01-28T12:44:05Z,-9.19,1.504,-0.078,0
2026-01-28T13:00:00Z,134885,13.4,2026-01-28T12:55:10Z,-8.9,1.407,-0.073,0
2026-01-28T13:15:00Z,134886,13.4,2026-01-28T13:14:55Z,-8.86,1.205,-0.068,0
2026-01-28T13:30:00Z,134887,13.38,2026-01-28T13:28:45Z,-8.69,1.147,-0.064,0
2026-01-28T13:45:00Z,134888,13.36,2026-01-28T13:42:00Z,-8.66,1.128,-0.06,0
2026-01-28T14:00:00Z,134889,13.37,2026-01-28T13:50:55Z,-8.74,1.149,-0.056,0
2026-01-28T14:15:00Z,134890,13.36,2026-01-28T14:02:20Z,-8.78,1.217,-0.053,0
2026-01-28T14:30:00Z,134891,13.33,2026-01-28T14:29:50Z,-8.76,1.302,-0.05,0
2026-01-28T14:45:00Z,134892,13.34,2026-01-28T14:40:05Z,-8.72,1.364,-0.048,0
2026-01-28T15:00:00Z,134893,13.3,2026-01-28T14:55:15Z,-8.77,1.387,-0.047,0
2026-01-28T15:15:00Z,134894,13.3,2026-01-28T15:02:25Z,-8.93,1.411,-0.045,0
2026-01-28T15:30:00Z,134895,13.31,2026-01-28T15:21:25Z,-9.11,1.452,-0.044,0
2026-01-28T15:45:00Z,134896,13.28,2026-01-28T15:42:25Z,-9.26,1.473,-0.044,0
2026-01-28T16:00:00Z,134897,13.29,2026-01-28T15:57:35Z,-9.46,1.484,-0.044,0
2026-01-28T16:15:00Z,134898,13.28,2026-01-28T16:03:05Z,-9.68,1.499,-0.044,0
2026-01-28T16:30:00Z,134899,13.28,2026-01-28T16:29:55Z,-9.92,1.497,-0.046,0
2026-01-28T16:45:00Z,134900,13.28,2026-01-28T16:31:50Z,-10.17,1.5,-0.047,0
2026-01-28T17:00:00Z,134901,13.27,2026-01-28T16:57:25Z,-10.41,1.517,-0.049,0
2026-01-28T17:15:00Z,134902,13.26,2026-01-28T17:14:30Z,-10.63,1.523,-0.051,0
2026-01-28T17:30:00Z,134903,13.25,2026-01-28T17:29:55Z,-10.93,1.559,-0.054,0
2026-01-28T17:45:00Z,134904,13.25,2026-01-28T17:43:50Z,-11.24,1.574,-0.057,0
2026-01-28T18:00:00Z,134905,13.22,2026-01-28T17:54:30Z,-11.49,1.622,-0.06,0
2026-01-28T18:15:00Z,134906,13.22,2026-01-28T18:02:20Z,-11.68,1.69,-0.064,0
2026-01-28T18:30:00Z,134907,13.22,2026-01-28T18:29:50Z,-11.84,1.769,-0.069,0
2026-01-28T18:45:00Z,134908,13.23,2026-01-28T18:34:30Z,-11.97,1.896,-0.074,0
2026-01-28T19:00:00Z,134909,13.23,2026-01-28T18:45:10Z,-12.07,2.092,-0.079,0
2026-01-28T19:15:00Z,134910,13.22,2026-01-28T19:02:20Z,-12.14,2.386,-0.084,0
2026-01-28T19:30:00Z,134911,13.2,2026-01-28T19:17:00Z,-12.17,2.72,-0.089,0
2026-01-28T19:45:00Z,134912,13.21,2026-01-28T19:38:30Z,-12.17,3.102,-0.094,0
2026-01-28T20:00:00Z,134913,13.21,2026-01-28T19:57:25Z,-12.16,3.521,-0.099,0
2026-01-28T20:15:00Z,134914,13.19,2026-01-28T20:07:00Z,-12.12,4.014,-0.104,0
2026-01-28T20:30:00Z,134915,13.17,2026-01-28T20:29:50Z,-12.06,4.592,-0.109,0
2026-01-28T20:45:00Z,134916,13.2,2026-01-28T20:40:40Z,-12,4.911,-0.114,0
2026-01-28T21:00:00Z,134917,13.2,2026-01-28T20:45:05Z,-11.94,5.343,-0.118,0
2026-01-28T21:15:00Z,134918,13.18,2026-01-28T21:05:35Z,-11.88,5.797,-0.122,0
2026-01-28T21:30:00Z,134919,13.19,2026-01-28T21:29:55Z,-11.82,6.308,-0.126,0
2026-01-28T21:45:00Z,134920,13.17,2026-01-28T21:32:30Z,-11.75,6.828,-0.13,0
2026-01-28T22:00:00Z,134921,13.19,2026-01-28T21:57:25Z,-11.68,7.325,-0.133,0
2026-01-28T22:15:00Z,134922,13.17,2026-01-28T22:02:20Z,-11.6,7.604,-0.136,0
2026-01-28T22:30:00Z,134923,13.16,2026-01-28T22:29:50Z,-11.53,7.698,-0.139,0
2026-01-28T22:45:00Z,134924,13.19,2026-01-28T22:30:25Z,-11.47,7.904,-0.142,0
2026-01-28T23:00:00Z,134925,13.18,2026-01-28T22:55:25Z,-11.44,8.08,-0.144,0
2026-01-28T23:15:00Z,134926,13.18,2026-01-28T23:02:20Z,-11.42,8.35,-0.146,0
2026-01-28T23:30:00Z,134927,13.17,2026-01-28T23:29:55Z,-11.4,8.53,-0.148,0
2026-01-28T23:45:00Z,134928,13.18,2026-01-28T23:30:10Z,-11.41,8.61,-0.149,0
2026-01-29T00:15:00Z,134930,13.15,2026-01-29T00:02:20Z,-11.42,8.67,-0.152,0
2026-01-29T00:30:00Z,134931,13.15,2026-01-29T00:29:50Z,-11.42,8.59,-0.153,0
2026-01-29T00:45:00Z,134932,13.17,2026-01-29T00:32:40Z,-11.42,8.52,-0.154,0
2026-01-29T01:00:00Z,134933,13.15,2026-01-29T00:45:40Z,-11.44,8.43,-0.154,0
2026-01-29T01:15:00Z,134934,13.17,2026-01-29T01:00:10Z,-11.45,8.34,-0.155,0
2026-01-29T01:30:00Z,134935,13.15,2026-01-29T01:29:35Z,-11.46,8.29,-0.156,0
2026-01-29T01:45:00Z,134936,13.17,2026-01-29T01:40:15Z,-11.48,8.18,-0.156,0
2026-01-29T02:00:00Z,134937,13.15,2026-01-29T01:57:20Z,-11.5,8.1,-0.157,0
2026-01-29T02:15:00Z,134938,13.16,2026-01-29T02:04:15Z,-11.51,8.09,-0.157,0
2026-01-29T02:30:00Z,134939,13.16,2026-01-29T02:30:00Z,-11.55,8.19,-0.158,0
2026-01-29T02:45:00Z,134940,13.16,2026-01-29T02:30:55Z,-11.6,8.26,-0.159,0
2026-01-29T03:00:00Z,134941,13.14,2026-01-29T02:57:20Z,-11.67,8.37,-0.159,0
2026-01-29T03:15:00Z,134942,13.16,2026-01-29T03:00:15Z,-11.81,8.49,-0.16,0
2026-01-29T03:30:00Z,134943,13.14,2026-01-29T03:30:00Z,-12.11,8.61,-0.161,0
2026-01-29T03:45:00Z,134944,13.16,2026-01-29T03:37:35Z,-12.59,8.73,-0.163,0
2026-01-29T04:00:00Z,134945,13.13,2026-01-29T03:57:20Z,-13.14,8.82,-0.165,0
2026-01-29T04:15:00Z,134946,13.15,2026-01-29T04:06:55Z,-13.56,8.9,-0.169,0
2026-01-29T04:30:00Z,134947,13.13,2026-01-29T04:25:30Z,-13.72,9.05,-0.174,0
2026-01-29T04:45:00Z,134948,13.14,2026-01-29T04:33:35Z,-13.73,9.19,-0.178,0
2026-01-29T05:00:00Z,134949,13.13,2026-01-29T04:57:25Z,-13.69,9.19,-0.182,0
2026-01-29T05:15:00Z,134950,13.14,2026-01-29T05:02:20Z,-13.68,9.01,-0.186,0
2026-01-29T05:30:00Z,134951,13.12,2026-01-29T05:29:55Z,-13.68,8.84,-0.19,0
2026-01-29T05:45:00Z,134952,13.14,2026-01-29T05:41:55Z,-13.63,8.69,-0.193,0
2026-01-29T06:00:00Z,134953,13.1,2026-01-29T05:57:20Z,-13.54,8.45,-0.196,0
2026-01-29T06:15:00Z,134954,13.11,2026-01-29T06:02:20Z,-13.43,8.26,-0.199,0
2026-01-29T06:30:00Z,134955,13.13,2026-01-29T06:24:05Z,-13.33,8.14,-0.201,0
2026-01-29T06:45:00Z,134956,13.13,2026-01-29T06:36:10Z,-13.24,7.986,-0.203,0
2026-01-29T07:00:00Z,134957,13.13,2026-01-29T06:46:00Z,-13.14,7.809,-0.204,0
2026-01-29T07:15:00Z,134958,13.12,2026-01-29T07:02:25Z,-13.03,7.612,-0.205,0
2026-01-29T07:30:00Z,134959,13.11,2026-01-29T07:29:55Z,-12.91,7.427,-0.206,0
2026-01-29T07:45:00Z,134960,13.13,2026-01-29T07:30:05Z,-12.79,7.239,-0.206,0
2026-01-29T08:00:00Z,134961,13.12,2026-01-29T07:57:25Z,-12.68,7.051,-0.206,0
2026-01-29T08:15:00Z,134962,13.13,2026-01-29T08:04:00Z,-12.57,6.888,-0.205,0
2026-01-29T08:30:00Z,134963,13.12,2026-01-29T08:29:50Z,-12.45,6.71,-0.205,0
2026-01-29T08:45:00Z,134964,13.13,2026-01-29T08:30:05Z,-12.29,6.547,-0.204,0
2026-01-29T09:00:00Z,134965,13.12,2026-01-29T08:57:20Z,-12.1,6.397,-0.202,0
2026-01-29T09:15:00Z,134966,13.12,2026-01-29T09:02:30Z,-11.85,6.255,-0.2,0
2026-01-29T09:30:00Z,134967,13.13,2026-01-29T09:29:50Z,-11.56,6.128,-0.197,0
2026-01-29T09:45:00Z,134968,13.15,2026-01-29T09:30:05Z,-11.26,6.005,-0.194,0
2026-01-29T10:00:00Z,134969,13.15,2026-01-29T09:57:20Z,-10.91,5.896,-0.19,0
2026-01-29T10:15:00Z,134970,13.17,2026-01-29T10:00:05Z,-10.55,5.823,-0.186,0
2026-01-29T10:30:00Z,134971,13.17,2026-01-29T10:25:15Z,-10.17,5.779,-0.182,0
2026-01-29T10:45:00Z,134972,13.18,2026-01-29T10:30:05Z,-9.77,5.749,-0.177,0
2026-01-29T11:00:00Z,134973,13.19,2026-01-29T10:57:20Z,-9.36,5.752,-0.172,0
2026-01-29T11:15:00Z,134974,13.21,2026-01-29T11:02:20Z,-8.99,5.779,-0.166,0
2026-01-29T11:30:00Z,134975,13.22,2026-01-29T11:29:50Z,-8.6,5.858,-0.16,0
2026-01-29T11:45:00Z,134976,13.23,2026-01-29T11:36:40Z,-8.22,6.021,-0.154,0
2026-01-29T12:00:00Z,134977,13.24,2026-01-29T11:57:20Z,-7.804,6.452,-0.148,0
2026-01-29T12:15:00Z,134978,13.25,2026-01-29T12:06:00Z,-7.395,7.403,-0.142,0
2026-01-29T12:30:00Z,134979,13.26,2026-01-29T12:22:00Z,-7.05,8.11,-0.135,0
2026-01-29T12:45:00Z,134980,13.27,2026-01-29T12:32:40Z,-6.79,7.372,-0.129,0
2026-01-29T13:00:00Z,134981,13.27,2026-01-29T12:46:00Z,-6.552,6.649,-0.123,0
2026-01-29T13:15:00Z,134982,13.29,2026-01-29T13:02:00Z,-6.33,6.082,-0.118,0
2026-01-29T13:30:00Z,134983,13.27,2026-01-29T13:29:50Z,-6.162,5.8,-0.112,0
2026-01-29T13:45:00Z,134984,13.27,2026-01-29T13:31:00Z,-6.056,5.423,-0.107,0
2026-01-29T14:00:00Z,134985,13.27,2026-01-29T13:57:20Z,-6.006,4.987,-0.103,0
2026-01-29T14:15:00Z,134986,13.28,2026-01-29T14:08:40Z,-6.032,4.59,-0.099,0
2026-01-29T14:30:00Z,134987,13.27,2026-01-29T14:30:00Z,-6.057,4.25,-0.095,0
2026-01-29T14:45:00Z,134988,13.28,2026-01-29T14:31:20Z,-6.09,3.94,-0.091,0
2026-01-29T15:00:00Z,134989,13.27,2026-01-29T14:57:20Z,-6.101,3.654,-0.088,0
2026-01-29T15:15:00Z,134990,13.26,2026-01-29T15:02:25Z,-6.143,3.391,-0.086,0
2026-01-29T15:30:00Z,134991,13.25,2026-01-29T15:25:30Z,-6.208,3.157,-0.083,0
2026-01-29T15:45:00Z,134992,13.26,2026-01-29T15:44:00Z,-6.288,2.942,-0.081,0
2026-01-29T16:00:00Z,134993,13.24,2026-01-29T15:57:20Z,-6.373,2.763,-0.08,0
2026-01-29T16:15:00Z,134994,13.24,2026-01-29T16:02:20Z,-6.515,2.581,-0.079,0
2026-01-29T16:30:00Z,134995,13.24,2026-01-29T16:27:55Z,-6.681,2.481,-0.078,0
2026-01-29T16:45:00Z,134996,13.24,2026-01-29T16:35:30Z,-6.869,2.423,-0.078,0
2026-01-29T17:00:00Z,134997,13.22,2026-01-29T16:53:10Z,-7.089,2.337,-0.078,0
2026-01-29T17:15:00Z,134998,13.21,2026-01-29T17:02:25Z,-7.338,2.309,-0.078,0
2026-01-29T17:30:00Z,134999,13.2,2026-01-29T17:15:30Z,-7.61,2.323,-0.079,0
2026-01-29T17:45:00Z,135000,13.2,2026-01-29T17:30:05Z,-7.91,2.374,-0.08,0
2026-01-29T18:00:00Z,135001,13.19,2026-01-29T17:59:05Z,-8.18,2.451,-0.082,0
2026-01-29T18:15:00Z,135002,13.19,2026-01-29T18:06:40Z,-8.43,2.544,-0.084,0
2026-01-29T18:30:00Z,135003,13.19,2026-01-29T18:21:35Z,-8.66,2.658,-0.086,0
2026-01-29T18:45:00Z,135004,13.18,2026-01-29T18:37:10Z,-8.87,2.793,-0.088,0
2026-01-29T19:00:00Z,135005,13.17,2026-01-29T18:57:30Z,-9.06,2.953,-0.091,0
2026-01-29T19:15:00Z,135006,13.16,2026-01-29T19:05:50Z,-9.21,3.034,-0.094,0
2026-01-29T19:30:00Z,135007,13.15,2026-01-29T19:29:55Z,-9.34,2.953,-0.097,0
2026-01-29T19:45:00Z,135008,13.16,2026-01-29T19:30:25Z,-9.44,2.934,-0.1,0
2026-01-29T20:00:00Z,135009,13.14,2026-01-29T19:57:25Z,-9.51,2.929,-0.103,0
2026-01-29T20:15:00Z,135010,13.16,2026-01-29T20:02:20Z,-9.58,2.909,-0.106,0
2026-01-29T20:30:00Z,135011,13.16,2026-01-29T20:30:00Z,-9.65,2.898,-0.11,0
2026-01-29T20:45:00Z,135012,13.15,2026-01-29T20:37:05Z,-9.72,2.88,-0.113,0
2026-01-29T21:00:00Z,135013,13.14,2026-01-29T20:55:35Z,-9.8,2.873,-0.117,0
2026-01-29T21:15:00Z,135014,13.14,2026-01-29T21:02:30Z,-9.87,2.868,-0.121,0
2026-01-29T21:30:00Z,135015,13.12,2026-01-29T21:29:50Z,-9.93,2.862,-0.125,0
2026-01-29T21:45:00Z,135016,13.14,2026-01-29T21:44:45Z,-9.99,2.866,-0.129,0
2026-01-29T22:00:00Z,135017,13.12,2026-01-29T21:57:20Z,-10.04,2.874,-0.134,0
2026-01-29T22:15:00Z,135018,13.12,2026-01-29T22:02:20Z,-10.09,2.881,-0.138,0
2026-01-29T22:30:00Z,135019,13.11,2026-01-29T22:29:50Z,-10.13,2.888,-0.142,0
2026-01-29T22:45:00Z,135020,13.13,2026-01-29T22:38:00Z,-10.17,2.882,-0.146,0
2026-01-29T23:00:00Z,135021,13.11,2026-01-29T22:49:20Z,-10.21,2.852,-0.151,0
2026-01-29T23:15:00Z,135022,13.11,2026-01-29T23:02:35Z,-10.27,2.826,-0.155,0
2026-01-29T23:30:00Z,135023,13.1,2026-01-29T23:29:55Z,-10.34,2.791,-0.159,0
2026-01-29T23:45:00Z,135024,13.13,2026-01-29T23:32:00Z,-10.4,2.71,-0.162,0
2026-01-30T00:15:00Z,135026,13.11,2026-01-30T00:02:30Z,-10.53,2.55,-0.168,0
2026-01-30T00:30:00Z,135027,13.11,2026-01-30T00:30:00Z,-10.6,2.474,-0.171,0
2026-01-30T00:45:00Z,135028,13.11,2026-01-30T00:31:40Z,-10.64,2.397,-0.174,0
2026-01-30T01:00:00Z,135029,13.11,2026-01-30T00:57:30Z,-10.68,2.322,-0.176,0
2026-01-30T01:15:00Z,135030,13.11,2026-01-30T01:14:50Z,-10.7,2.257,-0.178,0
2026-01-30T01:30:00Z,135031,13.09,2026-01-30T01:29:50Z,-10.72,2.19,-0.18,0
2026-01-30T01:45:00Z,135032,13.11,2026-01-30T01:31:20Z,-10.73,2.126,-0.182,0
2026-01-30T02:00:00Z,135033,13.06,2026-01-30T01:57:20Z,-10.74,2.048,-0.184,0
2026-01-30T02:15:00Z,135034,13.09,2026-01-30T02:02:20Z,-10.77,1.999,-0.187,0
2026-01-30T02:30:00Z,135035,13.08,2026-01-30T02:29:50Z,-10.79,1.924,-0.189,0
2026-01-30T02:45:00Z,135036,13.1,2026-01-30T02:30:05Z,-10.79,1.843,-0.191,0
2026-01-30T03:00:00Z,135037,13.1,2026-01-30T02:52:00Z,-10.79,1.765,-0.194,0
2026-01-30T03:15:00Z,135038,13.09,2026-01-30T03:08:10Z,-10.79,1.674,-0.196,0
2026-01-30T03:30:00Z,135039,13.08,2026-01-30T03:29:55Z,-10.8,1.581,-0.199,0
2026-01-30T03:45:00Z,135040,13.1,2026-01-30T03:30:05Z,-10.83,1.499,-0.201,0
2026-01-30T04:00:00Z,135041,13.08,2026-01-30T03:57:25Z,-10.86,1.419,-0.203,0
2026-01-30T04:15:00Z,135042,13.09,2026-01-30T04:01:30Z,-10.9,1.341,-0.205,0
2026-01-30T04:30:00Z,135043,13.06,2026-01-30T04:30:00Z,-10.94,1.253,-0.207,0
2026-01-30T04:45:00Z,135044,13.09,2026-01-30T04:30:50Z,-10.98,1.165,-0.209,0
2026-01-30T05:00:00Z,135045,13.08,2026-01-30T04:57:35Z,-11.07,1.088,-0.211,0
2026-01-30T05:15:00Z,135046,13.08,2026-01-30T05:02:20Z,-11.19,0.997,-0.213,0
2026-01-30T05:30:00Z,135047,13.06,2026-01-30T05:29:50Z,-11.33,0.909,-0.215,0
2026-01-30T05:45:00Z,135048,13.08,2026-01-30T05:34:55Z,-11.47,0.822,-0.217,0
2026-01-30T06:00:00Z,135049,13.05,2026-01-30T05:57:20Z,-11.6,0.732,-0.219,0
2026-01-30T06:15:00Z,135050,13.06,2026-01-30T06:02:20Z,-11.71,0.637,-0.221,0
2026-01-30T06:30:00Z,135051,13.06,2026-01-30T06:29:50Z,-11.81,0.532,-0.223,0
2026-01-30T06:45:00Z,135052,13.08,2026-01-30T06:30:05Z,-11.91,0.428,-0.226,0
2026-01-30T07:00:00Z,135053,13.07,2026-01-30T06:58:00Z,-11.99,0.273,-0.229,0
2026-01-30T07:15:00Z,135054,13.05,2026-01-30T07:02:35Z,-12.05,0.129,-0.232,0
2026-01-30T07:30:00Z,135055,13.04,2026-01-30T07:29:55Z,-12.1,-0.021,-0.235,0
2026-01-30T07:45:00Z,135056,13.06,2026-01-30T07:36:40Z,-12.12,-0.172,-0.237,0
2026-01-30T08:00:00Z,135057,13.04,2026-01-30T07:57:25Z,-12.13,-0.316,-0.24,0
2026-01-30T08:15:00Z,135058,13.06,2026-01-30T08:02:30Z,-12.15,-0.44,-0.242,0
2026-01-30T08:30:00Z,135059,13.06,2026-01-30T08:23:20Z,-12.13,-0.545,-0.243,0
2026-01-30T08:45:00Z,135060,13.04,2026-01-30T08:41:20Z,-12.11,-0.609,-0.244,0
2026-01-30T09:00:00Z,135061,13.06,2026-01-30T08:57:35Z,-12.06,-0.652,-0.245,0
2026-01-30T09:15:00Z,135062,13.05,2026-01-30T09:02:20Z,-11.94,-0.661,-0.244,0
2026-01-30T09:30:00Z,135063,13.07,2026-01-30T09:29:50Z,-11.77,-0.623,-0.243,0
2026-01-30T09:45:00Z,135064,13.1,2026-01-30T09:30:05Z,-11.55,-0.539,-0.24,0
2026-01-30T10:00:00Z,135065,13.11,2026-01-30T09:45:05Z,-11.24,-0.423,-0.237,0
2026-01-30T10:15:00Z,135066,13.15,2026-01-30T10:00:05Z,-10.84,-0.281,-0.232,0
2026-01-30T10:30:00Z,135067,13.18,2026-01-30T10:15:05Z,-10.44,-0.115,-0.226,0
2026-01-30T10:45:00Z,135068,13.23,2026-01-30T10:30:05Z,-10.05,0.071,-0.22,0
2026-01-30T11:00:00Z,135069,13.27,2026-01-30T10:47:25Z,-9.54,0.331,-0.211,0
2026-01-30T11:15:00Z,135070,13.26,2026-01-30T11:15:00Z,-8.9,0.713,-0.202,0
2026-01-30T11:30:00Z,135071,13.23,2026-01-30T11:29:50Z,-8.32,1.173,-0.192,0
2026-01-30T11:45:00Z,135072,13.21,2026-01-30T11:35:40Z,-7.961,1.616,-0.183,0
2026-01-30T12:00:00Z,135073,13.19,2026-01-30T11:57:20Z,-7.856,1.975,-0.174,0
2026-01-30T12:15:00Z,135074,13.19,2026-01-30T12:02:20Z,-7.819,2.308,-0.166,0
2026-01-30T12:30:00Z,135075,13.18,2026-01-30T12:30:00Z,-7.859,2.582,-0.159,0
2026-01-30T12:45:00Z,135076,13.19,2026-01-30T12:37:55Z,-7.905,2.798,-0.152,0
2026-01-30T13:00:00Z,135077,13.19,2026-01-30T12:45:55Z,-7.941,2.959,-0.146,0
2026-01-30T13:15:00Z,135078,13.19,2026-01-30T13:02:30Z,-7.95,3.094,-0.141,0
2026-01-30T13:30:00Z,135079,13.17,2026-01-30T13:25:40Z,-7.863,3.212,-0.136,0
2026-01-30T13:45:00Z,135080,13.2,2026-01-30T13:31:25Z,-7.668,3.324,-0.131,0
2026-01-30T14:00:00Z,135081,13.22,2026-01-30T13:57:30Z,-7.398,3.426,-0.126,0
2026-01-30T14:15:00Z,135082,13.21,2026-01-30T14:02:20Z,-7.2,3.497,-0.121,0
2026-01-30T14:30:00Z,135083,13.26,2026-01-30T14:21:55Z,-7.017,3.571,-0.116,0
2026-01-30T14:45:00Z,135084,13.25,2026-01-30T14:43:10Z,-6.896,3.645,-0.113,0
2026-01-30T15:00:00Z,135085,13.21,2026-01-30T14:57:30Z,-6.942,3.707,-0.109,0
2026-01-30T15:15:00Z,135086,13.21,2026-01-30T15:02:20Z,-7.09,3.759,-0.106,0
2026-01-30T15:30:00Z,135087,13.19,2026-01-30T15:29:50Z,-7.155,3.806,-0.103,0
2026-01-30T15:45:00Z,135088,13.19,2026-01-30T15:42:05Z,-7.229,3.848,-0.1,0
2026-01-30T16:00:00Z,135089,13.16,2026-01-30T15:57:20Z,-7.401,3.869,-0.099,0
2026-01-30T16:15:00Z,135090,13.17,2026-01-30T16:02:20Z,-7.562,3.876,-0.097,0
2026-01-30T16:30:00Z,135091,13.15,2026-01-30T16:29:50Z,-7.624,3.879,-0.095,0
2026-01-30T16:45:00Z,135092,13.16,2026-01-30T16:41:20Z,-7.761,3.881,-0.094,0
2026-01-30T17:00:00Z,135093,13.14,2026-01-30T16:57:30Z,-7.998,3.873,-0.094,0
2026-01-30T17:15:00Z,135094,13.14,2026-01-30T17:05:45Z,-8.28,3.857,-0.094,0
2026-01-30T17:30:00Z,135095,13.13,2026-01-30T17:25:15Z,-8.65,3.833,-0.094,0
2026-01-30T17:45:00Z,135096,13.12,2026-01-30T17:42:30Z,-9.04,3.798,-0.096,0
2026-01-30T18:00:00Z,135097,13.1,2026-01-30T17:57:30Z,-9.39,3.758,-0.097,0
2026-01-30T18:15:00Z,135098,13.11,2026-01-30T18:14:40Z,-9.79,3.716,-0.099,0
2026-01-30T18:30:00Z,135099,13.1,2026-01-30T18:29:50Z,-10.34,3.666,-0.102,0
2026-01-30T18:45:00Z,135100,13.1,2026-01-30T18:30:30Z,-10.98,3.606,-0.105,0
2026-01-30T19:00:00Z,135101,13.09,2026-01-30T18:50:20Z,-11.63,3.535,-0.11,0
2026-01-30T19:15:00Z,135102,13.08,2026-01-30T19:02:30Z,-12.33,3.444,-0.115,0
2026-01-30T19:30:00Z,135103,13.05,2026-01-30T19:30:00Z,-13.07,3.335,-0.121,0
2026-01-30T19:45:00Z,135104,13.06,2026-01-30T19:33:00Z,-13.8,3.198,-0.128,0
2026-01-30T20:00:00Z,135105,13.05,2026-01-30T19:51:40Z,-14.44,3.044,-0.137,0
2026-01-30T20:15:00Z,135106,13.03,2026-01-30T20:07:30Z,-15.05,2.798,-0.147,0
2026-01-30T20:30:00Z,135107,13.03,2026-01-30T20:29:55Z,-15.64,2.462,-0.159,0
2026-01-30T20:45:00Z,135108,13.03,2026-01-30T20:39:40Z,-16.26,1.997,-0.171,0
2026-01-30T21:00:00Z,135109,13.02,2026-01-30T20:58:20Z,-16.83,1.397,-0.184,0
2026-01-30T21:15:00Z,135110,13.01,2026-01-30T21:02:25Z,-17.39,0.638,-0.198,0
2026-01-30T21:30:00Z,135111,13.01,2026-01-30T21:29:55Z,-17.93,-0.302,-0.213,0
2026-01-30T21:45:00Z,135112,13,2026-01-30T21:35:40Z,-18.44,-1.405,-0.23,0
2026-01-30T22:00:00Z,135113,12.98,2026-01-30T21:57:25Z,-18.87,-2.591,-0.247,0
2026-01-30T22:15:00Z,135114,12.99,2026-01-30T22:10:20Z,-19.27,-3.704,-0.264,0
2026-01-30T22:30:00Z,135115,12.98,2026-01-30T22:23:40Z,-19.62,-4.836,-0.281,0
2026-01-30T22:45:00Z,135116,12.97,2026-01-30T22:35:45Z,-19.79,-6.111,-0.298,0
2026-01-30T23:00:00Z,135117,12.95,2026-01-30T22:57:25Z,-19.77,-6.886,-0.315,0
2026-01-30T23:15:00Z,135118,12.95,2026-01-30T23:02:25Z,-19.58,-7.099,-0.329,0
2026-01-30T23:30:00Z,135119,12.95,2026-01-30T23:29:55Z,-19.21,-7.166,-0.342,0
2026-01-30T23:45:00Z,135120,12.97,2026-01-30T23:30:05Z,-18.8,-7.147,-0.352,0
2026-01-31T00:15:00Z,135122,12.97,2026-01-31T00:01:50Z,-17.9,-6.894,-0.366,0
2026-01-31T00:30:00Z,135123,12.94,2026-01-31T00:25:45Z,-17.35,-6.759,-0.369,0
2026-01-31T00:45:00Z,135124,12.98,2026-01-31T00:32:30Z,-16.77,-6.638,-0.371,0
2026-01-31T01:00:00Z,135125,12.95,2026-01-31T00:57:20Z,-16.19,-6.524,-0.371,0
2026-01-31T01:15:00Z,135126,12.98,2026-01-31T01:02:25Z,-15.69,-6.393,-0.37,0
2026-01-31T01:30:00Z,135127,12.98,2026-01-31T01:29:55Z,-15.26,-6.258,-0.367,0
2026-01-31T01:45:00Z,135128,12.99,2026-01-31T01:35:45Z,-14.91,-6.075,-0.363,0
2026-01-31T02:00:00Z,135129,12.99,2026-01-31T01:57:25Z,-14.59,-5.846,-0.359,0
2026-01-31T02:15:00Z,135130,12.98,2026-01-31T02:02:35Z,-14.33,-5.614,-0.354,0
2026-01-31T02:30:00Z,135131,12.99,2026-01-31T02:29:55Z,-14.13,-5.35,-0.349,0
2026-01-31T02:45:00Z,135132,12.99,2026-01-31T02:30:05Z,-13.95,-5.082,-0.343,0
2026-01-31T03:00:00Z,135133,12.98,2026-01-31T02:57:25Z,-13.78,-4.807,-0.337,0
2026-01-31T03:15:00Z,135134,12.97,2026-01-31T03:02:25Z,-13.62,-4.53,-0.331,0
2026-01-31T03:30:00Z,135135,12.98,2026-01-31T03:29:55Z,-13.45,-4.234,-0.326,0
2026-01-31T03:45:00Z,135136,13,2026-01-31T03:30:05Z,-13.29,-3.955,-0.32,0
2026-01-31T04:00:00Z,135137,13,2026-01-31T03:57:35Z,-13.14,-3.684,-0.315,0
2026-01-31T04:15:00Z,135138,13,2026-01-31T04:02:25Z,-12.98,-3.421,-0.31,0
2026-01-31T04:30:00Z,135139,13.01,2026-01-31T04:19:55Z,-12.84,-3.161,-0.305,0
2026-01-31T04:45:00Z,135140,13.02,2026-01-31T04:30:05Z,-12.71,-2.916,-0.3,0
2026-01-31T05:00:00Z,135141,12.99,2026-01-31T04:57:20Z,-12.6,-2.674,-0.295,0
2026-01-31T05:15:00Z,135142,13.01,2026-01-31T05:00:05Z,-12.5,-2.462,-0.291,0
2026-01-31T05:30:00Z,135143,12.99,2026-01-31T05:29:50Z,-12.42,-2.251,-0.287,0
2026-01-31T05:45:00Z,135144,13.02,2026-01-31T05:30:05Z,-12.34,-2.052,-0.283,0
2026-01-31T06:00:00Z,135145,13,2026-01-31T05:57:20Z,-12.28,-1.858,-0.279,0
2026-01-31T06:15:00Z,135146,13.02,2026-01-31T06:09:25Z,-12.22,-1.683,-0.276,0
2026-01-31T06:30:00Z,135147,13,2026-01-31T06:29:55Z,-12.16,-1.487,-0.272,0
2026-01-31T06:45:00Z,135148,13.02,2026-01-31T06:30:45Z,-12.12,-1.323,-0.269,0
2026-01-31T07:00:00Z,135149,13,2026-01-31T06:57:25Z,-12.07,-1.166,-0.266,0
2026-01-31T07:15:00Z,135150,13,2026-01-31T07:02:20Z,-12.02,-1.061,-0.263,0
2026-01-31T07:30:00Z,135151,13,2026-01-31T07:29:50Z,-11.97,-0.936,-0.261,0
2026-01-31T07:45:00Z,135152,13.03,2026-01-31T07:30:05Z,-11.94,-0.806,-0.259,0
2026-01-31T08:00:00Z,135153,13,2026-01-31T07:57:20Z,-11.89,-0.71,-0.257,0
2026-01-31T08:15:00Z,135154,13.02,2026-01-31T08:02:25Z,-11.82,-0.611,-0.255,0
2026-01-31T08:30:00Z,135155,13.03,2026-01-31T08:22:45Z,-11.73,-0.535,-0.254,0
2026-01-31T08:45:00Z,135156,13.03,2026-01-31T08:30:05Z,-11.6,-0.456,-0.252,0
2026-01-31T09:00:00Z,135157,13.03,2026-01-31T08:45:10Z,-11.45,-0.393,-0.251,0
2026-01-31T09:15:00Z,135158,13.01,2026-01-31T09:02:25Z,-11.29,-0.306,-0.25,0
2026-01-31T09:30:00Z,135159,13.03,2026-01-31T09:15:35Z,-11.14,-0.249,-0.248,0
2026-01-31T09:45:00Z,135160,13.02,2026-01-31T09:30:05Z,-10.96,-0.187,-0.247,0
2026-01-31T10:00:00Z,135161,13.05,2026-01-31T09:45:05Z,-10.78,-0.083,-0.245,0
2026-01-31T10:15:00Z,135162,13.05,2026-01-31T10:02:20Z,-10.58,0.006,-0.242,0
2026-01-31T10:30:00Z,135163,13.03,2026-01-31T10:19:40Z,-10.38,0.128,-0.239,0
2026-01-31T10:45:00Z,135164,13.06,2026-01-31T10:31:05Z,-10.17,0.245,-0.236,0
2026-01-31T11:00:00Z,135165,13.05,2026-01-31T10:57:20Z,-9.96,0.356,-0.233,0
2026-01-31T11:15:00Z,135166,13.05,2026-01-31T11:02:35Z,-9.77,0.489,-0.23,0
2026-01-31T11:30:00Z,135167,13.08,2026-01-31T11:25:50Z,-9.56,0.622,-0.226,0
2026-01-31T11:45:00Z,135168,13.08,2026-01-31T11:33:50Z,-9.37,0.77,-0.222,0
2026-01-31T12:00:00Z,135169,13.07,2026-01-31T11:57:50Z,-9.18,0.926,-0.218,0
2026-01-31T12:15:00Z,135170,13.08,2026-01-31T12:13:50Z,-9,1.106,-0.214,0
2026-01-31T12:30:00Z,135171,13.08,2026-01-31T12:29:50Z,-8.85,1.283,-0.209,0
2026-01-31T12:45:00Z,135172,13.08,2026-01-31T12:31:25Z,-8.69,1.443,-0.204,0
2026-01-31T13:00:00Z,135173,13.1,2026-01-31T12:45:10Z,-8.5,1.626,-0.199,0
2026-01-31T13:15:00Z,135174,13.08,2026-01-31T13:02:30Z,-8.24,1.805,-0.194,0
2026-01-31T13:30:00Z,135175,13.08,2026-01-31T13:15:50Z,-7.992,1.966,-0.188,0
2026-01-31T13:45:00Z,135176,13.09,2026-01-31T13:36:40Z,-7.765,2.1,-0.183,0
2026-01-31T14:00:00Z,135177,13.08,2026-01-31T13:57:20Z,-7.553,2.242,-0.177,0
2026-01-31T14:15:00Z,135178,13.1,2026-01-31T14:04:05Z,-7.387,2.391,-0.172,0
2026-01-31T14:30:00Z,135179,13.1,2026-01-31T14:19:10Z,-7.228,2.58,-0.167,0
2026-01-31T14:45:00Z,135180,13.1,2026-01-31T14:35:10Z,-7.09,2.736,-0.162,0
2026-01-31T15:00:00Z,135181,13.08,2026-01-31T14:57:25Z,-6.983,2.848,-0.157,0
2026-01-31T15:15:00Z,135182,13.09,2026-01-31T15:02:20Z,-6.951,2.973,-0.153,0
2026-01-31T15:30:00Z,135183,13.08,2026-01-31T15:29:50Z,-6.96,3.077,-0.149,0
2026-01-31T15:45:00Z,135184,13.09,2026-01-31T15:31:10Z,-7.026,3.177,-0.146,0
2026-01-31T16:00:00Z,135185,13.08,2026-01-31T15:57:20Z,-7.116,3.26,-0.143,0
2026-01-31T16:15:00Z,135186,13.09,2026-01-31T16:11:10Z,-7.223,3.338,-0.14,0
2026-01-31T16:30:00Z,135187,13.07,2026-01-31T16:29:50Z,-7.376,3.404,-0.138,0
2026-01-31T16:45:00Z,135188,13.08,2026-01-31T16:32:30Z,-7.577,3.461,-0.137,0
2026-01-31T17:00:00Z,135189,13.06,2026-01-31T16:57:20Z,-7.814,3.496,-0.137,0
2026-01-31T17:15:00Z,135190,13.06,2026-01-31T17:02:30Z,-8.06,3.521,-0.137,0
2026-01-31T17:30:00Z,135191,13.05,2026-01-31T17:29:50Z,-8.33,3.518,-0.138,0
2026-01-31T17:45:00Z,135192,13.06,2026-01-31T17:41:50Z,-8.62,3.503,-0.139,0
2026-01-31T18:00:00Z,135193,13.04,2026-01-31T17:57:20Z,-8.9,3.462,-0.141,0
2026-01-31T18:15:00Z,135194,13.06,2026-01-31T18:06:30Z,-9.15,3.398,-0.144,0
2026-01-31T18:30:00Z,135195,13.06,2026-01-31T18:19:45Z,-9.36,3.315,-0.147,0
2026-01-31T18:45:00Z,135196,13.06,2026-01-31T18:36:45Z,-9.54,3.209,-0.15,0
2026-01-31T19:00:00Z,135197,13.05,2026-01-31T18:46:00Z,-9.81,3.109,-0.153,0
2026-01-31T19:15:00Z,135198,13.05,2026-01-31T19:02:30Z,-10.3,2.977,-0.157,0
2026-01-31T19:30:00Z,135199,13.04,2026-01-31T19:30:00Z,-10.92,2.808,-0.162,0
2026-01-31T19:45:00Z,135200,13.05,2026-01-31T19:33:40Z,-11.63,2.603,-0.167,0
2026-01-31T20:00:00Z,135201,13.02,2026-01-31T19:57:20Z,-12.35,2.332,-0.173,0
2026-01-31T20:15:00Z,135202,13.03,2026-01-31T20:07:15Z,-13.05,1.988,-0.181,0
2026-01-31T20:30:00Z,135203,13.03,2026-01-31T20:20:40Z,-13.72,1.566,-0.189,0
2026-01-31T20:45:00Z,135204,13.02,2026-01-31T20:35:55Z,-14.36,1.05,-0.199,0
2026-01-31T21:00:00Z,135205,13.02,2026-01-31T20:47:15Z,-14.98,0.414,-0.209,0
2026-01-31T21:15:00Z,135206,13,2026-01-31T21:02:20Z,-15.55,-0.363,-0.221,0
2026-01-31T21:30:00Z,135207,12.97,2026-01-31T21:29:50Z,-16.08,-1.271,-0.235,0
2026-01-31T21:45:00Z,135208,13,2026-01-31T21:44:15Z,-16.58,-2.229,-0.249,0
2026-01-31T22:00:00Z,135209,12.97,2026-01-31T21:57:20Z,-17,-3.234,-0.264,0
2026-01-31T22:15:00Z,135210,12.99,2026-01-31T22:02:20Z,-17.39,-4.184,-0.279,0
2026-01-31T22:30:00Z,135211,12.99,2026-01-31T22:23:35Z,-17.77,-5.162,-0.295,0
2026-01-31T22:45:00Z,135212,12.98,2026-01-31T22:35:00Z,-18.14,-6.802,-0.311,0
2026-01-31T23:00:00Z,135213,12.97,2026-01-31T22:50:15Z,-18.47,-7.144,-0.327,0
2026-01-31T23:15:00Z,135214,12.94,2026-01-31T23:02:20Z,-18.81,-6.969,-0.342,0
2026-01-31T23:30:00Z,135215,12.93,2026-01-31T23:29:50Z,-19.15,-6.973,-0.357,0
2026-01-31T23:45:00Z,135216,12.95,2026-01-31T23:40:55Z,-19.49,-6.913,-0.372,0
2026-02-01T00:15:00Z,135218,12.95,2026-02-01T00:02:15Z,-19.96,-6.356,-0.4,0
2026-02-01T00:30:00Z,135219,12.9,2026-02-01T00:15:55Z,-20.15,-5.842,-0.413,0
2026-02-01T00:45:00Z,135220,12.94,2026-02-01T00:31:35Z,-20.35,-5.153,-0.426,0
2026-02-01T01:00:00Z,135221,12.93,2026-02-01T00:57:30Z,-20.57,-4.754,-0.437,0
2026-02-01T01:15:00Z,135222,12.88,2026-02-01T01:02:20Z,-20.79,-4.401,-0.449,0
2026-02-01T01:30:00Z,135223,12.91,2026-02-01T01:27:10Z,-20.97,-4.126,-0.46,0
2026-02-01T01:45:00Z,135224,12.89,2026-02-01T01:30:10Z,-21.11,-3.784,-0.471,0
2026-02-01T02:00:00Z,135225,12.91,2026-02-01T01:57:25Z,-21.22,-3.476,-0.481,0
2026-02-01T02:15:00Z,135226,12.87,2026-02-01T02:05:55Z,-21.27,-3.196,-0.49,0
2026-02-01T02:30:00Z,135227,12.91,2026-02-01T02:30:00Z,-21.19,-2.909,-0.499,0
2026-02-01T02:45:00Z,135228,12.91,2026-02-01T02:39:35Z,-21.06,-2.657,-0.506,0
2026-02-01T03:00:00Z,135229,12.91,2026-02-01T02:57:30Z,-21.01,-2.497,-0.513,0
2026-02-01T03:15:00Z,135230,12.87,2026-02-01T03:02:25Z,-20.98,-2.292,-0.519,0
2026-02-01T03:30:00Z,135231,12.87,2026-02-01T03:29:55Z,-21.03,-2.117,-0.525,0
2026-02-01T03:45:00Z,135232,12.91,2026-02-01T03:30:05Z,-21.11,-1.937,-0.53,0
2026-02-01T04:00:00Z,135233,12.88,2026-02-01T03:57:35Z,-21.2,-1.837,-0.535,0
2026-02-01T04:15:00Z,135234,12.89,2026-02-01T04:02:25Z,-21.22,-1.7,-0.54,0
2026-02-01T04:30:00Z,135235,12.9,2026-02-01T04:30:00Z,-21.25,-1.674,-0.544,0
2026-02-01T04:45:00Z,135236,12.91,2026-02-01T04:30:05Z,-21.33,-1.596,-0.548,0
2026-02-01T05:00:00Z,135237,12.9,2026-02-01T04:57:25Z,-21.44,-1.52,-0.551,0
2026-02-01T05:15:00Z,135238,12.85,2026-02-01T05:02:25Z,-21.6,-1.534,-0.555,0
2026-02-01T05:30:00Z,135239,12.85,2026-02-01T05:29:55Z,-21.76,-1.551,-0.558,0
2026-02-01T05:45:00Z,135240,12.9,2026-02-01T05:30:05Z,-21.93,-1.435,-0.561,0
2026-02-01T06:00:00Z,135241,12.88,2026-02-01T05:46:05Z,-22.09,-1.42,-0.565,0
2026-02-01T06:15:00Z,135242,12.89,2026-02-01T06:02:25Z,-22.22,-1.442,-0.568,0
2026-02-01T06:30:00Z,135243,12.87,2026-02-01T06:30:00Z,-22.35,-1.437,-0.572,0
2026-02-01T06:45:00Z,135244,12.89,2026-02-01T06:41:35Z,-22.49,-1.433,-0.576,0
2026-02-01T07:00:00Z,135245,12.85,2026-02-01T06:49:15Z,-22.64,-1.448,-0.579,0
2026-02-01T07:15:00Z,135246,12.82,2026-02-01T07:02:20Z,-22.78,-1.455,-0.582,0
2026-02-01T07:30:00Z,135247,12.82,2026-02-01T07:29:50Z,-22.9,-1.455,-0.585,0
2026-02-01T07:45:00Z,135248,12.83,2026-02-01T07:36:05Z,-22.98,-1.44,-0.588,0
2026-02-01T08:00:00Z,135249,12.84,2026-02-01T07:57:20Z,-22.99,-1.431,-0.591,0
2026-02-01T08:15:00Z,135250,12.87,2026-02-01T08:02:20Z,-22.86,-1.409,-0.593,0
2026-02-01T08:30:00Z,135251,12.88,2026-02-01T08:29:55Z,-22.76,-1.404,-0.595,0
2026-02-01T08:45:00Z,135252,12.89,2026-02-01T08:30:40Z,-22.58,-1.427,-0.596,0
2026-02-01T09:00:00Z,135253,12.9,2026-02-01T08:45:45Z,-22.28,-1.473,-0.596,0
2026-02-01T09:15:00Z,135254,13.09,2026-02-01T09:02:20Z,-21.67,-1.463,-0.595,0
2026-02-01T09:30:00Z,135255,13.22,2026-02-01T09:15:05Z,-20.37,-1.513,-0.592,0
2026-02-01T09:45:00Z,135256,13.15,2026-02-01T09:38:15Z,-18.34,-1.826,-0.589,0
2026-02-01T10:00:00Z,135257,13.33,2026-02-01T09:57:20Z,-16.24,-2.247,-0.58,0
2026-02-01T10:15:00Z,135258,13.37,2026-02-01T10:02:25Z,-14.42,-2.537,-0.566,0
2026-02-01T10:30:00Z,135259,13.4,2026-02-01T10:15:40Z,-12.88,-2.601,-0.547,0
2026-02-01T10:45:00Z,135260,13.42,2026-02-01T10:30:40Z,-11.6,-2.478,-0.521,0
2026-02-01T11:00:00Z,135261,13.4,2026-02-01T10:57:20Z,-10.34,-2.222,-0.492,0
2026-02-01T11:15:00Z,135262,13.4,2026-02-01T11:02:25Z,-9.24,-1.851,-0.459,0
2026-02-01T11:30:00Z,135263,13.35,2026-02-01T11:23:25Z,-8.42,-1.347,-0.425,0
2026-02-01T11:45:00Z,135264,13.46,2026-02-01T11:32:00Z,-7.752,-0.682,-0.39,0
2026-02-01T12:00:00Z,135265,13.48,2026-02-01T11:45:20Z,-7.103,0.147,-0.355,0
2026-02-01T12:15:00Z,135266,13.52,2026-02-01T12:00:05Z,-6.284,1.113,-0.322,0.01
2026-02-01T12:30:00Z,135267,13.57,2026-02-01T12:15:05Z,-5.402,2.209,-0.289,0
2026-02-01T12:45:00Z,135268,13.66,2026-02-01T12:34:20Z,-4.62,3.254,-0.259,0
2026-02-01T13:00:00Z,135269,13.75,2026-02-01T12:45:05Z,-3.91,4.085,-0.232,0
2026-02-01T13:15:00Z,135270,13.81,2026-02-01T13:13:40Z,-3.182,4.6,-0.207,0
2026-02-01T13:30:00Z,135271,13.75,2026-02-01T13:25:15Z,-2.408,4.779,-0.186,0
2026-02-01T13:45:00Z,135272,13.69,2026-02-01T13:44:25Z,-1.735,4.794,-0.167,0
2026-02-01T14:00:00Z,135273,13.66,2026-02-01T13:57:25Z,-1.199,4.647,-0.151,0
2026-02-01T14:15:00Z,135274,13.66,2026-02-01T14:08:55Z,-0.761,4.548,-0.138,0
2026-02-01T14:30:00Z,135275,13.52,2026-02-01T14:25:45Z,-0.49,4.521,-0.126,0
2026-02-01T14:45:00Z,135276,13.5,2026-02-01T14:41:00Z,-0.506,4.498,-0.117,0
2026-02-01T15:00:00Z,135277,13.43,2026-02-01T14:56:50Z,-0.729,4.557,-0.109,0
2026-02-01T15:15:00Z,135278,13.42,2026-02-01T15:02:25Z,-1.131,4.622,-0.102,0
2026-02-01T15:30:00Z,135279,13.4,2026-02-01T15:29:55Z,-1.594,4.673,-0.096,0
2026-02-01T15:45:00Z,135280,13.41,2026-02-01T15:30:05Z,-1.998,4.729,-0.091,0
2026-02-01T16:00:00Z,135281,13.41,2026-02-01T15:58:40Z,-2.269,4.773,-0.086,0
2026-02-01T16:15:00Z,135282,13.41,2026-02-01T16:00:05Z,-2.357,4.793,-0.082,0
2026-02-01T16:30:00Z,135283,13.4,2026-02-01T16:25:20Z,-2.466,4.789,-0.078,0
2026-02-01T16:45:00Z,135284,13.39,2026-02-01T16:37:45Z,-2.897,4.724,-0.075,0
2026-02-01T17:00:00Z,135285,13.38,2026-02-01T16:59:05Z,-3.551,4.634,-0.072,0
2026-02-01T17:15:00Z,135286,13.37,2026-02-01T17:02:20Z,-4.263,4.5,-0.069,0
2026-02-01T17:30:00Z,135287,13.36,2026-02-01T17:28:25Z,-4.968,4.306,-0.067,0
2026-02-01T17:45:00Z,135288,13.35,2026-02-01T17:41:45Z,-5.611,4.122,-0.066,0
2026-02-01T18:00:00Z,135289,13.34,2026-02-01T17:57:25Z,-6.253,3.979,-0.066,0
2026-02-01T18:15:00Z,135290,13.35,2026-02-01T18:03:05Z,-6.851,3.906,-0.066,0
2026-02-01T18:30:00Z,135291,13.33,2026-02-01T18:24:25Z,-7.398,3.89,-0.067,0
2026-02-01T18:45:00Z,135292,13.33,2026-02-01T18:32:25Z,-7.958,3.927,-0.069,0
2026-02-01T19:00:00Z,135293,13.33,2026-02-01T18:53:45Z,-8.56,3.943,-0.072,0
2026-02-01T19:15:00Z,135294,13.32,2026-02-01T19:02:25Z,-9.16,3.94,-0.075,0
2026-02-01T19:30:00Z,135295,13.32,2026-02-01T19:15:05Z,-9.84,3.925,-0.08,0
2026-02-01T19:45:00Z,135296,13.32,2026-02-01T19:39:05Z,-10.51,3.899,-0.085,0
2026-02-01T20:00:00Z,135297,13.3,2026-02-01T19:57:25Z,-11.1,3.854,-0.091,0
2026-02-01T20:15:00Z,135298,13.3,2026-02-01T20:02:25Z,-11.71,3.775,-0.099,0
2026-02-01T20:30:00Z,135299,13.29,2026-02-01T20:26:10Z,-12.29,3.631,-0.109,0
2026-02-01T20:45:00Z,135300,13.3,2026-02-01T20:38:20Z,-12.79,3.43,-0.119,0
2026-02-01T21:00:00Z,135301,13.3,2026-02-01T20:51:05Z,-13.26,3.137,-0.132,0
2026-02-01T21:15:00Z,135302,13.28,2026-02-01T21:02:25Z,-13.7,2.7,-0.145,0
2026-02-01T21:30:00Z,135303,13.27,2026-02-01T21:29:55Z,-14.08,2.015,-0.161,0
2026-02-01T21:45:00Z,135304,13.29,2026-02-01T21:30:10Z,-14.44,1.193,-0.178,0
2026-02-01T22:00:00Z,135305,13.28,2026-02-01T21:47:50Z,-14.72,0.089,-0.196,0
2026-02-01T22:15:00Z,135306,13.26,2026-02-01T22:03:25Z,-14.94,-1.321,-0.216,0
2026-02-01T22:30:00Z,135307,13.27,2026-02-01T22:16:10Z,-15.15,-2.757,-0.237,0
2026-02-01T22:45:00Z,135308,13.27,2026-02-01T22:31:00Z,-15.37,-4.02,-0.259,0
2026-02-01T23:00:00Z,135309,13.26,2026-02-01T22:47:45Z,-15.56,-5.007,-0.282,0
2026-02-01T23:15:00Z,135310,13.26,2026-02-01T23:02:20Z,-15.72,-5.525,-0.304,0
2026-02-01T23:30:00Z,135311,13.26,2026-02-01T23:29:55Z,-15.88,-5.45,-0.327,0
2026-02-01T23:45:00Z,135312,13.26,2026-02-01T23:30:05Z,-16.07,-5.099,-0.349,0
2026-02-02T00:15:00Z,135314,13.22,2026-02-02T00:02:20Z,-15.96,-4.065,-0.39,0
2026-02-02T00:30:00Z,135315,13.25,2026-02-02T00:24:05Z,-15.86,-3.508,-0.408,0
2026-02-02T00:45:00Z,135316,13.25,2026-02-02T00:30:05Z,-15.84,-3.046,-0.425,0
2026-02-02T01:00:00Z,135317,13.24,2026-02-02T00:57:30Z,-15.87,-2.71,-0.44,0
2026-02-02T01:15:00Z,135318,13.22,2026-02-02T01:02:25Z,-15.69,-2.499,-0.455,0
2026-02-02T01:30:00Z,135319,13.23,2026-02-02T01:29:55Z,-15.44,-2.362,-0.467,0
2026-02-02T01:45:00Z,135320,13.25,2026-02-02T01:30:05Z,-15.28,-2.289,-0.479,0
2026-02-02T02:00:00Z,135321,13.21,2026-02-02T01:57:35Z,-15.12,-2.292,-0.489,0
2026-02-02T02:15:00Z,135322,13.22,2026-02-02T02:02:20Z,-14.87,-2.363,-0.497,0
2026-02-02T02:30:00Z,135323,13.25,2026-02-02T02:15:05Z,-14.52,-2.536,-0.504,0
2026-02-02T02:45:00Z,135324,13.25,2026-02-02T02:30:05Z,-14.05,-2.707,-0.51,0
2026-02-02T03:00:00Z,135325,13.23,2026-02-02T02:57:30Z,-13.37,-2.947,-0.514,0
2026-02-02T03:15:00Z,135326,13.24,2026-02-02T03:02:25Z,-12.67,-3.162,-0.516,0
2026-02-02T03:30:00Z,135327,13.23,2026-02-02T03:29:55Z,-12.11,-3.395,-0.516,0
2026-02-02T03:45:00Z,135328,13.25,2026-02-02T03:40:50Z,-11.73,-3.598,-0.512,0
2026-02-02T04:00:00Z,135329,13.24,2026-02-02T03:57:25Z,-11.53,-3.668,-0.505,0
2026-02-02T04:15:00Z,135330,13.23,2026-02-02T04:02:20Z,-11.53,-3.608,-0.497,0
2026-02-02T04:30:00Z,135331,13.25,2026-02-02T04:30:00Z,-11.63,-3.516,-0.488,0
2026-02-02T04:45:00Z,135332,13.26,2026-02-02T04:30:40Z,-11.6,-3.466,-0.48,0
2026-02-02T05:00:00Z,135333,13.25,2026-02-02T04:57:30Z,-11.44,-3.407,-0.472,0
2026-02-02T05:15:00Z,135334,13.23,2026-02-02T05:02:20Z,-11.26,-3.354,-0.465,0
2026-02-02T05:30:00Z,135335,13.25,2026-02-02T05:29:55Z,-11.09,-3.284,-0.458,0
2026-02-02T05:45:00Z,135336,13.24,2026-02-02T05:36:05Z,-10.95,-3.241,-0.452,0
2026-02-02T06:00:00Z,135337,13.26,2026-02-02T05:57:25Z,-10.86,-3.126,-0.446,0
2026-02-02T06:15:00Z,135338,13.25,2026-02-02T06:02:20Z,-10.8,-3.009,-0.44,0
2026-02-02T06:30:00Z,135339,13.26,2026-02-02T06:30:00Z,-10.75,-2.882,-0.433,0
2026-02-02T06:45:00Z,135340,13.27,2026-02-02T06:34:40Z,-10.67,-2.749,-0.427,0
2026-02-02T07:00:00Z,135341,13.26,2026-02-02T06:57:30Z,-10.53,-2.569,-0.421,0
2026-02-02T07:15:00Z,135342,13.25,2026-02-02T07:02:20Z,-10.38,-2.41,-0.415,0
2026-02-02T07:30:00Z,135343,13.25,2026-02-02T07:26:05Z,-10.22,-2.243,-0.408,0
2026-02-02T07:45:00Z,135344,13.27,2026-02-02T07:35:45Z,-10.06,-2.102,-0.402,0
2026-02-02T08:00:00Z,135345,13.26,2026-02-02T07:57:30Z,-9.92,-1.932,-0.396,0
2026-02-02T08:15:00Z,135346,13.27,2026-02-02T08:02:45Z,-9.77,-1.77,-0.389,0
2026-02-02T08:30:00Z,135347,13.28,2026-02-02T08:29:40Z,-9.61,-1.587,-0.383,0
2026-02-02T08:45:00Z,135348,13.26,2026-02-02T08:40:40Z,-9.44,-1.444,-0.376,0
2026-02-02T09:00:00Z,135349,13.29,2026-02-02T08:45:35Z,-9.26,-1.252,-0.368,0
2026-02-02T09:15:00Z,135350,13.29,2026-02-02T09:02:30Z,-9.04,-1.059,-0.361,0
2026-02-02T09:30:00Z,135351,13.29,2026-02-02T09:20:20Z,-8.79,-0.903,-0.353,0
2026-02-02T09:45:00Z,135352,13.3,2026-02-02T09:37:15Z,-8.52,-0.708,-0.345,0
2026-02-02T10:00:00Z,135353,13.3,2026-02-02T09:47:50Z,-8.29,-0.501,-0.336,0
2026-02-02T10:15:00Z,135354,13.31,2026-02-02T10:00:05Z,-8.04,-0.315,-0.328,0
2026-02-02T10:30:00Z,135355,13.32,2026-02-02T10:30:00Z,-7.72,-0.125,-0.319,0
2026-02-02T10:45:00Z,135356,13.32,2026-02-02T10:39:10Z,-7.393,0.105,-0.31,0
2026-02-02T11:00:00Z,135357,13.32,2026-02-02T10:57:30Z,-7.121,0.367,-0.3,0
2026-02-02T11:15:00Z,135358,13.32,2026-02-02T11:01:40Z,-6.848,0.638,-0.291,0
2026-02-02T11:30:00Z,135359,13.32,2026-02-02T11:29:55Z,-6.518,0.913,-0.281,0
2026-02-02T11:45:00Z,135360,13.35,2026-02-02T11:30:05Z,-6.16,1.205,-0.271,0
2026-02-02T12:00:00Z,135361,13.35,2026-02-02T11:45:15Z,-5.791,1.491,-0.261,0
2026-02-02T12:15:00Z,135362,13.35,2026-02-02T12:01:15Z,-5.421,1.788,-0.251,0
2026-02-02T12:30:00Z,135363,13.32,2026-02-02T12:28:55Z,-5.073,2.097,-0.241,0
2026-02-02T12:45:00Z,135364,13.34,2026-02-02T12:44:10Z,-4.789,2.396,-0.232,0
2026-02-02T13:00:00Z,135365,13.35,2026-02-02T12:56:15Z,-4.513,2.685,-0.222,0
2026-02-02T13:15:00Z,135366,13.33,2026-02-02T13:01:10Z,-4.296,2.954,-0.213,0
2026-02-02T13:30:00Z,135367,13.34,2026-02-02T13:23:45Z,-4.148,3.223,-0.204,0
2026-02-02T13:45:00Z,135368,13.35,2026-02-02T13:39:30Z,-4.014,3.487,-0.195,0
2026-02-02T14:00:00Z,135369,13.34,2026-02-02T13:53:15Z,-3.89,3.737,-0.186,0
2026-02-02T14:15:00Z,135370,13.35,2026-02-02T14:14:40Z,-3.789,3.969,-0.178,0
2026-02-02T14:30:00Z,135371,13.35,2026-02-02T14:29:35Z,-3.717,4.183,-0.171,0
2026-02-02T14:45:00Z,135372,13.34,2026-02-02T14:40:40Z,-3.708,4.32,-0.164,0
2026-02-02T15:00:00Z,135373,13.33,2026-02-02T14:46:20Z,-3.709,4.492,-0.158,0
2026-02-02T15:15:00Z,135374,13.33,2026-02-02T15:02:30Z,-3.734,4.626,-0.152,0
2026-02-02T15:30:00Z,135375,13.33,2026-02-02T15:30:00Z,-3.761,4.744,-0.146,0
2026-02-02T15:45:00Z,135376,13.33,2026-02-02T15:44:45Z,-3.777,4.852,-0.141,0
2026-02-02T16:00:00Z,135377,13.32,2026-02-02T15:57:30Z,-3.794,4.927,-0.137,0
2026-02-02T16:15:00Z,135378,13.32,2026-02-02T16:14:30Z,-3.805,4.958,-0.133,0
2026-02-02T16:30:00Z,135379,13.32,2026-02-02T16:24:20Z,-3.829,4.966,-0.129,0
2026-02-02T16:45:00Z,135380,13.3,2026-02-02T16:36:20Z,-3.86,4.966,-0.126,0
2026-02-02T17:00:00Z,135381,13.3,2026-02-02T16:57:30Z,-3.9,4.931,-0.123,0
2026-02-02T17:15:00Z,135382,13.29,2026-02-02T17:02:25Z,-3.944,4.942,-0.12,0
2026-02-02T17:30:00Z,135383,13.3,2026-02-02T17:28:15Z,-3.98,4.976,-0.118,0
2026-02-02T17:45:00Z,135384,13.3,2026-02-02T17:32:30Z,-4.017,5.015,-0.116,0
2026-02-02T18:00:00Z,135385,13.29,2026-02-02T17:57:25Z,-4.039,5.051,-0.114,0
2026-02-02T18:15:00Z,135386,13.28,2026-02-02T18:02:25Z,-4.064,5.087,-0.112,0
2026-02-02T18:30:00Z,135387,13.28,2026-02-02T18:26:10Z,-4.074,5.099,-0.11,0
2026-02-02T18:45:00Z,135388,13.29,2026-02-02T18:41:20Z,-4.094,5.108,-0.109,0
2026-02-02T19:00:00Z,135389,13.29,2026-02-02T18:58:00Z,-4.096,5.122,-0.107,0
2026-02-02T19:15:00Z,135390,13.28,2026-02-02T19:02:25Z,-4.105,5.137,-0.106,0
2026-02-02T19:30:00Z,135391,13.28,2026-02-02T19:30:00Z,-4.117,5.146,-0.105,0
2026-02-02T19:45:00Z,135392,13.28,2026-02-02T19:37:15Z,-4.127,5.153,-0.104,0
2026-02-02T20:00:00Z,135393,13.28,2026-02-02T19:49:40Z,-4.151,5.162,-0.102,0
2026-02-02T20:15:00Z,135394,13.27,2026-02-02T20:02:25Z,-4.16,5.168,-0.101,0
2026-02-02T20:30:00Z,135395,13.28,2026-02-02T20:29:40Z,-4.152,5.171,-0.101,0
2026-02-02T20:45:00Z,135396,13.28,2026-02-02T20:44:45Z,-4.139,5.173,-0.1,0
2026-02-02T21:00:00Z,135397,13.27,2026-02-02T20:59:00Z,-4.123,5.172,-0.099,0
2026-02-02T21:15:00Z,135398,13.28,2026-02-02T21:04:20Z,-4.117,5.166,-0.098,0
2026-02-02T21:30:00Z,135399,13.27,2026-02-02T21:30:00Z,-4.117,5.163,-0.098,0
2026-02-02T21:45:00Z,135400,13.27,2026-02-02T21:41:40Z,-4.103,5.155,-0.097,0
2026-02-02T22:00:00Z,135401,13.26,2026-02-02T21:57:25Z,-4.084,5.144,-0.097,0
2026-02-02T22:15:00Z,135402,13.27,2026-02-02T22:06:20Z,-4.069,5.141,-0.096,0
2026-02-02T22:30:00Z,135403,13.27,2026-02-02T22:18:00Z,-4.048,5.143,-0.096,0
2026-02-02T22:45:00Z,135404,13.27,2026-02-02T22:31:25Z,-4.031,5.136,-0.095,0
2026-02-02T23:00:00Z,135405,13.27,2026-02-02T22:50:05Z,-4.031,5.129,-0.095,0
2026-02-02T23:15:00Z,135406,13.26,2026-02-02T23:02:20Z,-4.031,5.126,-0.094,0
2026-02-02T23:30:00Z,135407,13.24,2026-02-02T23:29:50Z,-4.032,5.116,-0.094,0
2026-02-02T23:45:00Z,135408,13.26,2026-02-02T23:30:55Z,-4.056,5.108,-0.094,0
2026-02-03T00:15:00Z,135410,13.26,2026-02-03T00:05:05Z,-4.104,5.082,-0.093,0
2026-02-03T00:30:00Z,135411,13.25,2026-02-03T00:29:50Z,-4.119,5.067,-0.093,0
2026-02-03T00:45:00Z,135412,13.25,2026-02-03T00:41:40Z,-4.141,5.053,-0.093,0
2026-02-03T01:00:00Z,135413,13.23,2026-02-03T00:57:20Z,-4.16,5.041,-0.093,0
2026-02-03T01:15:00Z,135414,13.24,2026-02-03T01:02:05Z,-4.164,5.023,-0.093,0
2026-02-03T01:30:00Z,135415,13.24,2026-02-03T01:29:30Z,-4.182,5.005,-0.093,0
2026-02-03T01:45:00Z,135416,13.23,2026-02-03T01:43:55Z,-4.184,4.985,-0.093,0
2026-02-03T02:00:00Z,135417,13.22,2026-02-03T01:46:20Z,-4.202,4.964,-0.093,0
2026-02-03T02:15:00Z,135418,13.23,2026-02-03T02:07:05Z,-4.211,4.945,-0.093,0
2026-02-03T02:30:00Z,135419,13.22,2026-02-03T02:20:45Z,-4.238,4.927,-0.093,0
2026-02-03T02:45:00Z,135420,13.21,2026-02-03T02:44:45Z,-4.26,4.91,-0.093,0
2026-02-03T03:00:00Z,135421,13.21,2026-02-03T02:57:35Z,-4.289,4.894,-0.093,0
2026-02-03T03:15:00Z,135422,13.2,2026-02-03T03:02:25Z,-4.302,4.878,-0.093,0
2026-02-03T03:30:00Z,135423,13.2,2026-02-03T03:16:45Z,-4.311,4.862,-0.093,0
2026-02-03T03:45:00Z,135424,13.2,2026-02-03T03:30:05Z,-4.311,4.844,-0.094,0
2026-02-03T04:00:00Z,135425,13.19,2026-02-03T03:57:25Z,-4.311,4.827,-0.094,0
2026-02-03T04:15:00Z,135426,13.19,2026-02-03T04:10:05Z,-4.311,4.81,-0.094,0
2026-02-03T04:30:00Z,135427,13.18,2026-02-03T04:29:50Z,-4.295,4.792,-0.094,0
2026-02-03T04:45:00Z,135428,13.18,2026-02-03T04:36:45Z,-4.291,4.778,-0.094,0
2026-02-03T05:00:00Z,135429,13.16,2026-02-03T04:57:20Z,-4.297,4.763,-0.095,0
2026-02-03T05:15:00Z,135430,13.17,2026-02-03T05:14:05Z,-4.321,4.747,-0.095,0
2026-02-03T05:30:00Z,135431,13.16,2026-02-03T05:29:50Z,-4.348,4.732,-0.095,0
2026-02-03T05:45:00Z,135432,13.17,2026-02-03T05:38:55Z,-4.375,4.717,-0.095,0
2026-02-03T06:00:00Z,135433,13.16,2026-02-03T05:56:35Z,-4.383,4.704,-0.095,0
2026-02-03T06:15:00Z,135434,13.16,2026-02-03T06:06:45Z,-4.415,4.694,-0.095,0
2026-02-03T06:30:00Z,135435,13.14,2026-02-03T06:29:55Z,-4.446,4.682,-0.096,0
2026-02-03T06:45:00Z,135436,13.15,2026-02-03T06:39:00Z,-4.469,4.671,-0.096,0
2026-02-03T07:00:00Z,135437,13.13,2026-02-03T06:57:25Z,-4.495,4.661,-0.096,0
2026-02-03T07:15:00Z,135438,13.13,2026-02-03T07:02:20Z,-4.519,4.648,-0.096,0
2026-02-03T07:30:00Z,135439,13.13,2026-02-03T07:29:50Z,-4.542,4.637,-0.096,0
2026-02-03T07:45:00Z,135440,13.14,2026-02-03T07:32:00Z,-4.558,4.624,-0.097,0
2026-02-03T08:00:00Z,135441,13.14,2026-02-03T07:47:55Z,-4.587,4.608,-0.097,0
2026-02-03T08:15:00Z,135442,13.14,2026-02-03T08:06:40Z,-4.593,4.594,-0.097,0
2026-02-03T08:30:00Z,135443,13.13,2026-02-03T08:29:55Z,-4.583,4.578,-0.098,0
2026-02-03T08:45:00Z,135444,13.14,2026-02-03T08:36:55Z,-4.527,4.569,-0.098,0
2026-02-03T09:00:00Z,135445,13.14,2026-02-03T08:57:25Z,-4.434,4.564,-0.098,0
2026-02-03T09:15:00Z,135446,13.14,2026-02-03T09:01:35Z,-4.303,4.569,-0.097,0
2026-02-03T09:30:00Z,135447,13.16,2026-02-03T09:29:55Z,-4.129,4.58,-0.096,0
2026-02-03T09:45:00Z,135448,13.16,2026-02-03T09:30:05Z,-3.869,4.597,-0.095,0
2026-02-03T10:00:00Z,135449,13.16,2026-02-03T09:47:50Z,-3.612,4.618,-0.094,0
2026-02-03T10:15:00Z,135450,13.17,2026-02-03T10:01:10Z,-3.364,4.628,-0.093,0
2026-02-03T10:30:00Z,135451,13.18,2026-02-03T10:16:50Z,-3.05,4.647,-0.092,0
2026-02-03T10:45:00Z,135452,13.21,2026-02-03T10:30:30Z,-2.685,4.672,-0.09,0
2026-02-03T11:00:00Z,135453,13.22,2026-02-03T10:57:20Z,-2.328,4.705,-0.089,0
2026-02-03T11:15:00Z,135454,13.22,2026-02-03T11:02:20Z,-2.059,4.741,-0.087,0
2026-02-03T11:30:00Z,135455,13.24,2026-02-03T11:15:50Z,-1.846,4.77,-0.085,0
2026-02-03T11:45:00Z,135456,13.26,2026-02-03T11:31:50Z,-1.588,4.79,-0.082,0
2026-02-03T12:00:00Z,135457,13.26,2026-02-03T11:51:25Z,-1.346,4.814,-0.08,0
2026-02-03T12:15:00Z,135458,13.26,2026-02-03T12:02:30Z,-1.179,4.843,-0.077,0
2026-02-03T12:30:00Z,135459,13.29,2026-02-03T12:15:05Z,-1.076,4.847,-0.075,0
2026-02-03T12:45:00Z,135460,13.29,2026-02-03T12:37:00Z,-0.984,4.824,-0.072,0
2026-02-03T13:00:00Z,135461,13.31,2026-02-03T12:46:30Z,-0.878,4.78,-0.07,0
2026-02-03T13:15:00Z,135462,13.31,2026-02-03T13:02:20Z,-0.824,4.712,-0.067,0
2026-02-03T13:30:00Z,135463,13.32,2026-02-03T13:19:20Z,-0.786,4.624,-0.065,0
2026-02-03T13:45:00Z,135464,13.34,2026-02-03T13:30:05Z,-0.683,4.522,-0.063,0
2026-02-03T14:00:00Z,135465,13.35,2026-02-03T13:45:05Z,-0.581,4.433,-0.06,0
2026-02-03T14:15:00Z,135466,13.36,2026-02-03T14:13:30Z,-0.507,4.353,-0.058,0
2026-02-03T14:30:00Z,135467,13.36,2026-02-03T14:28:25Z,-0.459,4.282,-0.056,0
2026-02-03T14:45:00Z,135468,13.37,2026-02-03T14:30:05Z,-0.436,4.223,-0.054,0
2026-02-03T15:00:00Z,135469,13.37,2026-02-03T14:45:30Z,-0.453,4.185,-0.052,0
2026-02-03T15:15:00Z,135470,13.38,2026-02-03T15:02:20Z,-0.407,4.146,-0.05,0
2026-02-03T15:30:00Z,135471,13.41,2026-02-03T15:17:05Z,-0.331,4.093,-0.048,0
2026-02-03T15:45:00Z,135472,13.42,2026-02-03T15:34:00Z,-0.252,4.036,-0.046,0
2026-02-03T16:00:00Z,135473,13.41,2026-02-03T15:59:35Z,-0.263,3.975,-0.045,0
2026-02-03T16:15:00Z,135474,13.41,2026-02-03T16:10:55Z,-0.363,3.917,-0.043,0
2026-02-03T16:30:00Z,135475,13.35,2026-02-03T16:26:20Z,-0.551,3.863,-0.042,0
2026-02-03T16:45:00Z,135476,13.37,2026-02-03T16:34:20Z,-0.779,3.818,-0.041,0
2026-02-03T17:00:00Z,135477,13.35,2026-02-03T16:57:25Z,-1.017,3.784,-0.04,0
2026-02-03T17:15:00Z,135478,13.34,2026-02-03T17:11:20Z,-1.257,3.751,-0.039,0
2026-02-03T17:30:00Z,135479,13.31,2026-02-03T17:29:50Z,-1.516,3.719,-0.038,0
2026-02-03T17:45:00Z,135480,13.31,2026-02-03T17:44:15Z,-1.775,3.685,-0.037,0
2026-02-03T18:00:00Z,135481,13.3,2026-02-03T17:54:55Z,-2.034,3.651,-0.037,0
2026-02-03T18:15:00Z,135482,13.29,2026-02-03T18:05:35Z,-2.285,3.624,-0.036,0
2026-02-03T18:30:00Z,135483,13.27,2026-02-03T18:29:50Z,-2.536,3.602,-0.035,0
2026-02-03T18:45:00Z,135484,13.26,2026-02-03T18:37:35Z,-2.8,3.587,-0.035,0
2026-02-03T19:00:00Z,135485,13.25,2026-02-03T18:57:20Z,-3.054,3.57,-0.034,0
2026-02-03T19:15:00Z,135486,13.22,2026-02-03T19:02:20Z,-3.284,3.554,-0.034,0
2026-02-03T19:30:00Z,135487,13.23,2026-02-03T19:29:50Z,-3.496,3.541,-0.034,0
2026-02-03T19:45:00Z,135488,13.23,2026-02-03T19:41:35Z,-3.698,3.533,-0.034,0
2026-02-03T20:00:00Z,135489,13.23,2026-02-03T19:59:45Z,-3.894,3.526,-0.034,0
2026-02-03T20:15:00Z,135490,13.22,2026-02-03T20:00:15Z,-4.079,3.526,-0.034,0
2026-02-03T20:30:00Z,135491,13.21,2026-02-03T20:29:35Z,-4.239,3.526,-0.035,0
2026-02-03T20:45:00Z,135492,13.19,2026-02-03T20:39:20Z,-4.38,3.528,-0.035,0
2026-02-03T21:00:00Z,135493,13.18,2026-02-03T20:57:25Z,-4.515,3.53,-0.036,0
2026-02-03T21:15:00Z,135494,13.18,2026-02-03T21:02:25Z,-4.642,3.53,-0.037,0
2026-02-03T21:30:00Z,135495,13.16,2026-02-03T21:29:50Z,-4.765,3.532,-0.038,0
2026-02-03T21:45:00Z,135496,13.17,2026-02-03T21:44:45Z,-4.897,3.532,-0.039,0
2026-02-03T22:00:00Z,135497,13.16,2026-02-03T21:57:35Z,-5.055,3.53,-0.04,0
2026-02-03T22:15:00Z,135498,13.15,2026-02-03T22:02:25Z,-5.229,3.527,-0.041,0
2026-02-03T22:30:00Z,135499,13.15,2026-02-03T22:29:55Z,-5.423,3.523,-0.043,0
2026-02-03T22:45:00Z,135500,13.15,2026-02-03T22:42:25Z,-5.632,3.516,-0.044,0
2026-02-03T23:00:00Z,135501,13.14,2026-02-03T22:57:30Z,-5.861,3.506,-0.046,0
2026-02-03T23:15:00Z,135502,13.14,2026-02-03T23:02:20Z,-6.141,3.495,-0.048,0
2026-02-03T23:30:00Z,135503,13.13,2026-02-03T23:23:10Z,-6.575,3.484,-0.05,0
2026-02-03T23:45:00Z,135504,13.13,2026-02-03T23:32:40Z,-7.218,3.467,-0.052,0
2026-02-04T00:15:00Z,135506,13.11,2026-02-04T00:02:30Z,-8.82,3.467,-0.057,0
2026-02-04T00:30:00Z,135507,13.1,2026-02-04T00:27:25Z,-9.65,3.449,-0.06,0
2026-02-04T00:45:00Z,135508,13.1,2026-02-04T00:35:40Z,-10.46,3.414,-0.065,0
2026-02-04T01:00:00Z,135509,13.08,2026-02-04T00:57:25Z,-11.22,3.304,-0.07,0
2026-02-04T01:15:00Z,135510,13.07,2026-02-04T01:02:20Z,-11.78,3.184,-0.076,0
2026-02-04T01:30:00Z,135511,13.07,2026-02-04T01:29:50Z,-12.1,3.097,-0.084,0
2026-02-04T01:45:00Z,135512,13.07,2026-02-04T01:36:30Z,-12.23,3.009,-0.093,0
2026-02-04T02:00:00Z,135513,13.07,2026-02-04T01:46:50Z,-12.2,2.757,-0.104,0
2026-02-04T02:15:00Z,135514,13.06,2026-02-04T02:02:20Z,-12.07,2.426,-0.115,0
2026-02-04T02:30:00Z,135515,13.06,2026-02-04T02:15:20Z,-11.91,2.037,-0.127,0
2026-02-04T02:45:00Z,135516,13.06,2026-02-04T02:41:10Z,-11.73,1.77,-0.138,0
2026-02-04T03:00:00Z,135517,13.05,2026-02-04T02:57:25Z,-11.52,1.109,-0.149,0
2026-02-04T03:15:00Z,135518,13.05,2026-02-04T03:08:40Z,-11.28,0.14,-0.153,0
2026-02-04T03:30:00Z,135519,13.04,2026-02-04T03:26:25Z,-11.05,-0.328,-0.147,0
2026-02-04T03:45:00Z,135520,13.06,2026-02-04T03:43:15Z,-10.85,-0.277,-0.139,0
2026-02-04T04:00:00Z,135521,13.06,2026-02-04T03:59:20Z,-10.66,0.154,-0.129,0
2026-02-04T04:15:00Z,135522,13.06,2026-02-04T04:00:55Z,-10.48,0.487,-0.124,0
2026-02-04T04:30:00Z,135523,13.05,2026-02-04T04:30:00Z,-10.32,0.968,-0.115,0
2026-02-04T04:45:00Z,135524,13.06,2026-02-04T04:31:20Z,-10.17,1.526,-0.105,0
2026-02-04T05:00:00Z,135525,13.04,2026-02-04T04:57:25Z,-10.05,2.01,-0.097,0
2026-02-04T05:15:00Z,135526,13.04,2026-02-04T05:02:30Z,-9.93,2.423,-0.09,0
2026-02-04T05:30:00Z,135527,13.05,2026-02-04T05:23:10Z,-9.8,2.817,-0.083,0
2026-02-04T05:45:00Z,135528,13.05,2026-02-04T05:30:10Z,-9.65,3.133,-0.078,0
2026-02-04T06:00:00Z,135529,13.05,2026-02-04T05:57:35Z,-9.53,3.326,-0.073,0
2026-02-04T06:15:00Z,135530,13.05,2026-02-04T06:02:25Z,-9.43,3.447,-0.068,0
2026-02-04T06:30:00Z,135531,13.05,2026-02-04T06:22:15Z,-9.33,3.471,-0.064,0
2026-02-04T06:45:00Z,135532,13.04,2026-02-04T06:30:05Z,-9.24,3.445,-0.061,0
2026-02-04T07:00:00Z,135533,13.04,2026-02-04T06:57:30Z,-9.17,3.404,-0.058,0
2026-02-04T07:15:00Z,135534,13.04,2026-02-04T07:02:20Z,-9.1,3.35,-0.055,0
2026-02-04T07:30:00Z,135535,13.06,2026-02-04T07:15:10Z,-9.06,3.287,-0.052,0
2026-02-04T07:45:00Z,135536,13.06,2026-02-04T07:30:05Z,-9.05,3.218,-0.049,0
2026-02-04T08:00:00Z,135537,13.06,2026-02-04T07:45:05Z,-9.05,3.149,-0.047,0
2026-02-04T08:15:00Z,135538,13.07,2026-02-04T08:00:05Z,-9.07,3.08,-0.044,0
2026-02-04T08:30:00Z,135539,13.08,2026-02-04T08:15:05Z,-9.04,3.014,-0.042,0
2026-02-04T08:45:00Z,135540,13.09,2026-02-04T08:30:05Z,-8.97,2.951,-0.04,0
2026-02-04T09:00:00Z,135541,13.12,2026-02-04T08:45:05Z,-8.86,2.887,-0.038,0
2026-02-04T09:15:00Z,135542,13.13,2026-02-04T09:02:20Z,-8.71,2.826,-0.036,0
2026-02-04T09:30:00Z,135543,13.18,2026-02-04T09:15:05Z,-8.51,2.769,-0.034,0
2026-02-04T09:45:00Z,135544,13.22,2026-02-04T09:30:50Z,-8.27,2.714,-0.032,0
2026-02-04T10:00:00Z,135545,13.27,2026-02-04T09:45:05Z,-7.954,2.662,-0.03,0
2026-02-04T10:15:00Z,135546,13.33,2026-02-04T10:00:05Z,-7.565,2.613,-0.027,0
2026-02-04T10:30:00Z,135547,13.4,2026-02-04T10:15:05Z,-7.166,2.565,-0.025,0
2026-02-04T10:45:00Z,135548,13.44,2026-02-04T10:30:05Z,-6.756,2.516,-0.023,0
2026-02-04T11:00:00Z,135549,13.43,2026-02-04T10:46:35Z,-6.383,2.471,-0.021,0
2026-02-04T11:15:00Z,135550,13.47,2026-02-04T11:02:20Z,-6.052,2.433,-0.02,0
2026-02-04T11:30:00Z,135551,13.53,2026-02-04T11:15:45Z,-5.649,2.394,-0.018,0
2026-02-04T11:45:00Z,135552,13.58,2026-02-04T11:30:05Z,-5.209,2.354,-0.016,0
2026-02-04T12:00:00Z,135553,13.6,2026-02-04T11:45:05Z,-4.815,2.315,-0.014,0
2026-02-04T12:15:00Z,135554,13.59,2026-02-04T12:02:25Z,-4.488,2.278,-0.013,0
2026-02-04T12:30:00Z,135555,13.6,2026-02-04T12:29:55Z,-4.185,2.241,-0.011,0
2026-02-04T12:45:00Z,135556,13.59,2026-02-04T12:36:30Z,-3.95,2.206,-0.01,0
2026-02-04T13:00:00Z,135557,13.61,2026-02-04T12:54:50Z,-3.796,2.168,-0.008,0
2026-02-04T13:15:00Z,135558,13.63,2026-02-04T13:02:20Z,-3.64,2.136,-0.007,0
2026-02-04T13:30:00Z,135559,13.66,2026-02-04T13:30:00Z,-3.549,2.101,-0.005,0
2026-02-04T13:45:00Z,135560,13.55,2026-02-04T13:40:25Z,-3.233,2.068,-0.005,0
2026-02-04T14:00:00Z,135561,13.58,2026-02-04T13:59:20Z,-2.994,2.039,-0.004,0
2026-02-04T14:15:00Z,135562,13.56,2026-02-04T14:08:15Z,-2.968,2.011,-0.003,0
2026-02-04T14:30:00Z,135563,13.52,2026-02-04T14:26:00Z,-3.083,1.98,-0.002,0
2026-02-04T14:45:00Z,135564,13.56,2026-02-04T14:35:25Z,-3.193,1.947,-0.001,0
2026-02-04T15:00:00Z,135565,13.55,2026-02-04T14:59:30Z,-3.288,1.917,0,0
2026-02-04T15:15:00Z,135566,13.53,2026-02-04T15:05:20Z,-3.435,1.887,0.001,0
2026-02-04T15:30:00Z,135567,13.51,2026-02-04T15:28:40Z,-3.553,1.861,0.001,0
2026-02-04T15:45:00Z,135568,13.5,2026-02-04T15:43:45Z,-3.683,1.836,0.002,0
2026-02-04T16:00:00Z,135569,13.49,2026-02-04T15:59:45Z,-3.97,1.819,0.003,0
2026-02-04T16:15:00Z,135570,13.46,2026-02-04T16:13:35Z,-4.313,1.798,0.003,0
2026-02-04T16:30:00Z,135571,13.44,2026-02-04T16:17:25Z,-4.637,1.776,0.003,0
2026-02-04T16:45:00Z,135572,13.43,2026-02-04T16:40:50Z,-4.957,1.756,0.004,0
2026-02-04T17:00:00Z,135573,13.41,2026-02-04T16:56:25Z,-5.261,1.736,0.004,0
2026-02-04T17:15:00Z,135574,13.39,2026-02-04T17:02:20Z,-5.548,1.718,0.004,0
2026-02-04T17:30:00Z,135575,13.38,2026-02-04T17:29:55Z,-5.803,1.7,0.004,0
2026-02-04T17:45:00Z,135576,13.37,2026-02-04T17:44:10Z,-6.073,1.681,0.004,0
2026-02-04T18:00:00Z,135577,13.36,2026-02-04T17:57:30Z,-6.438,1.662,0.004,0
2026-02-04T18:15:00Z,135578,13.35,2026-02-04T18:06:35Z,-6.932,1.642,0.005,0
2026-02-04T18:30:00Z,135579,13.35,2026-02-04T18:29:55Z,-7.463,1.622,0.005,0
2026-02-04T18:45:00Z,135580,13.33,2026-02-04T18:42:50Z,-8.05,1.6,0.005,0
2026-02-04T19:00:00Z,135581,13.33,2026-02-04T18:45:30Z,-8.72,1.578,0.006,0
2026-02-04T19:15:00Z,135582,13.32,2026-02-04T19:11:15Z,-9.48,1.557,0.006,0
2026-02-04T19:30:00Z,135583,13.32,2026-02-04T19:28:10Z,-10.28,1.534,0.007,0
2026-02-04T19:45:00Z,135584,13.32,2026-02-04T19:30:50Z,-11.1,1.51,0.007,0
2026-02-04T20:00:00Z,135585,13.32,2026-02-04T19:46:50Z,-11.86,1.494,0.008,0
2026-02-04T20:15:00Z,135586,13.31,2026-02-04T20:00:10Z,-12.58,1.474,0.009,0
2026-02-04T20:30:00Z,135587,13.31,2026-02-04T20:29:55Z,-13.25,1.455,0.009,0
2026-02-04T20:45:00Z,135588,13.31,2026-02-04T20:40:10Z,-13.86,1.436,0.01,0
2026-02-04T21:00:00Z,135589,13.29,2026-02-04T20:57:25Z,-14.38,1.423,0.011,0
2026-02-04T21:15:00Z,135590,13.27,2026-02-04T21:02:20Z,-14.88,1.413,0.011,0
2026-02-04T21:30:00Z,135591,13.27,2026-02-04T21:29:55Z,-15.35,1.393,0.012,0
2026-02-04T21:45:00Z,135592,13.28,2026-02-04T21:37:55Z,-15.79,1.375,0.013,0
2026-02-04T22:00:00Z,135593,13.26,2026-02-04T21:46:40Z,-16.19,1.359,0.013,0
2026-02-04T22:15:00Z,135594,13.26,2026-02-04T22:02:20Z,-16.51,1.361,0.014,0
2026-02-04T22:30:00Z,135595,13.25,2026-02-04T22:29:55Z,-16.86,1.349,0.014,0
2026-02-04T22:45:00Z,135596,13.26,2026-02-04T22:44:35Z,-17.17,1.323,0.015,0
2026-02-04T23:00:00Z,135597,13.24,2026-02-04T22:57:25Z,-17.38,1.316,0.015,0
2026-02-04T23:15:00Z,135598,13.26,2026-02-04T23:02:35Z,-17.52,1.303,0.015,0
2026-02-04T23:30:00Z,135599,13.24,2026-02-04T23:29:55Z,-17.66,1.286,0.015,0
2026-02-04T23:45:00Z,135600,13.25,2026-02-04T23:42:40Z,-17.78,1.28,0.016,0
2026-02-05T00:15:00Z,135602,13.24,2026-02-05T00:02:25Z,-18.06,1.256,0.016,0
2026-02-05T00:30:00Z,135603,13.23,2026-02-05T00:30:00Z,-18.22,1.252,0.016,0
2026-02-05T00:45:00Z,135604,13.22,2026-02-05T00:43:30Z,-18.39,1.242,0.017,0
2026-02-05T01:00:00Z,135605,13.21,2026-02-05T00:57:30Z,-18.55,1.235,0.017,0
2026-02-05T01:15:00Z,135606,13.23,2026-02-05T01:08:30Z,-18.72,1.233,0.017,0
2026-02-05T01:30:00Z,135607,13.19,2026-02-05T01:29:50Z,-18.82,1.241,0.017,0
2026-02-05T01:45:00Z,135608,13.22,2026-02-05T01:38:40Z,-18.76,1.242,0.017,0
2026-02-05T02:00:00Z,135609,13.19,2026-02-05T01:57:20Z,-18.47,1.243,0.017,0
2026-02-05T02:15:00Z,135610,13.2,2026-02-05T02:02:20Z,-17.99,1.239,0.017,0
2026-02-05T02:30:00Z,135611,13.19,2026-02-05T02:29:50Z,-17.41,1.242,0.017,0
2026-02-05T02:45:00Z,135612,13.22,2026-02-05T02:33:55Z,-16.79,1.245,0.017,0
2026-02-05T03:00:00Z,135613,13.19,2026-02-05T02:57:20Z,-16.2,1.246,0.017,0
2026-02-05T03:15:00Z,135614,13.23,2026-02-05T03:00:05Z,-15.6,1.247,0.017,0
2026-02-05T03:30:00Z,135615,13.19,2026-02-05T03:16:35Z,-15.08,1.246,0.017,0
2026-02-05T03:45:00Z,135616,13.23,2026-02-05T03:32:35Z,-14.59,1.245,0.017,0
2026-02-05T04:00:00Z,135617,13.23,2026-02-05T03:45:55Z,-14.14,1.246,0.017,0
2026-02-05T04:15:00Z,135618,13.23,2026-02-05T04:02:20Z,-13.74,1.246,0.017,0
2026-02-05T04:30:00Z,135619,13.22,2026-02-05T04:29:50Z,-13.32,1.246,0.017,0
2026-02-05T04:45:00Z,135620,13.25,2026-02-05T04:30:20Z,-12.87,1.246,0.017,0
2026-02-05T05:00:00Z,135621,13.22,2026-02-05T04:57:20Z,-12.42,1.245,0.017,0
2026-02-05T05:15:00Z,135622,13.25,2026-02-05T05:06:40Z,-11.98,1.241,0.017,0
2026-02-05T05:30:00Z,135623,13.25,2026-02-05T05:27:15Z,-11.58,1.234,0.017,0
2026-02-05T05:45:00Z,135624,13.25,2026-02-05T05:40:35Z,-11.24,1.223,0.017,0
2026-02-05T06:00:00Z,135625,13.25,2026-02-05T05:45:55Z,-10.95,1.21,0.016,0
2026-02-05T06:15:00Z,135626,13.24,2026-02-05T06:02:30Z,-10.68,1.197,0.016,0
2026-02-05T06:30:00Z,135627,13.24,2026-02-05T06:29:50Z,-10.42,1.184,0.016,0
2026-02-05T06:45:00Z,135628,13.27,2026-02-05T06:44:35Z,-10.16,1.174,0.016,0
2026-02-05T07:00:00Z,135629,13.25,2026-02-05T06:57:20Z,-9.91,1.165,0.016,0
2026-02-05T07:15:00Z,135630,13.27,2026-02-05T07:00:15Z,-9.67,1.15,0.016,0
2026-02-05T07:30:00Z,135631,13.27,2026-02-05T07:15:10Z,-9.46,1.137,0.016,0
2026-02-05T07:45:00Z,135632,13.28,2026-02-05T07:44:15Z,-9.27,1.13,0.016,0
2026-02-05T08:00:00Z,135633,13.28,2026-02-05T07:51:10Z,-9.1,1.123,0.016,0
2026-02-05T08:15:00Z,135634,13.26,2026-02-05T08:02:20Z,-8.93,1.115,0.016,0
2026-02-05T08:30:00Z,135635,13.29,2026-02-05T08:29:50Z,-8.74,1.108,0.017,0
2026-02-05T08:45:00Z,135636,13.31,2026-02-05T08:35:40Z,-8.55,1.104,0.017,0
2026-02-05T09:00:00Z,135637,13.31,2026-02-05T08:46:40Z,-8.36,1.096,0.017,0
2026-02-05T09:15:00Z,135638,13.32,2026-02-05T09:02:25Z,-8.15,1.086,0.017,0
2026-02-05T09:30:00Z,135639,13.38,2026-02-05T09:15:05Z,-7.886,1.074,0.017,0
2026-02-05T09:45:00Z,135640,13.42,2026-02-05T09:30:05Z,-7.561,1.061,0.018,0
2026-02-05T10:00:00Z,135641,13.46,2026-02-05T09:45:05Z,-7.241,1.043,0.018,0
2026-02-05T10:15:00Z,135642,13.52,2026-02-05T10:00:05Z,-6.864,1.02,0.019,0
2026-02-05T10:30:00Z,135643,13.5,2026-02-05T10:29:50Z,-6.463,1.002,0.019,0
2026-02-05T10:45:00Z,135644,13.52,2026-02-05T10:34:05Z,-6.158,0.988,0.019,0
2026-02-05T11:00:00Z,135645,13.5,2026-02-05T10:57:20Z,-5.843,0.971,0.02,0
2026-02-05T11:15:00Z,135646,13.53,2026-02-05T11:00:05Z,-5.559,0.954,0.02,0
2026-02-05T11:30:00Z,135647,13.56,2026-02-05T11:17:45Z,-5.212,0.939,0.02,0
2026-02-05T11:45:00Z,135648,13.54,2026-02-05T11:41:45Z,-4.909,0.919,0.021,0
2026-02-05T12:00:00Z,135649,13.5,2026-02-05T11:50:55Z,-4.731,0.898,0.021,0
2026-02-05T12:15:00Z,135650,13.51,2026-02-05T12:14:05Z,-4.62,0.882,0.021,0
2026-02-05T12:30:00Z,135651,13.5,2026-02-05T12:29:55Z,-4.507,0.866,0.021,0
2026-02-05T12:45:00Z,135652,13.49,2026-02-05T12:43:40Z,-4.432,0.855,0.021,0
2026-02-05T13:00:00Z,135653,13.47,2026-02-05T12:57:25Z,-4.405,0.846,0.021,0
2026-02-05T13:15:00Z,135654,13.45,2026-02-05T13:14:35Z,-4.439,0.837,0.022,0
2026-02-05T13:30:00Z,135655,13.45,2026-02-05T13:29:00Z,-4.456,0.828,0.022,0
2026-02-05T13:45:00Z,135656,13.43,2026-02-05T13:45:00Z,-4.431,0.822,0.022,0
2026-02-05T14:00:00Z,135657,13.42,2026-02-05T13:57:25Z,-4.477,0.816,0.022,0
2026-02-05T14:15:00Z,135658,13.42,2026-02-05T14:02:20Z,-4.505,0.81,0.022,0
2026-02-05T14:30:00Z,135659,13.42,2026-02-05T14:16:40Z,-4.456,0.806,0.023,0
2026-02-05T14:45:00Z,135660,13.44,2026-02-05T14:44:30Z,-4.354,0.799,0.023,0
2026-02-05T15:00:00Z,135661,13.42,2026-02-05T14:57:20Z,-4.209,0.794,0.023,0
2026-02-05T15:15:00Z,135662,13.42,2026-02-05T15:10:30Z,-4.106,0.786,0.023,0
2026-02-05T15:30:00Z,135663,13.4,2026-02-05T15:24:05Z,-4.067,0.778,0.023,0
2026-02-05T15:45:00Z,135664,13.41,2026-02-05T15:44:15Z,-4.038,0.774,0.024,0
2026-02-05T16:00:00Z,135665,13.4,2026-02-05T15:59:10Z,-4.023,0.77,0.024,0
2026-02-05T16:15:00Z,135666,13.39,2026-02-05T16:14:40Z,-3.997,0.766,0.024,0
2026-02-05T16:30:00Z,135667,13.37,2026-02-05T16:29:55Z,-4.125,0.759,0.024,0
2026-02-05T16:45:00Z,135668,13.36,2026-02-05T16:43:45Z,-4.33,0.754,0.024,0
2026-02-05T17:00:00Z,135669,13.34,2026-02-05T16:57:25Z,-4.544,0.749,0.024,0
2026-02-05T17:15:00Z,135670,13.34,2026-02-05T17:14:40Z,-4.768,0.745,0.024,0
2026-02-05T17:30:00Z,135671,13.34,2026-02-05T17:26:40Z,-4.992,0.742,0.025,0
2026-02-05T17:45:00Z,135672,13.33,2026-02-05T17:37:20Z,-5.197,0.737,0.025,0
2026-02-05T18:00:00Z,135673,13.31,2026-02-05T17:56:40Z,-5.377,0.733,0.025,0
2026-02-05T18:15:00Z,135674,13.31,2026-02-05T18:02:25Z,-5.544,0.731,0.025,0
2026-02-05T18:30:00Z,135675,13.31,2026-02-05T18:30:00Z,-5.664,0.728,0.025,0
2026-02-05T18:45:00Z,135676,13.32,2026-02-05T18:32:05Z,-5.765,0.725,0.025,0
2026-02-05T19:00:00Z,135677,13.31,2026-02-05T18:57:25Z,-5.848,0.722,0.025,0
2026-02-05T19:15:00Z,135678,13.31,2026-02-05T19:02:20Z,-5.914,0.721,0.025,0
2026-02-05T19:30:00Z,135679,13.31,2026-02-05T19:16:30Z,-5.973,0.72,0.025,0
2026-02-05T19:45:00Z,135680,13.31,2026-02-05T19:30:05Z,-6.032,0.718,0.025,0
2026-02-05T20:00:00Z,135681,13.31,2026-02-05T19:52:05Z,-6.081,0.713,0.026,0
2026-02-05T20:15:00Z,135682,13.3,2026-02-05T20:02:25Z,-6.133,0.709,0.026,0
2026-02-05T20:30:00Z,135683,13.3,2026-02-05T20:26:45Z,-6.188,0.705,0.026,0
2026-02-05T20:45:00Z,135684,13.3,2026-02-05T20:37:25Z,-6.233,0.701,0.026,0
2026-02-05T21:00:00Z,135685,13.29,2026-02-05T20:57:25Z,-6.273,0.698,0.026,0
2026-02-05T21:15:00Z,135686,13.3,2026-02-05T21:02:25Z,-6.305,0.694,0.026,0
2026-02-05T21:30:00Z,135687,13.3,2026-02-05T21:15:05Z,-6.335,0.691,0.026,0
2026-02-05T21:45:00Z,135688,13.29,2026-02-05T21:39:15Z,-6.362,0.687,0.026,0
2026-02-05T22:00:00Z,135689,13.3,2026-02-05T21:49:25Z,-6.385,0.683,0.026,0
2026-02-05T22:15:00Z,135690,13.29,2026-02-05T22:02:45Z,-6.407,0.677,0.026,0
2026-02-05T22:30:00Z,135691,13.29,2026-02-05T22:29:55Z,-6.45,0.673,0.026,0
2026-02-05T22:45:00Z,135692,13.29,2026-02-05T22:32:05Z,-6.494,0.668,0.027,0
2026-02-05T23:00:00Z,135693,13.3,2026-02-05T22:45:25Z,-6.546,0.661,0.027,0
2026-02-05T23:15:00Z,135694,13.29,2026-02-05T23:02:20Z,-6.6,0.658,0.027,0
2026-02-05T23:30:00Z,135695,13.29,2026-02-05T23:22:55Z,-6.664,0.654,0.027,0
2026-02-05T23:45:00Z,135696,13.29,2026-02-05T23:32:45Z,-6.728,0.652,0.027,0
2026-02-06T00:15:00Z,135698,13.29,2026-02-06T00:02:30Z,-6.822,0.644,0.027,0
2026-02-06T00:30:00Z,135699,13.27,2026-02-06T00:29:55Z,-6.844,0.641,0.027,0
2026-02-06T00:45:00Z,135700,13.29,2026-02-06T00:30:05Z,-6.861,0.636,0.027,0
2026-02-06T01:00:00Z,135701,13.27,2026-02-06T00:57:25Z,-6.841,0.633,0.027,0
2026-02-06T01:15:00Z,135702,13.29,2026-02-06T01:01:30Z,-6.841,0.629,0.027,0
2026-02-06T01:30:00Z,135703,13.27,2026-02-06T01:17:00Z,-6.819,0.624,0.027,0
2026-02-06T01:45:00Z,135704,13.29,2026-02-06T01:33:15Z,-6.783,0.619,0.028,0
2026-02-06T02:00:00Z,135705,13.29,2026-02-06T01:46:50Z,-6.744,0.615,0.028,0
2026-02-06T02:15:00Z,135706,13.27,2026-02-06T02:02:25Z,-6.697,0.611,0.028,0
2026-02-06T02:30:00Z,135707,13.27,2026-02-06T02:29:55Z,-6.636,0.606,0.028,0
2026-02-06T02:45:00Z,135708,13.29,2026-02-06T02:30:15Z,-6.557,0.6,0.028,0
2026-02-06T03:00:00Z,135709,13.27,2026-02-06T02:57:25Z,-6.477,0.595,0.028,0
2026-02-06T03:15:00Z,135710,13.27,2026-02-06T03:02:40Z,-6.398,0.59,0.028,0
2026-02-06T03:30:00Z,135711,13.28,2026-02-06T03:16:30Z,-6.33,0.585,0.028,0
2026-02-06T03:45:00Z,135712,13.27,2026-02-06T03:30:10Z,-6.265,0.581,0.028,0
2026-02-06T04:00:00Z,135713,13.27,2026-02-06T03:48:30Z,-6.195,0.577,0.028,0
2026-02-06T04:15:00Z,135714,13.28,2026-02-06T04:01:30Z,-6.118,0.572,0.028,0
2026-02-06T04:30:00Z,135715,13.27,2026-02-06T04:23:10Z,-6.037,0.569,0.029,0
2026-02-06T04:45:00Z,135716,13.27,2026-02-06T04:31:10Z,-5.961,0.567,0.029,0
2026-02-06T05:00:00Z,135717,13.27,2026-02-06T04:56:45Z,-5.892,0.564,0.029,0
2026-02-06T05:15:00Z,135718,13.27,2026-02-06T05:05:50Z,-5.834,0.562,0.029,0
2026-02-06T05:30:00Z,135719,13.27,2026-02-06T05:29:50Z,-5.782,0.56,0.029,0
2026-02-06T05:45:00Z,135720,13.27,2026-02-06T05:43:10Z,-5.727,0.558,0.029,0
2026-02-06T06:00:00Z,135721,13.27,2026-02-06T05:57:20Z,-5.678,0.555,0.029,0
2026-02-06T06:15:00Z,135722,13.27,2026-02-06T06:08:25Z,-5.613,0.552,0.029,0
2026-02-06T06:30:00Z,135723,13.27,2026-02-06T06:20:30Z,-5.525,0.549,0.029,0
2026-02-06T06:45:00Z,135724,13.28,2026-02-06T06:30:05Z,-5.408,0.547,0.029,0
2026-02-06T07:00:00Z,135725,13.27,2026-02-06T06:46:45Z,-5.315,0.545,0.029,0
2026-02-06T07:15:00Z,135726,13.28,2026-02-06T07:00:10Z,-5.233,0.542,0.029,0
2026-02-06T07:30:00Z,135727,13.26,2026-02-06T07:29:50Z,-5.162,0.539,0.029,0
2026-02-06T07:45:00Z,135728,13.28,2026-02-06T07:30:05Z,-5.096,0.536,0.03,0
2026-02-06T08:00:00Z,135729,13.27,2026-02-06T07:57:20Z,-5.039,0.534,0.03,0
2026-02-06T08:15:00Z,135730,13.27,2026-02-06T08:02:25Z,-4.97,0.532,0.03,0
2026-02-06T08:30:00Z,135731,13.28,2026-02-06T08:15:10Z,-4.884,0.531,0.03,0
2026-02-06T08:45:00Z,135732,13.28,2026-02-06T08:32:20Z,-4.771,0.533,0.03,0
2026-02-06T09:00:00Z,135733,13.28,2026-02-06T08:46:15Z,-4.617,0.538,0.03,0
2026-02-06T09:15:00Z,135734,13.28,2026-02-06T09:11:45Z,-4.437,0.539,0.03,0
2026-02-06T09:30:00Z,135735,13.28,2026-02-06T09:17:15Z,-4.21,0.539,0.03,0
2026-02-06T09:45:00Z,135736,13.29,2026-02-06T09:43:10Z,-3.851,0.535,0.03,0
2026-02-06T10:00:00Z,135737,13.28,2026-02-06T09:57:30Z,-3.427,0.532,0.03,0
2026-02-06T10:15:00Z,135738,13.28,2026-02-06T10:02:25Z,-3.023,0.531,0.03,0
2026-02-06T10:30:00Z,135739,13.28,2026-02-06T10:29:55Z,-2.62,0.528,0.031,0
2026-02-06T10:45:00Z,135740,13.29,2026-02-06T10:31:10Z,-2.239,0.523,0.031,0
2026-02-06T11:00:00Z,135741,13.29,2026-02-06T10:57:30Z,-1.863,0.52,0.031,0
2026-02-06T11:15:00Z,135742,13.28,2026-02-06T11:09:00Z,-1.484,0.508,0.031,0
2026-02-06T11:30:00Z,135743,13.3,2026-02-06T11:20:00Z,-1.123,0.5,0.031,0
2026-02-06T11:45:00Z,135744,13.29,2026-02-06T11:36:25Z,-0.789,0.494,0.031,0
2026-02-06T12:00:00Z,135745,13.3,2026-02-06T11:47:35Z,-0.513,0.484,0.031,0
2026-02-06T12:15:00Z,135746,13.29,2026-02-06T12:10:55Z,-0.222,0.472,0.031,0
2026-02-06T12:30:00Z,135747,13.3,2026-02-06T12:29:55Z,0.094,0.466,0.031,0
2026-02-06T12:45:00Z,135748,13.31,2026-02-06T12:34:20Z,0.461,0.461,0.032,0
2026-02-06T13:00:00Z,135749,13.32,2026-02-06T12:51:35Z,0.729,0.458,0.032,0
2026-02-06T13:15:00Z,135750,13.32,2026-02-06T13:04:55Z,0.746,0.454,0.032,0
2026-02-06T13:30:00Z,135751,13.33,2026-02-06T13:29:50Z,0.784,0.45,0.032,0
2026-02-06T13:45:00Z,135752,13.34,2026-02-06T13:30:05Z,0.823,0.447,0.032,0
2026-02-06T14:00:00Z,135753,13.33,2026-02-06T13:50:15Z,0.812,0.443,0.032,0
2026-02-06T14:15:00Z,135754,13.35,2026-02-06T14:00:05Z,0.791,0.44,0.032,0
2026-02-06T14:30:00Z,135755,13.38,2026-02-06T14:18:00Z,0.769,0.438,0.032,0
2026-02-06T14:45:00Z,135756,13.4,2026-02-06T14:38:15Z,0.752,0.432,0.032,0
2026-02-06T15:00:00Z,135757,13.4,2026-02-06T14:45:05Z,0.71,0.429,0.032,0
2026-02-06T15:15:00Z,135758,13.38,2026-02-06T15:02:20Z,0.661,0.432,0.033,0
2026-02-06T15:30:00Z,135759,13.37,2026-02-06T15:29:50Z,0.63,0.43,0.033,0
2026-02-06T15:45:00Z,135760,13.37,2026-02-06T15:37:25Z,0.584,0.428,0.033,0
2026-02-06T16:00:00Z,135761,13.38,2026-02-06T15:45:05Z,0.542,0.429,0.033,0
2026-02-06T16:15:00Z,135762,13.36,2026-02-06T16:07:50Z,0.56,0.428,0.033,0
2026-02-06T16:30:00Z,135763,13.38,2026-02-06T16:16:45Z,0.493,0.427,0.032,0
2026-02-06T16:45:00Z,135764,13.4,2026-02-06T16:40:35Z,0.447,0.426,0.032,0
2026-02-06T17:00:00Z,135765,13.38,2026-02-06T16:57:20Z,0.337,0.425,0.031,0
2026-02-06T17:15:00Z,135766,13.37,2026-02-06T17:08:50Z,0.186,0.424,0.03,0
2026-02-06T17:30:00Z,135767,13.33,2026-02-06T17:24:20Z,0.008,0.424,0.029,0
2026-02-06T17:45:00Z,135768,13.33,2026-02-06T17:44:45Z,-0.326,0.424,0.027,0
2026-02-06T18:00:00Z,135769,13.3,2026-02-06T17:59:00Z,-0.751,0.424,0.026,0
2026-02-06T18:15:00Z,135770,13.31,2026-02-06T18:12:50Z,-1.204,0.424,0.026,0
2026-02-06T18:30:00Z,135771,13.3,2026-02-06T18:29:50Z,-1.694,0.424,0.025,0
2026-02-06T18:45:00Z,135772,13.31,2026-02-06T18:37:45Z,-2.259,0.423,0.025,0
2026-02-06T19:00:00Z,135773,13.29,2026-02-06T18:57:20Z,-2.818,0.424,0.025,0
2026-02-06T19:15:00Z,135774,13.29,2026-02-06T19:13:35Z,-3.392,0.426,0.025,0
2026-02-06T19:30:00Z,135775,13.29,2026-02-06T19:28:25Z,-3.969,0.427,0.025,0
2026-02-06T19:45:00Z,135776,13.28,2026-02-06T19:36:50Z,-4.567,0.429,0.024,0
2026-02-06T20:00:00Z,135777,13.27,2026-02-06T19:57:20Z,-5.137,0.43,0.024,0
2026-02-06T20:15:00Z,135778,13.27,2026-02-06T20:02:20Z,-5.679,0.431,0.024,0
2026-02-06T20:30:00Z,135779,13.26,2026-02-06T20:29:50Z,-6.158,0.431,0.024,0
2026-02-06T20:45:00Z,135780,13.27,2026-02-06T20:33:45Z,-6.587,0.431,0.024,0
2026-02-06T21:00:00Z,135781,13.26,2026-02-06T20:57:45Z,-7.008,0.431,0.024,0
2026-02-06T21:15:00Z,135782,13.26,2026-02-06T21:10:40Z,-7.432,0.432,0.024,0
2026-02-06T21:30:00Z,135783,13.24,2026-02-06T21:19:45Z,-7.838,0.431,0.024,0
2026-02-06T21:45:00Z,135784,13.25,2026-02-06T21:40:30Z,-8.25,0.431,0.024,0
2026-02-06T22:00:00Z,135785,13.24,2026-02-06T21:57:20Z,-8.61,0.431,0.025,0
2026-02-06T22:15:00Z,135786,13.23,2026-02-06T22:04:25Z,-8.96,0.431,0.025,0
2026-02-06T22:30:00Z,135787,13.23,2026-02-06T22:29:50Z,-9.33,0.43,0.025,0
2026-02-06T22:45:00Z,135788,13.25,2026-02-06T22:30:05Z,-9.68,0.429,0.025,0
2026-02-06T23:00:00Z,135789,13.23,2026-02-06T22:57:25Z,-10.04,0.429,0.025,0
2026-02-06T23:15:00Z,135790,13.22,2026-02-06T23:02:35Z,-10.4,0.428,0.025,0
2026-02-06T23:30:00Z,135791,13.21,2026-02-06T23:16:50Z,-10.66,0.428,0.025,0
2026-02-06T23:45:00Z,135792,13.19,2026-02-06T23:37:40Z,-10.89,0.427,0.025,0
2026-02-07T00:15:00Z,135794,13.2,2026-02-07T00:02:20Z,-11.17,0.427,0.025,0
2026-02-07T00:30:00Z,135795,13.2,2026-02-07T00:23:50Z,-11.33,0.427,0.025,0
2026-02-07T00:45:00Z,135796,13.19,2026-02-07T00:42:10Z,-11.51,0.426,0.025,0
2026-02-07T01:00:00Z,135797,13.19,2026-02-07T00:47:35Z,-11.69,0.425,0.025,0
2026-02-07T01:15:00Z,135798,13.2,2026-02-07T01:02:20Z,-11.85,0.425,0.025,0
2026-02-07T01:30:00Z,135799,13.2,2026-02-07T01:29:50Z,-12.06,0.424,0.025,0
2026-02-07T01:45:00Z,135800,13.21,2026-02-07T01:30:05Z,-12.34,0.424,0.025,0
2026-02-07T02:00:00Z,135801,13.2,2026-02-07T01:50:10Z,-12.69,0.424,0.025,0
2026-02-07T02:15:00Z,135802,13.18,2026-02-07T02:02:15Z,-13.08,0.423,0.025,0
2026-02-07T02:30:00Z,135803,13.18,2026-02-07T02:29:55Z,-13.44,0.423,0.025,0
2026-02-07T02:45:00Z,135804,13.2,2026-02-07T02:35:30Z,-13.73,0.423,0.025,0
2026-02-07T03:00:00Z,135805,13.19,2026-02-07T02:57:25Z,-13.91,0.422,0.025,0
2026-02-07T03:15:00Z,135806,13.18,2026-02-07T03:13:45Z,-13.97,0.422,0.025,0
2026-02-07T03:30:00Z,135807,13.17,2026-02-07T03:29:50Z,-13.85,0.421,0.025,0
2026-02-07T03:45:00Z,135808,13.18,2026-02-07T03:40:25Z,-13.58,0.421,0.026,0
2026-02-07T04:00:00Z,135809,13.15,2026-02-07T03:55:05Z,-13.27,0.421,0.026,0
2026-02-07T04:15:00Z,135810,13.18,2026-02-07T04:09:45Z,-12.94,0.42,0.026,0
2026-02-07T04:30:00Z,135811,13.18,2026-02-07T04:29:55Z,-12.68,0.42,0.026,0
2026-02-07T04:45:00Z,135812,13.18,2026-02-07T04:31:05Z,-12.59,0.42,0.026,0
2026-02-07T05:00:00Z,135813,13.18,2026-02-07T04:47:00Z,-12.7,0.419,0.026,0
2026-02-07T05:15:00Z,135814,13.18,2026-02-07T05:15:00Z,-12.83,0.419,0.026,0
2026-02-07T05:30:00Z,135815,13.18,2026-02-07T05:16:20Z,-13.05,0.419,0.026,0
2026-02-07T05:45:00Z,135816,13.18,2026-02-07T05:37:45Z,-13.4,0.419,0.026,0
2026-02-07T06:00:00Z,135817,13.17,2026-02-07T05:58:10Z,-13.8,0.419,0.026,0
2026-02-07T06:15:00Z,135818,13.17,2026-02-07T06:15:00Z,-14.2,0.419,0.027,0
2026-02-07T06:30:00Z,135819,13.16,2026-02-07T06:23:55Z,-14.59,0.419,0.027,0
2026-02-07T06:45:00Z,135820,13.16,2026-02-07T06:37:00Z,-14.95,0.419,0.027,0
2026-02-07T07:00:00Z,135821,13.15,2026-02-07T06:57:20Z,-15.27,0.419,0.027,0
2026-02-07T07:15:00Z,135822,13.16,2026-02-07T07:12:35Z,-15.55,0.419,0.027,0
2026-02-07T07:30:00Z,135823,13.15,2026-02-07T07:29:15Z,-15.81,0.419,0.027,0
2026-02-07T07:45:00Z,135824,13.15,2026-02-07T07:30:20Z,-16.07,0.419,0.027,0
2026-02-07T08:00:00Z,135825,13.16,2026-02-07T07:45:10Z,-16.27,0.419,0.027,0
2026-02-07T08:15:00Z,135826,13.14,2026-02-07T08:02:15Z,-16.41,0.419,0.027,0
2026-02-07T08:30:00Z,135827,13.2,2026-02-07T08:15:05Z,-16.51,0.419,0.027,0
2026-02-07T08:45:00Z,135828,13.26,2026-02-07T08:30:05Z,-16.6,0.416,0.028,0
2026-02-07T09:00:00Z,135829,13.39,2026-02-07T08:45:55Z,-16.22,0.417,0.03,0
2026-02-07T09:15:00Z,135830,13.95,2026-02-07T09:00:40Z,-15.17,0.417,0.032,0
2026-02-07T09:30:00Z,135831,14.05,2026-02-07T09:29:35Z,-13.61,0.417,0.032,0
2026-02-07T09:45:00Z,135832,13.88,2026-02-07T09:42:40Z,-11.93,0.42,0.032,0
2026-02-07T10:00:00Z,135833,13.91,2026-02-07T09:45:05Z,-10.53,0.419,0.032,0
2026-02-07T10:15:00Z,135834,13.88,2026-02-07T10:08:20Z,-9.25,0.42,0.031,0
2026-02-07T10:30:00Z,135835,14,2026-02-07T10:17:20Z,-8.39,0.418,0.032,0
2026-02-07T10:45:00Z,135836,13.82,2026-02-07T10:44:40Z,-7.558,0.42,0.032,0
2026-02-07T11:00:00Z,135837,13.75,2026-02-07T10:56:10Z,-6.802,0.421,0.031,0
2026-02-07T11:15:00Z,135838,13.73,2026-02-07T11:15:00Z,-6.341,0.42,0.031,0
2026-02-07T11:30:00Z,135839,13.67,2026-02-07T11:19:20Z,-6.146,0.419,0.032,0
2026-02-07T11:45:00Z,135840,13.89,2026-02-07T11:32:25Z,-6.029,0.419,0.033,0
2026-02-07T12:00:00Z,135841,13.8,2026-02-07T11:59:50Z,-5.531,0.421,0.033,0
2026-02-07T12:15:00Z,135842,13.8,2026-02-07T12:00:05Z,-4.984,0.419,0.034,0
2026-02-07T12:30:00Z,135843,13.85,2026-02-07T12:28:50Z,-4.406,0.422,0.033,0
2026-02-07T12:45:00Z,135844,13.83,2026-02-07T12:32:50Z,-4.159,0.421,0.033,0
2026-02-07T13:00:00Z,135845,13.98,2026-02-07T12:47:00Z,-3.995,0.42,0.036,0
2026-02-07T13:15:00Z,135846,13.89,2026-02-07T13:11:15Z,-3.655,0.422,0.165,0
2026-02-07T13:30:00Z,135847,13.86,2026-02-07T13:22:25Z,-3.103,0.418,0.969,0
2026-02-07T13:45:00Z,135848,13.87,2026-02-07T13:31:15Z,-2.854,0.416,1.146,0
2026-02-07T14:00:00Z,135849,13.87,2026-02-07T13:52:50Z,-2.432,0.417,1.442,0
2026-02-07T14:15:00Z,135850,13.86,2026-02-07T14:04:00Z,-2.036,0.424,1.033,0
2026-02-07T14:30:00Z,135851,13.88,2026-02-07T14:15:15Z,-2.403,0.424,0.483,0
2026-02-07T14:45:00Z,135852,13.91,2026-02-07T14:42:30Z,-2.973,0.421,0.368,0
2026-02-07T15:00:00Z,135853,13.93,2026-02-07T14:50:45Z,-3.475,0.422,0.431,0
2026-02-07T15:15:00Z,135854,13.93,2026-02-07T15:15:00Z,-3.91,0.42,0.22,0
2026-02-07T15:30:00Z,135855,13.91,2026-02-07T15:15:25Z,-4.224,0.424,0.176,0
2026-02-07T15:45:00Z,135856,14.5,2026-02-07T15:42:55Z,-4.371,0.422,0.05,0
2026-02-07T16:00:00Z,135857,14.5,2026-02-07T15:48:00Z,-4.342,0.423,0.049,0
2026-02-07T16:15:00Z,135858,14.49,2026-02-07T16:00:35Z,-4.187,0.423,0.048,0
2026-02-07T16:30:00Z,135859,14.5,2026-02-07T16:16:50Z,-4.228,0.424,0.047,0
2026-02-07T16:45:00Z,135860,14.53,2026-02-07T16:30:55Z,-4.475,0.424,0.047,0
2026-02-07T17:00:00Z,135861,14.53,2026-02-07T16:46:15Z,-4.858,0.424,0.046,0
2026-02-07T17:15:00Z,135862,14.48,2026-02-07T17:15:00Z,-5.27,0.425,0.046,0
2026-02-07T17:30:00Z,135863,14.14,2026-02-07T17:30:00Z,-5.67,0.425,0.045,0
2026-02-07T17:45:00Z,135864,13.9,2026-02-07T17:44:50Z,-6.111,0.425,0.042,0
2026-02-07T18:00:00Z,135865,13.77,2026-02-07T17:59:35Z,-6.673,0.426,0.041,0
2026-02-07T18:15:00Z,135866,13.67,2026-02-07T18:14:40Z,-7.334,0.426,0.04,0
2026-02-07T18:30:00Z,135867,13.61,2026-02-07T18:29:15Z,-8.07,0.426,0.04,0
2026-02-07T18:45:00Z,135868,13.55,2026-02-07T18:44:30Z,-8.77,0.426,0.039,0
2026-02-07T19:00:00Z,135869,13.49,2026-02-07T18:57:20Z,-9.54,0.426,0.039,0
2026-02-07T19:15:00Z,135870,13.45,2026-02-07T19:12:50Z,-10.33,0.426,0.038,0
2026-02-07T19:30:00Z,135871,13.4,2026-02-07T19:29:50Z,-11.11,0.426,0.038,0
2026-02-07T19:45:00Z,135872,13.38,2026-02-07T19:41:15Z,-11.8,0.426,0.038,0
2026-02-07T20:00:00Z,135873,13.33,2026-02-07T19:57:20Z,-12.43,0.426,0.037,0
2026-02-07T20:15:00Z,135874,13.32,2026-02-07T20:13:15Z,-13.04,0.426,0.037,0
2026-02-07T20:30:00Z,135875,13.3,2026-02-07T20:29:05Z,-13.64,0.426,0.037,0
2026-02-07T20:45:00Z,135876,13.27,2026-02-07T20:42:35Z,-14.14,0.426,0.037,0
2026-02-07T21:00:00Z,135877,13.24,2026-02-07T20:57:20Z,-14.62,0.426,0.037,0
2026-02-07T21:15:00Z,135878,13.25,2026-02-07T21:14:35Z,-15.04,0.426,0.037,0
2026-02-07T21:30:00Z,135879,13.22,2026-02-07T21:29:50Z,-15.44,0.425,0.037,0
2026-02-07T21:45:00Z,135880,13.22,2026-02-07T21:43:55Z,-15.79,0.426,0.036,0
2026-02-07T22:00:00Z,135881,13.19,2026-02-07T21:57:20Z,-16.06,0.426,0.036,0
2026-02-07T22:15:00Z,135882,13.21,2026-02-07T22:07:55Z,-16.29,0.425,0.036,0
2026-02-07T22:30:00Z,135883,13.21,2026-02-07T22:21:15Z,-16.46,0.425,0.036,0
2026-02-07T22:45:00Z,135884,13.21,2026-02-07T22:30:45Z,-16.63,0.425,0.036,0
2026-02-07T23:00:00Z,135885,13.19,2026-02-07T22:57:20Z,-16.74,0.425,0.036,0
2026-02-07T23:15:00Z,135886,13.17,2026-02-07T23:07:10Z,-16.82,0.425,0.036,0
2026-02-07T23:30:00Z,135887,13.16,2026-02-07T23:29:50Z,-16.95,0.425,0.036,0
2026-02-07T23:45:00Z,135888,13.2,2026-02-07T23:32:20Z,-17.03,0.425,0.036,0
2026-02-08T00:15:00Z,135890,13.19,2026-02-08T00:02:20Z,-16.98,0.425,0.036,0
2026-02-08T00:30:00Z,135891,13.19,2026-02-08T00:29:50Z,-16.85,0.425,0.036,0
2026-02-08T00:45:00Z,135892,13.2,2026-02-08T00:30:05Z,-16.56,0.425,0.037,0
2026-02-08T01:00:00Z,135893,13.18,2026-02-08T00:57:20Z,-16.13,0.425,0.037,0
2026-02-08T01:15:00Z,135894,13.16,2026-02-08T01:02:35Z,-15.65,0.425,0.037,0
2026-02-08T01:30:00Z,135895,13.17,2026-02-08T01:29:50Z,-15.21,0.425,0.037,0
2026-02-08T01:45:00Z,135896,13.2,2026-02-08T01:30:10Z,-14.82,0.425,0.037,0
2026-02-08T02:00:00Z,135897,13.17,2026-02-08T01:57:20Z,-14.46,0.425,0.037,0
2026-02-08T02:15:00Z,135898,13.2,2026-02-08T02:02:20Z,-14.17,0.425,0.037,0
2026-02-08T02:30:00Z,135899,13.21,2026-02-08T02:16:15Z,-13.9,0.425,0.037,0
2026-02-08T02:45:00Z,135900,13.21,2026-02-08T02:32:35Z,-13.66,0.425,0.037,0
2026-02-08T03:00:00Z,135901,13.2,2026-02-08T02:47:05Z,-13.39,0.425,0.037,0
2026-02-08T03:15:00Z,135902,13.19,2026-02-08T03:10:00Z,-13.13,0.426,0.037,0
2026-02-08T03:30:00Z,135903,13.21,2026-02-08T03:29:55Z,-12.87,0.426,0.037,0
2026-02-08T03:45:00Z,135904,13.22,2026-02-08T03:30:10Z,-12.62,0.426,0.037,0
2026-02-08T04:00:00Z,135905,13.2,2026-02-08T03:57:20Z,-12.39,0.426,0.037,0
2026-02-08T04:15:00Z,135906,13.22,2026-02-08T04:10:40Z,-12.16,0.426,0.037,0
2026-02-08T04:30:00Z,135907,13.22,2026-02-08T04:29:50Z,-11.94,0.426,0.037,0
2026-02-08T04:45:00Z,135908,13.2,2026-02-08T04:37:05Z,-11.73,0.426,0.037,0
2026-02-08T05:00:00Z,135909,13.21,2026-02-08T04:57:20Z,-11.52,0.426,0.037,0
2026-02-08T05:15:00Z,135910,13.23,2026-02-08T05:04:10Z,-11.31,0.426,0.037,0
2026-02-08T05:30:00Z,135911,13.22,2026-02-08T05:30:00Z,-11.09,0.426,0.037,0
2026-02-08T05:45:00Z,135912,13.23,2026-02-08T05:35:00Z,-10.92,0.426,0.037,0
2026-02-08T06:00:00Z,135913,13.21,2026-02-08T05:57:20Z,-10.77,0.426,0.037,0
2026-02-08T06:15:00Z,135914,13.23,2026-02-08T06:01:40Z,-10.66,0.426,0.037,0
2026-02-08T06:30:00Z,135915,13.22,2026-02-08T06:29:55Z,-10.57,0.426,0.037,0
2026-02-08T06:45:00Z,135916,13.23,2026-02-08T06:31:00Z,-10.51,0.426,0.037,0
2026-02-08T07:00:00Z,135917,13.22,2026-02-08T06:57:25Z,-10.46,0.426,0.037,0
2026-02-08T07:15:00Z,135918,13.23,2026-02-08T07:02:20Z,-10.41,0.426,0.037,0
2026-02-08T07:30:00Z,135919,13.23,2026-02-08T07:24:20Z,-10.36,0.427,0.037,0
2026-02-08T07:45:00Z,135920,13.24,2026-02-08T07:31:25Z,-10.32,0.427,0.037,0
2026-02-08T08:00:00Z,135921,13.23,2026-02-08T07:57:20Z,-10.28,0.427,0.037,0
2026-02-08T08:15:00Z,135922,13.25,2026-02-08T08:00:45Z,-10.23,0.427,0.037,0
2026-02-08T08:30:00Z,135923,13.27,2026-02-08T08:15:30Z,-10.15,0.427,0.037,0
2026-02-08T08:45:00Z,135924,13.27,2026-02-08T08:38:45Z,-10.04,0.427,0.037,0
2026-02-08T09:00:00Z,135925,13.29,2026-02-08T08:47:55Z,-9.89,0.427,0.037,0
2026-02-08T09:15:00Z,135926,13.32,2026-02-08T09:02:25Z,-9.68,0.427,0.037,0
2026-02-08T09:30:00Z,135927,13.37,2026-02-08T09:15:05Z,-9.44,0.427,0.037,0
2026-02-08T09:45:00Z,135928,13.45,2026-02-08T09:30:05Z,-9.09,0.427,0.038,0
2026-02-08T10:00:00Z,135929,13.52,2026-02-08T09:47:25Z,-8.61,0.427,0.038,0
2026-02-08T10:15:00Z,135930,13.77,2026-02-08T10:02:00Z,-8.1,0.427,0.04,0
2026-02-08T10:30:00Z,135931,13.92,2026-02-08T10:29:00Z,-7.518,0.423,0.059,0
2026-02-08T10:45:00Z,135932,13.89,2026-02-08T10:31:35Z,-6.397,0.416,2.256,0
2026-02-08T11:00:00Z,135933,13.93,2026-02-08T10:46:00Z,-4.256,0.43,1.786,0
2026-02-08T11:15:00Z,135934,14.92,2026-02-08T11:02:30Z,-3.931,0.426,0.065,0
2026-02-08T11:30:00Z,135935,14.89,2026-02-08T11:29:55Z,-4.029,0.426,0.056,0
2026-02-08T11:45:00Z,135936,14.72,2026-02-08T11:45:00Z,-3.859,0.427,0.056,0
2026-02-08T12:00:00Z,135937,14.46,2026-02-08T11:57:20Z,-3.623,0.427,0.054,0
2026-02-08T12:15:00Z,135938,14.47,2026-02-08T12:02:25Z,-3.337,0.426,0.053,0
2026-02-08T12:30:00Z,135939,14.47,2026-02-08T12:25:20Z,-3.084,0.429,0.052,0
2026-02-08T12:45:00Z,135940,14.47,2026-02-08T12:32:45Z,-3.149,0.427,0.052,0
2026-02-08T13:00:00Z,135941,14.47,2026-02-08T12:52:00Z,-3.307,0.427,0.052,0
2026-02-08T13:15:00Z,135942,14.5,2026-02-08T13:01:10Z,-3.365,0.428,0.051,0
2026-02-08T13:30:00Z,135943,14.49,2026-02-08T13:29:50Z,-3.447,0.428,0.051,0
2026-02-08T13:45:00Z,135944,14.5,2026-02-08T13:30:20Z,-3.57,0.427,0.051,0
2026-02-08T14:00:00Z,135945,14.49,2026-02-08T13:47:10Z,-3.727,0.428,0.051,0
2026-02-08T14:15:00Z,135946,14.49,2026-02-08T14:00:45Z,-3.964,0.427,0.051,0
2026-02-08T14:30:00Z,135947,14.49,2026-02-08T14:24:45Z,-4.04,0.427,0.051,0
2026-02-08T14:45:00Z,135948,14.49,2026-02-08T14:32:45Z,-4.052,0.428,0.051,0
2026-02-08T15:00:00Z,135949,14.49,2026-02-08T14:46:05Z,-4.112,0.427,0.05,0
2026-02-08T15:15:00Z,135950,14.5,2026-02-08T15:01:10Z,-4.242,0.427,0.05,0
2026-02-08T15:30:00Z,135951,14.53,2026-02-08T15:18:05Z,-4.458,0.428,0.05,0
2026-02-08T15:45:00Z,135952,14.53,2026-02-08T15:42:05Z,-4.642,0.428,0.05,0
2026-02-08T16:00:00Z,135953,14.53,2026-02-08T15:55:25Z,-4.704,0.428,0.05,0
2026-02-08T16:15:00Z,135954,14.52,2026-02-08T16:02:20Z,-4.633,0.428,0.05,0
2026-02-08T16:30:00Z,135955,14.53,2026-02-08T16:17:50Z,-4.757,0.428,0.05,0
2026-02-08T16:45:00Z,135956,14.56,2026-02-08T16:33:40Z,-5,0.428,0.05,0
2026-02-08T17:00:00Z,135957,14.56,2026-02-08T16:54:10Z,-5.309,0.428,0.05,0
2026-02-08T17:15:00Z,135958,14.53,2026-02-08T17:14:55Z,-5.637,0.428,0.05,0
2026-02-08T17:30:00Z,135959,14.35,2026-02-08T17:29:50Z,-5.933,0.428,0.049,0
2026-02-08T17:45:00Z,135960,14.05,2026-02-08T17:44:50Z,-6.241,0.428,0.048,0
2026-02-08T18:00:00Z,135961,13.84,2026-02-08T17:59:45Z,-6.605,0.428,0.046,0
2026-02-08T18:15:00Z,135962,13.72,2026-02-08T18:14:55Z,-7.056,0.427,0.045,0
2026-02-08T18:30:00Z,135963,13.64,2026-02-08T18:29:40Z,-7.57,0.427,0.045,0
2026-02-08T18:45:00Z,135964,13.58,2026-02-08T18:44:40Z,-8.1,0.427,0.044,0
2026-02-08T19:00:00Z,135965,13.53,2026-02-08T18:59:20Z,-8.59,0.427,0.044,0
2026-02-08T19:15:00Z,135966,13.48,2026-02-08T19:14:15Z,-9.07,0.427,0.043,0
2026-02-08T19:30:00Z,135967,13.43,2026-02-08T19:29:50Z,-9.5,0.427,0.043,0
2026-02-08T19:45:00Z,135968,13.4,2026-02-08T19:44:55Z,-9.85,0.427,0.043,0
2026-02-08T20:00:00Z,135969,13.36,2026-02-08T19:57:20Z,-10.13,0.427,0.042,0
2026-02-08T20:15:00Z,135970,13.34,2026-02-08T20:14:40Z,-10.37,0.427,0.042,0
2026-02-08T20:30:00Z,135971,13.31,2026-02-08T20:29:50Z,-10.55,0.427,0.042,0
2026-02-08T20:45:00Z,135972,13.3,2026-02-08T20:39:50Z,-10.72,0.427,0.041,0
2026-02-08T21:00:00Z,135973,13.28,2026-02-08T20:57:25Z,-10.91,0.427,0.041,0
2026-02-08T21:15:00Z,135974,13.27,2026-02-08T21:11:50Z,-11.14,0.427,0.041,0
2026-02-08T21:30:00Z,135975,13.24,2026-02-08T21:29:50Z,-11.38,0.427,0.041,0
2026-02-08T21:45:00Z,135976,13.25,2026-02-08T21:34:55Z,-11.59,0.427,0.041,0
2026-02-08T22:00:00Z,135977,13.22,2026-02-08T21:57:20Z,-11.79,0.427,0.04,0
2026-02-08T22:15:00Z,135978,13.22,2026-02-08T22:03:30Z,-11.97,0.427,0.04,0
2026-02-08T22:30:00Z,135979,13.23,2026-02-08T22:29:10Z,-12.12,0.427,0.04,0
2026-02-08T22:45:00Z,135980,13.22,2026-02-08T22:42:30Z,-12.23,0.427,0.04,0
2026-02-08T23:00:00Z,135981,13.21,2026-02-08T22:57:25Z,-12.33,0.427,0.04,0
2026-02-08T23:15:00Z,135982,13.21,2026-02-08T23:02:35Z,-12.44,0.427,0.039,0
2026-02-08T23:30:00Z,135983,13.21,2026-02-08T23:29:55Z,-12.55,0.427,0.039,0
2026-02-08T23:45:00Z,135984,13.21,2026-02-08T23:30:05Z,-12.62,0.427,0.039,0
2026-02-09T00:15:00Z,135986,13.21,2026-02-09T00:02:25Z,-12.75,0.428,0.038,0
2026-02-09T00:30:00Z,135987,13.21,2026-02-09T00:29:55Z,-12.82,0.428,0.038,0
2026-02-09T00:45:00Z,135988,13.22,2026-02-09T00:32:30Z,-12.89,0.428,0.037,0
2026-02-09T01:00:00Z,135989,13.21,2026-02-09T00:47:15Z,-12.95,0.428,0.037,0
2026-02-09T01:15:00Z,135990,13.22,2026-02-09T01:02:40Z,-13,0.429,0.036,0
2026-02-09T01:30:00Z,135991,13.22,2026-02-09T01:16:20Z,-13.03,0.429,0.035,0
2026-02-09T01:45:00Z,135992,13.2,2026-02-09T01:30:15Z,-13.06,0.429,0.035,0
2026-02-09T02:00:00Z,135993,13.22,2026-02-09T01:45:05Z,-13.12,0.429,0.034,0
2026-02-09T02:15:00Z,135994,13.2,2026-02-09T02:02:20Z,-13.19,0.429,0.033,0
2026-02-09T02:30:00Z,135995,13.2,2026-02-09T02:29:50Z,-13.3,0.429,0.032,0
2026-02-09T02:45:00Z,135996,13.22,2026-02-09T02:37:30Z,-13.41,0.43,0.031,0
2026-02-09T03:00:00Z,135997,13.22,2026-02-09T02:55:45Z,-13.52,0.43,0.03,0
2026-02-09T03:15:00Z,135998,13.22,2026-02-09T03:02:20Z,-13.61,0.43,0.029,0
2026-02-09T03:30:00Z,135999,13.21,2026-02-09T03:29:55Z,-13.68,0.431,0.027,0
2026-02-09T03:45:00Z,136000,13.22,2026-02-09T03:30:30Z,-13.76,0.431,0.026,0
2026-02-09T04:00:00Z,136001,13.19,2026-02-09T03:57:25Z,-13.82,0.432,0.025,0
2026-02-09T04:15:00Z,136002,13.19,2026-02-09T04:02:20Z,-13.85,0.432,0.023,0
2026-02-09T04:30:00Z,136003,13.19,2026-02-09T04:27:20Z,-13.9,0.433,0.021,0
2026-02-09T04:45:00Z,136004,13.22,2026-02-09T04:30:40Z,-13.96,0.434,0.02,0
2026-02-09T05:00:00Z,136005,13.22,2026-02-09T04:45:05Z,-14.02,0.435,0.018,0
2026-02-09T05:15:00Z,136006,13.22,2026-02-09T05:00:05Z,-14.09,0.437,0.016,0
2026-02-09T05:30:00Z,136007,13.21,2026-02-09T05:26:55Z,-14.14,0.44,0.014,0
2026-02-09T05:45:00Z,136008,13.22,2026-02-09T05:30:05Z,-14.07,0.443,0.012,0
2026-02-09T06:00:00Z,136009,13.21,2026-02-09T05:57:25Z,-13.91,0.447,0.01,0
2026-02-09T06:15:00Z,136010,13.19,2026-02-09T06:02:20Z,-13.7,0.452,0.008,0
2026-02-09T06:30:00Z,136011,13.2,2026-02-09T06:29:50Z,-13.48,0.459,0.005,0
2026-02-09T06:45:00Z,136012,13.21,2026-02-09T06:44:15Z,-13.26,0.467,0.003,0
2026-02-09T07:00:00Z,136013,13.21,2026-02-09T06:54:55Z,-13.01,0.478,0.001,0
2026-02-09T07:15:00Z,136014,13.2,2026-02-09T07:02:20Z,-12.76,0.494,-0.001,0
2026-02-09T07:30:00Z,136015,13.21,2026-02-09T07:29:35Z,-12.5,0.512,-0.003,0
2026-02-09T07:45:00Z,136016,13.21,2026-02-09T07:34:55Z,-12.25,0.532,-0.004,0
2026-02-09T08:00:00Z,136017,13.21,2026-02-09T07:57:30Z,-12.01,0.561,-0.006,0
2026-02-09T08:15:00Z,136018,13.21,2026-02-09T08:02:20Z,-11.78,0.591,-0.007,0
2026-02-09T08:30:00Z,136019,13.24,2026-02-09T08:29:50Z,-11.52,0.615,-0.008,0
2026-02-09T08:45:00Z,136020,13.26,2026-02-09T08:30:55Z,-11.23,0.635,-0.009,0
2026-02-09T09:00:00Z,136021,13.29,2026-02-09T08:45:05Z,-10.9,0.649,-0.011,0
2026-02-09T09:15:00Z,136022,13.3,2026-02-09T09:05:35Z,-10.53,0.657,-0.012,0
2026-02-09T09:30:00Z,136023,13.34,2026-02-09T09:15:05Z,-10.16,0.665,-0.013,0
2026-02-09T09:45:00Z,136024,13.36,2026-02-09T09:30:05Z,-9.71,0.669,-0.013,0
2026-02-09T10:00:00Z,136025,13.4,2026-02-09T09:45:05Z,-9.21,0.669,-0.014,0
2026-02-09T10:15:00Z,136026,13.41,2026-02-09T10:01:15Z,-8.71,0.668,-0.014,0
2026-02-09T10:30:00Z,136027,13.49,2026-02-09T10:16:05Z,-8.18,0.669,-0.015,0
2026-02-09T10:45:00Z,136028,13.55,2026-02-09T10:30:20Z,-7.573,0.667,-0.014,0
2026-02-09T11:00:00Z,136029,13.71,2026-02-09T10:45:05Z,-6.949,0.66,-0.013,0
2026-02-09T11:15:00Z,136030,13.75,2026-02-09T11:09:25Z,-6.319,0.649,-0.012,0
2026-02-09T11:30:00Z,136031,13.89,2026-02-09T11:22:40Z,-5.546,0.512,1.566,0
2026-02-09T11:45:00Z,136032,13.93,2026-02-09T11:30:50Z,-3.61,0.446,1.079,0
2026-02-09T12:00:00Z,136033,14.87,2026-02-09T11:59:45Z,-3.078,0.453,0.029,0
2026-02-09T12:15:00Z,136034,14.87,2026-02-09T12:13:35Z,-2.824,0.468,0.023,0
2026-02-09T12:30:00Z,136035,14.79,2026-02-09T12:29:55Z,-2.614,0.476,0.02,0
2026-02-09T12:45:00Z,136036,14.46,2026-02-09T12:39:45Z,-2.466,0.483,0.017,0
2026-02-09T13:00:00Z,136037,14.47,2026-02-09T12:54:40Z,-2.439,0.486,0.016,0
2026-02-09T13:15:00Z,136038,14.46,2026-02-09T13:02:20Z,-2.29,0.487,0.015,0
2026-02-09T13:30:00Z,136039,14.47,2026-02-09T13:18:40Z,-2.124,0.486,0.015,0
2026-02-09T13:45:00Z,136040,14.46,2026-02-09T13:37:30Z,-1.942,0.484,0.015,0
2026-02-09T14:00:00Z,136041,14.46,2026-02-09T13:50:25Z,-1.773,0.482,0.015,0
2026-02-09T14:15:00Z,136042,14.46,2026-02-09T14:06:00Z,-1.672,0.48,0.015,0
2026-02-09T14:30:00Z,136043,14.46,2026-02-09T14:19:20Z,-1.598,0.477,0.016,0
2026-02-09T14:45:00Z,136044,14.47,2026-02-09T14:30:05Z,-1.598,0.474,0.016,0
2026-02-09T15:00:00Z,136045,14.46,2026-02-09T14:50:25Z,-1.572,0.472,0.016,0
2026-02-09T15:15:00Z,136046,14.46,2026-02-09T15:02:00Z,-1.514,0.47,0.017,0
2026-02-09T15:30:00Z,136047,14.44,2026-02-09T15:28:40Z,-1.442,0.468,0.017,0
2026-02-09T15:45:00Z,136048,14.43,2026-02-09T15:31:20Z,-1.362,0.465,0.017,0
2026-02-09T16:00:00Z,136049,14.43,2026-02-09T15:57:30Z,-1.348,0.464,0.017,0
2026-02-09T16:15:00Z,136050,14.44,2026-02-09T16:00:35Z,-1.44,0.462,0.018,0
2026-02-09T16:30:00Z,136051,14.43,2026-02-09T16:20:10Z,-1.528,0.461,0.018,0
2026-02-09T16:45:00Z,136052,14.46,2026-02-09T16:42:25Z,-1.647,0.46,0.018,0
2026-02-09T17:00:00Z,136053,14.46,2026-02-09T16:56:40Z,-1.828,0.459,0.018,0
2026-02-09T17:15:00Z,136054,14.46,2026-02-09T17:09:05Z,-2.115,0.457,0.018,0
2026-02-09T17:30:00Z,136055,14.41,2026-02-09T17:29:55Z,-2.459,0.456,0.018,0
2026-02-09T17:45:00Z,136056,14.03,2026-02-09T17:45:00Z,-2.798,0.455,0.018,0
2026-02-09T18:00:00Z,136057,13.83,2026-02-09T17:59:45Z,-3.108,0.454,0.016,0
2026-02-09T18:15:00Z,136058,13.73,2026-02-09T18:14:40Z,-3.37,0.453,0.015,0
2026-02-09T18:30:00Z,136059,13.64,2026-02-09T18:30:00Z,-3.591,0.453,0.014,0
2026-02-09T18:45:00Z,136060,13.59,2026-02-09T18:45:00Z,-3.777,0.453,0.014,0
2026-02-09T19:00:00Z,136061,13.53,2026-02-09T18:57:25Z,-3.912,0.453,0.014,0
2026-02-09T19:15:00Z,136062,13.49,2026-02-09T19:13:40Z,-4.012,0.453,0.013,0
2026-02-09T19:30:00Z,136063,13.45,2026-02-09T19:29:25Z,-4.087,0.454,0.013,0
2026-02-09T19:45:00Z,136064,13.41,2026-02-09T19:44:45Z,-4.142,0.454,0.012,0
2026-02-09T20:00:00Z,136065,13.38,2026-02-09T19:59:45Z,-4.181,0.454,0.012,0
2026-02-09T20:15:00Z,136066,13.35,2026-02-09T20:14:40Z,-4.202,0.455,0.011,0
2026-02-09T20:30:00Z,136067,13.33,2026-02-09T20:29:55Z,-4.202,0.456,0.011,0
2026-02-09T20:45:00Z,136068,13.31,2026-02-09T20:43:35Z,-4.168,0.456,0.01,0
2026-02-09T21:00:00Z,136069,13.29,2026-02-09T20:57:40Z,-4.113,0.457,0.01,0
2026-02-09T21:15:00Z,136070,13.28,2026-02-09T21:11:45Z,-4.049,0.458,0.01,0
2026-02-09T21:30:00Z,136071,13.27,2026-02-09T21:27:35Z,-4.009,0.458,0.009,0
2026-02-09T21:45:00Z,136072,13.27,2026-02-09T21:31:55Z,-4,0.46,0.009,0
2026-02-09T22:00:00Z,136073,13.26,2026-02-09T21:57:25Z,-3.96,0.46,0.008,0
2026-02-09T22:15:00Z,136074,13.25,2026-02-09T22:02:25Z,-3.911,0.461,0.008,0
2026-02-09T22:30:00Z,136075,13.25,2026-02-09T22:25:30Z,-3.883,0.463,0.007,0
2026-02-09T22:45:00Z,136076,13.24,2026-02-09T22:37:05Z,-3.867,0.464,0.007,0
2026-02-09T23:00:00Z,136077,13.24,2026-02-09T22:45:05Z,-3.883,0.465,0.006,0
2026-02-09T23:15:00Z,136078,13.25,2026-02-09T23:02:30Z,-3.959,0.467,0.006,0
2026-02-09T23:30:00Z,136079,13.25,2026-02-09T23:19:45Z,-4.001,0.468,0.005,0
2026-02-09T23:45:00Z,136080,13.25,2026-02-09T23:35:45Z,-3.981,0.47,0.005,0
2026-02-10T00:15:00Z,136082,13.24,2026-02-10T00:13:35Z,-3.976,0.473,0.004,0
2026-02-10T00:30:00Z,136083,13.24,2026-02-10T00:25:35Z,-4.096,0.475,0.003,0
2026-02-10T00:45:00Z,136084,13.24,2026-02-10T00:37:25Z,-4.177,0.476,0.002,0
2026-02-10T01:00:00Z,136085,13.25,2026-02-10T00:45:05Z,-4.255,0.478,0.002,0
2026-02-10T01:15:00Z,136086,13.25,2026-02-10T01:02:20Z,-4.37,0.478,0.001,0
2026-02-10T01:30:00Z,136087,13.25,2026-02-10T01:29:50Z,-4.608,0.48,0,0
2026-02-10T01:45:00Z,136088,13.26,2026-02-10T01:41:35Z,-4.842,0.482,0,0
2026-02-10T02:00:00Z,136089,13.24,2026-02-10T01:57:20Z,-5.031,0.484,-0.001,0
2026-02-10T02:15:00Z,136090,13.26,2026-02-10T02:06:45Z,-5.205,0.485,-0.002,0
2026-02-10T02:30:00Z,136091,13.24,2026-02-10T02:27:25Z,-5.397,0.487,-0.002,0
2026-02-10T02:45:00Z,136092,13.26,2026-02-10T02:38:35Z,-5.67,0.489,-0.003,0
2026-02-10T03:00:00Z,136093,13.24,2026-02-10T02:58:30Z,-5.887,0.491,-0.004,0
2026-02-10T03:15:00Z,136094,13.24,2026-02-10T03:02:40Z,-5.791,0.494,-0.004,0
2026-02-10T03:30:00Z,136095,13.26,2026-02-10T03:15:05Z,-5.496,0.496,-0.005,0
2026-02-10T03:45:00Z,136096,13.24,2026-02-10T03:32:00Z,-5.351,0.498,-0.006,0
2026-02-10T04:00:00Z,136097,13.25,2026-02-10T03:57:55Z,-5.485,0.5,-0.006,0
2026-02-10T04:15:00Z,136098,13.24,2026-02-10T04:02:20Z,-5.529,0.504,-0.007,0
2026-02-10T04:30:00Z,136099,13.25,2026-02-10T04:29:50Z,-5.366,0.508,-0.008,0
2026-02-10T04:45:00Z,136100,13.26,2026-02-10T04:44:00Z,-5.239,0.51,-0.008,0
2026-02-10T05:00:00Z,136101,13.25,2026-02-10T04:57:35Z,-5.109,0.514,-0.009,0
2026-02-10T05:15:00Z,136102,13.25,2026-02-10T05:00:50Z,-4.985,0.519,-0.009,0
2026-02-10T05:30:00Z,136103,13.26,2026-02-10T05:21:30Z,-4.868,0.525,-0.01,0
2026-02-10T05:45:00Z,136104,13.26,2026-02-10T05:34:50Z,-4.772,0.529,-0.011,0
2026-02-10T06:00:00Z,136105,13.26,2026-02-10T05:53:05Z,-4.677,0.54,-0.011,0
2026-02-10T06:15:00Z,136106,13.25,2026-02-10T06:02:30Z,-4.561,0.586,-0.012,0
2026-02-10T06:30:00Z,136107,13.25,2026-02-10T06:22:50Z,-4.418,0.609,-0.013,0
2026-02-10T06:45:00Z,136108,13.25,2026-02-10T06:33:30Z,-4.298,0.631,-0.013,0
2026-02-10T07:00:00Z,136109,13.26,2026-02-10T06:49:30Z,-4.172,0.657,-0.014,0
2026-02-10T07:15:00Z,136110,13.26,2026-02-10T07:13:30Z,-3.955,0.686,-0.015,0
2026-02-10T07:30:00Z,136111,13.26,2026-02-10T07:18:50Z,-3.641,0.72,-0.015,0
2026-02-10T07:45:00Z,136112,13.26,2026-02-10T07:37:30Z,-3.312,0.768,-0.016,0
2026-02-10T08:00:00Z,136113,13.27,2026-02-10T07:48:00Z,-3.105,0.814,-0.016,0
2026-02-10T08:15:00Z,136114,13.26,2026-02-10T08:02:20Z,-2.989,0.859,-0.017,0
2026-02-10T08:30:00Z,136115,13.28,2026-02-10T08:15:40Z,-2.851,0.886,-0.017,0
2026-02-10T08:45:00Z,136116,13.31,2026-02-10T08:30:05Z,-2.621,0.919,-0.017,0
2026-02-10T09:00:00Z,136117,13.34,2026-02-10T08:45:15Z,-2.311,0.941,-0.016,0
2026-02-10T09:15:00Z,136118,13.65,2026-02-10T09:00:05Z,-1.779,0.952,-0.015,0
2026-02-10T09:30:00Z,136119,13.72,2026-02-10T09:15:05Z,-0.991,0.953,-0.014,0
2026-02-10T09:45:00Z,136120,13.86,2026-02-10T09:30:05Z,-0.092,0.928,-0.011,0
2026-02-10T10:00:00Z,136121,14.74,2026-02-10T09:57:25Z,0.887,0.867,-0.007,0
2026-02-10T10:15:00Z,136122,14.69,2026-02-10T10:11:00Z,1.919,0.793,-0.006,0
2026-02-10T10:30:00Z,136123,14.66,2026-02-10T10:30:00Z,3.061,0.709,-0.005,0
2026-02-10T10:45:00Z,136124,14.61,2026-02-10T10:44:35Z,4.121,0.621,-0.004,0
2026-02-10T11:00:00Z,136125,14.2,2026-02-10T10:57:30Z,4.785,0.535,-0.003,0
2026-02-10T11:15:00Z,136126,14.18,2026-02-10T11:15:00Z,5.31,0.454,-0.002,0.1
2026-02-10T11:30:00Z,136127,14.18,2026-02-10T11:16:25Z,5.734,0.406,-0.001,0.06
2026-02-10T11:45:00Z,136128,14.16,2026-02-10T11:31:05Z,5.915,0.459,0.001,0.03
2026-02-10T12:00:00Z,136129,14.18,2026-02-10T11:59:20Z,5.838,0.464,0.003,0
2026-02-10T12:15:00Z,136130,14.18,2026-02-10T12:00:05Z,5.752,0.461,0.005,0
2026-02-10T12:30:00Z,136131,14.18,2026-02-10T12:29:50Z,5.651,0.457,0.007,0
2026-02-10T12:45:00Z,136132,14.18,2026-02-10T12:44:30Z,5.732,0.453,0.009,0
2026-02-10T13:00:00Z,136133,14.18,2026-02-10T12:51:20Z,6.042,0.451,0.01,0
2026-02-10T13:15:00Z,136134,14.17,2026-02-10T13:02:20Z,6.31,0.449,0.012,0
2026-02-10T13:30:00Z,136135,14.17,2026-02-10T13:17:50Z,6.521,0.445,0.013,0
2026-02-10T13:45:00Z,136136,14.13,2026-02-10T13:39:15Z,6.865,0.444,0.015,0
2026-02-10T14:00:00Z,136137,14.14,2026-02-10T13:57:55Z,7.264,0.443,0.016,0
2026-02-10T14:15:00Z,136138,14.14,2026-02-10T14:11:15Z,7.563,0.441,0.017,0
2026-02-10T14:30:00Z,136139,14.14,2026-02-10T14:16:35Z,7.772,0.441,0.019,0
2026-02-10T14:45:00Z,136140,14.14,2026-02-10T14:32:35Z,7.8,0.44,0.02,0
2026-02-10T15:00:00Z,136141,14.14,2026-02-10T14:51:15Z,7.733,0.439,0.021,0
2026-02-10T15:15:00Z,136142,14.14,2026-02-10T15:01:45Z,7.765,0.438,0.021,0
2026-02-10T15:30:00Z,136143,14.12,2026-02-10T15:17:40Z,7.708,0.438,0.022,0
2026-02-10T15:45:00Z,136144,14.15,2026-02-10T15:44:50Z,7.753,0.437,0.022,0
2026-02-10T16:00:00Z,136145,14.14,2026-02-10T15:57:50Z,7.846,0.437,0.022,0
2026-02-10T16:15:00Z,136146,14.13,2026-02-10T16:02:30Z,7.826,0.437,0.023,0
2026-02-10T16:30:00Z,136147,14.17,2026-02-10T16:19:35Z,7.578,0.437,0.023,0
2026-02-10T16:45:00Z,136148,14.18,2026-02-10T16:31:10Z,7.129,0.436,0.024,0
2026-02-10T17:00:00Z,136149,14.2,2026-02-10T16:45:30Z,6.631,0.436,0.024,0
2026-02-10T17:15:00Z,136150,14.2,2026-02-10T17:01:35Z,6.156,0.436,0.024,0
2026-02-10T17:30:00Z,136151,14.17,2026-02-10T17:27:15Z,5.746,0.435,0.025,0
2026-02-10T17:45:00Z,136152,14.08,2026-02-10T17:44:55Z,5.332,0.435,0.025,0
2026-02-10T18:00:00Z,136153,13.9,2026-02-10T17:59:50Z,4.918,0.435,0.024,0
2026-02-10T18:15:00Z,136154,13.77,2026-02-10T18:14:40Z,4.401,0.435,0.024,0
2026-02-10T18:30:00Z,136155,13.69,2026-02-10T18:29:30Z,3.806,0.435,0.023,0
2026-02-10T18:45:00Z,136156,13.62,2026-02-10T18:44:20Z,3.193,0.434,0.023,0
2026-02-10T19:00:00Z,136157,13.56,2026-02-10T18:59:10Z,2.795,0.434,0.023,0
2026-02-10T19:15:00Z,136158,13.51,2026-02-10T19:14:05Z,2.651,0.434,0.023,0
2026-02-10T19:30:00Z,136159,13.46,2026-02-10T19:29:55Z,2.538,0.434,0.023,0
2026-02-10T19:45:00Z,136160,13.43,2026-02-10T19:44:30Z,2.421,0.434,0.023,0
2026-02-10T20:00:00Z,136161,13.39,2026-02-10T19:58:45Z,2.3,0.434,0.023,0
2026-02-10T20:15:00Z,136162,13.36,2026-02-10T20:14:40Z,2.172,0.435,0.023,0
2026-02-10T20:30:00Z,136163,13.33,2026-02-10T20:23:25Z,2.037,0.435,0.023,0
2026-02-10T20:45:00Z,136164,13.31,2026-02-10T20:40:55Z,1.926,0.434,0.023,0
2026-02-10T21:00:00Z,136165,13.31,2026-02-10T20:49:30Z,1.826,0.435,0.023,0
2026-02-10T21:15:00Z,136166,13.28,2026-02-10T21:10:00Z,1.736,0.435,0.023,0
2026-02-10T21:30:00Z,136167,13.28,2026-02-10T21:30:00Z,1.657,0.435,0.023,0
2026-02-10T21:45:00Z,136168,13.27,2026-02-10T21:36:55Z,1.606,0.436,0.023,0
2026-02-10T22:00:00Z,136169,13.27,2026-02-10T21:46:40Z,1.575,0.435,0.023,0
2026-02-10T22:15:00Z,136170,13.26,2026-02-10T22:02:30Z,1.528,0.435,0.024,0
2026-02-10T22:30:00Z,136171,13.27,2026-02-10T22:26:20Z,1.488,0.435,0.024,0
2026-02-10T22:45:00Z,136172,13.27,2026-02-10T22:45:00Z,1.448,0.435,0.024,0
2026-02-10T23:00:00Z,136173,13.26,2026-02-10T22:58:45Z,1.437,0.435,0.024,0
2026-02-10T23:15:00Z,136174,13.27,2026-02-10T23:08:05Z,1.451,0.435,0.024,0
2026-02-10T23:30:00Z,136175,13.27,2026-02-10T23:28:15Z,1.467,0.435,0.024,0
2026-02-10T23:45:00Z,136176,13.26,2026-02-10T23:44:15Z,1.483,0.435,0.024,0
2026-02-11T00:15:00Z,136178,13.26,2026-02-11T00:14:35Z,1.547,0.435,0.025,0
2026-02-11T00:30:00Z,136179,13.27,2026-02-11T00:24:15Z,1.565,0.435,0.025,0
2026-02-11T00:45:00Z,136180,13.27,2026-02-11T00:32:15Z,1.576,0.435,0.025,0
2026-02-11T01:00:00Z,136181,13.27,2026-02-11T00:57:20Z,1.586,0.434,0.025,0
2026-02-11T01:15:00Z,136182,13.25,2026-02-11T01:02:25Z,1.593,0.435,0.025,0
2026-02-11T01:30:00Z,136183,13.27,2026-02-11T01:15:40Z,1.594,0.435,0.025,0
2026-02-11T01:45:00Z,136184,13.27,2026-02-11T01:36:30Z,1.556,0.435,0.026,0
2026-02-11T02:00:00Z,136185,13.26,2026-02-11T01:53:50Z,1.508,0.435,0.026,0
2026-02-11T02:15:00Z,136186,13.26,2026-02-11T02:09:10Z,1.473,0.435,0.026,0
2026-02-11T02:30:00Z,136187,13.26,2026-02-11T02:17:45Z,1.412,0.435,0.026,0
2026-02-11T02:45:00Z,136188,13.27,2026-02-11T02:35:50Z,1.305,0.435,0.026,0
2026-02-11T03:00:00Z,136189,13.27,2026-02-11T02:57:25Z,1.139,0.435,0.026,0
2026-02-11T03:15:00Z,136190,13.26,2026-02-11T03:06:45Z,0.942,0.435,0.026,0
2026-02-11T03:30:00Z,136191,13.26,2026-02-11T03:29:10Z,0.79,0.435,0.026,0
2026-02-11T03:45:00Z,136192,13.27,2026-02-11T03:40:05Z,0.632,0.435,0.027,0
2026-02-11T04:00:00Z,136193,13.26,2026-02-11T03:45:25Z,0.466,0.435,0.027,0
2026-02-11T04:15:00Z,136194,13.26,2026-02-11T04:12:05Z,0.2,0.435,0.027,0
2026-02-11T04:30:00Z,136195,13.26,2026-02-11T04:15:55Z,-0.056,0.435,0.027,0
2026-02-11T04:45:00Z,136196,13.27,2026-02-11T04:30:45Z,-0.311,0.435,0.027,0
2026-02-11T05:00:00Z,136197,13.26,2026-02-11T04:54:30Z,-0.522,0.435,0.027,0
2026-02-11T05:15:00Z,136198,13.26,2026-02-11T05:02:25Z,-0.714,0.435,0.027,0
2026-02-11T05:30:00Z,136199,13.26,2026-02-11T05:24:05Z,-0.801,0.435,0.027,0
2026-02-11T05:45:00Z,136200,13.26,2026-02-11T05:43:25Z,-0.856,0.435,0.027,0
2026-02-11T06:00:00Z,136201,13.26,2026-02-11T05:47:50Z,-0.913,0.434,0.028,0
2026-02-11T06:15:00Z,136202,13.23,2026-02-11T06:03:30Z,-0.981,0.435,0.028,0
2026-02-11T06:30:00Z,136203,13.26,2026-02-11T06:21:30Z,-1.042,0.435,0.028,0
2026-02-11T06:45:00Z,136204,13.26,2026-02-11T06:36:00Z,-1.09,0.434,0.028,0
2026-02-11T07:00:00Z,136205,13.26,2026-02-11T06:47:35Z,-1.127,0.434,0.028,0
2026-02-11T07:15:00Z,136206,13.26,2026-02-11T07:02:25Z,-1.169,0.435,0.028,0
2026-02-11T07:30:00Z,136207,13.26,2026-02-11T07:16:05Z,-1.208,0.434,0.028,0
2026-02-11T07:45:00Z,136208,13.27,2026-02-11T07:30:05Z,-1.241,0.434,0.028,0
2026-02-11T08:00:00Z,136209,13.26,2026-02-11T07:47:50Z,-1.268,0.435,0.028,0
2026-02-11T08:15:00Z,136210,13.26,2026-02-11T08:02:20Z,-1.246,0.434,0.028,0
2026-02-11T08:30:00Z,136211,13.26,2026-02-11T08:16:10Z,-1.191,0.435,0.029,0
2026-02-11T08:45:00Z,136212,13.29,2026-02-11T08:33:00Z,-1.111,0.434,0.029,0
2026-02-11T09:00:00Z,136213,13.31,2026-02-11T08:45:05Z,-0.977,0.435,0.029,0
2026-02-11T09:15:00Z,136214,13.32,2026-02-11T09:02:25Z,-0.807,0.435,0.029,0
2026-02-11T09:30:00Z,136215,13.34,2026-02-11T09:15:30Z,-0.608,0.435,0.03,0
2026-02-11T09:45:00Z,136216,13.36,2026-02-11T09:34:00Z,-0.397,0.435,0.03,0
2026-02-11T10:00:00Z,136217,13.4,2026-02-11T09:45:05Z,-0.15,0.434,0.03,0
2026-02-11T10:15:00Z,136218,13.43,2026-02-11T10:02:20Z,0.111,0.435,0.031,0
2026-02-11T10:30:00Z,136219,13.47,2026-02-11T10:15:05Z,0.388,0.435,0.031,0
2026-02-11T10:45:00Z,136220,13.48,2026-02-11T10:32:30Z,0.653,0.435,0.032,0
2026-02-11T11:00:00Z,136221,13.48,2026-02-11T10:52:40Z,0.894,0.435,0.032,0
2026-02-11T11:15:00Z,136222,13.47,2026-02-11T11:01:20Z,1.055,0.435,0.032,0
2026-02-11T11:30:00Z,136223,13.51,2026-02-11T11:15:05Z,1.161,0.435,0.033,0
2026-02-11T11:45:00Z,136224,13.53,2026-02-11T11:36:30Z,1.329,0.435,0.033,0
2026-02-11T12:00:00Z,136225,13.54,2026-02-11T11:45:40Z,1.631,0.436,0.034,0
2026-02-11T12:15:00Z,136226,13.61,2026-02-11T12:09:55Z,1.916,0.434,0.034,0
2026-02-11T12:30:00Z,136227,13.68,2026-02-11T12:15:05Z,2.146,0.436,0.035,0
2026-02-11T12:45:00Z,136228,14.15,2026-02-11T12:30:05Z,2.295,0.435,0.039,0
2026-02-11T13:00:00Z,136229,14.75,2026-02-11T12:45:35Z,2.381,0.435,0.04,0
2026-02-11T13:15:00Z,136230,14.74,2026-02-11T13:12:30Z,2.454,0.435,0.041,0
2026-02-11T13:30:00Z,136231,14.75,2026-02-11T13:29:55Z,2.528,0.436,0.041,0
2026-02-11T13:45:00Z,136232,14.74,2026-02-11T13:40:45Z,2.553,0.435,0.041,0
2026-02-11T14:00:00Z,136233,14.33,2026-02-11T13:57:25Z,2.525,0.436,0.04,0
2026-02-11T14:15:00Z,136234,14.34,2026-02-11T14:04:55Z,2.474,0.436,0.04,0
2026-02-11T14:30:00Z,136235,14.34,2026-02-11T14:19:35Z,2.398,0.436,0.04,0
2026-02-11T14:45:00Z,136236,14.34,2026-02-11T14:32:50Z,2.206,0.436,0.04,0
2026-02-11T15:00:00Z,136237,14.35,2026-02-11T14:45:55Z,1.974,0.436,0.04,0
2026-02-11T15:15:00Z,136238,14.34,2026-02-11T15:11:00Z,1.761,0.436,0.04,0
2026-02-11T15:30:00Z,136239,14.35,2026-02-11T15:18:25Z,1.491,0.436,0.04,0
2026-02-11T15:45:00Z,136240,14.38,2026-02-11T15:43:45Z,1.224,0.435,0.041,0
2026-02-11T16:00:00Z,136241,14.36,2026-02-11T15:45:15Z,1.008,0.436,0.041,0
2026-02-11T16:15:00Z,136242,14.36,2026-02-11T16:13:30Z,0.805,0.435,0.041,0
2026-02-11T16:30:00Z,136243,14.38,2026-02-11T16:16:20Z,0.635,0.436,0.041,0
2026-02-11T16:45:00Z,136244,14.4,2026-02-11T16:42:05Z,0.438,0.436,0.041,0
2026-02-11T17:00:00Z,136245,14.4,2026-02-11T16:46:30Z,0.236,0.436,0.041,0
2026-02-11T17:15:00Z,136246,14.39,2026-02-11T17:01:35Z,-0.003,0.436,0.041,0
2026-02-11T17:30:00Z,136247,14.21,2026-02-11T17:29:45Z,-0.283,0.435,0.041,0
2026-02-11T17:45:00Z,136248,13.95,2026-02-11T17:44:55Z,-0.567,0.436,0.04,0
2026-02-11T18:00:00Z,136249,13.81,2026-02-11T17:59:25Z,-0.834,0.435,0.039,0
2026-02-11T18:15:00Z,136250,13.71,2026-02-11T18:14:50Z,-1.074,0.436,0.038,0
2026-02-11T18:30:00Z,136251,13.63,2026-02-11T18:29:55Z,-1.286,0.436,0.038,0
2026-02-11T18:45:00Z,136252,13.57,2026-02-11T18:42:40Z,-1.465,0.436,0.038,0
2026-02-11T19:00:00Z,136253,13.52,2026-02-11T18:58:15Z,-1.607,0.435,0.037,0
2026-02-11T19:15:00Z,136254,13.47,2026-02-11T19:14:15Z,-1.768,0.435,0.037,0
2026-02-11T19:30:00Z,136255,13.43,2026-02-11T19:30:00Z,-1.974,0.435,0.037,0
2026-02-11T19:45:00Z,136256,13.38,2026-02-11T19:41:40Z,-2.218,0.435,0.037,0
2026-02-11T20:00:00Z,136257,13.36,2026-02-11T19:50:35Z,-2.503,0.435,0.037,0
2026-02-11T20:15:00Z,136258,13.33,2026-02-11T20:14:35Z,-2.769,0.436,0.037,0
2026-02-11T20:30:00Z,136259,13.3,2026-02-11T20:27:55Z,-2.924,0.436,0.037,0
2026-02-11T20:45:00Z,136260,13.29,2026-02-11T20:38:45Z,-3.056,0.436,0.037,0
2026-02-11T21:00:00Z,136261,13.29,2026-02-11T20:57:25Z,-3.154,0.436,0.037,0
2026-02-11T21:15:00Z,136262,13.28,2026-02-11T21:02:20Z,-3.206,0.436,0.037,0
2026-02-11T21:30:00Z,136263,13.27,2026-02-11T21:24:15Z,-3.315,0.436,0.037,0
2026-02-11T21:45:00Z,136264,13.25,2026-02-11T21:38:05Z,-3.58,0.436,0.037,0
2026-02-11T22:00:00Z,136265,13.25,2026-02-11T21:57:30Z,-4.033,0.436,0.037,0
2026-02-11T22:15:00Z,136266,13.25,2026-02-11T22:02:20Z,-4.603,0.436,0.037,0
2026-02-11T22:30:00Z,136267,13.25,2026-02-11T22:27:50Z,-5.153,0.436,0.037,0
2026-02-11T22:45:00Z,136268,13.25,2026-02-11T22:30:25Z,-5.719,0.436,0.037,0
2026-02-11T23:00:00Z,136269,13.25,2026-02-11T22:45:15Z,-6.206,0.436,0.037,0
2026-02-11T23:15:00Z,136270,13.24,2026-02-11T23:02:20Z,-6.592,0.436,0.037,0
2026-02-11T23:30:00Z,136271,13.24,2026-02-11T23:30:00Z,-6.957,0.436,0.037,0
2026-02-11T23:45:00Z,136272,13.25,2026-02-11T23:30:05Z,-7.359,0.436,0.037,0
2026-02-12T00:15:00Z,136274,13.23,2026-02-12T00:02:20Z,-8,0.436,0.037,0
2026-02-12T00:30:00Z,136275,13.24,2026-02-12T00:15:40Z,-8.13,0.436,0.037,0
2026-02-12T00:45:00Z,136276,13.24,2026-02-12T00:32:00Z,-8.24,0.436,0.037,0
2026-02-12T01:00:00Z,136277,13.23,2026-02-12T00:57:30Z,-8.35,0.436,0.037,0
2026-02-12T01:15:00Z,136278,13.23,2026-02-12T01:02:20Z,-8.52,0.436,0.037,0
2026-02-12T01:30:00Z,136279,13.24,2026-02-12T01:29:55Z,-8.81,0.437,0.037,0
2026-02-12T01:45:00Z,136280,13.24,2026-02-12T01:30:05Z,-9.12,0.436,0.037,0
2026-02-12T02:00:00Z,136281,13.24,2026-02-12T01:56:30Z,-9.4,0.436,0.038,0
2026-02-12T02:15:00Z,136282,13.23,2026-02-12T02:06:40Z,-9.55,0.436,0.038,0
2026-02-12T02:30:00Z,136283,13.23,2026-02-12T02:20:00Z,-9.63,0.437,0.038,0
2026-02-12T02:45:00Z,136284,13.24,2026-02-12T02:30:40Z,-9.83,0.437,0.038,0
2026-02-12T03:00:00Z,136285,13.23,2026-02-12T03:00:00Z,-10.06,0.437,0.038,0
2026-02-12T03:15:00Z,136286,13.22,2026-02-12T03:02:20Z,-10.27,0.437,0.038,0
2026-02-12T03:30:00Z,136287,13.22,2026-02-12T03:29:50Z,-10.44,0.437,0.038,0
2026-02-12T03:45:00Z,136288,13.23,2026-02-12T03:40:00Z,-10.51,0.437,0.038,0
2026-02-12T04:00:00Z,136289,13.22,2026-02-12T03:57:50Z,-10.58,0.437,0.038,0
2026-02-12T04:15:00Z,136290,13.23,2026-02-12T04:04:00Z,-10.62,0.437,0.038,0
2026-02-12T04:30:00Z,136291,13.23,2026-02-12T04:22:40Z,-10.66,0.437,0.038,0
2026-02-12T04:45:00Z,136292,13.23,2026-02-12T04:30:40Z,-10.72,0.437,0.038,0
2026-02-12T05:00:00Z,136293,13.21,2026-02-12T04:57:25Z,-10.73,0.437,0.038,0
2026-02-12T05:15:00Z,136294,13.22,2026-02-12T05:10:40Z,-10.75,0.437,0.038,0
2026-02-12T05:30:00Z,136295,13.21,2026-02-12T05:29:55Z,-10.83,0.437,0.037,0
2026-02-12T05:45:00Z,136296,13.23,2026-02-12T05:30:25Z,-10.87,0.437,0.037,0
2026-02-12T06:00:00Z,136297,13.21,2026-02-12T05:57:25Z,-10.92,0.437,0.036,0
2026-02-12T06:15:00Z,136298,13.23,2026-02-12T06:00:05Z,-10.89,0.437,0.035,0
2026-02-12T06:30:00Z,136299,13.22,2026-02-12T06:29:55Z,-10.64,0.436,0.034,0
2026-02-12T06:45:00Z,136300,13.23,2026-02-12T06:41:20Z,-10.15,0.436,0.033,0
2026-02-12T07:00:00Z,136301,13.22,2026-02-12T06:57:25Z,-9.52,0.437,0.031,0
2026-02-12T07:15:00Z,136302,13.22,2026-02-12T07:02:25Z,-8.99,0.439,0.029,0
2026-02-12T07:30:00Z,136303,13.22,2026-02-12T07:29:55Z,-8.57,0.442,0.025,0
2026-02-12T07:45:00Z,136304,13.21,2026-02-12T07:38:05Z,-8.18,0.446,0.021,0
2026-02-12T08:00:00Z,136305,13.23,2026-02-12T07:59:10Z,-7.773,0.448,0.016,0
2026-02-12T08:15:00Z,136306,13.23,2026-02-12T08:02:25Z,-7.361,0.451,0.011,0
2026-02-12T08:30:00Z,136307,13.26,2026-02-12T08:15:05Z,-6.938,0.453,0.006,0
2026-02-12T08:45:00Z,136308,13.29,2026-02-12T08:30:05Z,-6.481,0.455,0.002,0
2026-02-12T09:00:00Z,136309,13.32,2026-02-12T08:45:05Z,-6.003,0.457,-0.002,0
2026-02-12T09:15:00Z,136310,13.37,2026-02-12T09:06:50Z,-5.421,0.461,-0.004,0
2026-02-12T09:30:00Z,136311,13.4,2026-02-12T09:15:05Z,-4.981,0.464,-0.006,0
2026-02-12T09:45:00Z,136312,13.42,2026-02-12T09:31:05Z,-4.482,0.467,-0.007,0
2026-02-12T10:00:00Z,136313,13.55,2026-02-12T09:45:05Z,-3.854,0.471,-0.006,0
2026-02-12T10:15:00Z,136314,13.57,2026-02-12T10:06:15Z,-3.161,0.475,-0.004,0
2026-02-12T10:30:00Z,136315,13.59,2026-02-12T10:15:05Z,-2.497,0.477,-0.002,0
2026-02-12T10:45:00Z,136316,13.73,2026-02-12T10:34:25Z,-1.905,0.478,0,0
2026-02-12T11:00:00Z,136317,13.93,2026-02-12T10:49:10Z,-1.232,0.477,0.004,0
2026-02-12T11:15:00Z,136318,14.81,2026-02-12T11:01:10Z,-0.638,0.474,0.01,0
2026-02-12T11:30:00Z,136319,14.78,2026-02-12T11:29:55Z,-0.114,0.47,0.012,0
2026-02-12T11:45:00Z,136320,14.77,2026-02-12T11:38:45Z,0.565,0.467,0.014,0
2026-02-12T12:00:00Z,136321,14.74,2026-02-12T11:57:45Z,1.12,0.458,0.016,0
2026-02-12T12:15:00Z,136322,14.34,2026-02-12T12:13:15Z,1.493,0.453,0.017,0
2026-02-12T12:30:00Z,136323,14.32,2026-02-12T12:29:40Z,1.903,0.448,0.018,0
2026-02-12T12:45:00Z,136324,14.32,2026-02-12T12:43:20Z,2.38,0.446,0.02,0
2026-02-12T13:00:00Z,136325,14.32,2026-02-12T12:45:45Z,2.627,0.442,0.021,0
2026-02-12T13:15:00Z,136326,14.3,2026-02-12T13:10:20Z,2.889,0.441,0.023,0
2026-02-12T13:30:00Z,136327,14.31,2026-02-12T13:19:25Z,3.02,0.44,0.024,0
2026-02-12T13:45:00Z,136328,14.31,2026-02-12T13:37:25Z,2.937,0.439,0.025,0
2026-02-12T14:00:00Z,136329,14.31,2026-02-12T13:59:30Z,2.773,0.439,0.026,0
2026-02-12T14:15:00Z,136330,14.31,2026-02-12T14:14:20Z,2.784,0.439,0.028,0
2026-02-12T14:30:00Z,136331,14.31,2026-02-12T14:15:20Z,2.586,0.438,0.028,0
2026-02-12T14:45:00Z,136332,14.34,2026-02-12T14:32:00Z,2.244,0.438,0.029,0
2026-02-12T15:00:00Z,136333,14.35,2026-02-12T14:58:00Z,1.992,0.437,0.03,0
2026-02-12T15:15:00Z,136334,14.35,2026-02-12T15:06:45Z,1.83,0.438,0.031,0
2026-02-12T15:30:00Z,136335,14.34,2026-02-12T15:15:30Z,1.617,0.437,0.031,0
2026-02-12T15:45:00Z,136336,14.34,2026-02-12T15:38:00Z,1.683,0.437,0.031,0
2026-02-12T16:00:00Z,136337,14.35,2026-02-12T15:47:20Z,1.851,0.437,0.032,0
2026-02-12T16:15:00Z,136338,14.35,2026-02-12T16:08:40Z,1.868,0.438,0.032,0
2026-02-12T16:30:00Z,136339,14.35,2026-02-12T16:18:05Z,1.615,0.438,0.032,0
2026-02-12T16:45:00Z,136340,14.35,2026-02-12T16:37:55Z,1.189,0.438,0.033,0
2026-02-12T17:00:00Z,136341,14.38,2026-02-12T16:47:55Z,0.699,0.438,0.033,0
2026-02-12T17:15:00Z,136342,14.38,2026-02-12T17:02:20Z,0.23,0.437,0.034,0
2026-02-12T17:30:00Z,136343,14.32,2026-02-12T17:29:55Z,-0.047,0.437,0.034,0
2026-02-12T17:45:00Z,136344,14.09,2026-02-12T17:44:50Z,-0.424,0.437,0.033,0
2026-02-12T18:00:00Z,136345,13.89,2026-02-12T17:59:30Z,-0.948,0.438,0.032,0
2026-02-12T18:15:00Z,136346,13.77,2026-02-12T18:14:50Z,-1.606,0.438,0.032,0
2026-02-12T18:30:00Z,136347,13.68,2026-02-12T18:29:55Z,-2.318,0.438,0.031,0
2026-02-12T18:45:00Z,136348,13.61,2026-02-12T18:44:05Z,-3.056,0.438,0.031,0
2026-02-12T19:00:00Z,136349,13.55,2026-02-12T18:59:20Z,-3.786,0.438,0.031,0
2026-02-12T19:15:00Z,136350,13.5,2026-02-12T19:14:10Z,-4.467,0.438,0.031,0
2026-02-12T19:30:00Z,136351,13.44,2026-02-12T19:29:55Z,-5.045,0.438,0.03,0
2026-02-12T19:45:00Z,136352,13.42,2026-02-12T19:43:35Z,-5.548,0.438,0.03,0
2026-02-12T20:00:00Z,136353,13.38,2026-02-12T19:57:25Z,-6.078,0.438,0.03,0
2026-02-12T20:15:00Z,136354,13.35,2026-02-12T20:07:05Z,-6.528,0.438,0.03,0
2026-02-12T20:30:00Z,136355,13.32,2026-02-12T20:27:55Z,-6.974,0.438,0.03,0
2026-02-12T20:45:00Z,136356,13.31,2026-02-12T20:44:05Z,-7.39,0.438,0.03,0
2026-02-12T21:00:00Z,136357,13.29,2026-02-12T20:57:25Z,-7.757,0.438,0.03,0
2026-02-12T21:15:00Z,136358,13.28,2026-02-12T21:02:25Z,-8.08,0.438,0.03,0
2026-02-12T21:30:00Z,136359,13.25,2026-02-12T21:29:55Z,-8.37,0.438,0.03,0
2026-02-12T21:45:00Z,136360,13.26,2026-02-12T21:41:20Z,-8.58,0.438,0.03,0
2026-02-12T22:00:00Z,136361,13.25,2026-02-12T21:57:05Z,-8.81,0.438,0.03,0
2026-02-12T22:15:00Z,136362,13.24,2026-02-12T22:14:40Z,-9.01,0.438,0.03,0
2026-02-12T22:30:00Z,136363,13.23,2026-02-12T22:17:55Z,-9.24,0.438,0.03,0
2026-02-12T22:45:00Z,136364,13.24,2026-02-12T22:37:00Z,-9.48,0.438,0.03,0
2026-02-12T23:00:00Z,136365,13.24,2026-02-12T22:52:40Z,-9.7,0.438,0.029,0
2026-02-12T23:15:00Z,136366,13.24,2026-02-12T23:15:00Z,-9.92,0.438,0.029,0
2026-02-12T23:30:00Z,136367,13.23,2026-02-12T23:29:55Z,-10.16,0.438,0.028,0
2026-02-12T23:45:00Z,136368,13.24,2026-02-12T23:31:20Z,-10.35,0.438,0.028,0
2026-02-13T00:15:00Z,136370,13.21,2026-02-13T00:02:20Z,-10.77,0.44,0.024,0
2026-02-13T00:30:00Z,136371,13.23,2026-02-13T00:25:10Z,-11,0.442,0.02,0
2026-02-13T00:45:00Z,136372,13.23,2026-02-13T00:30:05Z,-11.18,0.447,0.013,0
2026-02-13T01:00:00Z,136373,13.23,2026-02-13T00:46:35Z,-11.32,0.457,0.001,0
2026-02-13T01:15:00Z,136374,13.22,2026-02-13T01:02:25Z,-11.51,0.47,-0.015,0
2026-02-13T01:30:00Z,136375,13.21,2026-02-13T01:29:55Z,-11.69,0.487,-0.035,0
2026-02-13T01:45:00Z,136376,13.22,2026-02-13T01:31:25Z,-11.77,0.535,-0.056,0
2026-02-13T02:00:00Z,136377,13.22,2026-02-13T01:45:15Z,-11.86,0.67,-0.076,0
2026-02-13T02:15:00Z,136378,13.21,2026-02-13T02:02:20Z,-12.02,0.803,-0.093,0
2026-02-13T02:30:00Z,136379,13.22,2026-02-13T02:17:15Z,-12.19,2.001,-0.11,0
2026-02-13T02:45:00Z,136380,13.22,2026-02-13T02:43:55Z,-12.32,8.62,-0.128,0
2026-02-13T03:00:00Z,136381,13.2,2026-02-13T02:57:30Z,-12.38,12.33,-0.147,0
2026-02-13T03:15:00Z,136382,13.2,2026-02-13T03:02:20Z,-12.43,16.9,-0.165,0
2026-02-13T03:30:00Z,136383,13.22,2026-02-13T03:15:55Z,-12.48,19.97,-0.187,0
2026-02-13T03:45:00Z,136384,13.22,2026-02-13T03:31:55Z,-12.54,22.18,-0.21,0
2026-02-13T04:00:00Z,136385,13.22,2026-02-13T03:45:15Z,-12.56,22.71,-0.233,0
2026-02-13T04:15:00Z,136386,13.21,2026-02-13T04:02:25Z,-12.55,24.28,-0.259,0
2026-02-13T04:30:00Z,136387,13.22,2026-02-13T04:17:15Z,-12.55,25.42,-0.287,0
2026-02-13T04:45:00Z,136388,13.22,2026-02-13T04:43:55Z,-12.6,25.57,-0.315,0
2026-02-13T05:00:00Z,136389,13.2,2026-02-13T04:57:30Z,-12.74,26.59,-0.343,0
2026-02-13T05:15:00Z,136390,13.2,2026-02-13T05:02:25Z,-12.9,26.56,-0.371,0
2026-02-13T05:30:00Z,136391,13.2,2026-02-13T05:29:55Z,-13.08,25.98,-0.399,0
2026-02-13T05:45:00Z,136392,13.2,2026-02-13T05:38:10Z,-13.27,25.6,-0.429,0
2026-02-13T06:00:00Z,136393,13.22,2026-02-13T05:45:25Z,-13.4,24.82,-0.463,0
2026-02-13T06:15:00Z,136394,13.16,2026-02-13T06:02:20Z,-13.48,24.15,-0.498,0
2026-02-13T06:30:00Z,136395,13.21,2026-02-13T06:15:50Z,-13.53,23.41,-0.531,0
2026-02-13T06:45:00Z,136396,13.21,2026-02-13T06:30:45Z,-13.61,22.73,-0.564,0
2026-02-13T07:00:00Z,136397,13.21,2026-02-13T06:45:40Z,-13.63,22.25,-0.596,0
2026-02-13T07:15:00Z,136398,13.2,2026-02-13T07:02:25Z,-13.65,21.7,-0.63,0
2026-02-13T07:30:00Z,136399,13.18,2026-02-13T07:28:00Z,-13.74,21.03,-0.666,0
2026-02-13T07:45:00Z,136400,13.21,2026-02-13T07:30:05Z,-13.79,20.43,-0.702,0
2026-02-13T08:00:00Z,136401,13.22,2026-02-13T07:45:05Z,-13.78,19.65,-0.737,0
2026-02-13T08:15:00Z,136402,13.21,2026-02-13T08:02:20Z,-13.74,18.96,-0.769,0
2026-02-13T08:30:00Z,136403,13.27,2026-02-13T08:15:05Z,-13.63,18.34,-0.801,0
2026-02-13T08:45:00Z,136404,13.59,2026-02-13T08:30:05Z,-13.27,17.68,-0.829,0
2026-02-13T09:00:00Z,136405,13.98,2026-02-13T08:45:05Z,-12.11,17.65,-0.855,0
2026-02-13T09:15:00Z,136406,13.89,2026-02-13T09:14:55Z,-10.49,17.01,-0.874,0
2026-02-13T09:30:00Z,136407,13.87,2026-02-13T09:29:55Z,-8.51,17.16,0.877,0
2026-02-13T09:45:00Z,136408,13.91,2026-02-13T09:31:55Z,-5.813,17.02,1.778,0
2026-02-13T10:00:00Z,136409,13.91,2026-02-13T09:46:30Z,-3.646,18.14,0.394,0
2026-02-13T10:15:00Z,136410,14.86,2026-02-13T10:07:15Z,-2.989,18.17,-0.442,0
2026-02-13T10:30:00Z,136411,14.83,2026-02-13T10:22:45Z,-2.451,17.32,-0.442,0
2026-02-13T10:45:00Z,136412,14.61,2026-02-13T10:45:00Z,-1.824,16.3,-0.406,0
2026-02-13T11:00:00Z,136413,14.4,2026-02-13T10:48:35Z,-1.175,15.35,-0.357,0
2026-02-13T11:15:00Z,136414,14.38,2026-02-13T11:02:25Z,-0.465,14.44,-0.302,0
2026-02-13T11:30:00Z,136415,14.34,2026-02-13T11:28:20Z,0.262,14.27,-0.249,0
2026-02-13T11:45:00Z,136416,14.32,2026-02-13T11:43:10Z,0.979,13.72,-0.205,0
2026-02-13T12:00:00Z,136417,14.32,2026-02-13T11:46:05Z,1.647,13.34,-0.169,0
2026-02-13T12:15:00Z,136418,14.29,2026-02-13T12:03:20Z,2.286,13.88,-0.139,0
2026-02-13T12:30:00Z,136419,14.29,2026-02-13T12:27:00Z,2.879,13.63,-0.113,0
2026-02-13T12:45:00Z,136420,14.26,2026-02-13T12:43:00Z,3.403,12.32,-0.094,0
2026-02-13T13:00:00Z,136421,14.23,2026-02-13T12:58:25Z,3.858,10.88,-0.079,0
2026-02-13T13:15:00Z,136422,14.23,2026-02-13T13:01:40Z,4.214,9.23,-0.066,0
2026-02-13T13:30:00Z,136423,14.22,2026-02-13T13:29:55Z,4.516,7.779,-0.056,0
2026-02-13T13:45:00Z,136424,14.23,2026-02-13T13:30:05Z,4.784,5.731,-0.047,0
2026-02-13T14:00:00Z,136425,14.23,2026-02-13T13:55:10Z,5.042,1.705,-0.04,0
2026-02-13T14:15:00Z,136426,14.23,2026-02-13T14:13:05Z,5.356,1.385,-0.033,0
2026-02-13T14:30:00Z,136427,14.23,2026-02-13T14:21:40Z,5.513,1.378,-0.028,0
2026-02-13T14:45:00Z,136428,14.23,2026-02-13T14:30:05Z,5.417,1.356,-0.024,0
2026-02-13T15:00:00Z,136429,14.23,2026-02-13T14:48:20Z,5.265,1.338,-0.021,0
2026-02-13T15:15:00Z,136430,14.23,2026-02-13T15:05:40Z,5.132,1.318,-0.018,0
2026-02-13T15:30:00Z,136431,14.26,2026-02-13T15:15:50Z,5.012,1.298,-0.016,0
2026-02-13T15:45:00Z,136432,14.23,2026-02-13T15:39:15Z,5.118,1.285,-0.014,0
2026-02-13T16:00:00Z,136433,14.22,2026-02-13T15:46:50Z,5.174,1.272,-0.013,0
2026-02-13T16:15:00Z,136434,14.22,2026-02-13T16:02:20Z,5.207,1.255,-0.011,0
2026-02-13T16:30:00Z,136435,14.23,2026-02-13T16:15:05Z,5.069,1.241,-0.009,0
2026-02-13T16:45:00Z,136436,14.26,2026-02-13T16:36:50Z,4.779,1.228,-0.008,0
2026-02-13T17:00:00Z,136437,14.25,2026-02-13T16:59:30Z,4.464,1.216,-0.007,0
2026-02-13T17:15:00Z,136438,14.22,2026-02-13T17:02:20Z,4.145,1.205,-0.006,0
2026-02-13T17:30:00Z,136439,14.22,2026-02-13T17:29:55Z,3.866,1.195,-0.005,0
2026-02-13T17:45:00Z,136440,14.03,2026-02-13T17:44:40Z,3.689,1.187,-0.004,0
2026-02-13T18:00:00Z,136441,13.88,2026-02-13T17:59:25Z,3.534,1.178,-0.004,0
2026-02-13T18:15:00Z,136442,13.77,2026-02-13T18:13:45Z,3.388,1.171,-0.004,0
2026-02-13T18:30:00Z,136443,13.68,2026-02-13T18:28:45Z,3.24,1.164,-0.004,0
2026-02-13T18:45:00Z,136444,13.61,2026-02-13T18:44:40Z,3.15,1.158,-0.003,0
2026-02-13T19:00:00Z,136445,13.56,2026-02-13T18:58:05Z,3.074,1.151,-0.003,0
2026-02-13T19:15:00Z,136446,13.51,2026-02-13T19:13:40Z,2.996,1.145,-0.002,0
2026-02-13T19:30:00Z,136447,13.45,2026-02-13T19:30:00Z,2.911,1.139,-0.002,0
2026-02-13T19:45:00Z,136448,13.43,2026-02-13T19:40:45Z,2.753,1.134,-0.002,0
2026-02-13T20:00:00Z,136449,13.39,2026-02-13T19:59:25Z,2.493,1.128,-0.001,0
2026-02-13T20:15:00Z,136450,13.37,2026-02-13T20:13:35Z,2.163,1.122,-0.001,0
2026-02-13T20:30:00Z,136451,13.35,2026-02-13T20:25:20Z,1.91,1.116,0,0
2026-02-13T20:45:00Z,136452,13.33,2026-02-13T20:42:05Z,1.738,1.111,0,0
2026-02-13T21:00:00Z,136453,13.31,2026-02-13T20:59:25Z,1.656,1.106,0.001,0
2026-02-13T21:15:00Z,136454,13.29,2026-02-13T21:02:20Z,1.558,1.1,0.001,0
2026-02-13T21:30:00Z,136455,13.29,2026-02-13T21:17:35Z,1.5,1.094,0.002,0
2026-02-13T21:45:00Z,136456,13.28,2026-02-13T21:34:35Z,1.442,1.089,0.002,0
2026-02-13T22:00:00Z,136457,13.27,2026-02-13T21:50:30Z,1.277,1.085,0.002,0
2026-02-13T22:15:00Z,136458,13.26,2026-02-13T22:02:20Z,1.107,1.08,0.003,0
2026-02-13T22:30:00Z,136459,13.26,2026-02-13T22:27:00Z,0.948,1.074,0.003,0
2026-02-13T22:45:00Z,136460,13.27,2026-02-13T22:43:05Z,0.806,1.069,0.004,0
2026-02-13T23:00:00Z,136461,13.26,2026-02-13T22:45:35Z,0.685,1.063,0.004,0
2026-02-13T23:15:00Z,136462,13.26,2026-02-13T23:02:20Z,0.596,1.057,0.004,0
2026-02-13T23:30:00Z,136463,13.26,2026-02-13T23:29:55Z,0.544,1.051,0.005,0
2026-02-13T23:45:00Z,136464,13.27,2026-02-13T23:30:30Z,0.505,1.045,0.005,0
2026-02-14T00:15:00Z,136466,13.27,2026-02-14T00:02:05Z,0.379,1.033,0.006,0
2026-02-14T00:30:00Z,136467,13.27,2026-02-14T00:15:35Z,0.26,1.026,0.006,0
2026-02-14T00:45:00Z,136468,13.27,2026-02-14T00:30:35Z,0.157,1.02,0.007,0
2026-02-14T01:00:00Z,136469,13.27,2026-02-14T00:46:30Z,0.071,1.013,0.007,0
2026-02-14T01:15:00Z,136470,13.26,2026-02-14T01:02:20Z,-0.008,1.005,0.007,0
2026-02-14T01:30:00Z,136471,13.26,2026-02-14T01:29:50Z,-0.111,0.997,0.007,0
2026-02-14T01:45:00Z,136472,13.27,2026-02-14T01:31:50Z,-0.147,0.988,0.008,0
2026-02-14T02:00:00Z,136473,13.26,2026-02-14T01:45:10Z,-0.13,0.979,0.008,0
2026-02-14T02:15:00Z,136474,13.26,2026-02-14T02:01:10Z,0.014,0.971,0.008,0
2026-02-14T02:30:00Z,136475,13.26,2026-02-14T02:17:10Z,0.233,0.963,0.009,0
2026-02-14T02:45:00Z,136476,13.27,2026-02-14T02:30:30Z,0.343,0.955,0.009,0
2026-02-14T03:00:00Z,136477,13.27,2026-02-14T02:46:30Z,0.394,0.947,0.009,0
2026-02-14T03:15:00Z,136478,13.26,2026-02-14T03:02:20Z,0.388,0.938,0.009,0
2026-02-14T03:30:00Z,136479,13.26,2026-02-14T03:30:00Z,0.317,0.93,0.01,0
2026-02-14T03:45:00Z,136480,13.27,2026-02-14T03:39:50Z,0.118,0.921,0.01,0
2026-02-14T04:00:00Z,136481,13.28,2026-02-14T03:45:05Z,-0.173,0.913,0.01,0
2026-02-14T04:15:00Z,136482,13.26,2026-02-14T04:02:25Z,-0.474,0.905,0.01,0
2026-02-14T04:30:00Z,136483,13.26,2026-02-14T04:29:55Z,-0.891,0.897,0.011,0
2026-02-14T04:45:00Z,136484,13.27,2026-02-14T04:32:15Z,-1.401,0.889,0.011,0
2026-02-14T05:00:00Z,136485,13.26,2026-02-14T04:57:25Z,-1.892,0.878,0.011,0
2026-02-14T05:15:00Z,136486,13.27,2026-02-14T05:00:10Z,-2.395,0.869,0.011,0
2026-02-14T05:30:00Z,136487,13.26,2026-02-14T05:21:05Z,-2.792,0.862,0.012,0
2026-02-14T05:45:00Z,136488,13.26,2026-02-14T05:38:10Z,-3.222,0.854,0.012,0
2026-02-14T06:00:00Z,136489,13.26,2026-02-14T05:45:05Z,-3.597,0.846,0.012,0
2026-02-14T06:15:00Z,136490,13.26,2026-02-14T06:00:05Z,-3.911,0.839,0.012,0
2026-02-14T06:30:00Z,136491,13.26,2026-02-14T06:15:05Z,-4.194,0.831,0.012,0
2026-02-14T06:45:00Z,136492,13.25,2026-02-14T06:37:35Z,-4.423,0.823,0.013,0
2026-02-14T07:00:00Z,136493,13.26,2026-02-14T06:59:00Z,-4.584,0.815,0.013,0
2026-02-14T07:15:00Z,136494,13.25,2026-02-14T07:02:20Z,-4.758,0.805,0.013,0
2026-02-14T07:30:00Z,136495,13.26,2026-02-14T07:15:15Z,-4.893,0.797,0.013,0
2026-02-14T07:45:00Z,136496,13.26,2026-02-14T07:30:05Z,-5.039,0.789,0.013,0
2026-02-14T08:00:00Z,136497,13.25,2026-02-14T07:46:00Z,-5.183,0.782,0.014,0
2026-02-14T08:15:00Z,136498,13.27,2026-02-14T08:02:55Z,-5.254,0.774,0.014,0
2026-02-14T08:30:00Z,136499,13.29,2026-02-14T08:15:25Z,-5.195,0.767,0.014,0
2026-02-14T08:45:00Z,136500,13.43,2026-02-14T08:30:05Z,-4.906,0.758,0.016,0
2026-02-14T09:00:00Z,136501,13.62,2026-02-14T08:56:25Z,-4.066,0.752,0.017,0
2026-02-14T09:15:00Z,136502,13.75,2026-02-14T09:02:25Z,-2.92,0.744,0.017,0
2026-02-14T09:30:00Z,136503,13.87,2026-02-14T09:15:05Z,-1.687,0.735,0.019,0
2026-02-14T09:45:00Z,136504,14.75,2026-02-14T09:43:55Z,-0.333,0.733,0.023,0
2026-02-14T10:00:00Z,136505,14.72,2026-02-14T09:54:55Z,1.238,0.736,0.023,0
2026-02-14T10:15:00Z,136506,14.69,2026-02-14T10:12:40Z,2.721,0.727,0.024,0
2026-02-14T10:30:00Z,136507,14.63,2026-02-14T10:29:35Z,3.965,0.716,0.024,0
2026-02-14T10:45:00Z,136508,14.23,2026-02-14T10:40:15Z,4.96,0.702,0.024,0
2026-02-14T11:00:00Z,136509,14.19,2026-02-14T10:58:10Z,5.722,0.686,0.024,0
2026-02-14T11:15:00Z,136510,14.2,2026-02-14T11:06:55Z,6.323,0.67,0.024,0
2026-02-14T11:30:00Z,136511,14.18,2026-02-14T11:28:20Z,6.859,0.653,0.025,0
2026-02-14T11:45:00Z,136512,14.14,2026-02-14T11:44:45Z,7.421,0.633,0.025,0
2026-02-14T12:00:00Z,136513,14.14,2026-02-14T11:57:30Z,7.928,0.613,0.026,0
2026-02-14T12:15:00Z,136514,14.14,2026-02-14T12:14:40Z,8.32,0.593,0.026,0
2026-02-14T12:30:00Z,136515,14.11,2026-02-14T12:28:40Z,8.71,0.571,0.027,0
2026-02-14T12:45:00Z,136516,14.11,2026-02-14T12:41:20Z,9.24,0.552,0.028,0
2026-02-14T13:00:00Z,136517,14.09,2026-02-14T12:59:15Z,9.7,0.531,0.028,0
2026-02-14T13:15:00Z,136518,14.08,2026-02-14T13:01:15Z,10.2,0.518,0.029,0
2026-02-14T13:30:00Z,136519,14.08,2026-02-14T13:25:35Z,10.56,0.515,0.029,0
2026-02-14T13:45:00Z,136520,14.08,2026-02-14T13:34:20Z,10.66,0.51,0.03,0
2026-02-14T14:00:00Z,136521,14.08,2026-02-14T13:49:55Z,10.71,0.505,0.03,0
2026-02-14T14:15:00Z,136522,14.08,2026-02-14T14:02:00Z,10.74,0.5,0.031,0
2026-02-14T14:30:00Z,136523,14.09,2026-02-14T14:15:05Z,10.52,0.496,0.031,0
2026-02-14T14:45:00Z,136524,14.11,2026-02-14T14:36:30Z,10.21,0.495,0.032,0
2026-02-14T15:00:00Z,136525,14.11,2026-02-14T14:58:55Z,10.06,0.494,0.032,0
2026-02-14T15:15:00Z,136526,14.11,2026-02-14T15:00:05Z,9.93,0.493,0.032,0
2026-02-14T15:30:00Z,136527,14.11,2026-02-14T15:15:05Z,9.79,0.493,0.033,0
2026-02-14T15:45:00Z,136528,14.11,2026-02-14T15:40:40Z,9.67,0.492,0.033,0
2026-02-14T16:00:00Z,136529,14.1,2026-02-14T15:57:25Z,9.36,0.491,0.033,0
2026-02-14T16:15:00Z,136530,14.13,2026-02-14T16:04:00Z,9.05,0.491,0.034,0
2026-02-14T16:30:00Z,136531,14.13,2026-02-14T16:18:00Z,8.78,0.49,0.034,0
2026-02-14T16:45:00Z,136532,14.13,2026-02-14T16:36:25Z,8.46,0.49,0.034,0
2026-02-14T17:00:00Z,136533,14.13,2026-02-14T16:47:20Z,8.15,0.489,0.035,0
2026-02-14T17:15:00Z,136534,14.17,2026-02-14T17:06:00Z,7.698,0.49,0.035,0
2026-02-14T17:30:00Z,136535,14.16,2026-02-14T17:29:55Z,7.003,0.489,0.035,0
2026-02-14T17:45:00Z,136536,14.01,2026-02-14T17:44:50Z,6.347,0.489,0.035,0
2026-02-14T18:00:00Z,136537,13.86,2026-02-14T17:59:55Z,5.592,0.488,0.035,0
2026-02-14T18:15:00Z,136538,13.75,2026-02-14T18:14:40Z,4.824,0.488,0.034,0
2026-02-14T18:30:00Z,136539,13.66,2026-02-14T18:29:20Z,4.19,0.488,0.034,0
2026-02-14T18:45:00Z,136540,13.6,2026-02-14T18:44:40Z,3.642,0.488,0.034,0
2026-02-14T19:00:00Z,136541,13.54,2026-02-14T18:59:00Z,3.185,0.487,0.034,0
2026-02-14T19:15:00Z,136542,13.5,2026-02-14T19:14:55Z,2.758,0.488,0.034,0
2026-02-14T19:30:00Z,136543,13.45,2026-02-14T19:29:55Z,2.363,0.488,0.034,0
2026-02-14T19:45:00Z,136544,13.42,2026-02-14T19:44:45Z,2.009,0.488,0.034,0
2026-02-14T20:00:00Z,136545,13.39,2026-02-14T19:59:45Z,1.738,0.487,0.034,0
2026-02-14T20:15:00Z,136546,13.36,2026-02-14T20:12:10Z,1.55,0.487,0.034,0
2026-02-14T20:30:00Z,136547,13.34,2026-02-14T20:29:55Z,1.324,0.487,0.034,0
2026-02-14T20:45:00Z,136548,13.32,2026-02-14T20:44:35Z,1.078,0.487,0.034,0
2026-02-14T21:00:00Z,136549,13.3,2026-02-14T20:57:25Z,0.866,0.487,0.034,0
2026-02-14T21:15:00Z,136550,13.3,2026-02-14T21:07:45Z,0.695,0.487,0.034,0
2026-02-14T21:30:00Z,136551,13.27,2026-02-14T21:29:55Z,0.548,0.487,0.034,0
2026-02-14T21:45:00Z,136552,13.28,2026-02-14T21:30:50Z,0.424,0.486,0.034,0
2026-02-14T22:00:00Z,136553,13.27,2026-02-14T21:58:25Z,0.319,0.486,0.034,0
2026-02-14T22:15:00Z,136554,13.27,2026-02-14T22:02:20Z,0.247,0.486,0.034,0
2026-02-14T22:30:00Z,136555,13.27,2026-02-14T22:25:20Z,0.16,0.486,0.034,0
2026-02-14T22:45:00Z,136556,13.27,2026-02-14T22:44:15Z,-0.013,0.486,0.035,0
2026-02-14T23:00:00Z,136557,13.26,2026-02-14T22:57:30Z,-0.17,0.486,0.035,0
2026-02-14T23:15:00Z,136558,13.26,2026-02-14T23:02:25Z,-0.289,0.486,0.035,0
2026-02-14T23:30:00Z,136559,13.26,2026-02-14T23:15:45Z,-0.412,0.486,0.035,0
2026-02-14T23:45:00Z,136560,13.26,2026-02-14T23:39:45Z,-0.498,0.486,0.035,0
2026-02-15T00:15:00Z,136562,13.26,2026-02-15T00:03:45Z,-0.58,0.486,0.035,0
2026-02-15T00:30:00Z,136563,13.26,2026-02-15T00:27:45Z,-0.618,0.486,0.035,0
2026-02-15T00:45:00Z,136564,13.27,2026-02-15T00:33:20Z,-0.606,0.486,0.036,0
2026-02-15T01:00:00Z,136565,13.26,2026-02-15T00:51:45Z,-0.624,0.486,0.036,0
2026-02-15T01:15:00Z,136566,13.27,2026-02-15T01:12:30Z,-0.655,0.486,0.036,0
2026-02-15T01:30:00Z,136567,13.27,2026-02-15T01:24:00Z,-0.671,0.486,0.036,0
2026-02-15T01:45:00Z,136568,13.26,2026-02-15T01:37:05Z,-0.668,0.486,0.036,0
2026-02-15T02:00:00Z,136569,13.27,2026-02-15T01:50:25Z,-0.636,0.486,0.036,0
2026-02-15T02:15:00Z,136570,13.26,2026-02-15T02:03:35Z,-0.556,0.486,0.036,0
2026-02-15T02:30:00Z,136571,13.27,2026-02-15T02:15:05Z,-0.389,0.486,0.036,0
2026-02-15T02:45:00Z,136572,13.26,2026-02-15T02:34:50Z,-0.225,0.487,0.036,0
2026-02-15T03:00:00Z,136573,13.26,2026-02-15T02:57:30Z,-0.1,0.487,0.037,0
2026-02-15T03:15:00Z,136574,13.26,2026-02-15T03:02:30Z,-0.021,0.486,0.037,0
2026-02-15T03:30:00Z,136575,13.27,2026-02-15T03:27:50Z,0.034,0.486,0.037,0
2026-02-15T03:45:00Z,136576,13.27,2026-02-15T03:31:35Z,0.042,0.486,0.037,0
2026-02-15T04:00:00Z,136577,13.27,2026-02-15T03:47:45Z,-0.019,0.486,0.037,0
2026-02-15T04:15:00Z,136578,13.26,2026-02-15T04:02:20Z,-0.11,0.486,0.037,0
2026-02-15T04:30:00Z,136579,13.27,2026-02-15T04:30:00Z,-0.198,0.486,0.037,0
2026-02-15T04:45:00Z,136580,13.27,2026-02-15T04:30:05Z,-0.289,0.486,0.037,0
2026-02-15T05:00:00Z,136581,13.27,2026-02-15T04:48:55Z,-0.372,0.487,0.037,0
2026-02-15T05:15:00Z,136582,13.26,2026-02-15T05:02:20Z,-0.495,0.487,0.038,0
2026-02-15T05:30:00Z,136583,13.27,2026-02-15T05:17:40Z,-0.706,0.487,0.038,0
2026-02-15T05:45:00Z,136584,13.27,2026-02-15T05:31:25Z,-0.977,0.486,0.038,0
2026-02-15T06:00:00Z,136585,13.27,2026-02-15T05:46:45Z,-1.268,0.486,0.038,0
2026-02-15T06:15:00Z,136586,13.26,2026-02-15T06:02:20Z,-1.574,0.486,0.038,0
2026-02-15T06:30:00Z,136587,13.26,2026-02-15T06:21:30Z,-1.884,0.486,0.038,0
2026-02-15T06:45:00Z,136588,13.26,2026-02-15T06:32:10Z,-2.233,0.486,0.038,0
2026-02-15T07:00:00Z,136589,13.26,2026-02-15T06:57:30Z,-2.527,0.487,0.038,0
2026-02-15T07:15:00Z,136590,13.25,2026-02-15T07:02:10Z,-2.85,0.487,0.038,0
2026-02-15T07:30:00Z,136591,13.26,2026-02-15T07:16:55Z,-3.217,0.487,0.038,0
2026-02-15T07:45:00Z,136592,13.26,2026-02-15T07:30:50Z,-3.518,0.487,0.039,0
2026-02-15T08:00:00Z,136593,13.26,2026-02-15T07:45:15Z,-3.755,0.487,0.039,0
2026-02-15T08:15:00Z,136594,13.26,2026-02-15T08:02:20Z,-3.945,0.487,0.039,0
2026-02-15T08:30:00Z,136595,13.29,2026-02-15T08:15:05Z,-4.059,0.486,0.039,0
2026-02-15T08:45:00Z,136596,13.35,2026-02-15T08:30:05Z,-3.981,0.484,0.04,0
2026-02-15T09:00:00Z,136597,13.63,2026-02-15T08:45:05Z,-3.422,0.485,0.041,0
2026-02-15T09:15:00Z,136598,13.74,2026-02-15T09:00:10Z,-2.368,0.486,0.042,0
2026-02-15T09:30:00Z,136599,13.88,2026-02-15T09:15:05Z,-1.169,0.485,0.045,0
2026-02-15T09:45:00Z,136600,14.75,2026-02-15T09:39:25Z,0.097,0.484,0.048,0
2026-02-15T10:00:00Z,136601,14.7,2026-02-15T09:59:45Z,1.445,0.486,0.049,0
2026-02-15T10:15:00Z,136602,14.66,2026-02-15T10:14:40Z,2.681,0.485,0.049,0
2026-02-15T10:30:00Z,136603,14.63,2026-02-15T10:23:00Z,3.887,0.486,0.05,0
2026-02-15T10:45:00Z,136604,14.2,2026-02-15T10:41:55Z,4.968,0.486,0.049,0
2026-02-15T11:00:00Z,136605,14.18,2026-02-15T10:59:40Z,5.867,0.486,0.049,0
2026-02-15T11:15:00Z,136606,14.14,2026-02-15T11:14:55Z,6.605,0.486,0.049,0
2026-02-15T11:30:00Z,136607,14.14,2026-02-15T11:25:15Z,7.265,0.486,0.05,0
2026-02-15T11:45:00Z,136608,14.11,2026-02-15T11:42:40Z,7.865,0.487,0.051,0
2026-02-15T12:00:00Z,136609,14.1,2026-02-15T11:53:15Z,8.39,0.487,0.051,0
2026-02-15T12:15:00Z,136610,14.11,2026-02-15T12:11:40Z,8.81,0.487,0.052,0
2026-02-15T12:30:00Z,136611,14.09,2026-02-15T12:27:40Z,9.13,0.487,0.052,0
2026-02-15T12:45:00Z,136612,14.08,2026-02-15T12:38:20Z,9.43,0.487,0.053,0
2026-02-15T13:00:00Z,136613,14.08,2026-02-15T12:45:10Z,9.8,0.487,0.053,0
2026-02-15T13:15:00Z,136614,14.05,2026-02-15T13:09:00Z,10.21,0.487,0.054,0
2026-02-15T13:30:00Z,136615,14.05,2026-02-15T13:18:20Z,10.63,0.486,0.054,0
2026-02-15T13:45:00Z,136616,14.02,2026-02-15T13:40:35Z,11.13,0.486,0.054,0
2026-02-15T14:00:00Z,136617,14.02,2026-02-15T13:48:00Z,11.61,0.486,0.055,0
2026-02-15T14:15:00Z,136618,14.01,2026-02-15T14:04:35Z,11.93,0.487,0.056,0
2026-02-15T14:30:00Z,136619,14.02,2026-02-15T14:15:05Z,11.97,0.486,0.055,0
2026-02-15T14:45:00Z,136620,14.05,2026-02-15T14:31:15Z,11.68,0.486,0.056,0
2026-02-15T15:00:00Z,136621,14.05,2026-02-15T14:47:15Z,11.26,0.486,0.056,0
2026-02-15T15:15:00Z,136622,14.08,2026-02-15T15:00:35Z,10.76,0.485,0.056,0
2026-02-15T15:30:00Z,136623,14.09,2026-02-15T15:15:05Z,10.53,0.485,0.055,0
2026-02-15T15:45:00Z,136624,14.09,2026-02-15T15:30:05Z,10.69,0.484,0.055,0
2026-02-15T16:00:00Z,136625,14.08,2026-02-15T15:45:55Z,10.74,0.485,0.055,0
2026-02-15T16:15:00Z,136626,14.08,2026-02-15T16:02:20Z,10.9,0.485,0.055,0
2026-02-15T16:30:00Z,136627,14.08,2026-02-15T16:29:55Z,10.71,0.485,0.055,0
2026-02-15T16:45:00Z,136628,14.09,2026-02-15T16:32:15Z,10.19,0.484,0.055,0
2026-02-15T17:00:00Z,136629,14.11,2026-02-15T16:53:40Z,9.81,0.484,0.055,0
2026-02-15T17:15:00Z,136630,14.11,2026-02-15T17:05:20Z,9.41,0.484,0.055,0
2026-02-15T17:30:00Z,136631,14.06,2026-02-15T17:29:55Z,9.09,0.484,0.055,0
2026-02-15T17:45:00Z,136632,13.96,2026-02-15T17:44:45Z,8.67,0.484,0.055,0
2026-02-15T18:00:00Z,136633,13.84,2026-02-15T17:59:45Z,8.23,0.484,0.054,0
2026-02-15T18:15:00Z,136634,13.73,2026-02-15T18:14:50Z,7.666,0.485,0.053,0
2026-02-15T18:30:00Z,136635,13.65,2026-02-15T18:29:10Z,6.962,0.485,0.053,0
2026-02-15T18:45:00Z,136636,13.59,2026-02-15T18:44:10Z,6.194,0.484,0.052,0
2026-02-15T19:00:00Z,136637,13.53,2026-02-15T18:57:25Z,5.508,0.484,0.052,0
2026-02-15T19:15:00Z,136638,13.48,2026-02-15T19:14:20Z,4.963,0.484,0.052,0
2026-02-15T19:30:00Z,136639,13.45,2026-02-15T19:28:45Z,4.432,0.484,0.052,0
2026-02-15T19:45:00Z,136640,13.41,2026-02-15T19:30:05Z,3.816,0.484,0.051,0
2026-02-15T20:00:00Z,136641,13.37,2026-02-15T19:58:55Z,3.191,0.484,0.051,0
2026-02-15T20:15:00Z,136642,13.35,2026-02-15T20:14:40Z,2.814,0.484,0.051,0
2026-02-15T20:30:00Z,136643,13.32,2026-02-15T20:27:05Z,2.705,0.484,0.051,0
2026-02-15T20:45:00Z,136644,13.31,2026-02-15T20:41:00Z,2.603,0.484,0.051,0
2026-02-15T21:00:00Z,136645,13.29,2026-02-15T20:57:30Z,2.543,0.484,0.051,0
2026-02-15T21:15:00Z,136646,13.29,2026-02-15T21:13:00Z,2.379,0.484,0.051,0
2026-02-15T21:30:00Z,136647,13.28,2026-02-15T21:29:45Z,2.079,0.485,0.051,0
2026-02-15T21:45:00Z,136648,13.28,2026-02-15T21:37:00Z,1.631,0.484,0.051,0
2026-02-15T22:00:00Z,136649,13.27,2026-02-15T21:57:35Z,1.22,0.484,0.051,0
2026-02-15T22:15:00Z,136650,13.27,2026-02-15T22:03:20Z,0.776,0.484,0.051,0
2026-02-15T22:30:00Z,136651,13.27,2026-02-15T22:25:00Z,0.332,0.484,0.052,0
2026-02-15T22:45:00Z,136652,13.27,2026-02-15T22:33:00Z,-0.069,0.484,0.052,0
2026-02-15T23:00:00Z,136653,13.27,2026-02-15T22:59:05Z,-0.481,0.484,0.052,0
2026-02-15T23:15:00Z,136654,13.26,2026-02-15T23:10:20Z,-0.745,0.484,0.052,0
2026-02-15T23:30:00Z,136655,13.27,2026-02-15T23:25:25Z,-0.836,0.484,0.052,0
2026-02-15T23:45:00Z,136656,13.25,2026-02-15T23:43:40Z,-0.802,0.484,0.052,0
2026-02-16T00:15:00Z,136658,13.27,2026-02-16T00:12:30Z,-0.599,0.484,0.052,0
2026-02-16T00:30:00Z,136659,13.26,2026-02-16T00:18:45Z,-0.588,0.484,0.052,0
2026-02-16T00:45:00Z,136660,13.26,2026-02-16T00:32:05Z,-0.733,0.484,0.053,0
2026-02-16T01:00:00Z,136661,13.27,2026-02-16T00:48:15Z,-1.02,0.484,0.053,0
2026-02-16T01:15:00Z,136662,13.26,2026-02-16T01:02:20Z,-1.384,0.484,0.053,0
2026-02-16T01:30:00Z,136663,13.27,2026-02-16T01:21:20Z,-1.752,0.484,0.053,0
2026-02-16T01:45:00Z,136664,13.27,2026-02-16T01:30:05Z,-2.085,0.484,0.053,0
2026-02-16T02:00:00Z,136665,13.26,2026-02-16T01:57:30Z,-2.417,0.483,0.053,0
2026-02-16T02:15:00Z,136666,13.26,2026-02-16T02:08:25Z,-2.668,0.484,0.053,0
2026-02-16T02:30:00Z,136667,13.26,2026-02-16T02:17:10Z,-2.864,0.483,0.053,0
2026-02-16T02:45:00Z,136668,13.25,2026-02-16T02:30:20Z,-3.016,0.483,0.053,0
2026-02-16T03:00:00Z,136669,13.25,2026-02-16T02:45:10Z,-3.196,0.483,0.053,0
2026-02-16T03:15:00Z,136670,13.26,2026-02-16T03:00:05Z,-3.433,0.484,0.054,0
2026-02-16T03:30:00Z,136671,13.25,2026-02-16T03:29:50Z,-3.628,0.484,0.054,0
2026-02-16T03:45:00Z,136672,13.26,2026-02-16T03:30:05Z,-3.747,0.484,0.054,0
2026-02-16T04:00:00Z,136673,13.25,2026-02-16T03:57:20Z,-3.808,0.483,0.054,0
2026-02-16T04:15:00Z,136674,13.26,2026-02-16T04:00:05Z,-3.88,0.483,0.054,0
2026-02-16T04:30:00Z,136675,13.26,2026-02-16T04:16:05Z,-3.879,0.483,0.054,0
2026-02-16T04:45:00Z,136676,13.26,2026-02-16T04:33:35Z,-3.86,0.483,0.054,0
2026-02-16T05:00:00Z,136677,13.24,2026-02-16T04:57:50Z,-3.893,0.483,0.054,0
2026-02-16T05:15:00Z,136678,13.25,2026-02-16T05:09:25Z,-4.007,0.483,0.054,0
2026-02-16T05:30:00Z,136679,13.25,2026-02-16T05:17:25Z,-4.156,0.483,0.054,0
2026-02-16T05:45:00Z,136680,13.25,2026-02-16T05:30:45Z,-4.273,0.483,0.054,0
2026-02-16T06:00:00Z,136681,13.24,2026-02-16T05:57:20Z,-4.392,0.483,0.054,0
2026-02-16T06:15:00Z,136682,13.25,2026-02-16T06:00:05Z,-4.481,0.483,0.054,0
2026-02-16T06:30:00Z,136683,13.25,2026-02-16T06:16:05Z,-4.569,0.483,0.055,0
2026-02-16T06:45:00Z,136684,13.25,2026-02-16T06:32:05Z,-4.685,0.483,0.055,0
2026-02-16T07:00:00Z,136685,13.25,2026-02-16T06:45:20Z,-4.806,0.483,0.055,0
2026-02-16T07:15:00Z,136686,13.25,2026-02-16T07:01:25Z,-4.879,0.483,0.055,0
2026-02-16T07:30:00Z,136687,13.25,2026-02-16T07:15:05Z,-4.842,0.483,0.055,0
2026-02-16T07:45:00Z,136688,13.25,2026-02-16T07:30:30Z,-4.656,0.482,0.055,0
2026-02-16T08:00:00Z,136689,13.26,2026-02-16T07:45:05Z,-4.33,0.482,0.056,0
2026-02-16T08:15:00Z,136690,13.28,2026-02-16T08:02:20Z,-3.896,0.481,0.056,0
2026-02-16T08:30:00Z,136691,13.31,2026-02-16T08:15:05Z,-3.428,0.481,0.057,0
2026-02-16T08:45:00Z,136692,13.38,2026-02-16T08:33:55Z,-2.759,0.481,0.057,0
2026-02-16T09:00:00Z,136693,13.35,2026-02-16T08:51:10Z,-1.952,0.481,0.057,0
2026-02-16T09:15:00Z,136694,13.38,2026-02-16T09:02:30Z,-1.367,0.481,0.058,0
2026-02-16T09:30:00Z,136695,13.42,2026-02-16T09:15:05Z,-0.88,0.48,0.058,0
2026-02-16T09:45:00Z,136696,13.45,2026-02-16T09:33:50Z,-0.244,0.48,0.059,0
2026-02-16T10:00:00Z,136697,13.48,2026-02-16T09:57:20Z,0.889,0.481,0.059,0
2026-02-16T10:15:00Z,136698,13.48,2026-02-16T10:02:30Z,1.721,0.482,0.06,0
2026-02-16T10:30:00Z,136699,13.52,2026-02-16T10:15:10Z,2.332,0.482,0.06,0
2026-02-16T10:45:00Z,136700,13.54,2026-02-16T10:32:55Z,2.919,0.482,0.061,0
2026-02-16T11:00:00Z,136701,13.56,2026-02-16T10:45:20Z,3.415,0.482,0.061,0
2026-02-16T11:15:00Z,136702,13.62,2026-02-16T11:00:05Z,3.85,0.482,0.062,0
2026-02-16T11:30:00Z,136703,13.85,2026-02-16T11:15:05Z,4.309,0.483,0.067,0
2026-02-16T11:45:00Z,136704,14.66,2026-02-16T11:30:35Z,4.875,0.484,0.069,0
2026-02-16T12:00:00Z,136705,14.63,2026-02-16T11:51:10Z,5.431,0.484,0.07,0
2026-02-16T12:15:00Z,136706,14.62,2026-02-16T12:12:30Z,5.876,0.485,0.07,0
2026-02-16T12:30:00Z,136707,14.49,2026-02-16T12:29:50Z,6.313,0.486,0.07,0
2026-02-16T12:45:00Z,136708,14.19,2026-02-16T12:38:10Z,6.62,0.485,0.069,0
2026-02-16T13:00:00Z,136709,14.2,2026-02-16T12:47:10Z,6.794,0.485,0.067,0
2026-02-16T13:15:00Z,136710,14.18,2026-02-16T13:02:20Z,6.956,0.485,0.068,0
2026-02-16T13:30:00Z,136711,14.2,2026-02-16T13:18:00Z,7.143,0.485,0.067,0
2026-02-16T13:45:00Z,136712,14.19,2026-02-16T13:32:10Z,7.182,0.485,0.068,0
2026-02-16T14:00:00Z,136713,14.17,2026-02-16T13:57:20Z,7.266,0.485,0.068,0
2026-02-16T14:15:00Z,136714,14.17,2026-02-16T14:05:20Z,7.506,0.485,0.069,0
2026-02-16T14:30:00Z,136715,14.14,2026-02-16T14:24:40Z,7.839,0.485,0.068,0
2026-02-16T14:45:00Z,136716,14.14,2026-02-16T14:44:50Z,8.2,0.484,0.067,0
2026-02-16T15:00:00Z,136717,14.13,2026-02-16T14:52:20Z,8.44,0.484,0.067,0
2026-02-16T15:15:00Z,136718,14.11,2026-02-16T15:00:10Z,8.55,0.483,0.066,0
2026-02-16T15:30:00Z,136719,14.14,2026-02-16T15:17:05Z,8.71,0.482,0.065,0
2026-02-16T15:45:00Z,136720,14.11,2026-02-16T15:44:30Z,9.19,0.482,0.067,0
2026-02-16T16:00:00Z,136721,14.1,2026-02-16T15:57:20Z,9.52,0.482,0.067,0
2026-02-16T16:15:00Z,136722,14.1,2026-02-16T16:02:20Z,9.85,0.482,0.067,0
2026-02-16T16:30:00Z,136723,14.11,2026-02-16T16:25:30Z,9.66,0.482,0.065,0
2026-02-16T16:45:00Z,136724,14.11,2026-02-16T16:30:10Z,9.41,0.481,0.067,0
2026-02-16T17:00:00Z,136725,14.13,2026-02-16T16:45:20Z,9.25,0.482,0.064,0
2026-02-16T17:15:00Z,136726,14.13,2026-02-16T17:10:15Z,8.95,0.481,0.065,0
2026-02-16T17:30:00Z,136727,14.05,2026-02-16T17:28:40Z,8.51,0.481,0.064,0
2026-02-16T17:45:00Z,136728,13.96,2026-02-16T17:44:50Z,8.13,0.48,0.063,0
2026-02-16T18:00:00Z,136729,13.84,2026-02-16T17:59:45Z,7.979,0.48,0.069,0
2026-02-16T18:15:00Z,136730,13.73,2026-02-16T18:14:15Z,8.09,0.48,0.067,0
2026-02-16T18:30:00Z,136731,13.64,2026-02-16T18:29:50Z,8.12,0.481,0.063,0
2026-02-16T18:45:00Z,136732,13.58,2026-02-16T18:44:25Z,7.938,0.481,0.061,0
2026-02-16T19:00:00Z,136733,13.52,2026-02-16T18:59:35Z,7.597,0.481,0.062,0
2026-02-16T19:15:00Z,136734,13.48,2026-02-16T19:14:55Z,7.288,0.482,0.063,0
2026-02-16T19:30:00Z,136735,13.44,2026-02-16T19:29:20Z,6.896,0.481,0.061,0
2026-02-16T19:45:00Z,136736,13.4,2026-02-16T19:44:55Z,6.552,0.48,0.061,0
2026-02-16T20:00:00Z,136737,13.37,2026-02-16T19:57:20Z,6.44,0.48,0.061,0
2026-02-16T20:15:00Z,136738,13.35,2026-02-16T20:11:50Z,6.498,0.48,0.061,0
2026-02-16T20:30:00Z,136739,13.33,2026-02-16T20:29:50Z,6.508,0.48,0.061,0
2026-02-16T20:45:00Z,136740,13.32,2026-02-16T20:43:40Z,6.533,0.48,0.062,0
2026-02-16T21:00:00Z,136741,13.3,2026-02-16T20:51:15Z,6.481,0.48,0.064,0
2026-02-16T21:15:00Z,136742,13.3,2026-02-16T21:02:30Z,6.352,0.48,0.062,0
2026-02-16T21:30:00Z,136743,13.28,2026-02-16T21:29:50Z,6.192,0.48,0.062,0
2026-02-16T21:45:00Z,136744,13.28,2026-02-16T21:43:50Z,6.061,0.48,0.062,0
2026-02-16T22:00:00Z,136745,13.27,2026-02-16T21:57:20Z,5.964,0.48,0.064,0
2026-02-16T22:15:00Z,136746,13.28,2026-02-16T22:02:20Z,5.83,0.48,0.063,0
2026-02-16T22:30:00Z,136747,13.27,2026-02-16T22:29:50Z,5.712,0.48,0.064,0
2026-02-16T22:45:00Z,136748,13.28,2026-02-16T22:30:05Z,5.612,0.48,0.062,0
2026-02-16T23:00:00Z,136749,13.28,2026-02-16T22:45:05Z,5.499,0.48,0.062,0
2026-02-16T23:15:00Z,136750,13.27,2026-02-16T23:02:25Z,5.354,0.48,0.062,0
2026-02-16T23:30:00Z,136751,13.28,2026-02-16T23:18:05Z,5.311,0.48,0.061,0
2026-02-16T23:45:00Z,136752,13.28,2026-02-16T23:37:50Z,5.339,0.48,0.061,0
2026-02-17T00:15:00Z,136754,13.27,2026-02-17T00:02:20Z,5.369,0.48,0.062,0
2026-02-17T00:30:00Z,136755,13.27,2026-02-17T00:17:35Z,5.272,0.48,0.063,0
2026-02-17T00:45:00Z,136756,13.28,2026-02-17T00:44:00Z,5.3,0.48,0.063,0
2026-02-17T01:00:00Z,136757,13.24,2026-02-17T00:57:20Z,5.418,0.48,0.066,0
2026-02-17T01:15:00Z,136758,13.27,2026-02-17T01:02:25Z,5.498,0.48,0.065,0
2026-02-17T01:30:00Z,136759,13.28,2026-02-17T01:29:50Z,5.526,0.48,0.073,0
2026-02-17T01:45:00Z,136760,13.27,2026-02-17T01:41:20Z,5.583,0.479,0.075,0
2026-02-17T02:00:00Z,136761,13.27,2026-02-17T01:59:40Z,5.63,0.479,0.076,0
2026-02-17T02:15:00Z,136762,13.27,2026-02-17T02:02:20Z,5.695,0.479,0.071,0
2026-02-17T02:30:00Z,136763,13.26,2026-02-17T02:29:50Z,5.673,0.479,0.08,0
2026-02-17T02:45:00Z,136764,13.28,2026-02-17T02:33:20Z,5.667,0.479,0.07,0
2026-02-17T03:00:00Z,136765,13.28,2026-02-17T02:50:05Z,5.637,0.479,0.067,0
2026-02-17T03:15:00Z,136766,13.28,2026-02-17T03:00:10Z,5.629,0.479,0.065,0
2026-02-17T03:30:00Z,136767,13.28,2026-02-17T03:28:00Z,5.498,0.479,0.07,0
2026-02-17T03:45:00Z,136768,13.28,2026-02-17T03:33:20Z,5.187,0.479,0.065,0
2026-02-17T04:00:00Z,136769,13.27,2026-02-17T03:57:20Z,4.762,0.48,0.063,0
2026-02-17T04:15:00Z,136770,13.28,2026-02-17T04:06:05Z,4.319,0.48,0.063,0
2026-02-17T04:30:00Z,136771,13.28,2026-02-17T04:16:45Z,3.841,0.48,0.064,0
2026-02-17T04:45:00Z,136772,13.28,2026-02-17T04:36:30Z,3.353,0.48,0.063,0
2026-02-17T05:00:00Z,136773,13.27,2026-02-17T04:57:25Z,2.985,0.48,0.063,0
2026-02-17T05:15:00Z,136774,13.27,2026-02-17T05:02:25Z,2.713,0.479,0.063,0
2026-02-17T05:30:00Z,136775,13.28,2026-02-17T05:15:05Z,2.589,0.479,0.063,0
2026-02-17T05:45:00Z,136776,13.28,2026-02-17T05:39:45Z,2.494,0.479,0.064,0
2026-02-17T06:00:00Z,136777,13.27,2026-02-17T05:57:20Z,2.406,0.48,0.064,0
2026-02-17T06:15:00Z,136778,13.27,2026-02-17T06:11:15Z,2.171,0.48,0.063,0
2026-02-17T06:30:00Z,136779,13.27,2026-02-17T06:15:45Z,1.96,0.479,0.063,0
2026-02-17T06:45:00Z,136780,13.27,2026-02-17T06:31:40Z,1.84,0.479,0.063,0
2026-02-17T07:00:00Z,136781,13.27,2026-02-17T06:46:15Z,1.753,0.48,0.064,0
2026-02-17T07:15:00Z,136782,13.27,2026-02-17T07:00:20Z,1.613,0.48,0.064,0
2026-02-17T07:30:00Z,136783,13.27,2026-02-17T07:29:50Z,1.477,0.479,0.064,0
2026-02-17T07:45:00Z,136784,13.27,2026-02-17T07:40:00Z,1.367,0.479,0.063,0
2026-02-17T08:00:00Z,136785,13.27,2026-02-17T07:57:20Z,1.321,0.48,0.064,0
2026-02-17T08:15:00Z,136786,13.27,2026-02-17T08:01:45Z,1.321,0.48,0.064,0
2026-02-17T08:30:00Z,136787,13.28,2026-02-17T08:17:45Z,1.462,0.48,0.065,0
2026-02-17T08:45:00Z,136788,13.29,2026-02-17T08:31:05Z,1.727,0.48,0.065,0
2026-02-17T09:00:00Z,136789,13.29,2026-02-17T08:45:15Z,2.009,0.48,0.066,0
2026-02-17T09:15:00Z,136790,13.31,2026-02-17T09:00:25Z,2.321,0.479,0.067,0
2026-02-17T09:30:00Z,136791,13.38,2026-02-17T09:15:05Z,2.767,0.48,0.069,0
2026-02-17T09:45:00Z,136792,13.42,2026-02-17T09:30:05Z,3.424,0.479,0.07,0
2026-02-17T10:00:00Z,136793,13.42,2026-02-17T09:51:05Z,4.226,0.48,0.07,0
2026-02-17T10:15:00Z,136794,13.44,2026-02-17T10:02:20Z,4.858,0.48,0.07,0
2026-02-17T10:30:00Z,136795,13.47,2026-02-17T10:15:05Z,5.382,0.48,0.071,0
2026-02-17T10:45:00Z,136796,13.49,2026-02-17T10:44:25Z,5.876,0.48,0.071,0
2026-02-17T11:00:00Z,136797,13.49,2026-02-17T10:45:05Z,6.31,0.48,0.073,0
2026-02-17T11:15:00Z,136798,13.54,2026-02-17T11:02:05Z,6.803,0.48,0.075,0
2026-02-17T11:30:00Z,136799,13.58,2026-02-17T11:15:05Z,7.265,0.48,0.077,0
2026-02-17T11:45:00Z,136800,13.65,2026-02-17T11:30:05Z,7.525,0.479,0.081,0
2026-02-17T12:00:00Z,136801,14.57,2026-02-17T11:57:20Z,7.99,0.479,0.082,0
2026-02-17T12:15:00Z,136802,14.54,2026-02-17T12:13:15Z,8.53,0.48,0.081,0
2026-02-17T12:30:00Z,136803,14.54,2026-02-17T12:28:35Z,8.83,0.48,0.081,0
2026-02-17T12:45:00Z,136804,14.54,2026-02-17T12:39:00Z,9.05,0.479,0.081,0
2026-02-17T13:00:00Z,136805,14.45,2026-02-17T13:00:00Z,9.28,0.48,0.082,0
2026-02-17T13:15:00Z,136806,14.11,2026-02-17T13:14:45Z,9.58,0.479,0.081,0
2026-02-17T13:30:00Z,136807,14.11,2026-02-17T13:15:05Z,9.85,0.479,0.079,0
2026-02-17T13:45:00Z,136808,14.11,2026-02-17T13:30:05Z,10.08,0.479,0.08,0
2026-02-17T14:00:00Z,136809,14.11,2026-02-17T13:57:20Z,10.48,0.479,0.084,0
2026-02-17T14:15:00Z,136810,14.08,2026-02-17T14:01:20Z,11.07,0.479,0.086,0
2026-02-17T14:30:00Z,136811,14.05,2026-02-17T14:28:55Z,11.59,0.478,0.086,0
2026-02-17T14:45:00Z,136812,14.05,2026-02-17T14:43:30Z,12.14,0.479,0.086,0
2026-02-17T15:00:00Z,136813,14.02,2026-02-17T14:49:35Z,12.54,0.479,0.087,0
2026-02-17T15:15:00Z,136814,14.05,2026-02-17T15:02:10Z,12.76,0.478,0.083,0
2026-02-17T15:30:00Z,136815,14.05,2026-02-17T15:28:50Z,12.79,0.478,0.084,0
2026-02-17T15:45:00Z,136816,14.04,2026-02-17T15:40:50Z,12.63,0.478,0.084,0
2026-02-17T16:00:00Z,136817,14.03,2026-02-17T15:57:20Z,12.3,0.478,0.083,0
2026-02-17T16:15:00Z,136818,14.04,2026-02-17T16:05:45Z,11.98,0.477,0.095,0
2026-02-17T16:30:00Z,136819,14.07,2026-02-17T16:29:55Z,11.69,0.476,0.083,0
2026-02-17T16:45:00Z,136820,14.04,2026-02-17T16:42:35Z,11.39,0.476,0.084,0
2026-02-17T17:00:00Z,136821,13.95,2026-02-17T17:00:00Z,11.09,0.477,0.082,0
2026-02-17T17:15:00Z,136822,13.87,2026-02-17T17:14:10Z,10.81,0.476,0.082,0
2026-02-17T17:30:00Z,136823,13.78,2026-02-17T17:29:50Z,10.54,0.476,0.079,0
2026-02-17T17:45:00Z,136824,13.71,2026-02-17T17:44:50Z,10.25,0.476,0.079,0
2026-02-17T18:00:00Z,136825,13.63,2026-02-17T17:59:45Z,9.92,0.476,0.078,0
2026-02-17T18:15:00Z,136826,13.56,2026-02-17T18:14:35Z,9.6,0.476,0.078,0
2026-02-17T18:30:00Z,136827,13.5,2026-02-17T18:29:50Z,9.29,0.476,0.084,0
2026-02-17T18:45:00Z,136828,13.47,2026-02-17T18:44:50Z,8.97,0.476,0.076,0
2026-02-17T19:00:00Z,136829,13.43,2026-02-17T19:00:00Z,8.67,0.476,0.084,0
2026-02-17T19:15:00Z,136830,13.39,2026-02-17T19:13:15Z,8.42,0.476,0.087,0
2026-02-17T19:30:00Z,136831,13.37,2026-02-17T19:26:45Z,8.27,0.476,0.09,0
2026-02-17T19:45:00Z,136832,13.35,2026-02-17T19:37:40Z,8.24,0.476,0.088,0
2026-02-17T20:00:00Z,136833,13.33,2026-02-17T19:55:10Z,8.3,0.475,0.084,0
2026-02-17T20:15:00Z,136834,13.31,2026-02-17T20:12:10Z,8.35,0.475,0.09,0
2026-02-17T20:30:00Z,136835,13.29,2026-02-17T20:22:20Z,8.36,0.475,0.089,0
2026-02-17T20:45:00Z,136836,13.28,2026-02-17T20:37:35Z,8.33,0.475,0.098,0
2026-02-17T21:00:00Z,136837,13.28,2026-02-17T20:57:20Z,8.36,0.475,0.09,0
2026-02-17T21:15:00Z,136838,13.28,2026-02-17T21:01:30Z,8.43,0.475,0.086,0
2026-02-17T21:30:00Z,136839,13.28,2026-02-17T21:29:25Z,8.35,0.475,0.09,0
2026-02-17T21:45:00Z,136840,13.28,2026-02-17T21:41:15Z,8.19,0.474,0.085,0
2026-02-17T22:00:00Z,136841,13.26,2026-02-17T21:49:55Z,8.01,0.475,0.094,0
2026-02-17T22:15:00Z,136842,13.27,2026-02-17T22:00:05Z,7.89,0.474,0.087,0
2026-02-17T22:30:00Z,136843,13.25,2026-02-17T22:21:45Z,7.894,0.474,0.091,0
2026-02-17T22:45:00Z,136844,13.27,2026-02-17T22:35:15Z,7.905,0.474,0.142,0
2026-02-17T23:00:00Z,136845,13.27,2026-02-17T22:53:00Z,7.882,0.473,0.145,0
2026-02-17T23:15:00Z,136846,13.26,2026-02-17T23:01:05Z,7.84,0.474,0.117,0
2026-02-17T23:30:00Z,136847,13.27,2026-02-17T23:24:15Z,7.836,0.474,0.13,0
2026-02-17T23:45:00Z,136848,13.27,2026-02-17T23:32:00Z,7.727,0.474,0.121,0
2026-02-18T00:15:00Z,136850,13.28,2026-02-18T00:07:55Z,7.386,0.473,0.12,0.01
2026-02-18T00:30:00Z,136851,13.27,2026-02-18T00:24:00Z,7.256,0.474,0.106,0.01
2026-02-18T00:45:00Z,136852,13.28,2026-02-18T00:35:25Z,7.137,0.474,0.101,0.01
2026-02-18T01:00:00Z,136853,13.28,2026-02-18T00:57:20Z,7.007,0.475,0.099,0.01
2026-02-18T01:15:00Z,136854,13.28,2026-02-18T01:07:50Z,6.865,0.476,0.098,0
2026-02-18T01:30:00Z,136855,13.28,2026-02-18T01:19:30Z,6.659,0.475,0.146,0
2026-02-18T01:45:00Z,136856,13.25,2026-02-18T01:30:50Z,6.415,0.476,0.143,0
2026-02-18T02:00:00Z,136857,13.28,2026-02-18T01:57:20Z,6.242,0.476,0.121,0
2026-02-18T02:15:00Z,136858,13.28,2026-02-18T02:02:20Z,6.138,0.476,0.114,0
2026-02-18T02:30:00Z,136859,13.28,2026-02-18T02:23:25Z,6.117,0.476,0.12,0
2026-02-18T02:45:00Z,136860,13.28,2026-02-18T02:32:20Z,6.179,0.476,0.125,0
2026-02-18T03:00:00Z,136861,13.28,2026-02-18T02:54:15Z,6.229,0.476,0.148,0
2026-02-18T03:15:00Z,136862,13.27,2026-02-18T03:06:30Z,6.265,0.476,0.144,0
2026-02-18T03:30:00Z,136863,13.27,2026-02-18T03:20:50Z,6.332,0.477,0.14,0
2026-02-18T03:45:00Z,136864,13.28,2026-02-18T03:35:10Z,6.333,0.475,0.132,0
2026-02-18T04:00:00Z,136865,13.28,2026-02-18T03:57:20Z,6.31,0.474,0.141,0
2026-02-18T04:15:00Z,136866,13.28,2026-02-18T04:02:20Z,6.378,0.475,0.133,0
2026-02-18T04:30:00Z,136867,13.28,2026-02-18T04:29:50Z,6.549,0.475,0.122,0
2026-02-18T04:45:00Z,136868,13.28,2026-02-18T04:42:55Z,6.82,0.475,0.116,0
2026-02-18T05:00:00Z,136869,13.28,2026-02-18T04:45:05Z,6.853,0.476,0.116,0
2026-02-18T05:15:00Z,136870,13.26,2026-02-18T05:10:50Z,6.933,0.475,0.144,0
2026-02-18T05:30:00Z,136871,13.25,2026-02-18T05:16:05Z,7.209,0.475,0.336,0
2026-02-18T05:45:00Z,136872,13.27,2026-02-18T05:37:40Z,7.418,0.476,0.272,0
2026-02-18T06:00:00Z,136873,13.24,2026-02-18T05:49:25Z,7.451,0.476,0.206,0
2026-02-18T06:15:00Z,136874,13.26,2026-02-18T06:14:50Z,7.357,0.477,0.166,0
2026-02-18T06:30:00Z,136875,13.26,2026-02-18T06:17:10Z,7.259,0.477,0.157,0
2026-02-18T06:45:00Z,136876,13.27,2026-02-18T06:36:45Z,7.193,0.477,0.154,0
2026-02-18T07:00:00Z,136877,13.24,2026-02-18T06:54:45Z,7.147,0.476,0.146,0
2026-02-18T07:15:00Z,136878,13.27,2026-02-18T07:06:00Z,7.114,0.475,0.146,0
2026-02-18T07:30:00Z,136879,13.27,2026-02-18T07:22:00Z,7.1,0.475,0.146,0
2026-02-18T07:45:00Z,136880,13.27,2026-02-18T07:37:10Z,7.052,0.475,0.142,0
2026-02-18T08:00:00Z,136881,13.27,2026-02-18T07:56:25Z,7.14,0.476,0.143,0
2026-02-18T08:15:00Z,136882,13.27,2026-02-18T08:02:20Z,7.269,0.476,0.153,0.01
2026-02-18T08:30:00Z,136883,13.27,2026-02-18T08:24:55Z,7.333,0.477,0.182,0.03
2026-02-18T08:45:00Z,136884,13.28,2026-02-18T08:40:20Z,7.401,0.478,0.161,0
2026-02-18T09:00:00Z,136885,13.29,2026-02-18T08:57:25Z,7.315,0.478,0.154,0
2026-02-18T09:15:00Z,136886,13.28,2026-02-18T09:08:55Z,7.137,0.479,0.156,0.02
2026-02-18T09:30:00Z,136887,13.28,2026-02-18T09:18:50Z,7.151,0.481,0.154,0
2026-02-18T09:45:00Z,136888,13.27,2026-02-18T09:42:00Z,7.364,0.481,0.173,0
2026-02-18T10:00:00Z,136889,13.29,2026-02-18T09:57:20Z,7.535,0.48,0.17,0.01
2026-02-18T10:15:00Z,136890,13.3,2026-02-18T10:02:20Z,7.621,0.48,0.167,0
2026-02-18T10:30:00Z,136891,13.31,2026-02-18T10:15:05Z,7.609,0.48,0.172,0
2026-02-18T10:45:00Z,136892,13.33,2026-02-18T10:34:55Z,7.748,0.48,0.183,0
2026-02-18T11:00:00Z,136893,13.35,2026-02-18T10:48:15Z,7.996,0.481,0.194,0
2026-02-18T11:15:00Z,136894,13.36,2026-02-18T11:00:10Z,8.57,0.481,0.261,0
2026-02-18T11:30:00Z,136895,13.39,2026-02-18T11:15:25Z,9.61,0.481,0.313,0
2026-02-18T11:45:00Z,136896,13.47,2026-02-18T11:41:05Z,10.68,0.481,0.369,0
2026-02-18T12:00:00Z,136897,13.49,2026-02-18T11:47:25Z,11.48,0.48,0.451,0
2026-02-18T12:15:00Z,136898,13.54,2026-02-18T12:04:15Z,12.13,0.481,0.537,0
2026-02-18T12:30:00Z,136899,13.61,2026-02-18T12:15:50Z,12.79,0.483,0.623,0
2026-02-18T12:45:00Z,136900,14.36,2026-02-18T12:38:05Z,13.57,0.483,0.829,0
2026-02-18T13:00:00Z,136901,14.33,2026-02-18T12:59:25Z,14.36,0.482,0.906,0
2026-02-18T13:15:00Z,136902,14.33,2026-02-18T13:02:05Z,15.05,0.481,1.045,0
2026-02-18T13:30:00Z,136903,14.22,2026-02-18T13:29:50Z,15.61,0.481,1.141,0
2026-02-18T13:45:00Z,136904,13.97,2026-02-18T13:44:45Z,16.12,0.482,1.182,0
2026-02-18T14:00:00Z,136905,13.9,2026-02-18T13:55:25Z,16.53,0.482,1.221,0
2026-02-18T14:15:00Z,136906,13.9,2026-02-18T14:10:30Z,16.81,0.484,1.367,0
2026-02-18T14:30:00Z,136907,13.9,2026-02-18T14:20:55Z,16.96,0.485,1.533,0
2026-02-18T14:45:00Z,136908,13.91,2026-02-18T14:30:05Z,17.1,0.487,1.585,0
2026-02-18T15:00:00Z,136909,13.9,2026-02-18T14:57:30Z,17.17,0.487,1.588,0
2026-02-18T15:15:00Z,136910,13.9,2026-02-18T15:04:35Z,17.16,0.487,1.52,0
2026-02-18T15:30:00Z,136911,13.9,2026-02-18T15:30:00Z,17.26,0.488,1.473,0
2026-02-18T15:45:00Z,136912,13.88,2026-02-18T15:42:55Z,17.56,0.486,1.465,0
2026-02-18T16:00:00Z,136913,13.88,2026-02-18T15:57:20Z,17.64,0.487,1.493,0
2026-02-18T16:15:00Z,136914,13.88,2026-02-18T16:02:25Z,17.7,0.488,1.51,0
2026-02-18T16:30:00Z,136915,13.89,2026-02-18T16:15:05Z,17.38,0.488,1.409,0
2026-02-18T16:45:00Z,136916,13.91,2026-02-18T16:30:10Z,17.07,0.489,1.303,0
2026-02-18T17:00:00Z,136917,13.9,2026-02-18T16:50:55Z,16.63,0.49,1.246,0
2026-02-18T17:15:00Z,136918,13.93,2026-02-18T17:00:05Z,16.36,0.489,1.233,0
2026-02-18T17:30:00Z,136919,13.89,2026-02-18T17:29:50Z,16.27,0.49,1.206,0
2026-02-18T17:45:00Z,136920,13.84,2026-02-18T17:44:50Z,16.18,0.49,1.201,0
2026-02-18T18:00:00Z,136921,13.74,2026-02-18T17:57:20Z,15.96,0.489,1.207,0
2026-02-18T18:15:00Z,136922,13.66,2026-02-18T18:15:00Z,15.55,0.49,1.194,0
2026-02-18T18:30:00Z,136923,13.59,2026-02-18T18:29:50Z,14.9,0.49,1.114,0
2026-02-18T18:45:00Z,136924,13.53,2026-02-18T18:44:55Z,14.1,0.49,1.04,0
2026-02-18T19:00:00Z,136925,13.48,2026-02-18T18:58:30Z,13.08,0.489,0.978,0
2026-02-18T19:15:00Z,136926,13.44,2026-02-18T19:14:30Z,12.05,0.49,0.949,0
2026-02-18T19:30:00Z,136927,13.41,2026-02-18T19:25:10Z,11.36,0.49,0.927,0
2026-02-18T19:45:00Z,136928,13.38,2026-02-18T19:43:50Z,10.63,0.49,0.884,0
2026-02-18T20:00:00Z,136929,13.35,2026-02-18T19:54:10Z,9.86,0.49,0.836,0
2026-02-18T20:15:00Z,136930,13.33,2026-02-18T20:13:10Z,9.13,0.49,0.799,0
2026-02-18T20:30:00Z,136931,13.31,2026-02-18T20:29:50Z,8.47,0.49,0.761,0
2026-02-18T20:45:00Z,136932,13.31,2026-02-18T20:44:35Z,7.86,0.49,0.87,0
2026-02-18T21:00:00Z,136933,13.3,2026-02-18T20:55:10Z,7.088,0.491,1.046,0
2026-02-18T21:15:00Z,136934,13.29,2026-02-18T21:14:25Z,6.171,0.49,0.965,0
2026-02-18T21:30:00Z,136935,13.28,2026-02-18T21:29:50Z,5.256,0.491,0.907,0
2026-02-18T21:45:00Z,136936,13.28,2026-02-18T21:41:45Z,4.423,0.491,0.896,0
2026-02-18T22:00:00Z,136937,13.27,2026-02-18T21:57:20Z,3.666,0.491,0.928,0
2026-02-18T22:15:00Z,136938,13.27,2026-02-18T22:02:20Z,2.931,0.491,1.269,0
2026-02-18T22:30:00Z,136939,13.24,2026-02-18T22:29:50Z,2.285,0.491,1.023,0
2026-02-18T22:45:00Z,136940,13.28,2026-02-18T22:42:25Z,1.693,0.491,0.894,0
2026-02-18T23:00:00Z,136941,13.28,2026-02-18T22:45:15Z,1.203,0.492,0.863,0
2026-02-18T23:15:00Z,136942,13.28,2026-02-18T23:04:15Z,0.853,0.491,0.838,0
2026-02-18T23:30:00Z,136943,13.27,2026-02-18T23:20:25Z,0.545,0.492,0.826,0
2026-02-18T23:45:00Z,136944,13.27,2026-02-18T23:31:05Z,0.274,0.492,0.838,0
2026-02-19T00:15:00Z,136946,13.26,2026-02-19T00:02:20Z,0.073,0.492,0.815,0
2026-02-19T00:30:00Z,136947,13.24,2026-02-19T00:29:50Z,-0.033,0.492,0.936,0
2026-02-19T00:45:00Z,136948,13.27,2026-02-19T00:33:20Z,-0.195,0.492,0.946,0
2026-02-19T01:00:00Z,136949,13.27,2026-02-19T00:48:50Z,-0.372,0.492,0.9,0
2026-02-19T01:15:00Z,136950,13.25,2026-02-19T01:02:30Z,-0.594,0.492,0.849,0
2026-02-19T01:30:00Z,136951,13.27,2026-02-19T01:17:20Z,-0.834,0.492,0.809,0
2026-02-19T01:45:00Z,136952,13.27,2026-02-19T01:32:15Z,-1.07,0.492,0.957,0
2026-02-19T02:00:00Z,136953,13.26,2026-02-19T01:50:55Z,-1.252,0.493,0.947,0
2026-02-19T02:15:00Z,136954,13.26,2026-02-19T02:12:15Z,-1.365,0.492,0.902,0
2026-02-19T02:30:00Z,136955,13.26,2026-02-19T02:25:35Z,-1.431,0.492,0.861,0
2026-02-19T02:45:00Z,136956,13.26,2026-02-19T02:33:35Z,-1.504,0.493,0.836,0
2026-02-19T03:00:00Z,136957,13.26,2026-02-19T02:49:35Z,-1.524,0.493,0.813,0
2026-02-19T03:15:00Z,136958,13.26,2026-02-19T03:11:05Z,-1.489,0.494,0.811,0
2026-02-19T03:30:00Z,136959,13.25,2026-02-19T03:29:50Z,-1.395,0.494,0.796,0
2026-02-19T03:45:00Z,136960,13.26,2026-02-19T03:34:55Z,-1.214,0.493,0.777,0
2026-02-19T04:00:00Z,136961,13.25,2026-02-19T03:57:20Z,-0.899,0.493,0.758,0
2026-02-19T04:15:00Z,136962,13.26,2026-02-19T04:04:15Z,-0.228,0.494,0.744,0
2026-02-19T04:30:00Z,136963,13.26,2026-02-19T04:17:25Z,0.577,0.495,0.728,0
2026-02-19T04:45:00Z,136964,13.25,2026-02-19T04:33:00Z,1.243,0.496,0.725,0
2026-02-19T05:00:00Z,136965,13.26,2026-02-19T04:57:20Z,1.695,0.495,0.715,0
2026-02-19T05:15:00Z,136966,13.27,2026-02-19T05:02:25Z,1.929,0.496,0.7,0
2026-02-19T05:30:00Z,136967,13.26,2026-02-19T05:20:30Z,2.052,0.496,0.681,0
2026-02-19T05:45:00Z,136968,13.27,2026-02-19T05:30:15Z,2.161,0.496,0.664,0
2026-02-19T06:00:00Z,136969,13.26,2026-02-19T05:57:20Z,2.256,0.495,0.645,0
2026-02-19T06:15:00Z,136970,13.23,2026-02-19T06:13:00Z,2.308,0.497,0.63,0
2026-02-19T06:30:00Z,136971,13.26,2026-02-19T06:29:55Z,2.341,0.499,0.587,0
2026-02-19T06:45:00Z,136972,13.27,2026-02-19T06:31:20Z,2.345,0.499,0.554,0
2026-02-19T07:00:00Z,136973,13.26,2026-02-19T06:54:40Z,2.318,0.5,0.542,0
2026-02-19T07:15:00Z,136974,13.27,2026-02-19T07:01:25Z,2.251,0.501,0.516,0
2026-02-19T07:30:00Z,136975,13.26,2026-02-19T07:29:50Z,2.143,0.5,0.508,0
2026-02-19T07:45:00Z,136976,13.27,2026-02-19T07:30:05Z,2.059,0.499,0.485,0.01
2026-02-19T08:00:00Z,136977,13.26,2026-02-19T07:57:20Z,2.062,0.504,0.504,0.04
2026-02-19T08:15:00Z,136978,13.27,2026-02-19T08:00:55Z,2.192,0.506,0.52,0.02
2026-02-19T08:30:00Z,136979,13.26,2026-02-19T08:18:10Z,2.461,0.508,0.534,0.01
2026-02-19T08:45:00Z,136980,13.28,2026-02-19T08:41:10Z,2.813,0.507,0.549,0
2026-02-19T09:00:00Z,136981,13.31,2026-02-19T08:46:00Z,3.092,0.507,0.568,0
2026-02-19T09:15:00Z,136982,13.32,2026-02-19T09:05:30Z,3.487,0.506,0.595,0
2026-02-19T09:30:00Z,136983,13.33,2026-02-19T09:15:20Z,3.97,0.507,0.621,0
2026-02-19T09:45:00Z,136984,13.33,2026-02-19T09:31:20Z,4.466,0.507,0.645,0
2026-02-19T10:00:00Z,136985,13.35,2026-02-19T09:45:05Z,5.027,0.507,0.675,0
2026-02-19T10:15:00Z,136986,13.4,2026-02-19T10:00:40Z,5.901,0.507,0.734,0
2026-02-19T10:30:00Z,136987,13.43,2026-02-19T10:22:00Z,6.789,0.509,0.796,0
2026-02-19T10:45:00Z,136988,13.42,2026-02-19T10:44:40Z,7.446,0.509,0.842,0
2026-02-19T11:00:00Z,136989,13.42,2026-02-19T10:46:00Z,7.962,0.509,0.872,0
2026-02-19T11:15:00Z,136990,13.4,2026-02-19T11:13:50Z,8.38,0.509,0.898,0
2026-02-19T11:30:00Z,136991,13.37,2026-02-19T11:29:50Z,8.68,0.511,0.897,0
2026-02-19T11:45:00Z,136992,13.35,2026-02-19T11:42:10Z,8.76,0.515,0.899,0
2026-02-19T12:00:00Z,136993,13.34,2026-02-19T11:57:25Z,8.07,0.513,0.895,0
2026-02-19T12:15:00Z,136994,13.31,2026-02-19T12:13:25Z,7.115,0.509,0.875,0
2026-02-19T12:30:00Z,136995,13.31,2026-02-19T12:27:35Z,6.28,0.511,0.862,0.02
2026-02-19T12:45:00Z,136996,13.29,2026-02-19T12:30:05Z,5.677,0.517,0.875,0.02
2026-02-19T13:00:00Z,136997,13.33,2026-02-19T12:45:05Z,5.358,0.516,0.891,0.03
2026-02-19T13:15:00Z,136998,13.53,2026-02-19T13:08:50Z,5.922,0.518,1.026,0
2026-02-19T13:30:00Z,136999,13.54,2026-02-19T13:19:25Z,6.699,0.517,1.233,0
2026-02-19T13:45:00Z,137000,14.54,2026-02-19T13:44:50Z,7.392,0.518,1.524,0
2026-02-19T14:00:00Z,137001,14.54,2026-02-19T13:53:50Z,8.03,0.52,1.863,0
2026-02-19T14:15:00Z,137002,14.51,2026-02-19T14:10:35Z,8.48,0.52,2.19,0
2026-02-19T14:30:00Z,137003,14.5,2026-02-19T14:23:10Z,8.77,0.52,2.436,0
2026-02-19T14:45:00Z,137004,14.11,2026-02-19T14:42:40Z,9.19,0.522,2.583,0
2026-02-19T15:00:00Z,137005,14.1,2026-02-19T14:57:30Z,9.52,0.522,2.698,0
2026-02-19T15:15:00Z,137006,14.1,2026-02-19T15:13:25Z,9.76,0.523,2.782,0
2026-02-19T15:30:00Z,137007,14.1,2026-02-19T15:29:50Z,9.92,0.524,2.78,0
2026-02-19T15:45:00Z,137008,14.11,2026-02-19T15:30:05Z,10.03,0.524,2.717,0
2026-02-19T16:00:00Z,137009,14.1,2026-02-19T15:57:05Z,10.06,0.523,2.663,0
2026-02-19T16:15:00Z,137010,14.1,2026-02-19T16:07:45Z,10.08,0.523,2.614,0
2026-02-19T16:30:00Z,137011,14.11,2026-02-19T16:21:05Z,9.94,0.523,2.554,0
2026-02-19T16:45:00Z,137012,14.06,2026-02-19T16:38:45Z,9.67,0.523,2.494,0
2026-02-19T17:00:00Z,137013,14.07,2026-02-19T16:45:05Z,9.43,0.524,2.446,0
2026-02-19T17:15:00Z,137014,14.08,2026-02-19T17:15:00Z,9.21,0.524,2.415,0
2026-02-19T17:30:00Z,137015,13.99,2026-02-19T17:29:50Z,9,0.524,2.372,0
2026-02-19T17:45:00Z,137016,13.87,2026-02-19T17:43:45Z,8.71,0.524,2.315,0
2026-02-19T18:00:00Z,137017,13.76,2026-02-19T17:59:45Z,8.31,0.524,2.245,0
2026-02-19T18:15:00Z,137018,13.66,2026-02-19T18:14:40Z,7.864,0.524,2.182,0
2026-02-19T18:30:00Z,137019,13.59,2026-02-19T18:29:45Z,7.416,0.524,2.115,0
2026-02-19T18:45:00Z,137020,13.53,2026-02-19T18:41:25Z,6.999,0.525,2.048,0
2026-02-19T19:00:00Z,137021,13.48,2026-02-19T18:57:20Z,6.569,0.526,1.982,0
2026-02-19T19:15:00Z,137022,13.45,2026-02-19T19:11:20Z,6.155,0.525,1.904,0
2026-02-19T19:30:00Z,137023,13.4,2026-02-19T19:30:00Z,5.804,0.524,1.878,0
2026-02-19T19:45:00Z,137024,13.38,2026-02-19T19:44:45Z,5.51,0.524,1.842,0
2026-02-19T20:00:00Z,137025,13.35,2026-02-19T19:57:20Z,5.289,0.526,1.783,0
2026-02-19T20:15:00Z,137026,13.31,2026-02-19T20:04:55Z,5.121,0.527,1.717,0
2026-02-19T20:30:00Z,137027,13.31,2026-02-19T20:29:55Z,4.971,0.525,1.649,0
2026-02-19T20:45:00Z,137028,13.3,2026-02-19T20:41:20Z,4.841,0.525,1.596,0
2026-02-19T21:00:00Z,137029,13.28,2026-02-19T20:58:45Z,4.746,0.526,1.568,0
2026-02-19T21:15:00Z,137030,13.28,2026-02-19T21:05:25Z,4.679,0.527,1.544,0
2026-02-19T21:30:00Z,137031,13.27,2026-02-19T21:29:50Z,4.629,0.525,1.545,0
2026-02-19T21:45:00Z,137032,13.27,2026-02-19T21:31:05Z,4.622,0.525,1.561,0.01
2026-02-19T22:00:00Z,137033,13.27,2026-02-19T21:57:20Z,4.63,0.528,1.591,0.01
2026-02-19T22:15:00Z,137034,13.27,2026-02-19T22:09:30Z,4.633,0.528,1.579,0
2026-02-19T22:30:00Z,137035,13.27,2026-02-19T22:27:40Z,4.656,0.53,1.565,0.01
2026-02-19T22:45:00Z,137036,13.26,2026-02-19T22:32:55Z,4.575,0.534,1.532,0.05
2026-02-19T23:00:00Z,137037,13.27,2026-02-19T22:54:50Z,4.496,0.537,1.522,0.03
2026-02-19T23:15:00Z,137038,13.26,2026-02-19T23:09:40Z,4.491,0.538,1.534,0.01
2026-02-19T23:30:00Z,137039,13.27,2026-02-19T23:18:20Z,4.472,0.542,1.518,0
2026-02-19T23:45:00Z,137040,13.26,2026-02-19T23:44:20Z,4.422,0.553,1.61,0
2026-02-20T00:15:00Z,137042,13.27,2026-02-20T00:11:10Z,4.327,0.554,1.55,0
2026-02-20T00:30:00Z,137043,13.27,2026-02-20T00:22:35Z,4.322,0.555,1.542,0
2026-02-20T00:45:00Z,137044,13.27,2026-02-20T00:36:50Z,4.344,0.554,1.524,0
2026-02-20T01:00:00Z,137045,13.26,2026-02-20T00:53:30Z,4.365,0.554,1.523,0
2026-02-20T01:15:00Z,137046,13.27,2026-02-20T01:04:15Z,4.329,0.554,1.532,0
2026-02-20T01:30:00Z,137047,13.28,2026-02-20T01:23:15Z,4.289,0.555,1.532,0
2026-02-20T01:45:00Z,137048,13.26,2026-02-20T01:44:05Z,4.272,0.555,1.531,0
2026-02-20T02:00:00Z,137049,13.28,2026-02-20T01:45:05Z,4.265,0.555,1.531,0
2026-02-20T02:15:00Z,137050,13.28,2026-02-20T02:10:25Z,4.279,0.556,1.541,0
2026-02-20T02:30:00Z,137051,13.28,2026-02-20T02:15:05Z,4.275,0.557,1.544,0.01
2026-02-20T02:45:00Z,137052,13.27,2026-02-20T02:30:05Z,4.209,0.557,1.529,0.04
2026-02-20T03:00:00Z,137053,13.27,2026-02-20T02:51:05Z,4.171,0.561,1.536,0.07
2026-02-20T03:15:00Z,137054,13.27,2026-02-20T03:00:05Z,4.26,0.567,1.519,0.04
2026-02-20T03:30:00Z,137055,13.27,2026-02-20T03:19:25Z,4.396,0.571,1.509,0.03
2026-02-20T03:45:00Z,137056,13.28,2026-02-20T03:44:45Z,4.519,0.571,1.506,0
2026-02-20T04:00:00Z,137057,13.28,2026-02-20T03:50:40Z,4.574,0.571,1.501,0
2026-02-20T04:15:00Z,137058,13.27,2026-02-20T04:02:20Z,4.594,0.571,1.505,0
2026-02-20T04:30:00Z,137059,13.28,2026-02-20T04:26:15Z,4.636,0.571,1.507,0.01
2026-02-20T04:45:00Z,137060,13.28,2026-02-20T04:30:05Z,4.638,0.572,1.462,0
2026-02-20T05:00:00Z,137061,13.28,2026-02-20T04:45:05Z,4.603,0.572,1.492,0
2026-02-20T05:15:00Z,137062,13.27,2026-02-20T05:02:25Z,4.546,0.572,1.515,0
2026-02-20T05:30:00Z,137063,13.27,2026-02-20T05:25:25Z,4.482,0.573,1.525,0
2026-02-20T05:45:00Z,137064,13.27,2026-02-20T05:44:35Z,4.435,0.573,1.49,0
2026-02-20T06:00:00Z,137065,13.27,2026-02-20T05:47:15Z,4.399,0.574,1.426,0
2026-02-20T06:15:00Z,137066,13.27,2026-02-20T06:00:35Z,4.346,0.574,1.389,0
2026-02-20T06:30:00Z,137067,13.27,2026-02-20T06:26:50Z,4.251,0.574,1.365,0
2026-02-20T06:45:00Z,137068,13.27,2026-02-20T06:35:15Z,4.139,0.575,1.362,0
2026-02-20T07:00:00Z,137069,13.27,2026-02-20T06:45:55Z,4.079,0.576,1.364,0
2026-02-20T07:15:00Z,137070,13.26,2026-02-20T07:09:00Z,4.009,0.576,1.362,0
2026-02-20T07:30:00Z,137071,13.27,2026-02-20T07:27:25Z,3.993,0.576,1.357,0
2026-02-20T07:45:00Z,137072,13.27,2026-02-20T07:39:15Z,3.763,0.578,1.279,0
2026-02-20T08:00:00Z,137073,13.27,2026-02-20T07:51:40Z,3.186,0.578,1.195,0
2026-02-20T08:15:00Z,137074,13.27,2026-02-20T08:06:30Z,2.734,0.577,1.169,0
2026-02-20T08:30:00Z,137075,13.27,2026-02-20T08:29:55Z,2.361,0.577,1.166,0
2026-02-20T08:45:00Z,137076,13.26,2026-02-20T08:33:10Z,2.043,0.576,1.193,0
2026-02-20T09:00:00Z,137077,13.26,2026-02-20T08:54:25Z,1.849,0.577,1.228,0
2026-02-20T09:15:00Z,137078,13.28,2026-02-20T09:05:10Z,1.782,0.578,1.235,0
2026-02-20T09:30:00Z,137079,13.26,2026-02-20T09:19:20Z,1.76,0.58,1.233,0
2026-02-20T09:45:00Z,137080,13.27,2026-02-20T09:32:05Z,1.635,0.579,1.234,0
2026-02-20T10:00:00Z,137081,13.28,2026-02-20T09:51:00Z,1.471,0.579,1.256,0
2026-02-20T10:15:00Z,137082,13.27,2026-02-20T10:10:55Z,1.33,0.581,1.243,0
2026-02-20T10:30:00Z,137083,13.27,2026-02-20T10:21:10Z,1.161,0.583,1.211,0
2026-02-20T10:45:00Z,137084,13.29,2026-02-20T10:37:35Z,0.936,0.583,1.181,0
2026-02-20T11:00:00Z,137085,13.29,2026-02-20T10:58:55Z,0.702,0.58,1.187,0
2026-02-20T11:15:00Z,137086,13.28,2026-02-20T11:01:45Z,0.52,0.583,1.216,0
2026-02-20T11:30:00Z,137087,13.29,2026-02-20T11:15:15Z,0.378,0.582,1.22,0
2026-02-20T11:45:00Z,137088,13.28,2026-02-20T11:35:15Z,0.286,0.583,1.233,0
2026-02-20T12:00:00Z,137089,13.29,2026-02-20T11:56:50Z,0.242,0.582,1.268,0
2026-02-20T12:15:00Z,137090,13.3,2026-02-20T12:02:20Z,0.212,0.584,1.284,0
2026-02-20T12:30:00Z,137091,13.3,2026-02-20T12:24:55Z,0.113,0.585,1.214,0
2026-02-20T12:45:00Z,137092,13.3,2026-02-20T12:32:45Z,-0.046,0.584,1.162,0
2026-02-20T13:00:00Z,137093,13.3,2026-02-20T12:53:25Z,-0.132,0.582,1.149,0
2026-02-20T13:15:00Z,137094,13.3,2026-02-20T13:07:50Z,-0.176,0.582,1.1,0
2026-02-20T13:30:00Z,137095,13.3,2026-02-20T13:18:20Z,-0.201,0.582,1.046,0
2026-02-20T13:45:00Z,137096,13.29,2026-02-20T13:41:45Z,-0.201,0.583,1.055,0
2026-02-20T14:00:00Z,137097,13.31,2026-02-20T13:45:25Z,-0.201,0.584,1.118,0
2026-02-20T14:15:00Z,137098,13.31,2026-02-20T14:02:25Z,-0.168,0.584,1.172,0
2026-02-20T14:30:00Z,137099,13.28,2026-02-20T14:25:20Z,-0.136,0.584,1.178,0
2026-02-20T14:45:00Z,137100,13.3,2026-02-20T14:33:10Z,-0.108,0.585,1.152,0
2026-02-20T15:00:00Z,137101,13.3,2026-02-20T14:50:10Z,-0.076,0.584,1.133,0
2026-02-20T15:15:00Z,137102,13.3,2026-02-20T15:02:25Z,-0.039,0.583,1.165,0
2026-02-20T15:30:00Z,137103,13.3,2026-02-20T15:18:15Z,-0.041,0.584,1.126,0
2026-02-20T15:45:00Z,137104,13.29,2026-02-20T15:39:10Z,-0.108,0.584,1.08,0
2026-02-20T16:00:00Z,137105,13.28,2026-02-20T15:48:45Z,-0.181,0.583,1.08,0
2026-02-20T16:15:00Z,137106,13.29,2026-02-20T16:02:25Z,-0.225,0.585,1.111,0
2026-02-20T16:30:00Z,137107,13.28,2026-02-20T16:19:50Z,-0.244,0.584,1.113,0
2026-02-20T16:45:00Z,137108,13.27,2026-02-20T16:35:55Z,-0.256,0.584,1.097,0
2026-02-20T17:00:00Z,137109,13.26,2026-02-20T16:57:50Z,-0.268,0.584,1.081,0
2026-02-20T17:15:00Z,137110,13.26,2026-02-20T17:02:20Z,-0.289,0.584,1.067,0
2026-02-20T17:30:00Z,137111,13.25,2026-02-20T17:28:05Z,-0.33,0.586,1.054,0
2026-02-20T17:45:00Z,137112,13.25,2026-02-20T17:32:45Z,-0.396,0.585,1.034,0
2026-02-20T18:00:00Z,137113,13.25,2026-02-20T17:55:10Z,-0.467,0.586,0.997,0
2026-02-20T18:15:00Z,137114,13.24,2026-02-20T18:04:55Z,-0.538,0.586,0.965,0
2026-02-20T18:30:00Z,137115,13.25,2026-02-20T18:30:00Z,-0.581,0.586,0.937,0
2026-02-20T18:45:00Z,137116,13.25,2026-02-20T18:35:05Z,-0.619,0.585,0.891,0
2026-02-20T19:00:00Z,137117,13.24,2026-02-20T18:49:15Z,-0.642,0.586,0.863,0
2026-02-20T19:15:00Z,137118,13.24,2026-02-20T19:02:20Z,-0.658,0.586,0.862,0
2026-02-20T19:30:00Z,137119,13.23,2026-02-20T19:20:15Z,-0.671,0.586,0.855,0
2026-02-20T19:45:00Z,137120,13.23,2026-02-20T19:32:05Z,-0.694,0.585,0.827,0
2026-02-20T20:00:00Z,137121,13.24,2026-02-20T19:58:55Z,-0.727,0.585,0.811,0
2026-02-20T20:15:00Z,137122,13.24,2026-02-20T20:02:05Z,-0.754,0.585,0.8,0
2026-02-20T20:30:00Z,137123,13.24,2026-02-20T20:30:00Z,-0.785,0.584,0.789,0
2026-02-20T20:45:00Z,137124,13.25,2026-02-20T20:37:50Z,-0.819,0.586,0.8,0
2026-02-20T21:00:00Z,137125,13.24,2026-02-20T20:55:20Z,-0.853,0.586,0.822,0
2026-02-20T21:15:00Z,137126,13.24,2026-02-20T21:02:25Z,-0.893,0.585,0.805,0
2026-02-20T21:30:00Z,137127,13.24,2026-02-20T21:29:55Z,-0.923,0.586,0.798,0
2026-02-20T21:45:00Z,137128,13.24,2026-02-20T21:35:15Z,-0.943,0.585,0.78,0
2026-02-20T22:00:00Z,137129,13.25,2026-02-20T21:57:25Z,-0.969,0.586,0.76,0
2026-02-20T22:15:00Z,137130,13.23,2026-02-20T22:02:20Z,-0.999,0.586,0.741,0
2026-02-20T22:30:00Z,137131,13.25,2026-02-20T22:16:00Z,-1.033,0.586,0.734,0
2026-02-20T22:45:00Z,137132,13.24,2026-02-20T22:32:15Z,-1.093,0.585,0.726,0
2026-02-20T23:00:00Z,137133,13.24,2026-02-20T22:47:15Z,-1.149,0.585,0.722,0
2026-02-20T23:15:00Z,137134,13.24,2026-02-20T23:00:55Z,-1.209,0.585,0.722,0
2026-02-20T23:30:00Z,137135,13.25,2026-02-20T23:15:50Z,-1.277,0.586,0.717,0
2026-02-20T23:45:00Z,137136,13.23,2026-02-20T23:36:10Z,-1.334,0.587,0.728,0
2026-02-21T00:15:00Z,137138,13.24,2026-02-21T00:02:15Z,-1.406,0.586,0.75,0
2026-02-21T00:30:00Z,137139,13.23,2026-02-21T00:29:45Z,-1.429,0.587,0.74,0
2026-02-21T00:45:00Z,137140,13.24,2026-02-21T00:33:50Z,-1.441,0.587,0.732,0
2026-02-21T01:00:00Z,137141,13.2,2026-02-21T00:55:30Z,-1.46,0.587,0.748,0
2026-02-21T01:15:00Z,137142,13.24,2026-02-21T01:01:15Z,-1.477,0.587,0.777,0
2026-02-21T01:30:00Z,137143,13.23,2026-02-21T01:15:05Z,-1.48,0.588,0.782,0
2026-02-21T01:45:00Z,137144,13.21,2026-02-21T01:39:30Z,-1.48,0.588,0.781,0
2026-02-21T02:00:00Z,137145,13.24,2026-02-21T01:45:20Z,-1.48,0.588,0.777,0
2026-02-21T02:15:00Z,137146,13.23,2026-02-21T02:12:25Z,-1.487,0.588,0.771,0
2026-02-21T02:30:00Z,137147,13.24,2026-02-21T02:16:55Z,-1.5,0.588,0.761,0
2026-02-21T02:45:00Z,137148,13.21,2026-02-21T02:35:40Z,-1.519,0.588,0.751,0
2026-02-21T03:00:00Z,137149,13.23,2026-02-21T02:55:50Z,-1.523,0.588,0.741,0
2026-02-21T03:15:00Z,137150,13.24,2026-02-21T03:02:40Z,-1.523,0.588,0.735,0
2026-02-21T03:30:00Z,137151,13.23,2026-02-21T03:18:15Z,-1.523,0.588,0.736,0
2026-02-21T03:45:00Z,137152,13.24,2026-02-21T03:30:40Z,-1.523,0.588,0.742,0
2026-02-21T04:00:00Z,137153,13.23,2026-02-21T03:49:30Z,-1.497,0.588,0.742,0
2026-02-21T04:15:00Z,137154,13.24,2026-02-21T04:09:45Z,-1.472,0.589,0.746,0
2026-02-21T04:30:00Z,137155,13.24,2026-02-21T04:17:50Z,-1.44,0.588,0.73,0
2026-02-21T04:45:00Z,137156,13.23,2026-02-21T04:43:55Z,-1.411,0.589,0.721,0
2026-02-21T05:00:00Z,137157,13.23,2026-02-21T04:51:15Z,-1.381,0.59,0.732,0
2026-02-21T05:15:00Z,137158,13.24,2026-02-21T05:02:20Z,-1.345,0.589,0.742,0
2026-02-21T05:30:00Z,137159,13.21,2026-02-21T05:17:35Z,-1.313,0.589,0.746,0
2026-02-21T05:45:00Z,137160,13.25,2026-02-21T05:33:50Z,-1.278,0.59,0.746,0
2026-02-21T06:00:00Z,137161,13.23,2026-02-21T05:47:45Z,-1.259,0.59,0.745,0
2026-02-21T06:15:00Z,137162,13.2,2026-02-21T06:02:10Z,-1.245,0.591,0.768,0
2026-02-21T06:30:00Z,137163,13.25,2026-02-21T06:24:55Z,-1.245,0.591,0.821,0
2026-02-21T06:45:00Z,137164,13.23,2026-02-21T06:33:45Z,-1.245,0.591,0.839,0
2026-02-21T07:00:00Z,137165,13.23,2026-02-21T06:51:45Z,-1.245,0.59,0.843,0
2026-02-21T07:15:00Z,137166,13.23,2026-02-21T07:05:00Z,-1.245,0.59,0.84,0
2026-02-21T07:30:00Z,137167,13.24,2026-02-21T07:20:20Z,-1.245,0.591,0.831,0
2026-02-21T07:45:00Z,137168,13.24,2026-02-21T07:36:25Z,-1.245,0.591,0.821,0
2026-02-21T08:00:00Z,137169,13.22,2026-02-21T07:50:35Z,-1.234,0.591,0.81,0
2026-02-21T08:15:00Z,137170,13.24,2026-02-21T08:03:20Z,-1.209,0.591,0.8,0
2026-02-21T08:30:00Z,137171,13.24,2026-02-21T08:18:00Z,-1.167,0.592,0.794,0
2026-02-21T08:45:00Z,137172,13.25,2026-02-21T08:38:25Z,-1.113,0.592,0.79,0
2026-02-21T09:00:00Z,137173,13.26,2026-02-21T08:47:25Z,-1.045,0.591,0.787,0
2026-02-21T09:15:00Z,137174,13.24,2026-02-21T09:02:30Z,-0.966,0.592,0.787,0
2026-02-21T09:30:00Z,137175,13.28,2026-02-21T09:20:25Z,-0.89,0.593,0.795,0
2026-02-21T09:45:00Z,137176,13.28,2026-02-21T09:30:50Z,-0.815,0.592,0.807,0
2026-02-21T10:00:00Z,137177,13.29,2026-02-21T09:48:00Z,-0.745,0.592,0.818,0
2026-02-21T10:15:00Z,137178,13.3,2026-02-21T10:01:20Z,-0.662,0.592,0.828,0
2026-02-21T10:30:00Z,137179,13.31,2026-02-21T10:18:45Z,-0.543,0.591,0.852,0
2026-02-21T10:45:00Z,137180,13.33,2026-02-21T10:30:40Z,-0.402,0.592,0.878,0
2026-02-21T11:00:00Z,137181,13.33,2026-02-21T10:48:35Z,-0.265,0.592,0.901,0
2026-02-21T11:15:00Z,137182,13.35,2026-02-21T11:02:20Z,-0.137,0.592,0.923,0
2026-02-21T11:30:00Z,137183,13.35,2026-02-21T11:18:35Z,0.017,0.592,0.953,0
2026-02-21T11:45:00Z,137184,13.35,2026-02-21T11:34:35Z,0.158,0.592,0.992,0
2026-02-21T12:00:00Z,137185,13.36,2026-02-21T11:51:40Z,0.255,0.592,1.031,0
2026-02-21T12:15:00Z,137186,13.36,2026-02-21T12:11:45Z,0.354,0.591,1.065,0
2026-02-21T12:30:00Z,137187,13.38,2026-02-21T12:24:25Z,0.452,0.591,1.103,0
2026-02-21T12:45:00Z,137188,13.37,2026-02-21T12:32:10Z,0.479,0.593,1.137,0
2026-02-21T13:00:00Z,137189,13.38,2026-02-21T12:51:30Z,0.459,0.593,1.165,0
2026-02-21T13:15:00Z,137190,13.37,2026-02-21T13:06:40Z,0.434,0.592,1.191,0
2026-02-21T13:30:00Z,137191,13.38,2026-02-21T13:20:00Z,0.383,0.593,1.213,0
2026-02-21T13:45:00Z,137192,13.35,2026-02-21T13:41:40Z,0.359,0.592,1.239,0
2026-02-21T14:00:00Z,137193,13.37,2026-02-21T13:52:20Z,0.386,0.593,1.268,0
2026-02-21T14:15:00Z,137194,13.37,2026-02-21T14:06:35Z,0.39,0.592,1.297,0
2026-02-21T14:30:00Z,137195,13.4,2026-02-21T14:17:50Z,0.445,0.593,1.326,0
2026-02-21T14:45:00Z,137196,13.38,2026-02-21T14:42:40Z,0.483,0.593,1.349,0
2026-02-21T15:00:00Z,137197,13.37,2026-02-21T14:57:25Z,0.496,0.593,1.37,0
2026-02-21T15:15:00Z,137198,13.35,2026-02-21T15:13:00Z,0.408,0.593,1.387,0
2026-02-21T15:30:00Z,137199,13.35,2026-02-21T15:20:20Z,0.256,0.594,1.399,0
2026-02-21T15:45:00Z,137200,13.36,2026-02-21T15:41:20Z,0.223,0.594,1.416,0
2026-02-21T16:00:00Z,137201,13.34,2026-02-21T15:54:50Z,0.175,0.594,1.425,0
2026-02-21T16:15:00Z,137202,13.35,2026-02-21T16:01:10Z,0.088,0.593,1.43,0
2026-02-21T16:30:00Z,137203,13.34,2026-02-21T16:23:25Z,0.012,0.595,1.438,0
2026-02-21T16:45:00Z,137204,13.33,2026-02-21T16:33:20Z,-0.081,0.594,1.44,0
2026-02-21T17:00:00Z,137205,13.33,2026-02-21T16:45:25Z,-0.195,0.594,1.438,0
2026-02-21T17:15:00Z,137206,13.32,2026-02-21T17:02:40Z,-0.288,0.595,1.438,0
2026-02-21T17:30:00Z,137207,13.31,2026-02-21T17:29:20Z,-0.353,0.595,1.436,0
2026-02-21T17:45:00Z,137208,13.3,2026-02-21T17:42:40Z,-0.421,0.595,1.429,0
2026-02-21T18:00:00Z,137209,13.29,2026-02-21T17:58:40Z,-0.52,0.595,1.416,0
2026-02-21T18:15:00Z,137210,13.29,2026-02-21T18:04:00Z,-0.662,0.595,1.397,0
2026-02-21T18:30:00Z,137211,13.27,2026-02-21T18:29:55Z,-0.851,0.596,1.373,0
2026-02-21T18:45:00Z,137212,13.28,2026-02-21T18:38:40Z,-1.05,0.596,1.467,0
2026-02-21T19:00:00Z,137213,13.26,2026-02-21T19:00:00Z,-1.23,0.596,1.42,0
2026-02-21T19:15:00Z,137214,13.26,2026-02-21T19:02:20Z,-1.378,0.596,1.338,0
2026-02-21T19:30:00Z,137215,13.25,2026-02-21T19:30:00Z,-1.486,0.596,1.308,0
2026-02-21T19:45:00Z,137216,13.26,2026-02-21T19:42:40Z,-1.575,0.597,1.271,0
2026-02-21T20:00:00Z,137217,13.25,2026-02-21T19:52:05Z,-1.65,0.597,1.237,0
2026-02-21T20:15:00Z,137218,13.25,2026-02-21T20:02:30Z,-1.715,0.597,1.21,0
2026-02-21T20:30:00Z,137219,13.25,2026-02-21T20:27:40Z,-1.771,0.597,1.185,0
2026-02-21T20:45:00Z,137220,13.25,2026-02-21T20:32:05Z,-1.817,0.598,1.168,0
2026-02-21T21:00:00Z,137221,13.24,2026-02-21T20:52:30Z,-1.857,0.597,1.159,0
2026-02-21T21:15:00Z,137222,13.24,2026-02-21T21:02:20Z,-1.898,0.597,1.153,0
2026-02-21T21:30:00Z,137223,13.24,2026-02-21T21:30:00Z,-1.924,0.598,1.143,0
2026-02-21T21:45:00Z,137224,13.24,2026-02-21T21:36:20Z,-1.948,0.597,1.123,0
2026-02-21T22:00:00Z,137225,13.23,2026-02-21T21:54:15Z,-1.977,0.597,1.103,0
2026-02-21T22:15:00Z,137226,13.24,2026-02-21T22:03:40Z,-2.013,0.598,1.083,0
2026-02-21T22:30:00Z,137227,13.24,2026-02-21T22:19:05Z,-2.056,0.598,1.093,0
2026-02-21T22:45:00Z,137228,13.23,2026-02-21T22:40:35Z,-2.08,0.597,1.097,0
2026-02-21T23:00:00Z,137229,13.23,2026-02-21T22:56:55Z,-2.109,0.597,1.068,0
2026-02-21T23:15:00Z,137230,13.23,2026-02-21T23:02:20Z,-2.147,0.598,1.035,0
2026-02-21T23:30:00Z,137231,13.23,2026-02-21T23:30:00Z,-2.202,0.598,1.078,0
2026-02-21T23:45:00Z,137232,13.22,2026-02-21T23:33:20Z,-2.281,0.598,1.099,0
2026-02-22T00:15:00Z,137234,13.23,2026-02-22T00:10:10Z,-2.451,0.599,1.108,0
2026-02-22T00:30:00Z,137235,13.23,2026-02-22T00:24:20Z,-2.521,0.599,1.106,0
2026-02-22T00:45:00Z,137236,13.19,2026-02-22T00:32:45Z,-2.565,0.599,1.102,0
2026-02-22T01:00:00Z,137237,13.2,2026-02-22T00:48:50Z,-2.618,0.6,1.107,0
2026-02-22T01:15:00Z,137238,13.22,2026-02-22T01:02:25Z,-2.705,0.6,1.108,0
2026-02-22T01:30:00Z,137239,13.23,2026-02-22T01:29:55Z,-2.799,0.599,1.103,0
2026-02-22T01:45:00Z,137240,13.22,2026-02-22T01:41:15Z,-2.868,0.6,1.089,0
2026-02-22T02:00:00Z,137241,13.21,2026-02-22T01:46:35Z,-2.954,0.6,1.078,0
2026-02-22T02:15:00Z,137242,13.23,2026-02-22T02:02:25Z,-3.028,0.6,1.066,0
2026-02-22T02:30:00Z,137243,13.23,2026-02-22T02:21:15Z,-3.054,0.6,1.056,0
2026-02-22T02:45:00Z,137244,13.21,2026-02-22T02:43:10Z,-3.081,0.6,1.044,0
2026-02-22T03:00:00Z,137245,13.21,2026-02-22T02:52:40Z,-3.14,0.601,1.042,0
2026-02-22T03:15:00Z,137246,13.21,2026-02-22T03:12:40Z,-3.188,0.601,1.065,0
2026-02-22T03:30:00Z,137247,13.21,2026-02-22T03:26:20Z,-3.242,0.602,1.065,0
2026-02-22T03:45:00Z,137248,13.23,2026-02-22T03:32:50Z,-3.338,0.601,1.043,0
2026-02-22T04:00:00Z,137249,13.21,2026-02-22T03:55:40Z,-3.473,0.602,0.983,0
2026-02-22T04:15:00Z,137250,13.22,2026-02-22T04:00:05Z,-3.605,0.603,0.952,0
2026-02-22T04:30:00Z,137251,13.21,2026-02-22T04:20:40Z,-3.666,0.602,0.963,0
2026-02-22T04:45:00Z,137252,13.21,2026-02-22T04:42:20Z,-3.694,0.602,0.97,0
2026-02-22T05:00:00Z,137253,13.2,2026-02-22T04:50:45Z,-3.701,0.603,0.965,0
2026-02-22T05:15:00Z,137254,13.19,2026-02-22T05:00:25Z,-3.679,0.603,0.957,0
2026-02-22T05:30:00Z,137255,13.2,2026-02-22T05:29:00Z,-3.665,0.604,0.948,0
2026-02-22T05:45:00Z,137256,13.18,2026-02-22T05:43:25Z,-3.67,0.604,0.945,0
2026-02-22T06:00:00Z,137257,13.19,2026-02-22T05:50:30Z,-3.71,0.604,0.952,0
2026-02-22T06:15:00Z,137258,13.2,2026-02-22T06:02:50Z,-3.782,0.605,0.944,0
2026-02-22T06:30:00Z,137259,13.21,2026-02-22T06:26:50Z,-3.85,0.605,0.935,0
2026-02-22T06:45:00Z,137260,13.21,2026-02-22T06:32:00Z,-3.873,0.605,0.931,0
2026-02-22T07:00:00Z,137261,13.21,2026-02-22T06:47:00Z,-3.89,0.606,0.929,0
2026-02-22T07:15:00Z,137262,13.21,2026-02-22T07:02:20Z,-3.905,0.607,0.924,0
2026-02-22T07:30:00Z,137263,13.21,2026-02-22T07:15:30Z,-3.934,0.607,0.901,0
2026-02-22T07:45:00Z,137264,13.22,2026-02-22T07:31:15Z,-3.967,0.607,0.891,0
2026-02-22T08:00:00Z,137265,13.22,2026-02-22T07:50:25Z,-3.973,0.607,0.891,0
2026-02-22T08:15:00Z,137266,13.22,2026-02-22T08:11:25Z,-3.904,0.607,0.898,0
2026-02-22T08:30:00Z,137267,13.22,2026-02-22T08:22:25Z,-3.783,0.608,0.902,0
2026-02-22T08:45:00Z,137268,13.23,2026-02-22T08:30:15Z,-3.59,0.608,0.915,0
2026-02-22T09:00:00Z,137269,13.24,2026-02-22T08:49:50Z,-3.336,0.608,0.936,0
2026-02-22T09:15:00Z,137270,13.26,2026-02-22T09:01:40Z,-3.009,0.609,0.968,0
2026-02-22T09:30:00Z,137271,13.25,2026-02-22T09:20:10Z,-2.565,0.608,0.999,0
2026-02-22T09:45:00Z,137272,13.27,2026-02-22T09:30:10Z,-2.126,0.609,1.038,0
2026-02-22T10:00:00Z,137273,13.26,2026-02-22T09:48:15Z,-1.768,0.609,1.06,0
2026-02-22T10:15:00Z,137274,13.29,2026-02-22T10:00:20Z,-1.456,0.61,1.081,0
2026-02-22T10:30:00Z,137275,13.31,2026-02-22T10:15:30Z,-1.142,0.609,1.12,0
2026-02-22T10:45:00Z,137276,13.34,2026-02-22T10:33:10Z,-0.7,0.61,1.187,0
2026-02-22T11:00:00Z,137277,13.37,2026-02-22T10:57:35Z,-0.261,0.61,1.246,0
2026-02-22T11:15:00Z,137278,13.37,2026-02-22T11:01:35Z,-0.026,0.61,1.28,0
2026-02-22T11:30:00Z,137279,13.48,2026-02-22T11:15:10Z,0.145,0.61,1.317,0
2026-02-22T11:45:00Z,137280,13.57,2026-02-22T11:42:20Z,0.337,0.61,1.396,0
2026-02-22T12:00:00Z,137281,13.55,2026-02-22T11:48:35Z,0.558,0.611,1.471,0.03
2026-02-22T12:15:00Z,137282,13.54,2026-02-22T12:05:35Z,0.743,0.611,1.507,0.01
2026-02-22T12:30:00Z,137283,13.55,2026-02-22T12:21:30Z,0.864,0.611,1.576,0
2026-02-22T12:45:00Z,137284,13.55,2026-02-22T12:38:40Z,0.923,0.61,1.643,0.01
2026-02-22T13:00:00Z,137285,13.55,2026-02-22T12:59:50Z,0.912,0.611,1.693,0
2026-02-22T13:15:00Z,137286,13.51,2026-02-22T13:02:20Z,0.864,0.61,1.736,0
2026-02-22T13:30:00Z,137287,13.52,2026-02-22T13:16:30Z,0.789,0.611,1.773,0
2026-02-22T13:45:00Z,137288,13.54,2026-02-22T13:43:45Z,0.724,0.611,1.819,0
2026-02-22T14:00:00Z,137289,13.54,2026-02-22T13:45:15Z,0.679,0.611,1.854,0
2026-02-22T14:15:00Z,137290,13.61,2026-02-22T14:10:35Z,0.723,0.61,1.906,0
2026-02-22T14:30:00Z,137291,13.52,2026-02-22T14:27:25Z,0.746,0.61,1.967,0
2026-02-22T14:45:00Z,137292,13.49,2026-02-22T14:35:00Z,0.701,0.611,1.985,0
2026-02-22T15:00:00Z,137293,13.53,2026-02-22T14:51:55Z,0.598,0.61,1.989,0
2026-02-22T15:15:00Z,137294,13.49,2026-02-22T15:06:25Z,0.484,0.611,2.013,0
2026-02-22T15:30:00Z,137295,13.52,2026-02-22T15:16:55Z,0.364,0.611,2.028,0
2026-02-22T15:45:00Z,137296,13.51,2026-02-22T15:42:35Z,0.193,0.611,2.042,0
2026-02-22T16:00:00Z,137297,13.49,2026-02-22T15:47:55Z,0.018,0.612,2.049,0
2026-02-22T16:15:00Z,137298,13.53,2026-02-22T16:06:30Z,-0.076,0.613,2.067,0
2026-02-22T16:30:00Z,137299,13.5,2026-02-22T16:29:55Z,-0.15,0.612,2.083,0
2026-02-22T16:45:00Z,137300,13.48,2026-02-22T16:43:55Z,-0.273,0.612,2.072,0
2026-02-22T17:00:00Z,137301,13.46,2026-02-22T16:59:40Z,-0.415,0.613,2.065,0
2026-02-22T17:15:00Z,137302,13.43,2026-02-22T17:04:05Z,-0.572,0.613,2.051,0
2026-02-22T17:30:00Z,137303,13.37,2026-02-22T17:17:35Z,-0.766,0.612,2.032,0
2026-02-22T17:45:00Z,137304,13.37,2026-02-22T17:39:55Z,-1.025,0.614,1.998,0
2026-02-22T18:00:00Z,137305,13.35,2026-02-22T17:57:25Z,-1.316,0.613,1.956,0
2026-02-22T18:15:00Z,137306,13.32,2026-02-22T18:13:25Z,-1.596,0.613,1.919,0
2026-02-22T18:30:00Z,137307,13.31,2026-02-22T18:24:45Z,-1.875,0.614,1.883,0
2026-02-22T18:45:00Z,137308,13.28,2026-02-22T18:34:00Z,-2.13,0.614,1.848,0
2026-02-22T19:00:00Z,137309,13.29,2026-02-22T18:57:25Z,-2.307,0.614,1.807,0
2026-02-22T19:15:00Z,137310,13.29,2026-02-22T19:02:20Z,-2.436,0.614,1.769,0
2026-02-22T19:30:00Z,137311,13.28,2026-02-22T19:20:20Z,-2.517,0.614,1.726,0
2026-02-22T19:45:00Z,137312,13.26,2026-02-22T19:39:45Z,-2.585,0.615,1.689,0
2026-02-22T20:00:00Z,137313,13.28,2026-02-22T19:46:40Z,-2.638,0.615,1.655,0
2026-02-22T20:15:00Z,137314,13.26,2026-02-22T20:00:20Z,-2.68,0.614,1.617,0
2026-02-22T20:30:00Z,137315,13.26,2026-02-22T20:25:00Z,-2.722,0.615,1.554,0
2026-02-22T20:45:00Z,137316,13.26,2026-02-22T20:40:25Z,-2.765,0.615,1.549,0
2026-02-22T21:00:00Z,137317,13.25,2026-02-22T20:55:55Z,-2.819,0.615,1.589,0
2026-02-22T21:15:00Z,137318,13.26,2026-02-22T21:00:50Z,-2.886,0.615,1.607,0
2026-02-22T21:30:00Z,137319,13.25,2026-02-22T21:15:25Z,-2.961,0.616,1.59,0
2026-02-22T21:45:00Z,137320,13.25,2026-02-22T21:30:10Z,-3.042,0.616,1.548,0
2026-02-22T22:00:00Z,137321,13.26,2026-02-22T21:52:20Z,-3.105,0.616,1.503,0
2026-02-22T22:15:00Z,137322,13.26,2026-02-22T22:13:40Z,-3.142,0.616,1.488,0
2026-02-22T22:30:00Z,137323,13.26,2026-02-22T22:16:20Z,-3.167,0.616,1.485,0
2026-02-22T22:45:00Z,137324,13.25,2026-02-22T22:40:55Z,-3.203,0.616,1.459,0
2026-02-22T23:00:00Z,137325,13.26,2026-02-22T22:45:40Z,-3.257,0.617,1.425,0
2026-02-22T23:15:00Z,137326,13.25,2026-02-22T23:02:20Z,-3.318,0.616,1.392,0
2026-02-22T23:30:00Z,137327,13.26,2026-02-22T23:17:40Z,-3.37,0.616,1.359,0
2026-02-22T23:45:00Z,137328,13.26,2026-02-22T23:30:05Z,-3.426,0.617,1.331,0
2026-02-23T00:15:00Z,137330,13.26,2026-02-23T00:00:20Z,-3.537,0.617,1.283,0
2026-02-23T00:30:00Z,137331,13.25,2026-02-23T00:18:40Z,-3.585,0.617,1.262,0
2026-02-23T00:45:00Z,137332,13.25,2026-02-23T00:31:15Z,-3.629,0.617,1.243,0
2026-02-23T01:00:00Z,137333,13.25,2026-02-23T00:48:55Z,-3.697,0.617,1.22,0
2026-02-23T01:15:00Z,137334,13.25,2026-02-23T01:02:30Z,-3.782,0.616,1.2,0
2026-02-23T01:30:00Z,137335,13.26,2026-02-23T01:15:05Z,-3.86,0.617,1.185,0
2026-02-23T01:45:00Z,137336,13.26,2026-02-23T01:30:05Z,-3.913,0.616,1.168,0
2026-02-23T02:00:00Z,137337,13.25,2026-02-23T01:57:35Z,-3.95,0.618,1.151,0
2026-02-23T02:15:00Z,137338,13.25,2026-02-23T02:10:55Z,-3.991,0.617,1.136,0
2026-02-23T02:30:00Z,137339,13.25,2026-02-23T02:15:35Z,-4.031,0.617,1.115,0
2026-02-23T02:45:00Z,137340,13.25,2026-02-23T02:31:50Z,-4.077,0.617,1.099,0
2026-02-23T03:00:00Z,137341,13.26,2026-02-23T02:57:25Z,-4.139,0.617,1.089,0
2026-02-23T03:15:00Z,137342,13.26,2026-02-23T03:00:05Z,-4.198,0.617,1.08,0
2026-02-23T03:30:00Z,137343,13.25,2026-02-23T03:30:00Z,-4.246,0.617,1.063,0
2026-02-23T03:45:00Z,137344,13.24,2026-02-23T03:32:35Z,-4.301,0.618,1.049,0
2026-02-23T04:00:00Z,137345,13.25,2026-02-23T03:51:25Z,-4.382,0.618,1.044,0
2026-02-23T04:15:00Z,137346,13.24,2026-02-23T04:02:35Z,-4.492,0.618,1.038,0
2026-02-23T04:30:00Z,137347,13.24,2026-02-23T04:18:15Z,-4.573,0.618,1.035,0
2026-02-23T04:45:00Z,137348,13.25,2026-02-23T04:39:00Z,-4.637,0.618,1.028,0
2026-02-23T05:00:00Z,137349,13.24,2026-02-23T04:47:35Z,-4.686,0.619,1.021,0
2026-02-23T05:15:00Z,137350,13.23,2026-02-23T05:02:30Z,-4.722,0.618,1.012,0
2026-02-23T05:30:00Z,137351,13.23,2026-02-23T05:18:35Z,-4.752,0.619,1.004,0
2026-02-23T05:45:00Z,137352,13.23,2026-02-23T05:39:55Z,-4.794,0.619,0.992,0
2026-02-23T06:00:00Z,137353,13.24,2026-02-23T05:45:30Z,-4.836,0.619,0.993,0
2026-02-23T06:15:00Z,137354,13.23,2026-02-23T06:09:40Z,-4.877,0.619,1.05,0
2026-02-23T06:30:00Z,137355,13.21,2026-02-23T06:23:45Z,-4.928,0.619,1.138,0
2026-02-23T06:45:00Z,137356,13.23,2026-02-23T06:34:20Z,-5.004,0.62,1.115,0
2026-02-23T07:00:00Z,137357,13.23,2026-02-23T06:52:35Z,-5.098,0.62,1.193,0
2026-02-23T07:15:00Z,137358,13.24,2026-02-23T07:02:25Z,-5.151,0.619,1.2,0
2026-02-23T07:30:00Z,137359,13.23,2026-02-23T07:24:25Z,-5.154,0.619,1.211,0
2026-02-23T07:45:00Z,137360,13.25,2026-02-23T07:32:45Z,-5.124,0.618,1.199,0
2026-02-23T08:00:00Z,137361,13.23,2026-02-23T07:45:35Z,-5.09,0.619,1.175,0
2026-02-23T08:15:00Z,137362,13.25,2026-02-23T08:01:35Z,-5.08,0.619,1.161,0
2026-02-23T08:30:00Z,137363,13.3,2026-02-23T08:15:05Z,-5.032,0.618,1.154,0
2026-02-23T08:45:00Z,137364,13.35,2026-02-23T08:42:00Z,-4.87,0.618,1.152,0
2026-02-23T09:00:00Z,137365,13.36,2026-02-23T08:47:20Z,-4.536,0.619,1.155,0
2026-02-23T09:15:00Z,137366,13.34,2026-02-23T09:03:25Z,-4.197,0.619,1.154,0
2026-02-23T09:30:00Z,137367,13.37,2026-02-23T09:15:05Z,-3.996,0.618,1.154,0
2026-02-23T09:45:00Z,137368,13.37,2026-02-23T09:30:05Z,-3.867,0.619,1.164,0
2026-02-23T10:00:00Z,137369,13.4,2026-02-23T09:59:00Z,-3.74,0.618,1.179,0
2026-02-23T10:15:00Z,137370,13.42,2026-02-23T10:00:15Z,-3.649,0.618,1.197,0
2026-02-23T10:30:00Z,137371,13.43,2026-02-23T10:16:45Z,-3.549,0.619,1.22,0
2026-02-23T10:45:00Z,137372,13.45,2026-02-23T10:35:40Z,-3.407,0.618,1.238,0
2026-02-23T11:00:00Z,137373,13.53,2026-02-23T10:46:30Z,-3.182,0.618,1.269,0
2026-02-23T11:15:00Z,137374,13.53,2026-02-23T11:02:20Z,-2.89,0.618,1.314,0
2026-02-23T11:30:00Z,137375,13.54,2026-02-23T11:16:40Z,-2.575,0.618,1.359,0
2026-02-23T11:45:00Z,137376,13.56,2026-02-23T11:44:05Z,-2.221,0.618,1.395,0
2026-02-23T12:00:00Z,137377,13.57,2026-02-23T11:45:05Z,-1.94,0.617,1.423,0
2026-02-23T12:15:00Z,137378,13.64,2026-02-23T12:09:20Z,-1.743,0.619,1.477,0
2026-02-23T12:30:00Z,137379,13.65,2026-02-23T12:16:45Z,-1.582,0.619,1.514,0
2026-02-23T12:45:00Z,137380,13.79,2026-02-23T12:30:05Z,-1.475,0.618,1.553,0
2026-02-23T13:00:00Z,137381,14.39,2026-02-23T12:45:40Z,-1.352,0.618,1.623,0
2026-02-23T13:15:00Z,137382,14.83,2026-02-23T13:02:30Z,-1.105,0.619,1.716,0
2026-02-23T13:30:00Z,137383,14.83,2026-02-23T13:15:50Z,-0.895,0.618,1.756,0
2026-02-23T13:45:00Z,137384,14.81,2026-02-23T13:37:10Z,-0.743,0.619,1.775,0
2026-02-23T14:00:00Z,137385,14.8,2026-02-23T13:50:30Z,-0.651,0.619,1.81,0
2026-02-23T14:15:00Z,137386,14.81,2026-02-23T14:01:10Z,-0.652,0.619,1.851,0
2026-02-23T14:30:00Z,137387,14.83,2026-02-23T14:17:10Z,-0.817,0.619,1.867,0
2026-02-23T14:45:00Z,137388,14.44,2026-02-23T14:43:40Z,-0.972,0.618,1.894,0
2026-02-23T15:00:00Z,137389,14.43,2026-02-23T14:55:50Z,-1,0.619,1.94,0
2026-02-23T15:15:00Z,137390,14.43,2026-02-23T15:02:20Z,-1.06,0.62,1.959,0
2026-02-23T15:30:00Z,137391,14.43,2026-02-23T15:21:40Z,-1.091,0.618,1.975,0
2026-02-23T15:45:00Z,137392,14.43,2026-02-23T15:35:20Z,-1.133,0.618,2,0
2026-02-23T16:00:00Z,137393,14.42,2026-02-23T15:45:35Z,-1.228,0.619,2.02,0
2026-02-23T16:15:00Z,137394,14.43,2026-02-23T16:02:35Z,-1.324,0.619,2.04,0
2026-02-23T16:30:00Z,137395,14.44,2026-02-23T16:15:05Z,-1.515,0.618,2.046,0
2026-02-23T16:45:00Z,137396,14.46,2026-02-23T16:32:50Z,-1.797,0.617,2.041,0
2026-02-23T17:00:00Z,137397,14.44,2026-02-23T16:57:25Z,-1.991,0.617,2.033,0
2026-02-23T17:15:00Z,137398,14.46,2026-02-23T17:02:20Z,-2.048,0.615,2.022,0
2026-02-23T17:30:00Z,137399,14.46,2026-02-23T17:28:15Z,-2.11,0.615,2.009,0
2026-02-23T17:45:00Z,137400,14.45,2026-02-23T17:43:20Z,-2.119,0.615,2.001,0
2026-02-23T18:00:00Z,137401,14.06,2026-02-23T18:00:00Z,-2.337,0.615,1.978,0
2026-02-23T18:15:00Z,137402,13.86,2026-02-23T18:15:00Z,-2.806,0.615,1.944,0
2026-02-23T18:30:00Z,137403,13.74,2026-02-23T18:29:40Z,-3.382,0.614,1.91,0
2026-02-23T18:45:00Z,137404,13.64,2026-02-23T18:44:35Z,-3.996,0.615,1.877,0
2026-02-23T19:00:00Z,137405,13.59,2026-02-23T18:57:30Z,-4.565,0.614,1.843,0
2026-02-23T19:15:00Z,137406,13.53,2026-02-23T19:14:55Z,-5.026,0.615,1.8,0
2026-02-23T19:30:00Z,137407,13.48,2026-02-23T19:25:55Z,-5.418,0.615,1.733,0
2026-02-23T19:45:00Z,137408,13.43,2026-02-23T19:42:45Z,-5.692,0.615,1.686,0
2026-02-23T20:00:00Z,137409,13.38,2026-02-23T19:57:35Z,-5.87,0.615,1.619,0
2026-02-23T20:15:00Z,137410,13.37,2026-02-23T20:14:55Z,-6.05,0.615,1.564,0
2026-02-23T20:30:00Z,137411,13.34,2026-02-23T20:29:35Z,-6.293,0.615,1.505,0
2026-02-23T20:45:00Z,137412,13.32,2026-02-23T20:44:30Z,-6.64,0.615,1.458,0
2026-02-23T21:00:00Z,137413,13.25,2026-02-23T20:58:15Z,-7.005,0.615,1.402,0
2026-02-23T21:15:00Z,137414,13.26,2026-02-23T21:04:30Z,-7.21,0.614,1.366,0
2026-02-23T21:30:00Z,137415,13.25,2026-02-23T21:21:25Z,-7.278,0.614,1.327,0
2026-02-23T21:45:00Z,137416,13.23,2026-02-23T21:38:10Z,-7.322,0.614,1.295,0
2026-02-23T22:00:00Z,137417,13.23,2026-02-23T21:51:40Z,-7.239,0.614,1.28,0
2026-02-23T22:15:00Z,137418,13.23,2026-02-23T22:09:25Z,-7.011,0.615,1.259,0
2026-02-23T22:30:00Z,137419,13.22,2026-02-23T22:28:20Z,-6.848,0.615,1.255,0
2026-02-23T22:45:00Z,137420,13.2,2026-02-23T22:31:10Z,-6.787,0.615,1.212,0
2026-02-23T23:00:00Z,137421,13.22,2026-02-23T22:49:00Z,-6.701,0.614,1.18,0
2026-02-23T23:15:00Z,137422,13.24,2026-02-23T23:07:00Z,-6.601,0.615,1.156,0
2026-02-23T23:30:00Z,137423,13.24,2026-02-23T23:28:15Z,-6.548,0.615,1.127,0
2026-02-23T23:45:00Z,137424,13.23,2026-02-23T23:38:05Z,-6.486,0.615,1.093,0
2026-02-24T00:15:00Z,137426,13.24,2026-02-24T00:10:35Z,-6.465,0.616,1.055,0
2026-02-24T00:30:00Z,137427,13.23,2026-02-24T00:29:55Z,-6.498,0.616,1.024,0
2026-02-24T00:45:00Z,137428,13.24,2026-02-24T00:33:40Z,-6.556,0.616,0.989,0
2026-02-24T01:00:00Z,137429,13.22,2026-02-24T00:54:05Z,-6.577,0.616,0.962,0
2026-02-24T01:15:00Z,137430,13.23,2026-02-24T01:09:30Z,-6.577,0.617,0.942,0
2026-02-24T01:30:00Z,137431,13.24,2026-02-24T01:29:00Z,-6.597,0.617,0.915,0
2026-02-24T01:45:00Z,137432,13.24,2026-02-24T01:33:35Z,-6.643,0.616,0.89,0
2026-02-24T02:00:00Z,137433,13.22,2026-02-24T01:56:35Z,-6.709,0.616,0.876,0
2026-02-24T02:15:00Z,137434,13.23,2026-02-24T02:02:20Z,-6.809,0.617,0.859,0
2026-02-24T02:30:00Z,137435,13.23,2026-02-24T02:21:45Z,-6.943,0.617,0.83,0
2026-02-24T02:45:00Z,137436,13.24,2026-02-24T02:42:00Z,-7.118,0.616,0.81,0
2026-02-24T03:00:00Z,137437,13.23,2026-02-24T02:57:30Z,-7.327,0.616,0.798,0
2026-02-24T03:15:00Z,137438,13.24,2026-02-24T03:08:35Z,-7.36,0.616,0.796,0
2026-02-24T03:30:00Z,137439,13.24,2026-02-24T03:21:35Z,-7.323,0.617,0.852,0
2026-02-24T03:45:00Z,137440,13.24,2026-02-24T03:42:30Z,-7.291,0.617,0.884,0
2026-02-24T04:00:00Z,137441,13.24,2026-02-24T03:51:45Z,-7.257,0.616,1.088,0
2026-02-24T04:15:00Z,137442,13.23,2026-02-24T04:02:20Z,-7.23,0.616,1.059,0
2026-02-24T04:30:00Z,137443,13.24,2026-02-24T04:27:45Z,-7.198,0.617,1.015,0
2026-02-24T04:45:00Z,137444,13.24,2026-02-24T04:37:25Z,-7.167,0.616,1.046,0
2026-02-24T05:00:00Z,137445,13.24,2026-02-24T04:59:00Z,-7.142,0.616,1.087,0
2026-02-24T05:15:00Z,137446,13.23,2026-02-24T05:02:20Z,-7.12,0.617,1.096,0
2026-02-24T05:30:00Z,137447,13.24,2026-02-24T05:27:20Z,-7.107,0.617,1.083,0
2026-02-24T05:45:00Z,137448,13.24,2026-02-24T05:32:40Z,-7.109,0.617,1.078,0
2026-02-24T06:00:00Z,137449,13.24,2026-02-24T05:51:05Z,-7.108,0.617,1.098,0
2026-02-24T06:15:00Z,137450,13.23,2026-02-24T06:02:20Z,-7.148,0.617,1.112,0
2026-02-24T06:30:00Z,137451,13.22,2026-02-24T06:29:55Z,-7.244,0.617,1.147,0
2026-02-24T06:45:00Z,137452,13.23,2026-02-24T06:40:10Z,-7.339,0.617,1.178,0
2026-02-24T07:00:00Z,137453,13.23,2026-02-24T06:57:25Z,-7.366,0.617,1.194,0
2026-02-24T07:15:00Z,137454,13.22,2026-02-24T07:02:20Z,-7.31,0.618,1.183,0
2026-02-24T07:30:00Z,137455,13.24,2026-02-24T07:30:00Z,-7.215,0.618,1.17,0
2026-02-24T07:45:00Z,137456,13.24,2026-02-24T07:32:40Z,-7.132,0.618,1.161,0
2026-02-24T08:00:00Z,137457,13.25,2026-02-24T07:47:25Z,-7.043,0.618,1.144,0
2026-02-24T08:15:00Z,137458,13.26,2026-02-24T08:02:20Z,-6.931,0.618,1.132,0
2026-02-24T08:30:00Z,137459,13.31,2026-02-24T08:15:05Z,-6.799,0.618,1.123,0
2026-02-24T08:45:00Z,137460,13.35,2026-02-24T08:31:00Z,-6.608,0.618,1.103,0
2026-02-24T09:00:00Z,137461,13.42,2026-02-24T08:45:05Z,-6.38,0.618,1.111,0
2026-02-24T09:15:00Z,137462,13.68,2026-02-24T09:00:05Z,-5.98,0.618,1.141,0
2026-02-24T09:30:00Z,137463,13.75,2026-02-24T09:23:30Z,-5.439,0.618,1.194,0
2026-02-24T09:45:00Z,137464,13.88,2026-02-24T09:38:20Z,-4.853,0.609,2.286,0
2026-02-24T10:00:00Z,137465,13.91,2026-02-24T09:51:00Z,-3.221,0.623,3.488,0
2026-02-24T10:15:00Z,137466,14.86,2026-02-24T10:12:20Z,-2.588,0.622,1.701,0
2026-02-24T10:30:00Z,137467,14.86,2026-02-24T10:16:25Z,-2.736,0.622,1.58,0
2026-02-24T10:45:00Z,137468,14.86,2026-02-24T10:33:05Z,-2.703,0.622,1.635,0
2026-02-24T11:00:00Z,137469,14.47,2026-02-24T10:55:10Z,-2.567,0.622,1.691,0
2026-02-24T11:15:00Z,137470,14.45,2026-02-24T11:01:40Z,-2.458,0.622,1.693,0
2026-02-24T11:30:00Z,137471,14.44,2026-02-24T11:23:35Z,-2.346,0.622,1.743,0
2026-02-24T11:45:00Z,137472,14.44,2026-02-24T11:30:10Z,-2.132,0.622,1.848,0
2026-02-24T12:00:00Z,137473,14.43,2026-02-24T11:57:30Z,-1.873,0.622,1.949,0
2026-02-24T12:15:00Z,137474,14.4,2026-02-24T12:03:35Z,-1.619,0.621,2.073,0
2026-02-24T12:30:00Z,137475,14.4,2026-02-24T12:17:05Z,-1.386,0.623,2.174,0
2026-02-24T12:45:00Z,137476,14.4,2026-02-24T12:30:25Z,-1.21,0.623,2.266,0
2026-02-24T13:00:00Z,137477,14.38,2026-02-24T12:48:05Z,-1.07,0.623,2.34,0
2026-02-24T13:15:00Z,137478,14.4,2026-02-24T13:00:50Z,-0.835,0.624,2.424,0
2026-02-24T13:30:00Z,137479,14.38,2026-02-24T13:21:40Z,-0.641,0.627,2.488,0
2026-02-24T13:45:00Z,137480,14.38,2026-02-24T13:30:20Z,-0.485,0.627,2.538,0
2026-02-24T14:00:00Z,137481,14.38,2026-02-24T13:45:05Z,-0.366,0.626,2.566,0
2026-02-24T14:15:00Z,137482,14.38,2026-02-24T14:02:20Z,-0.244,0.626,2.525,0
2026-02-24T14:30:00Z,137483,14.37,2026-02-24T14:24:45Z,-0.135,0.626,2.518,0
2026-02-24T14:45:00Z,137484,14.4,2026-02-24T14:35:15Z,-0.064,0.626,2.531,0
2026-02-24T15:00:00Z,137485,14.4,2026-02-24T14:51:35Z,-0.088,0.626,2.524,0
2026-02-24T15:15:00Z,137486,14.4,2026-02-24T15:02:45Z,-0.123,0.628,2.504,0
2026-02-24T15:30:00Z,137487,14.4,2026-02-24T15:16:20Z,-0.177,0.627,2.482,0
2026-02-24T15:45:00Z,137488,14.4,2026-02-24T15:34:20Z,-0.215,0.627,2.471,0
2026-02-24T16:00:00Z,137489,14.4,2026-02-24T15:49:05Z,-0.224,0.623,2.444,0
2026-02-24T16:15:00Z,137490,14.4,2026-02-24T16:09:55Z,-0.255,0.623,2.394,0
2026-02-24T16:30:00Z,137491,14.4,2026-02-24T16:21:40Z,-0.324,0.622,2.352,0
2026-02-24T16:45:00Z,137492,14.4,2026-02-24T16:33:50Z,-0.43,0.621,2.311,0
2026-02-24T17:00:00Z,137493,14.33,2026-02-24T17:00:00Z,-0.531,0.618,2.261,0
2026-02-24T17:15:00Z,137494,14.19,2026-02-24T17:14:50Z,-0.6,0.614,2.203,0
2026-02-24T17:30:00Z,137495,14.12,2026-02-24T17:29:55Z,-0.649,0.611,2.144,0
2026-02-24T17:45:00Z,137496,13.92,2026-02-24T17:44:55Z,-0.72,0.609,2.078,0
2026-02-24T18:00:00Z,137497,13.81,2026-02-24T17:59:40Z,-0.823,0.607,2.018,0
2026-02-24T18:15:00Z,137498,13.7,2026-02-24T18:13:55Z,-0.922,0.603,1.944,0
2026-02-24T18:30:00Z,137499,13.63,2026-02-24T18:29:55Z,-0.994,0.601,1.887,0
2026-02-24T18:45:00Z,137500,13.57,2026-02-24T18:44:15Z,-1.028,0.601,1.834,0
2026-02-24T19:00:00Z,137501,13.51,2026-02-24T18:59:25Z,-1.033,0.599,1.761,0
2026-02-24T19:15:00Z,137502,13.47,2026-02-24T19:12:15Z,-1.021,0.599,1.706,0
2026-02-24T19:30:00Z,137503,13.43,2026-02-24T19:28:45Z,-0.988,0.599,1.649,0
2026-02-24T19:45:00Z,137504,13.4,2026-02-24T19:44:10Z,-0.926,0.598,1.604,0
2026-02-24T20:00:00Z,137505,13.36,2026-02-24T19:53:50Z,-0.846,0.596,1.559,0
2026-02-24T20:15:00Z,137506,13.34,2026-02-24T20:04:05Z,-0.764,0.597,1.53,0
2026-02-24T20:30:00Z,137507,13.31,2026-02-24T20:29:20Z,-0.693,0.598,1.486,0
2026-02-24T20:45:00Z,137508,13.3,2026-02-24T20:38:40Z,-0.609,0.595,1.461,0
2026-02-24T21:00:00Z,137509,13.29,2026-02-24T20:58:50Z,-0.521,0.598,1.437,0
2026-02-24T21:15:00Z,137510,13.28,2026-02-24T21:02:25Z,-0.434,0.596,1.408,0
2026-02-24T21:30:00Z,137511,13.26,2026-02-24T21:21:05Z,-0.354,0.594,1.365,0
2026-02-24T21:45:00Z,137512,13.26,2026-02-24T21:42:45Z,-0.311,0.592,1.312,0
2026-02-24T22:00:00Z,137513,13.25,2026-02-24T21:51:35Z,-0.403,0.591,1.272,0
2026-02-24T22:15:00Z,137514,13.25,2026-02-24T22:04:30Z,-0.55,0.592,1.369,0
2026-02-24T22:30:00Z,137515,13.26,2026-02-24T22:21:15Z,-0.67,0.594,1.436,0
2026-02-24T22:45:00Z,137516,13.25,2026-02-24T22:34:20Z,-0.747,0.594,1.475,0
2026-02-24T23:00:00Z,137517,13.25,2026-02-24T22:58:40Z,-0.792,0.594,1.516,0
2026-02-24T23:15:00Z,137518,13.24,2026-02-24T23:02:00Z,-0.8,0.595,1.469,0
2026-02-24T23:30:00Z,137519,13.25,2026-02-24T23:21:35Z,-0.791,0.596,1.4,0
2026-02-24T23:45:00Z,137520,13.25,2026-02-24T23:36:55Z,-0.751,0.596,1.356,0
2026-02-25T00:15:00Z,137522,13.26,2026-02-25T00:02:25Z,-0.642,0.596,1.374,0
2026-02-25T00:30:00Z,137523,13.26,2026-02-25T00:21:05Z,-0.54,0.595,1.418,0
2026-02-25T00:45:00Z,137524,13.26,2026-02-25T00:30:05Z,-0.412,0.595,1.415,0
2026-02-25T01:00:00Z,137525,13.26,2026-02-25T00:48:20Z,-0.271,0.595,1.383,0
2026-02-25T01:15:00Z,137526,13.25,2026-02-25T01:02:35Z,-0.115,0.596,1.388,0
2026-02-25T01:30:00Z,137527,13.27,2026-02-25T01:15:05Z,0.019,0.595,1.39,0
2026-02-25T01:45:00Z,137528,13.26,2026-02-25T01:38:05Z,0.08,0.597,1.364,0
2026-02-25T02:00:00Z,137529,13.25,2026-02-25T01:58:05Z,-0.047,0.596,1.302,0
2026-02-25T02:15:00Z,137530,13.26,2026-02-25T02:09:45Z,-0.296,0.596,1.281,0
2026-02-25T02:30:00Z,137531,13.27,2026-02-25T02:15:15Z,-0.533,0.596,1.294,0
2026-02-25T02:45:00Z,137532,13.26,2026-02-25T02:34:35Z,-0.74,0.596,1.283,0
2026-02-25T03:00:00Z,137533,13.26,2026-02-25T02:52:35Z,-0.896,0.595,1.26,0
2026-02-25T03:15:00Z,137534,13.26,2026-02-25T03:02:20Z,-1.009,0.595,1.216,0
2026-02-25T03:30:00Z,137535,13.26,2026-02-25T03:19:15Z,-1.116,0.594,1.203,0
2026-02-25T03:45:00Z,137536,13.26,2026-02-25T03:30:25Z,-1.214,0.593,1.219,0
2026-02-25T04:00:00Z,137537,13.26,2026-02-25T03:45:55Z,-1.388,0.591,1.189,0
2026-02-25T04:15:00Z,137538,13.26,2026-02-25T04:02:00Z,-1.651,0.592,1.162,0
2026-02-25T04:30:00Z,137539,13.26,2026-02-25T04:17:55Z,-1.926,0.591,1.155,0
2026-02-25T04:45:00Z,137540,13.26,2026-02-25T04:31:15Z,-2.227,0.59,1.182,0
2026-02-25T05:00:00Z,137541,13.26,2026-02-25T04:57:25Z,-2.501,0.59,1.239,0
2026-02-25T05:15:00Z,137542,13.25,2026-02-25T05:02:20Z,-2.75,0.59,1.214,0
2026-02-25T05:30:00Z,137543,13.26,2026-02-25T05:15:05Z,-2.937,0.59,1.189,0
2026-02-25T05:45:00Z,137544,13.26,2026-02-25T05:43:15Z,-3.09,0.589,1.173,0
2026-02-25T06:00:00Z,137545,13.25,2026-02-25T05:51:50Z,-3.306,0.589,1.15,0
2026-02-25T06:15:00Z,137546,13.25,2026-02-25T06:02:20Z,-3.56,0.589,1.153,0
2026-02-25T06:30:00Z,137547,13.25,2026-02-25T06:26:45Z,-3.662,0.589,1.132,0
2026-02-25T06:45:00Z,137548,13.25,2026-02-25T06:30:05Z,-3.649,0.589,1.121,0
2026-02-25T07:00:00Z,137549,13.25,2026-02-25T06:57:25Z,-3.602,0.589,1.101,0
2026-02-25T07:15:00Z,137550,13.26,2026-02-25T07:02:20Z,-3.586,0.589,1.074,0
2026-02-25T07:30:00Z,137551,13.26,2026-02-25T07:15:05Z,-3.658,0.589,1.058,0
2026-02-25T07:45:00Z,137552,13.25,2026-02-25T07:43:10Z,-3.742,0.589,1.045,0
2026-02-25T08:00:00Z,137553,13.23,2026-02-25T07:57:20Z,-3.711,0.589,1.043,0
2026-02-25T08:15:00Z,137554,13.26,2026-02-25T08:02:25Z,-3.555,0.588,1.042,0
2026-02-25T08:30:00Z,137555,13.35,2026-02-25T08:15:05Z,-3.165,0.587,1.111,0
2026-02-25T08:45:00Z,137556,13.57,2026-02-25T08:30:05Z,-2.308,0.589,1.244,0
2026-02-25T09:00:00Z,137557,13.74,2026-02-25T08:45:05Z,-1.379,0.589,1.267,0
2026-02-25T09:15:00Z,137558,13.84,2026-02-25T09:00:05Z,-0.605,0.59,1.295,0
2026-02-25T09:30:00Z,137559,14.78,2026-02-25T09:25:55Z,0.04,0.591,1.359,0
2026-02-25T09:45:00Z,137560,14.77,2026-02-25T09:40:20Z,0.565,0.592,1.405,0
2026-02-25T10:00:00Z,137561,14.78,2026-02-25T09:52:45Z,0.793,0.59,1.406,0
2026-02-25T10:15:00Z,137562,14.78,2026-02-25T10:02:45Z,0.802,0.589,1.393,0
2026-02-25T10:30:00Z,137563,14.35,2026-02-25T10:29:20Z,0.761,0.591,1.388,0
2026-02-25T10:45:00Z,137564,14.38,2026-02-25T10:39:55Z,0.789,0.59,1.41,0.01
2026-02-25T11:00:00Z,137565,14.38,2026-02-25T10:57:40Z,0.796,0.59,1.434,0
2026-02-25T11:15:00Z,137566,14.38,2026-02-25T11:02:20Z,0.735,0.589,1.438,0
2026-02-25T11:30:00Z,137567,14.37,2026-02-25T11:19:50Z,0.709,0.59,1.456,0
2026-02-25T11:45:00Z,137568,14.37,2026-02-25T11:42:15Z,0.77,0.589,1.492,0
2026-02-25T12:00:00Z,137569,14.38,2026-02-25T11:50:20Z,0.876,0.59,1.531,0
2026-02-25T12:15:00Z,137570,14.35,2026-02-25T12:13:00Z,1.039,0.59,1.604,0
2026-02-25T12:30:00Z,137571,14.34,2026-02-25T12:19:40Z,1.227,0.59,1.685,0
2026-02-25T12:45:00Z,137572,14.34,2026-02-25T12:30:20Z,1.458,0.592,1.775,0
2026-02-25T13:00:00Z,137573,14.34,2026-02-25T12:59:05Z,1.427,0.591,1.787,0
2026-02-25T13:15:00Z,137574,14.34,2026-02-25T13:02:20Z,1.32,0.59,1.783,0
2026-02-25T13:30:00Z,137575,14.34,2026-02-25T13:24:55Z,1.345,0.589,1.823,0
2026-02-25T13:45:00Z,137576,14.34,2026-02-25T13:31:20Z,1.6,0.591,1.928,0
2026-02-25T14:00:00Z,137577,14.34,2026-02-25T13:49:50Z,1.737,0.589,1.967,0
2026-02-25T14:15:00Z,137578,14.32,2026-02-25T14:12:45Z,1.933,0.59,2.06,0
2026-02-25T14:30:00Z,137579,14.29,2026-02-25T14:25:50Z,2.741,0.593,2.231,0
2026-02-25T14:45:00Z,137580,14.26,2026-02-25T14:43:30Z,3.404,0.593,2.334,0
2026-02-25T15:00:00Z,137581,14.29,2026-02-25T14:57:30Z,3.547,0.593,2.369,0
2026-02-25T15:15:00Z,137582,14.28,2026-02-25T15:02:20Z,3.285,0.594,2.372,0
2026-02-25T15:30:00Z,137583,14.32,2026-02-25T15:20:05Z,2.726,0.591,2.365,0
2026-02-25T15:45:00Z,137584,14.35,2026-02-25T15:30:25Z,2.175,0.59,2.382,0
2026-02-25T16:00:00Z,137585,14.34,2026-02-25T15:57:25Z,1.789,0.591,2.429,0
2026-02-25T16:15:00Z,137586,14.34,2026-02-25T16:00:45Z,1.759,0.592,2.485,0
2026-02-25T16:30:00Z,137587,14.35,2026-02-25T16:16:00Z,1.724,0.591,2.501,0
2026-02-25T16:45:00Z,137588,14.32,2026-02-25T16:39:20Z,1.242,0.592,2.503,0
2026-02-25T17:00:00Z,137589,14.38,2026-02-25T16:57:45Z,0.732,0.589,2.504,0
2026-02-25T17:15:00Z,137590,14.38,2026-02-25T17:00:20Z,0.56,0.591,2.484,0
2026-02-25T17:30:00Z,137591,14.38,2026-02-25T17:17:55Z,0.233,0.591,2.443,0
2026-02-25T17:45:00Z,137592,14.18,2026-02-25T17:44:40Z,-0.16,0.592,2.419,0
2026-02-25T18:00:00Z,137593,13.97,2026-02-25T17:59:35Z,-0.734,0.591,2.389,0
2026-02-25T18:15:00Z,137594,13.84,2026-02-25T18:14:35Z,-1.277,0.591,2.335,0
2026-02-25T18:30:00Z,137595,13.71,2026-02-25T18:30:00Z,-1.838,0.59,2.31,0
2026-02-25T18:45:00Z,137596,13.65,2026-02-25T18:42:05Z,-2.395,0.59,2.265,0
2026-02-25T19:00:00Z,137597,13.58,2026-02-25T18:58:45Z,-2.883,0.59,2.239,0
2026-02-25T19:15:00Z,137598,13.52,2026-02-25T19:14:45Z,-3.319,0.59,2.213,0
2026-02-25T19:30:00Z,137599,13.48,2026-02-25T19:29:55Z,-3.743,0.59,2.175,0
2026-02-25T19:45:00Z,137600,13.43,2026-02-25T19:40:25Z,-4.144,0.591,2.144,0
2026-02-25T20:00:00Z,137601,13.4,2026-02-25T19:54:45Z,-4.534,0.591,2.102,0
2026-02-25T20:15:00Z,137602,13.35,2026-02-25T20:14:10Z,-4.85,0.59,2.068,0
2026-02-25T20:30:00Z,137603,13.33,2026-02-25T20:29:55Z,-5.108,0.59,2.121,0
2026-02-25T20:45:00Z,137604,13.31,2026-02-25T20:30:45Z,-5.333,0.59,2.259,0
2026-02-25T21:00:00Z,137605,13.3,2026-02-25T20:59:45Z,-5.547,0.59,2.089,0
2026-02-25T21:15:00Z,137606,13.28,2026-02-25T21:04:55Z,-5.738,0.589,2.037,0
2026-02-25T21:30:00Z,137607,13.25,2026-02-25T21:23:30Z,-5.902,0.589,2.092,0
2026-02-25T21:45:00Z,137608,13.25,2026-02-25T21:34:00Z,-6.06,0.589,2.072,0
2026-02-25T22:00:00Z,137609,13.24,2026-02-25T21:57:30Z,-6.2,0.589,2.035,0
2026-02-25T22:15:00Z,137610,13.22,2026-02-25T22:07:20Z,-6.366,0.589,1.997,0
2026-02-25T22:30:00Z,137611,13.24,2026-02-25T22:30:00Z,-6.545,0.589,1.951,0
2026-02-25T22:45:00Z,137612,13.24,2026-02-25T22:38:15Z,-6.724,0.589,1.904,0
2026-02-25T23:00:00Z,137613,13.24,2026-02-25T22:59:00Z,-6.878,0.589,1.866,0
2026-02-25T23:15:00Z,137614,13.23,2026-02-25T23:02:20Z,-7.008,0.59,1.834,0
2026-02-25T23:30:00Z,137615,13.24,2026-02-25T23:29:50Z,-7.168,0.589,1.775,0
2026-02-25T23:45:00Z,137616,13.24,2026-02-25T23:42:55Z,-7.281,0.588,1.729,0
2026-02-26T00:15:00Z,137618,13.23,2026-02-26T00:12:10Z,-7.376,0.589,1.647,0
2026-02-26T00:30:00Z,137619,13.23,2026-02-26T00:29:50Z,-7.382,0.589,1.612,0
2026-02-26T00:45:00Z,137620,13.24,2026-02-26T00:31:50Z,-7.309,0.589,1.578,0
2026-02-26T01:00:00Z,137621,13.23,2026-02-26T00:57:20Z,-7.189,0.59,1.539,0
2026-02-26T01:15:00Z,137622,13.24,2026-02-26T01:14:30Z,-7.104,0.589,1.501,0
2026-02-26T01:30:00Z,137623,13.24,2026-02-26T01:15:10Z,-7.081,0.589,1.465,0
2026-02-26T01:45:00Z,137624,13.24,2026-02-26T01:39:00Z,-7.172,0.589,1.438,0
2026-02-26T02:00:00Z,137625,13.24,2026-02-26T01:57:30Z,-7.281,0.589,1.41,0
2026-02-26T02:15:00Z,137626,13.23,2026-02-26T02:02:20Z,-7.324,0.589,1.382,0
2026-02-26T02:30:00Z,137627,13.23,2026-02-26T02:29:50Z,-7.37,0.589,1.372,0
2026-02-26T02:45:00Z,137628,13.24,2026-02-26T02:31:10Z,-7.553,0.59,1.369,0
2026-02-26T03:00:00Z,137629,13.23,2026-02-26T02:57:20Z,-7.741,0.589,1.351,0
2026-02-26T03:15:00Z,137630,13.24,2026-02-26T03:02:45Z,-7.845,0.589,1.336,0
2026-02-26T03:30:00Z,137631,13.24,2026-02-26T03:30:00Z,-8.14,0.589,1.323,0
2026-02-26T03:45:00Z,137632,13.24,2026-02-26T03:35:10Z,-8.53,0.589,1.303,0
2026-02-26T04:00:00Z,137633,13.24,2026-02-26T03:57:30Z,-8.95,0.59,1.363,0
2026-02-26T04:15:00Z,137634,13.23,2026-02-26T04:02:30Z,-9.34,0.59,1.434,0
2026-02-26T04:30:00Z,137635,13.22,2026-02-26T04:29:50Z,-9.68,0.59,1.426,0
2026-02-26T04:45:00Z,137636,13.24,2026-02-26T04:32:20Z,-9.96,0.59,1.408,0
2026-02-26T05:00:00Z,137637,13.22,2026-02-26T04:57:20Z,-10.19,0.59,1.352,0
2026-02-26T05:15:00Z,137638,13.23,2026-02-26T05:02:30Z,-10.39,0.59,1.306,0
2026-02-26T05:30:00Z,137639,13.24,2026-02-26T05:15:30Z,-10.57,0.59,1.271,0
2026-02-26T05:45:00Z,137640,13.24,2026-02-26T05:30:20Z,-10.72,0.59,1.242,0
2026-02-26T06:00:00Z,137641,13.23,2026-02-26T05:55:40Z,-10.88,0.59,1.214,0
2026-02-26T06:15:00Z,137642,13.22,2026-02-26T06:02:25Z,-11.05,0.59,1.194,0
2026-02-26T06:30:00Z,137643,13.22,2026-02-26T06:29:55Z,-11.18,0.59,1.174,0
2026-02-26T06:45:00Z,137644,13.23,2026-02-26T06:30:15Z,-11.22,0.59,1.156,0
2026-02-26T07:00:00Z,137645,13.22,2026-02-26T06:55:20Z,-11.27,0.59,1.337,0
2026-02-26T07:15:00Z,137646,13.22,2026-02-26T07:02:30Z,-11.29,0.59,1.421,0
2026-02-26T07:30:00Z,137647,13.23,2026-02-26T07:15:10Z,-11.25,0.589,1.445,0
2026-02-26T07:45:00Z,137648,13.23,2026-02-26T07:32:05Z,-11.12,0.589,1.427,0
2026-02-26T08:00:00Z,137649,13.25,2026-02-26T07:45:30Z,-10.86,0.589,1.394,0
2026-02-26T08:15:00Z,137650,13.27,2026-02-26T08:00:05Z,-10.52,0.589,1.35,0
2026-02-26T08:30:00Z,137651,13.52,2026-02-26T08:15:05Z,-9.93,0.589,1.326,0
2026-02-26T08:45:00Z,137652,13.84,2026-02-26T08:30:05Z,-8.92,0.589,1.315,0
2026-02-26T09:00:00Z,137653,13.95,2026-02-26T08:45:05Z,-7.777,0.59,1.305,0
2026-02-26T09:15:00Z,137654,13.88,2026-02-26T09:10:20Z,-6.545,0.578,2.605,0
2026-02-26T09:30:00Z,137655,13.91,2026-02-26T09:15:25Z,-4.531,0.592,3.882,0
2026-02-26T09:45:00Z,137656,14.89,2026-02-26T09:44:40Z,-3.45,0.592,1.753,0
2026-02-26T10:00:00Z,137657,14.89,2026-02-26T09:45:20Z,-3.277,0.592,1.603,0
2026-02-26T10:15:00Z,137658,14.86,2026-02-26T10:06:15Z,-2.987,0.593,1.623,0
2026-02-26T10:30:00Z,137659,14.47,2026-02-26T10:25:55Z,-2.67,0.592,1.662,0
2026-02-26T10:45:00Z,137660,14.46,2026-02-26T10:31:05Z,-2.426,0.592,1.686,0
2026-02-26T11:00:00Z,137661,14.45,2026-02-26T10:51:25Z,-2.215,0.592,1.713,0
2026-02-26T11:15:00Z,137662,14.43,2026-02-26T11:13:35Z,-2.035,0.591,1.828,0
2026-02-26T11:30:00Z,137663,14.4,2026-02-26T11:29:25Z,-1.603,0.592,1.992,0
2026-02-26T11:45:00Z,137664,14.38,2026-02-26T11:41:15Z,-1.065,0.591,2.119,0
2026-02-26T12:00:00Z,137665,14.37,2026-02-26T11:57:35Z,-0.463,0.591,2.247,0
2026-02-26T12:15:00Z,137666,14.37,2026-02-26T12:00:45Z,-0.005,0.59,2.383,0
2026-02-26T12:30:00Z,137667,14.34,2026-02-26T12:30:00Z,0.317,0.591,2.505,0
2026-02-26T12:45:00Z,137668,14.32,2026-02-26T12:33:40Z,0.622,0.591,2.639,0
2026-02-26T13:00:00Z,137669,14.35,2026-02-26T12:45:30Z,0.951,0.591,2.769,0
2026-02-26T13:15:00Z,137670,14.32,2026-02-26T13:11:00Z,1.34,0.591,2.887,0
2026-02-26T13:30:00Z,137671,14.32,2026-02-26T13:16:10Z,1.734,0.592,2.987,0
2026-02-26T13:45:00Z,137672,14.29,2026-02-26T13:34:40Z,2.259,0.593,3.11,0
2026-02-26T14:00:00Z,137673,14.29,2026-02-26T13:45:05Z,2.931,0.593,3.24,0
2026-02-26T14:15:00Z,137674,14.27,2026-02-26T14:08:05Z,3.436,0.594,3.361,0
2026-02-26T14:30:00Z,137675,14.24,2026-02-26T14:16:25Z,3.838,0.594,3.321,0
2026-02-26T14:45:00Z,137676,14.27,2026-02-26T14:30:10Z,4.052,0.593,3.207,0
2026-02-26T15:00:00Z,137677,14.29,2026-02-26T14:49:25Z,4.067,0.592,3.128,0
2026-02-26T15:15:00Z,137678,14.29,2026-02-26T15:04:50Z,4.213,0.593,3.217,0
2026-02-26T15:30:00Z,137679,14.29,2026-02-26T15:25:55Z,4.077,0.593,3.242,0
2026-02-26T15:45:00Z,137680,14.29,2026-02-26T15:36:00Z,3.923,0.593,3.131,0
2026-02-26T16:00:00Z,137681,14.28,2026-02-26T15:57:55Z,3.828,0.594,3.09,0
2026-02-26T16:15:00Z,137682,14.29,2026-02-26T16:02:35Z,3.727,0.594,3.092,0
2026-02-26T16:30:00Z,137683,14.3,2026-02-26T16:15:05Z,3.528,0.593,3.117,0
2026-02-26T16:45:00Z,137684,14.32,2026-02-26T16:37:35Z,3.26,0.593,3.103,0
2026-02-26T17:00:00Z,137685,14.32,2026-02-26T16:58:05Z,3.002,0.593,3.081,0
2026-02-26T17:15:00Z,137686,14.32,2026-02-26T17:02:20Z,2.795,0.593,3.065,0
2026-02-26T17:30:00Z,137687,14.33,2026-02-26T17:27:20Z,2.632,0.594,3.031,0
2026-02-26T17:45:00Z,137688,14.21,2026-02-26T17:45:00Z,2.435,0.594,3.012,0
2026-02-26T18:00:00Z,137689,13.95,2026-02-26T18:00:00Z,2.206,0.593,2.98,0
2026-02-26T18:15:00Z,137690,13.83,2026-02-26T18:14:45Z,1.959,0.593,2.95,0
2026-02-26T18:30:00Z,137691,13.72,2026-02-26T18:29:55Z,1.625,0.593,2.898,0
2026-02-26T18:45:00Z,137692,13.65,2026-02-26T18:44:30Z,1.139,0.593,2.856,0
2026-02-26T19:00:00Z,137693,13.58,2026-02-26T18:57:25Z,0.639,0.593,2.817,0
2026-02-26T19:15:00Z,137694,13.53,2026-02-26T19:15:00Z,0.05,0.593,2.908,0
2026-02-26T19:30:00Z,137695,13.48,2026-02-26T19:28:45Z,-0.59,0.593,2.737,0
2026-02-26T19:45:00Z,137696,13.44,2026-02-26T19:44:00Z,-1.172,0.593,2.621,0
2026-02-26T20:00:00Z,137697,13.4,2026-02-26T19:57:30Z,-1.636,0.593,2.637,0
2026-02-26T20:15:00Z,137698,13.37,2026-02-26T20:13:30Z,-2.071,0.594,2.593,0
2026-02-26T20:30:00Z,137699,13.35,2026-02-26T20:29:20Z,-2.527,0.593,2.613,0
2026-02-26T20:45:00Z,137700,13.32,2026-02-26T20:44:20Z,-2.863,0.593,2.69,0
2026-02-26T21:00:00Z,137701,13.3,2026-02-26T20:57:25Z,-3.182,0.593,2.593,0
2026-02-26T21:15:00Z,137702,13.29,2026-02-26T21:15:00Z,-3.496,0.594,2.473,0
2026-02-26T21:30:00Z,137703,13.27,2026-02-26T21:29:55Z,-3.76,0.594,2.536,0
2026-02-26T21:45:00Z,137704,13.27,2026-02-26T21:42:00Z,-4.008,0.594,2.576,0
2026-02-26T22:00:00Z,137705,13.26,2026-02-26T21:53:45Z,-4.214,0.594,2.511,0
2026-02-26T22:15:00Z,137706,13.25,2026-02-26T22:02:25Z,-4.349,0.594,2.459,0
2026-02-26T22:30:00Z,137707,13.25,2026-02-26T22:29:55Z,-4.42,0.594,2.431,0
2026-02-26T22:45:00Z,137708,13.25,2026-02-26T22:41:00Z,-4.455,0.594,2.498,0
2026-02-26T23:00:00Z,137709,13.25,2026-02-26T22:45:55Z,-4.479,0.594,2.501,0
2026-02-26T23:15:00Z,137710,13.24,2026-02-26T23:02:20Z,-4.481,0.594,2.455,0
2026-02-26T23:30:00Z,137711,13.25,2026-02-26T23:15:40Z,-4.457,0.594,2.424,0
2026-02-26T23:45:00Z,137712,13.25,2026-02-26T23:30:05Z,-4.467,0.594,2.35,0
2026-02-27T00:15:00Z,137714,13.24,2026-02-27T00:02:20Z,-3.976,0.594,2.217,0
2026-02-27T00:30:00Z,137715,13.24,2026-02-27T00:29:50Z,-3.448,0.594,2.182,0
2026-02-27T00:45:00Z,137716,13.25,2026-02-27T00:30:10Z,-3.116,0.594,2.144,0
2026-02-27T01:00:00Z,137717,13.25,2026-02-27T00:46:10Z,-2.932,0.594,2.098,0
2026-02-27T01:15:00Z,137718,13.24,2026-02-27T01:02:20Z,-2.839,0.594,2.062,0
2026-02-27T01:30:00Z,137719,13.25,2026-02-27T01:21:45Z,-2.859,0.594,2.027,0
2026-02-27T01:45:00Z,137720,13.25,2026-02-27T01:32:25Z,-3.039,0.594,2.002,0
2026-02-27T02:00:00Z,137721,13.25,2026-02-27T01:52:10Z,-3.223,0.594,1.942,0
2026-02-27T02:15:00Z,137722,13.26,2026-02-27T02:04:25Z,-3.201,0.594,1.894,0
2026-02-27T02:30:00Z,137723,13.25,2026-02-27T02:25:45Z,-3.048,0.594,1.856,0
2026-02-27T02:45:00Z,137724,13.24,2026-02-27T02:36:10Z,-2.924,0.594,1.838,0
2026-02-27T03:00:00Z,137725,13.26,2026-02-27T02:45:05Z,-2.829,0.594,1.796,0
2026-02-27T03:15:00Z,137726,13.26,2026-02-27T03:00:05Z,-2.717,0.595,1.777,0
2026-02-27T03:30:00Z,137727,13.25,2026-02-27T03:29:55Z,-2.587,0.594,1.814,0
2026-02-27T03:45:00Z,137728,13.25,2026-02-27T03:30:25Z,-2.491,0.594,2.043,0
2026-02-27T04:00:00Z,137729,13.25,2026-02-27T03:57:25Z,-2.411,0.595,1.96,0
2026-02-27T04:15:00Z,137730,13.25,2026-02-27T04:13:05Z,-2.377,0.595,1.905,0
2026-02-27T04:30:00Z,137731,13.26,2026-02-27T04:15:05Z,-2.377,0.594,1.872,0
2026-02-27T04:45:00Z,137732,13.26,2026-02-27T04:30:05Z,-2.364,0.594,1.821,0
2026-02-27T05:00:00Z,137733,13.26,2026-02-27T04:45:40Z,-2.359,0.594,1.806,0
2026-02-27T05:15:00Z,137734,13.25,2026-02-27T05:02:25Z,-2.156,0.595,1.808,0
2026-02-27T05:30:00Z,137735,13.26,2026-02-27T05:15:40Z,-1.964,0.594,1.782,0
2026-02-27T05:45:00Z,137736,13.26,2026-02-27T05:30:20Z,-1.726,0.594,1.842,0
2026-02-27T06:00:00Z,137737,13.25,2026-02-27T05:57:25Z,-1.522,0.595,1.932,0
2026-02-27T06:15:00Z,137738,13.25,2026-02-27T06:02:25Z,-1.601,0.595,1.91,0
2026-02-27T06:30:00Z,137739,13.25,2026-02-27T06:29:55Z,-1.708,0.595,1.885,0
2026-02-27T06:45:00Z,137740,13.26,2026-02-27T06:33:55Z,-1.794,0.595,2.036,0
2026-02-27T07:00:00Z,137741,13.27,2026-02-27T06:45:05Z,-1.889,0.595,2.076,0
2026-02-27T07:15:00Z,137742,13.26,2026-02-27T07:03:10Z,-2.099,0.595,2.017,0
2026-02-27T07:30:00Z,137743,13.26,2026-02-27T07:29:55Z,-2.448,0.595,1.971,0
2026-02-27T07:45:00Z,137744,13.28,2026-02-27T07:30:05Z,-2.543,0.595,1.956,0
2026-02-27T08:00:00Z,137745,13.29,2026-02-27T07:45:05Z,-2.43,0.594,1.936,0
2026-02-27T08:15:00Z,137746,13.29,2026-02-27T08:08:35Z,-2.173,0.594,1.912,0
2026-02-27T08:30:00Z,137747,13.42,2026-02-27T08:15:05Z,-1.688,0.593,1.908,0
2026-02-27T08:45:00Z,137748,13.64,2026-02-27T08:30:05Z,-0.78,0.594,1.927,0
2026-02-27T09:00:00Z,137749,13.7,2026-02-27T08:45:05Z,0.329,0.594,1.921,0
2026-02-27T09:15:00Z,137750,13.84,2026-02-27T09:00:05Z,1.512,0.596,1.97,0
2026-02-27T09:30:00Z,137751,14.69,2026-02-27T09:22:50Z,2.706,0.596,2.051,0
2026-02-27T09:45:00Z,137752,14.66,2026-02-27T09:43:00Z,3.76,0.595,2.133,0
2026-02-27T10:00:00Z,137753,14.63,2026-02-27T09:57:40Z,4.683,0.595,2.203,0
2026-02-27T10:15:00Z,137754,14.54,2026-02-27T10:15:00Z,5.545,0.596,2.28,0
2026-02-27T10:30:00Z,137755,14.19,2026-02-27T10:29:55Z,6.119,0.596,2.395,0
2026-02-27T10:45:00Z,137756,14.2,2026-02-27T10:45:00Z,6.504,0.596,2.518,0
2026-02-27T11:00:00Z,137757,14.17,2026-02-27T10:46:10Z,6.829,0.596,2.65,0
2026-02-27T11:15:00Z,137758,14.18,2026-02-27T11:06:45Z,7.131,0.596,2.79,0
2026-02-27T11:30:00Z,137759,14.14,2026-02-27T11:26:40Z,7.443,0.596,2.923,0
2026-02-27T11:45:00Z,137760,14.14,2026-02-27T11:44:45Z,7.812,0.596,3.064,0
2026-02-27T12:00:00Z,137761,14.14,2026-02-27T11:59:50Z,8.18,0.597,3.197,0
2026-02-27T12:15:00Z,137762,14.11,2026-02-27T12:14:40Z,8.49,0.598,3.367,0
2026-02-27T12:30:00Z,137763,14.1,2026-02-27T12:18:35Z,8.85,0.598,3.581,0
2026-02-27T12:45:00Z,137764,14.11,2026-02-27T12:30:05Z,9.23,0.598,3.817,0
2026-02-27T13:00:00Z,137765,14.08,2026-02-27T12:54:30Z,9.58,0.598,4.073,0
2026-02-27T13:15:00Z,137766,14.08,2026-02-27T13:05:50Z,9.92,0.597,4.283,0
2026-02-27T13:30:00Z,137767,14.07,2026-02-27T13:28:50Z,10.2,0.599,4.486,0
2026-02-27T13:45:00Z,137768,14.06,2026-02-27T13:39:05Z,10.53,0.599,4.824,0
2026-02-27T14:00:00Z,137769,14.02,2026-02-27T13:57:35Z,10.92,0.599,4.927,0
2026-02-27T14:15:00Z,137770,14.03,2026-02-27T14:15:00Z,11.37,0.598,4.964,0
2026-02-27T14:30:00Z,137771,14.01,2026-02-27T14:29:45Z,12.04,0.599,4.989,0
2026-02-27T14:45:00Z,137772,14.01,2026-02-27T14:44:50Z,12.54,0.599,4.961,0
2026-02-27T15:00:00Z,137773,14.02,2026-02-27T14:57:25Z,12.82,0.599,4.733,0
2026-02-27T15:15:00Z,137774,14.02,2026-02-27T15:00:05Z,12.87,0.6,4.598,0
2026-02-27T15:30:00Z,137775,14.02,2026-02-27T15:19:25Z,12.81,0.6,4.488,0
2026-02-27T15:45:00Z,137776,14.02,2026-02-27T15:30:35Z,12.95,0.599,4.497,0
2026-02-27T16:00:00Z,137777,14.01,2026-02-27T15:57:25Z,12.91,0.6,4.557,0
2026-02-27T16:15:00Z,137778,14.02,2026-02-27T16:00:20Z,12.56,0.601,4.621,0
2026-02-27T16:30:00Z,137779,14.05,2026-02-27T16:18:35Z,12.1,0.6,4.669,0
2026-02-27T16:45:00Z,137780,14.05,2026-02-27T16:30:05Z,11.73,0.599,4.656,0
2026-02-27T17:00:00Z,137781,14.08,2026-02-27T16:49:15Z,11.37,0.6,4.667,0
2026-02-27T17:15:00Z,137782,14.07,2026-02-27T17:02:25Z,11.08,0.599,4.642,0
2026-02-27T17:30:00Z,137783,14.02,2026-02-27T17:29:30Z,10.65,0.599,4.601,0
2026-02-27T17:45:00Z,137784,13.93,2026-02-27T17:44:45Z,10.15,0.599,4.539,0
2026-02-27T18:00:00Z,137785,13.82,2026-02-27T17:59:45Z,9.61,0.599,4.479,0
2026-02-27T18:15:00Z,137786,13.71,2026-02-27T18:14:55Z,9.14,0.598,4.355,0
2026-02-27T18:30:00Z,137787,13.63,2026-02-27T18:29:00Z,8.7,0.598,4.215,0
2026-02-27T18:45:00Z,137788,13.56,2026-02-27T18:44:20Z,8.23,0.599,4.144,0
2026-02-27T19:00:00Z,137789,13.51,2026-02-27T18:59:55Z,7.822,0.598,4.034,0
2026-02-27T19:15:00Z,137790,13.47,2026-02-27T19:14:55Z,7.563,0.598,3.98,0
2026-02-27T19:30:00Z,137791,13.42,2026-02-27T19:30:00Z,7.379,0.598,4.004,0
2026-02-27T19:45:00Z,137792,13.39,2026-02-27T19:42:50Z,7.314,0.599,3.975,0
2026-02-27T20:00:00Z,137793,13.37,2026-02-27T19:59:10Z,7.289,0.599,3.898,0
2026-02-27T20:15:00Z,137794,13.33,2026-02-27T20:10:55Z,7.355,0.599,3.9,0
2026-02-27T20:30:00Z,137795,13.31,2026-02-27T20:29:55Z,7.467,0.599,3.812,0
2026-02-27T20:45:00Z,137796,13.31,2026-02-27T20:38:45Z,7.75,0.6,3.826,0
2026-02-27T21:00:00Z,137797,13.3,2026-02-27T21:00:00Z,8.13,0.6,3.798,0
2026-02-27T21:15:00Z,137798,13.29,2026-02-27T21:14:55Z,8.4,0.6,3.787,0
2026-02-27T21:30:00Z,137799,13.27,2026-02-27T21:28:40Z,8.53,0.599,3.808,0
2026-02-27T21:45:00Z,137800,13.28,2026-02-27T21:35:30Z,8.6,0.599,3.844,0
2026-02-27T22:00:00Z,137801,13.27,2026-02-27T21:57:30Z,8.67,0.6,3.873,0
2026-02-27T22:15:00Z,137802,13.27,2026-02-27T22:00:20Z,8.59,0.6,3.848,0
2026-02-27T22:30:00Z,137803,13.28,2026-02-27T22:15:35Z,8.48,0.601,3.677,0
2026-02-27T22:45:00Z,137804,13.27,2026-02-27T22:43:45Z,8.42,0.602,3.382,0
2026-02-27T23:00:00Z,137805,13.27,2026-02-27T22:48:15Z,8.43,0.602,3.458,0
2026-02-27T23:15:00Z,137806,13.27,2026-02-27T23:11:00Z,8.3,0.602,3.48,0
2026-02-27T23:30:00Z,137807,13.27,2026-02-27T23:27:00Z,8.07,0.602,3.443,0
2026-02-27T23:45:00Z,137808,13.27,2026-02-27T23:32:50Z,8,0.602,3.352,0
2026-02-28T00:15:00Z,137810,13.28,2026-02-28T00:07:00Z,8.21,0.6,3.339,0
2026-02-28T00:30:00Z,137811,13.28,2026-02-28T00:29:55Z,8.17,0.6,3.321,0
2026-02-28T00:45:00Z,137812,13.28,2026-02-28T00:30:05Z,7.994,0.599,3.295,0
2026-02-28T01:00:00Z,137813,13.28,2026-02-28T00:57:25Z,7.822,0.599,3.263,0
2026-02-28T01:15:00Z,137814,13.28,2026-02-28T01:00:20Z,7.769,0.599,3.225,0
2026-02-28T01:30:00Z,137815,13.28,2026-02-28T01:30:00Z,7.749,0.599,3.19,0
2026-02-28T01:45:00Z,137816,13.27,2026-02-28T01:42:25Z,7.695,0.599,3.156,0
2026-02-28T02:00:00Z,137817,13.28,2026-02-28T01:50:30Z,7.473,0.598,3.007,0
2026-02-28T02:15:00Z,137818,13.28,2026-02-28T02:02:25Z,7.101,0.599,2.642,0
2026-02-28T02:30:00Z,137819,13.26,2026-02-28T02:21:40Z,6.652,0.598,2.762,0
2026-02-28T02:45:00Z,137820,13.28,2026-02-28T02:34:30Z,6.328,0.599,2.799,0
2026-02-28T03:00:00Z,137821,13.28,2026-02-28T02:46:35Z,5.985,0.599,2.833,0
2026-02-28T03:15:00Z,137822,13.28,2026-02-28T03:02:20Z,5.746,0.598,2.882,0
2026-02-28T03:30:00Z,137823,13.28,2026-02-28T03:25:10Z,5.566,0.598,2.903,0
2026-02-28T03:45:00Z,137824,13.28,2026-02-28T03:39:15Z,5.423,0.598,2.897,0
2026-02-28T04:00:00Z,137825,13.28,2026-02-28T03:57:25Z,5.181,0.599,2.895,0
2026-02-28T04:15:00Z,137826,13.27,2026-02-28T04:01:10Z,4.64,0.6,2.893,0
2026-02-28T04:30:00Z,137827,13.27,2026-02-28T04:29:55Z,4.023,0.598,2.81,0
2026-02-28T04:45:00Z,137828,13.27,2026-02-28T04:43:25Z,3.578,0.598,2.737,0
2026-02-28T05:00:00Z,137829,13.27,2026-02-28T04:57:35Z,3.235,0.599,2.78,0
2026-02-28T05:15:00Z,137830,13.27,2026-02-28T05:12:45Z,2.89,0.598,2.797,0
2026-02-28T05:30:00Z,137831,13.26,2026-02-28T05:21:55Z,2.587,0.598,2.793,0
2026-02-28T05:45:00Z,137832,13.24,2026-02-28T05:36:50Z,2.39,0.6,2.771,0
2026-02-28T06:00:00Z,137833,13.27,2026-02-28T05:51:50Z,2.25,0.6,2.758,0
2026-02-28T06:15:00Z,137834,13.27,2026-02-28T06:02:20Z,2.049,0.599,2.75,0
2026-02-28T06:30:00Z,137835,13.26,2026-02-28T06:20:50Z,1.855,0.599,2.745,0
2026-02-28T06:45:00Z,137836,13.27,2026-02-28T06:30:05Z,1.626,0.599,2.74,0
2026-02-28T07:00:00Z,137837,13.26,2026-02-28T06:48:35Z,1.321,0.599,2.725,0
2026-02-28T07:15:00Z,137838,13.26,2026-02-28T07:05:20Z,1.059,0.599,2.711,0
2026-02-28T07:30:00Z,137839,13.26,2026-02-28T07:23:15Z,0.814,0.599,2.69,0
2026-02-28T07:45:00Z,137840,13.27,2026-02-28T07:30:30Z,0.505,0.599,2.684,0
2026-02-28T08:00:00Z,137841,13.28,2026-02-28T07:48:00Z,0.18,0.6,2.673,0
2026-02-28T08:15:00Z,137842,13.3,2026-02-28T08:02:55Z,-0.128,0.6,2.657,0
2026-02-28T08:30:00Z,137843,13.36,2026-02-28T08:15:05Z,-0.212,0.597,2.66,0
2026-02-28T08:45:00Z,137844,13.52,2026-02-28T08:34:05Z,0.17,0.598,2.676,0
2026-02-28T09:00:00Z,137845,13.7,2026-02-28T08:46:05Z,1.068,0.598,2.703,0
2026-02-28T09:15:00Z,137846,13.8,2026-02-28T09:00:05Z,2.422,0.601,2.786,0
2026-02-28T09:30:00Z,137847,14.08,2026-02-28T09:15:05Z,3.712,0.599,2.936,0
2026-02-28T09:45:00Z,137848,14.63,2026-02-28T09:35:00Z,4.756,0.6,3.062,0
2026-02-28T10:00:00Z,137849,14.63,2026-02-28T09:55:05Z,5.304,0.599,3.138,0
2026-02-28T10:15:00Z,137850,14.6,2026-02-28T10:02:20Z,5.698,0.599,3.247,0
2026-02-28T10:30:00Z,137851,14.21,2026-02-28T10:29:25Z,5.983,0.601,3.396,0
2026-02-28T10:45:00Z,137852,14.18,2026-02-28T10:41:55Z,6.373,0.601,3.612,0
2026-02-28T11:00:00Z,137853,14.14,2026-02-28T10:47:35Z,6.799,0.6,3.799,0
2026-02-28T11:15:00Z,137854,14.17,2026-02-28T11:11:10Z,7.118,0.6,3.947,0
2026-02-28T11:30:00Z,137855,14.17,2026-02-28T11:25:10Z,7.416,0.6,4.115,0
2026-02-28T11:45:00Z,137856,14.14,2026-02-28T11:41:10Z,7.632,0.6,4.317,0
2026-02-28T12:00:00Z,137857,14.14,2026-02-28T11:49:10Z,7.98,0.6,4.508,0
2026-02-28T12:15:00Z,137858,14.11,2026-02-28T12:14:40Z,8.49,0.6,4.713,0
2026-02-28T12:30:00Z,137859,14.1,2026-02-28T12:21:10Z,8.87,0.601,4.893,0
2026-02-28T12:45:00Z,137860,14.11,2026-02-28T12:39:50Z,9.23,0.6,5.036,0
2026-02-28T13:00:00Z,137861,14.11,2026-02-28T12:50:30Z,9.45,0.6,5.097,0
2026-02-28T13:15:00Z,137862,14.1,2026-02-28T13:08:00Z,9.46,0.6,5.114,0
2026-02-28T13:30:00Z,137863,14.1,2026-02-28T13:29:55Z,9.37,0.6,5.149,0
2026-02-28T13:45:00Z,137864,14.11,2026-02-28T13:30:30Z,9.29,0.6,5.202,0
2026-02-28T14:00:00Z,137865,14.11,2026-02-28T13:57:25Z,9.28,0.6,5.229,0
2026-02-28T14:15:00Z,137866,14.11,2026-02-28T14:05:10Z,9.43,0.6,5.241,0
2026-02-28T14:30:00Z,137867,14.11,2026-02-28T14:30:00Z,9.78,0.602,5.091,0
2026-02-28T14:45:00Z,137868,14.11,2026-02-28T14:32:25Z,9.96,0.601,4.87,0
2026-02-28T15:00:00Z,137869,14.11,2026-02-28T14:46:55Z,9.89,0.6,4.745,0
2026-02-28T15:15:00Z,137870,14.1,2026-02-28T15:02:55Z,9.61,0.599,4.724,0
2026-02-28T15:30:00Z,137871,14.12,2026-02-28T15:15:30Z,9.26,0.6,4.749,0
2026-02-28T15:45:00Z,137872,14.14,2026-02-28T15:33:40Z,8.84,0.6,4.772,0
2026-02-28T16:00:00Z,137873,14.13,2026-02-28T15:56:15Z,8.61,0.601,4.799,0
2026-02-28T16:15:00Z,137874,14.14,2026-02-28T16:00:05Z,8.54,0.599,4.814,0
2026-02-28T16:30:00Z,137875,14.13,2026-02-28T16:19:20Z,8.33,0.6,4.831,0
2026-02-28T16:45:00Z,137876,14.14,2026-02-28T16:30:15Z,7.898,0.601,4.807,0
2026-02-28T17:00:00Z,137877,14.18,2026-02-28T16:49:00Z,7.301,0.6,4.784,0
2026-02-28T17:15:00Z,137878,14.2,2026-02-28T17:10:00Z,6.789,0.6,4.778,0
2026-02-28T17:30:00Z,137879,14.19,2026-02-28T17:21:55Z,6.341,0.601,4.795,0
2026-02-28T17:45:00Z,137880,14.06,2026-02-28T17:44:50Z,5.722,0.6,4.786,0
2026-02-28T18:00:00Z,137881,13.91,2026-02-28T18:00:00Z,5.043,0.6,4.757,0
2026-02-28T18:15:00Z,137882,13.78,2026-02-28T18:14:55Z,4.375,0.6,4.717,0
2026-02-28T18:30:00Z,137883,13.68,2026-02-28T18:30:00Z,3.794,0.6,4.669,0
2026-02-28T18:45:00Z,137884,13.61,2026-02-28T18:44:55Z,3.199,0.6,4.64,0
2026-02-28T19:00:00Z,137885,13.55,2026-02-28T18:59:30Z,2.605,0.6,4.603,0
2026-02-28T19:15:00Z,137886,13.47,2026-02-28T19:14:20Z,2.064,0.601,4.567,0
2026-02-28T19:30:00Z,137887,13.45,2026-02-28T19:30:00Z,1.605,0.6,4.537,0
2026-02-28T19:45:00Z,137888,13.42,2026-02-28T19:45:00Z,1.246,0.6,4.519,0
2026-02-28T20:00:00Z,137889,13.38,2026-02-28T19:58:55Z,0.948,0.601,4.453,0
2026-02-28T20:15:00Z,137890,13.35,2026-02-28T20:14:55Z,0.696,0.6,4.306,0
2026-02-28T20:30:00Z,137891,13.33,2026-02-28T20:27:15Z,0.511,0.601,4.247,0
2026-02-28T20:45:00Z,137892,13.32,2026-02-28T20:44:30Z,0.374,0.6,4.235,0
2026-02-28T21:00:00Z,137893,13.31,2026-02-28T20:46:00Z,0.249,0.601,4.216,0
2026-02-28T21:15:00Z,137894,13.28,2026-02-28T21:10:55Z,0.058,0.601,4.185,0
2026-02-28T21:30:00Z,137895,13.27,2026-02-28T21:22:20Z,-0.171,0.601,4.144,0
2026-02-28T21:45:00Z,137896,13.27,2026-02-28T21:37:40Z,-0.387,0.601,4.118,0
2026-02-28T22:00:00Z,137897,13.27,2026-02-28T21:53:40Z,-0.606,0.601,4.082,0
2026-02-28T22:15:00Z,137898,13.26,2026-02-28T22:14:55Z,-0.781,0.601,4.026,0
2026-02-28T22:30:00Z,137899,13.26,2026-02-28T22:24:00Z,-0.918,0.601,3.929,0
2026-02-28T22:45:00Z,137900,13.26,2026-02-28T22:35:15Z,-1.044,0.601,3.843,0
2026-02-28T23:00:00Z,137901,13.26,2026-02-28T22:45:05Z,-1.173,0.6,3.779,0
2026-02-28T23:15:00Z,137902,13.26,2026-02-28T23:02:35Z,-1.304,0.601,3.675,0
2026-02-28T23:30:00Z,137903,13.26,2026-02-28T23:15:05Z,-1.452,0.6,3.624,0
2026-02-28T23:45:00Z,137904,13.25,2026-02-28T23:31:45Z,-1.591,0.6,3.566,0
2026-03-01T00:15:00Z,137906,13.25,2026-03-01T00:02:20Z,-1.738,0.601,3.488,0
2026-03-01T00:30:00Z,137907,13.26,2026-03-01T00:15:05Z,-1.799,0.6,3.449,0
2026-03-01T00:45:00Z,137908,13.25,2026-03-01T00:44:00Z,-1.861,0.6,3.435,0
2026-03-01T01:00:00Z,137909,13.26,2026-03-01T00:45:05Z,-1.939,0.601,3.322,0
2026-03-01T01:15:00Z,137910,13.26,2026-03-01T01:00:05Z,-2.078,0.6,3.289,0
2026-03-01T01:30:00Z,137911,13.26,2026-03-01T01:15:05Z,-2.266,0.6,3.259,0
2026-03-01T01:45:00Z,137912,13.25,2026-03-01T01:32:35Z,-2.432,0.599,3.239,0
2026-03-01T02:00:00Z,137913,13.26,2026-03-01T01:45:05Z,-2.52,0.6,3.246,0
2026-03-01T02:15:00Z,137914,13.26,2026-03-01T02:02:25Z,-2.518,0.601,3.253,0
2026-03-01T02:30:00Z,137915,13.25,2026-03-01T02:16:40Z,-2.485,0.601,3.246,0
2026-03-01T02:45:00Z,137916,13.25,2026-03-01T02:43:20Z,-2.483,0.6,3.234,0
2026-03-01T03:00:00Z,137917,13.25,2026-03-01T02:46:00Z,-2.501,0.601,3.186,0
2026-03-01T03:15:00Z,137918,13.25,2026-03-01T03:02:30Z,-2.58,0.6,3.121,0
2026-03-01T03:30:00Z,137919,13.25,2026-03-01T03:29:55Z,-2.704,0.601,3.107,0
2026-03-01T03:45:00Z,137920,13.25,2026-03-01T03:30:25Z,-2.917,0.601,3.083,0
2026-03-01T04:00:00Z,137921,13.25,2026-03-01T03:57:25Z,-3.186,0.6,3.038,0
2026-03-01T04:15:00Z,137922,13.24,2026-03-01T04:02:25Z,-3.454,0.6,3.018,0
2026-03-01T04:30:00Z,137923,13.26,2026-03-01T04:16:40Z,-3.653,0.601,3.021,0
2026-03-01T04:45:00Z,137924,13.25,2026-03-01T04:38:00Z,-3.805,0.601,3.066,0
2026-03-01T05:00:00Z,137925,13.26,2026-03-01T04:46:00Z,-3.934,0.6,3.107,0
2026-03-01T05:15:00Z,137926,13.25,2026-03-01T05:12:40Z,-4.082,0.601,3.106,0
2026-03-01T05:30:00Z,137927,13.25,2026-03-01T05:19:00Z,-4.217,0.601,3.09,0
2026-03-01T05:45:00Z,137928,13.25,2026-03-01T05:31:10Z,-4.321,0.601,3.108,0
2026-03-01T06:00:00Z,137929,13.25,2026-03-01T05:46:40Z,-4.441,0.601,3.124,0
2026-03-01T06:15:00Z,137930,13.25,2026-03-01T06:00:20Z,-4.585,0.601,3.14,0
2026-03-01T06:30:00Z,137931,13.25,2026-03-01T06:18:05Z,-4.679,0.6,3.158,0
2026-03-01T06:45:00Z,137932,13.25,2026-03-01T06:30:05Z,-4.706,0.6,3.166,0
2026-03-01T07:00:00Z,137933,13.24,2026-03-01T06:57:25Z,-4.761,0.6,3.171,0
2026-03-01T07:15:00Z,137934,13.24,2026-03-01T07:02:20Z,-4.82,0.6,3.177,0
2026-03-01T07:30:00Z,137935,13.24,2026-03-01T07:30:00Z,-4.877,0.601,3.177,0
2026-03-01T07:45:00Z,137936,13.25,2026-03-01T07:30:20Z,-4.962,0.601,3.189,0
2026-03-01T08:00:00Z,137937,13.25,2026-03-01T07:57:30Z,-5.081,0.6,3.201,0
2026-03-01T08:15:00Z,137938,13.26,2026-03-01T08:00:05Z,-5.202,0.6,3.21,0
2026-03-01T08:30:00Z,137939,13.29,2026-03-01T08:15:05Z,-5.295,0.601,3.228,0
2026-03-01T08:45:00Z,137940,13.31,2026-03-01T08:30:05Z,-5.311,0.601,3.281,0
2026-03-01T09:00:00Z,137941,13.38,2026-03-01T08:45:05Z,-5.288,0.6,3.341,0
2026-03-01T09:15:00Z,137942,13.46,2026-03-01T09:00:15Z,-5.179,0.6,3.387,0
2026-03-01T09:30:00Z,137943,13.59,2026-03-01T09:22:25Z,-4.828,0.6,3.495,0
2026-03-01T09:45:00Z,137944,13.63,2026-03-01T09:36:55Z,-4.417,0.6,3.597,0
2026-03-01T10:00:00Z,137945,13.88,2026-03-01T09:45:05Z,-3.914,0.596,3.785,0
2026-03-01T10:15:00Z,137946,13.92,2026-03-01T10:00:30Z,-3.128,0.603,4.276,0
2026-03-01T10:30:00Z,137947,14.83,2026-03-01T10:26:25Z,-2.627,0.602,4.091,0
2026-03-01T10:45:00Z,137948,14.83,2026-03-01T10:31:45Z,-2.246,0.6,4.22,0
2026-03-01T11:00:00Z,137949,14.81,2026-03-01T10:50:25Z,-1.858,0.6,4.443,0
2026-03-01T11:15:00Z,137950,14.41,2026-03-01T11:06:05Z,-1.419,0.601,4.672,0
2026-03-01T11:30:00Z,137951,14.38,2026-03-01T11:28:50Z,-1.039,0.601,4.892,0
2026-03-01T11:45:00Z,137952,14.37,2026-03-01T11:34:00Z,-0.639,0.601,5.127,0
2026-03-01T12:00:00Z,137953,14.38,2026-03-01T11:45:25Z,-0.306,0.601,5.345,0
2026-03-01T12:15:00Z,137954,14.34,2026-03-01T12:07:00Z,-0.107,0.6,5.459,0
2026-03-01T12:30:00Z,137955,14.34,2026-03-01T12:21:05Z,0.026,0.6,5.561,0
2026-03-01T12:45:00Z,137956,14.34,2026-03-01T12:44:05Z,0.125,0.6,5.725,0
2026-03-01T13:00:00Z,137957,14.35,2026-03-01T12:47:45Z,0.422,0.601,5.837,0
2026-03-01T13:15:00Z,137958,14.32,2026-03-01T13:13:40Z,0.768,0.6,5.859,0
2026-03-01T13:30:00Z,137959,14.32,2026-03-01T13:29:20Z,1.13,0.601,5.963,0
2026-03-01T13:45:00Z,137960,14.32,2026-03-01T13:30:05Z,1.442,0.601,6.013,0
2026-03-01T14:00:00Z,137961,14.29,2026-03-01T13:54:40Z,1.793,0.6,6.059,0
2026-03-01T14:15:00Z,137962,14.29,2026-03-01T14:03:50Z,2.148,0.601,6.15,0
2026-03-01T14:30:00Z,137963,14.29,2026-03-01T14:29:40Z,2.439,0.601,6.293,0
2026-03-01T14:45:00Z,137964,14.29,2026-03-01T14:44:50Z,2.531,0.6,6.37,0
2026-03-01T15:00:00Z,137965,14.3,2026-03-01T14:45:05Z,2.637,0.6,6.382,0
2026-03-01T15:15:00Z,137966,14.31,2026-03-01T15:07:00Z,2.486,0.6,6.335,0
2026-03-01T15:30:00Z,137967,14.31,2026-03-01T15:26:20Z,2.497,0.599,6.293,0
2026-03-01T15:45:00Z,137968,14.31,2026-03-01T15:33:55Z,2.554,0.6,6.238,0
2026-03-01T16:00:00Z,137969,14.32,2026-03-01T15:46:55Z,2.317,0.6,6.22,0
2026-03-01T16:15:00Z,137970,14.32,2026-03-01T16:14:40Z,2.367,0.6,6.211,0
2026-03-01T16:30:00Z,137971,14.31,2026-03-01T16:16:30Z,2.251,0.601,6.21,0
2026-03-01T16:45:00Z,137972,14.35,2026-03-01T16:36:10Z,1.602,0.6,6.182,0
2026-03-01T17:00:00Z,137973,14.36,2026-03-01T16:45:05Z,1.2,0.599,6.12,0
2026-03-01T17:15:00Z,137974,14.35,2026-03-01T17:02:50Z,1.267,0.599,6.073,0
2026-03-01T17:30:00Z,137975,14.28,2026-03-01T17:29:55Z,0.924,0.6,6.006,0
2026-03-01T17:45:00Z,137976,14.14,2026-03-01T17:44:55Z,0.246,0.6,5.924,0
2026-03-01T18:00:00Z,137977,13.94,2026-03-01T17:59:30Z,-0.435,0.6,5.822,0
2026-03-01T18:15:00Z,137978,13.82,2026-03-01T18:14:50Z,-1.044,0.6,5.759,0
2026-03-01T18:30:00Z,137979,13.71,2026-03-01T18:30:00Z,-1.622,0.6,5.744,0
2026-03-01T18:45:00Z,137980,13.64,2026-03-01T18:44:10Z,-2.116,0.6,5.668,0
2026-03-01T19:00:00Z,137981,13.58,2026-03-01T18:59:15Z,-2.388,0.6,5.573,0
2026-03-01T19:15:00Z,137982,13.52,2026-03-01T19:13:30Z,-2.55,0.599,5.463,0
2026-03-01T19:30:00Z,137983,13.47,2026-03-01T19:30:00Z,-2.657,0.6,5.32,0
2026-03-01T19:45:00Z,137984,13.44,2026-03-01T19:41:55Z,-2.698,0.6,5.207,0
2026-03-01T20:00:00Z,137985,13.4,2026-03-01T19:58:35Z,-2.698,0.6,5.123,0
2026-03-01T20:15:00Z,137986,13.35,2026-03-01T20:14:00Z,-2.711,0.6,5.071,0
2026-03-01T20:30:00Z,137987,13.34,2026-03-01T20:29:00Z,-2.795,0.6,5.044,0
2026-03-01T20:45:00Z,137988,13.32,2026-03-01T20:42:35Z,-2.99,0.6,4.967,0
2026-03-01T21:00:00Z,137989,13.3,2026-03-01T21:00:00Z,-3.237,0.6,4.839,0
2026-03-01T21:15:00Z,137990,13.29,2026-03-01T21:11:20Z,-3.543,0.599,4.713,0
2026-03-01T21:30:00Z,137991,13.28,2026-03-01T21:24:35Z,-3.816,0.599,4.652,0
2026-03-01T21:45:00Z,137992,13.26,2026-03-01T21:42:35Z,-4.128,0.599,4.604,0
2026-03-01T22:00:00Z,137993,13.26,2026-03-01T21:57:30Z,-4.521,0.599,4.554,0
2026-03-01T22:15:00Z,137994,13.26,2026-03-01T22:12:05Z,-4.933,0.599,4.467,0
2026-03-01T22:30:00Z,137995,13.25,2026-03-01T22:24:20Z,-5.297,0.598,4.39,0
2026-03-01T22:45:00Z,137996,13.25,2026-03-01T22:30:40Z,-5.634,0.6,4.29,0
2026-03-01T23:00:00Z,137997,13.25,2026-03-01T22:50:55Z,-6.058,0.599,4.174,0
2026-03-01T23:15:00Z,137998,13.25,2026-03-01T23:01:00Z,-6.377,0.598,4.06,0
2026-03-01T23:30:00Z,137999,13.23,2026-03-01T23:29:55Z,-6.701,0.599,4.037,0
2026-03-01T23:45:00Z,138000,13.24,2026-03-01T23:32:35Z,-6.989,0.599,3.985,0
2026-03-02T00:15:00Z,138002,13.24,2026-03-02T00:02:30Z,-7.341,0.599,3.814,0
2026-03-02T00:30:00Z,138003,13.24,2026-03-02T00:16:00Z,-7.468,0.598,3.683,0
2026-03-02T00:45:00Z,138004,13.24,2026-03-02T00:30:20Z,-7.586,0.599,3.66,0
2026-03-02T01:00:00Z,138005,13.23,2026-03-02T00:55:40Z,-7.749,0.6,3.609,0
2026-03-02T01:15:00Z,138006,13.23,2026-03-02T01:09:55Z,-7.917,0.6,3.531,0
2026-03-02T01:30:00Z,138007,13.23,2026-03-02T01:22:35Z,-8.01,0.6,3.428,0
2026-03-02T01:45:00Z,138008,13.23,2026-03-02T01:31:00Z,-8.04,0.6,3.385,0
2026-03-02T02:00:00Z,138009,13.24,2026-03-02T01:57:30Z,-8.08,0.599,3.362,0
2026-03-02T02:15:00Z,138010,13.23,2026-03-02T02:02:25Z,-8.11,0.599,3.21,0
2026-03-02T02:30:00Z,138011,13.23,2026-03-02T02:29:55Z,-8.16,0.6,3.128,0
2026-03-02T02:45:00Z,138012,13.23,2026-03-02T02:30:05Z,-8.21,0.6,3.109,0
2026-03-02T03:00:00Z,138013,13.23,2026-03-02T02:57:25Z,-8.28,0.599,3.101,0
2026-03-02T03:15:00Z,138014,13.23,2026-03-02T03:12:40Z,-8.33,0.599,3.094,0
2026-03-02T03:30:00Z,138015,13.23,2026-03-02T03:23:15Z,-8.33,0.599,3.023,0
2026-03-02T03:45:00Z,138016,13.24,2026-03-02T03:30:05Z,-8.39,0.6,3.013,0
2026-03-02T04:00:00Z,138017,13.24,2026-03-02T03:47:00Z,-8.48,0.6,3.018,0
2026-03-02T04:15:00Z,138018,13.24,2026-03-02T04:02:25Z,-8.57,0.6,3.017,0
2026-03-02T04:30:00Z,138019,13.23,2026-03-02T04:29:55Z,-8.61,0.6,2.928,0
2026-03-02T04:45:00Z,138020,13.24,2026-03-02T04:31:40Z,-8.61,0.601,2.844,0
2026-03-02T05:00:00Z,138021,13.22,2026-03-02T04:57:25Z,-8.56,0.6,2.7,0
2026-03-02T05:15:00Z,138022,13.23,2026-03-02T05:02:25Z,-8.56,0.6,2.641,0
2026-03-02T05:30:00Z,138023,13.24,2026-03-02T05:25:45Z,-8.6,0.6,2.616,0
2026-03-02T05:45:00Z,138024,13.24,2026-03-02T05:31:15Z,-8.58,0.601,2.606,0
2026-03-02T06:00:00Z,138025,13.24,2026-03-02T05:46:20Z,-8.5,0.601,2.602,0
2026-03-02T06:15:00Z,138026,13.22,2026-03-02T06:02:25Z,-8.45,0.6,2.593,0
2026-03-02T06:30:00Z,138027,13.22,2026-03-02T06:29:55Z,-8.43,0.599,2.579,0
2026-03-02T06:45:00Z,138028,13.23,2026-03-02T06:30:05Z,-8.5,0.6,2.568,0
2026-03-02T07:00:00Z,138029,13.22,2026-03-02T06:57:25Z,-8.62,0.6,2.558,0
2026-03-02T07:15:00Z,138030,13.23,2026-03-02T07:02:25Z,-8.68,0.601,2.546,0
2026-03-02T07:30:00Z,138031,13.24,2026-03-02T07:15:20Z,-8.71,0.6,2.532,0
2026-03-02T07:45:00Z,138032,13.24,2026-03-02T07:30:05Z,-8.71,0.599,2.506,0
2026-03-02T08:00:00Z,138033,13.25,2026-03-02T07:45:50Z,-8.7,0.6,2.465,0
2026-03-02T08:15:00Z,138034,13.26,2026-03-02T08:00:05Z,-8.67,0.6,2.456,0
2026-03-02T08:30:00Z,138035,13.52,2026-03-02T08:15:05Z,-8.29,0.6,2.473,0
2026-03-02T08:45:00Z,138036,13.81,2026-03-02T08:30:05Z,-7.423,0.602,2.493,0
2026-03-02T09:00:00Z,138037,13.93,2026-03-02T08:45:05Z,-6.446,0.603,2.517,0
2026-03-02T09:15:00Z,138038,13.86,2026-03-02T09:02:25Z,-5.302,0.592,4.38,0
2026-03-02T09:30:00Z,138039,13.88,2026-03-02T09:17:00Z,-3.656,0.607,4.228,0
2026-03-02T09:45:00Z,138040,14.87,2026-03-02T09:39:40Z,-3.077,0.602,2.818,0
2026-03-02T10:00:00Z,138041,14.86,2026-03-02T09:46:20Z,-2.703,0.602,2.685,0
2026-03-02T10:15:00Z,138042,14.83,2026-03-02T10:07:40Z,-2.266,0.603,2.779,0
2026-03-02T10:30:00Z,138043,14.43,2026-03-02T10:30:00Z,-1.782,0.603,2.967,0
2026-03-02T10:45:00Z,138044,14.4,2026-03-02T10:32:20Z,-1.425,0.603,3.162,0
2026-03-02T11:00:00Z,138045,14.4,2026-03-02T10:59:35Z,-1.1,0.603,3.377,0
2026-03-02T11:15:00Z,138046,14.4,2026-03-02T11:02:25Z,-0.772,0.603,3.561,0
2026-03-02T11:30:00Z,138047,14.38,2026-03-02T11:20:50Z,-0.456,0.602,3.804,0
2026-03-02T11:45:00Z,138048,14.37,2026-03-02T11:30:20Z,-0.166,0.602,4.108,0
2026-03-02T12:00:00Z,138049,14.35,2026-03-02T11:59:40Z,0.155,0.602,4.277,0
2026-03-02T12:15:00Z,138050,14.34,2026-03-02T12:07:40Z,0.561,0.601,4.351,0
2026-03-02T12:30:00Z,138051,14.34,2026-03-02T12:17:50Z,0.979,0.602,4.387,0
2026-03-02T12:45:00Z,138052,14.32,2026-03-02T12:39:15Z,1.41,0.602,4.489,0
2026-03-02T13:00:00Z,138053,14.31,2026-03-02T12:53:55Z,1.783,0.602,4.733,0
2026-03-02T13:15:00Z,138054,14.26,2026-03-02T13:05:10Z,2.256,0.602,4.855,0
2026-03-02T13:30:00Z,138055,14.28,2026-03-02T13:15:05Z,2.76,0.603,5.002,0
2026-03-02T13:45:00Z,138056,14.25,2026-03-02T13:44:55Z,3.3,0.603,5.235,0
2026-03-02T14:00:00Z,138057,14.26,2026-03-02T13:58:20Z,3.83,0.603,5.509,0
2026-03-02T14:15:00Z,138058,14.22,2026-03-02T14:13:45Z,4.274,0.603,5.703,0
2026-03-02T14:30:00Z,138059,14.23,2026-03-02T14:15:40Z,4.695,0.602,6.06,0
2026-03-02T14:45:00Z,138060,14.22,2026-03-02T14:36:50Z,4.954,0.603,6.113,0
2026-03-02T15:00:00Z,138061,14.2,2026-03-02T14:55:30Z,5.091,0.602,6.321,0
2026-03-02T15:15:00Z,138062,14.23,2026-03-02T15:14:55Z,5.048,0.602,6.429,0
2026-03-02T15:30:00Z,138063,14.26,2026-03-02T15:19:25Z,5.089,0.602,6.247,0
2026-03-02T15:45:00Z,138064,14.25,2026-03-02T15:37:20Z,5.155,0.602,6.119,0
2026-03-02T16:00:00Z,138065,14.25,2026-03-02T15:50:35Z,5.09,0.602,6.192,0
2026-03-02T16:15:00Z,138066,14.22,2026-03-02T16:07:30Z,5.35,0.601,6.282,0
2026-03-02T16:30:00Z,138067,14.22,2026-03-02T16:24:05Z,5.586,0.603,6.333,0
2026-03-02T16:45:00Z,138068,14.24,2026-03-02T16:30:05Z,5.011,0.602,6.324,0
2026-03-02T17:00:00Z,138069,14.26,2026-03-02T16:54:45Z,4.74,0.601,6.273,0
2026-03-02T17:15:00Z,138070,14.25,2026-03-02T17:08:45Z,4.957,0.601,6.215,0
2026-03-02T17:30:00Z,138071,14.22,2026-03-02T17:29:25Z,4.621,0.602,6.09,0
2026-03-02T17:45:00Z,138072,14.11,2026-03-02T17:44:20Z,3.896,0.602,5.957,0
2026-03-02T18:00:00Z,138073,13.99,2026-03-02T17:59:15Z,3.156,0.602,5.851,0
2026-03-02T18:15:00Z,138074,13.88,2026-03-02T18:14:40Z,2.433,0.602,5.815,0
2026-03-02T18:30:00Z,138075,13.75,2026-03-02T18:30:00Z,1.741,0.602,5.749,0
2026-03-02T18:45:00Z,138076,13.67,2026-03-02T18:44:00Z,1.077,0.601,5.659,0
2026-03-02T19:00:00Z,138077,13.6,2026-03-02T18:54:10Z,0.423,0.601,5.544,0
2026-03-02T19:15:00Z,138078,13.54,2026-03-02T19:12:15Z,-0.18,0.601,5.455,0
2026-03-02T19:30:00Z,138079,13.47,2026-03-02T19:29:30Z,-0.691,0.601,5.411,0
2026-03-02T19:45:00Z,138080,13.44,2026-03-02T19:40:55Z,-1.155,0.601,5.352,0
2026-03-02T20:00:00Z,138081,13.4,2026-03-02T19:56:50Z,-1.598,0.601,5.38,0
2026-03-02T20:15:00Z,138082,13.38,2026-03-02T20:13:05Z,-2.027,0.601,5.391,0
2026-03-02T20:30:00Z,138083,13.35,2026-03-02T20:28:20Z,-2.348,0.601,5.375,0
2026-03-02T20:45:00Z,138084,13.33,2026-03-02T20:41:05Z,-2.604,0.601,5.339,0
2026-03-02T21:00:00Z,138085,13.3,2026-03-02T20:57:35Z,-2.88,0.601,5.204,0
2026-03-02T21:15:00Z,138086,13.3,2026-03-02T21:02:25Z,-3.145,0.601,5.066,0
2026-03-02T21:30:00Z,138087,13.28,2026-03-02T21:22:15Z,-3.383,0.602,5.046,0
2026-03-02T21:45:00Z,138088,13.26,2026-03-02T21:32:25Z,-3.611,0.602,5.021,0
2026-03-02T22:00:00Z,138089,13.26,2026-03-02T21:52:40Z,-3.872,0.601,4.968,0
2026-03-02T22:15:00Z,138090,13.26,2026-03-02T22:00:20Z,-4.075,0.601,4.83,0
2026-03-02T22:30:00Z,138091,13.26,2026-03-02T22:26:05Z,-4.214,0.601,4.747,0
2026-03-02T22:45:00Z,138092,13.25,2026-03-02T22:38:05Z,-4.353,0.601,4.667,0
2026-03-02T23:00:00Z,138093,13.25,2026-03-02T22:45:05Z,-4.479,0.602,4.556,0
2026-03-02T23:15:00Z,138094,13.25,2026-03-02T23:02:25Z,-4.584,0.602,4.356,0
2026-03-02T23:30:00Z,138095,13.23,2026-03-02T23:21:45Z,-4.675,0.602,4.22,0
2026-03-02T23:45:00Z,138096,13.24,2026-03-02T23:38:40Z,-4.759,0.601,4.146,0
2026-03-03T00:15:00Z,138098,13.24,2026-03-03T00:00:30Z,-4.874,0.601,4.142,0
2026-03-03T00:30:00Z,138099,13.24,2026-03-03T00:28:00Z,-4.892,0.601,3.992,0
2026-03-03T00:45:00Z,138100,13.25,2026-03-03T00:32:30Z,-4.895,0.601,3.825,0
2026-03-03T01:00:00Z,138101,13.25,2026-03-03T00:45:50Z,-4.896,0.602,3.765,0
2026-03-03T01:15:00Z,138102,13.24,2026-03-03T01:12:55Z,-4.855,0.601,3.714,0
2026-03-03T01:30:00Z,138103,13.21,2026-03-03T01:23:45Z,-4.753,0.602,3.686,0
2026-03-03T01:45:00Z,138104,13.25,2026-03-03T01:30:05Z,-4.589,0.602,3.591,0
2026-03-03T02:00:00Z,138105,13.24,2026-03-03T01:57:25Z,-4.422,0.602,3.577,0
2026-03-03T02:15:00Z,138106,13.24,2026-03-03T02:02:40Z,-4.262,0.601,3.585,0
2026-03-03T02:30:00Z,138107,13.25,2026-03-03T02:15:40Z,-4.143,0.601,3.517,0
2026-03-03T02:45:00Z,138108,13.25,2026-03-03T02:31:35Z,-4.033,0.601,3.418,0
2026-03-03T03:00:00Z,138109,13.25,2026-03-03T02:45:35Z,-3.934,0.601,3.386,0
2026-03-03T03:15:00Z,138110,13.24,2026-03-03T03:02:45Z,-3.865,0.601,3.372,0
2026-03-03T03:30:00Z,138111,13.24,2026-03-03T03:29:55Z,-3.72,0.6,3.353,0
2026-03-03T03:45:00Z,138112,13.24,2026-03-03T03:30:25Z,-3.476,0.601,3.302,0
2026-03-03T04:00:00Z,138113,13.25,2026-03-03T03:57:25Z,-3.261,0.601,3.206,0
2026-03-03T04:15:00Z,138114,13.25,2026-03-03T04:12:15Z,-3.079,0.6,3.153,0
2026-03-03T04:30:00Z,138115,13.26,2026-03-03T04:15:15Z,-2.851,0.602,3.157,0
2026-03-03T04:45:00Z,138116,13.26,2026-03-03T04:31:10Z,-2.583,0.601,3.171,0
2026-03-03T05:00:00Z,138117,13.24,2026-03-03T04:57:25Z,-2.311,0.601,3.176,0
2026-03-03T05:15:00Z,138118,13.26,2026-03-03T05:12:20Z,-2.043,0.601,3.153,0
2026-03-03T05:30:00Z,138119,13.25,2026-03-03T05:29:55Z,-1.791,0.602,3.008,0
2026-03-03T05:45:00Z,138120,13.26,2026-03-03T05:30:05Z,-1.573,0.602,2.977,0
2026-03-03T06:00:00Z,138121,13.25,2026-03-03T05:47:50Z,-1.394,0.603,2.958,0
2026-03-03T06:15:00Z,138122,13.25,2026-03-03T06:02:25Z,-1.246,0.601,2.886,0
2026-03-03T06:30:00Z,138123,13.25,2026-03-03T06:21:30Z,-1.114,0.601,2.859,0
2026-03-03T06:45:00Z,138124,13.25,2026-03-03T06:36:55Z,-1.001,0.602,2.878,0
2026-03-03T07:00:00Z,138125,13.26,2026-03-03T06:46:35Z,-0.908,0.602,2.874,0
2026-03-03T07:15:00Z,138126,13.26,2026-03-03T07:14:15Z,-0.83,0.601,2.864,0
2026-03-03T07:30:00Z,138127,13.26,2026-03-03T07:16:55Z,-0.776,0.602,2.865,0
2026-03-03T07:45:00Z,138128,13.26,2026-03-03T07:30:05Z,-0.73,0.602,2.87,0
2026-03-03T08:00:00Z,138129,13.27,2026-03-03T07:46:15Z,-0.662,0.601,2.877,0
2026-03-03T08:15:00Z,138130,13.28,2026-03-03T08:00:05Z,-0.56,0.602,2.884,0
2026-03-03T08:30:00Z,138131,13.28,2026-03-03T08:15:15Z,-0.451,0.602,2.834,0
2026-03-03T08:45:00Z,138132,13.29,2026-03-03T08:31:35Z,-0.337,0.602,2.764,0
2026-03-03T09:00:00Z,138133,13.28,2026-03-03T08:57:25Z,-0.197,0.602,2.78,0
2026-03-03T09:15:00Z,138134,13.3,2026-03-03T09:06:15Z,-0.051,0.601,2.813,0
2026-03-03T09:30:00Z,138135,13.3,2026-03-03T09:16:50Z,0.05,0.602,2.827,0
2026-03-03T09:45:00Z,138136,13.32,2026-03-03T09:44:20Z,0.164,0.603,2.853,0
2026-03-03T10:00:00Z,138137,13.32,2026-03-03T09:45:05Z,0.282,0.601,2.902,0
2026-03-03T10:15:00Z,138138,13.32,2026-03-03T10:01:00Z,0.392,0.602,2.932,0
2026-03-03T10:30:00Z,138139,13.31,2026-03-03T10:22:50Z,0.45,0.601,2.876,0
2026-03-03T10:45:00Z,138140,13.32,2026-03-03T10:30:05Z,0.529,0.601,2.757,0
2026-03-03T11:00:00Z,138141,13.32,2026-03-03T10:57:25Z,0.677,0.602,2.785,0
2026-03-03T11:15:00Z,138142,13.34,2026-03-03T11:00:20Z,0.83,0.602,2.833,0
2026-03-03T11:30:00Z,138143,13.36,2026-03-03T11:17:40Z,1.057,0.602,2.894,0
2026-03-03T11:45:00Z,138144,13.36,2026-03-03T11:42:05Z,1.305,0.602,2.959,0
2026-03-03T12:00:00Z,138145,13.35,2026-03-03T11:53:50Z,1.486,0.602,3.012,0
2026-03-03T12:15:00Z,138146,13.37,2026-03-03T12:04:45Z,1.648,0.603,3.03,0
2026-03-03T12:30:00Z,138147,13.4,2026-03-03T12:15:05Z,1.853,0.602,2.967,0
2026-03-03T12:45:00Z,138148,13.4,2026-03-03T12:39:15Z,2.158,0.603,2.938,0
2026-03-03T13:00:00Z,138149,13.42,2026-03-03T12:54:25Z,2.42,0.603,2.976,0
2026-03-03T13:15:00Z,138150,13.4,2026-03-03T13:07:35Z,2.668,0.602,3.027,0
2026-03-03T13:30:00Z,138151,13.4,2026-03-03T13:15:05Z,2.689,0.603,3.072,0
2026-03-03T13:45:00Z,138152,13.39,2026-03-03T13:42:40Z,2.723,0.601,3.14,0
2026-03-03T14:00:00Z,138153,13.37,2026-03-03T13:58:40Z,2.767,0.601,3.187,0
2026-03-03T14:15:00Z,138154,13.36,2026-03-03T14:03:00Z,2.826,0.603,3.232,0
2026-03-03T14:30:00Z,138155,13.37,2026-03-03T14:29:55Z,2.925,0.602,3.303,0
2026-03-03T14:45:00Z,138156,13.36,2026-03-03T14:41:20Z,3.051,0.602,3.376,0
2026-03-03T15:00:00Z,138157,13.37,2026-03-03T14:46:40Z,3.099,0.603,3.404,0
2026-03-03T15:15:00Z,138158,13.37,2026-03-03T15:05:20Z,3.074,0.603,3.396,0
2026-03-03T15:30:00Z,138159,13.37,2026-03-03T15:16:00Z,3.021,0.601,3.391,0
2026-03-03T15:45:00Z,138160,13.38,2026-03-03T15:44:15Z,3.114,0.602,3.414,0
2026-03-03T16:00:00Z,138161,13.37,2026-03-03T15:47:05Z,3.263,0.602,3.454,0
2026-03-03T16:15:00Z,138162,13.37,2026-03-03T16:12:00Z,3.488,0.603,3.494,0
2026-03-03T16:30:00Z,138163,13.38,2026-03-03T16:29:55Z,3.685,0.604,3.526,0
2026-03-03T16:45:00Z,138164,13.38,2026-03-03T16:43:40Z,3.93,0.603,3.56,0
2026-03-03T17:00:00Z,138165,13.38,2026-03-03T16:57:25Z,4.072,0.603,3.601,0
2026-03-03T17:15:00Z,138166,13.35,2026-03-03T17:15:00Z,4.059,0.603,3.615,0
2026-03-03T17:30:00Z,138167,13.34,2026-03-03T17:29:55Z,3.951,0.602,3.556,0
2026-03-03T17:45:00Z,138168,13.32,2026-03-03T17:43:00Z,3.882,0.603,3.553,0
2026-03-03T18:00:00Z,138169,13.31,2026-03-03T17:57:30Z,3.79,0.603,3.561,0
2026-03-03T18:15:00Z,138170,13.31,2026-03-03T18:13:35Z,3.694,0.603,3.588,0
2026-03-03T18:30:00Z,138171,13.29,2026-03-03T18:29:55Z,3.592,0.603,3.63,0
2026-03-03T18:45:00Z,138172,13.29,2026-03-03T18:44:30Z,3.481,0.603,3.649,0
2026-03-03T19:00:00Z,138173,13.28,2026-03-03T18:57:25Z,3.357,0.604,3.652,0
2026-03-03T19:15:00Z,138174,13.28,2026-03-03T19:01:25Z,3.246,0.602,3.636,0
2026-03-03T19:30:00Z,138175,13.28,2026-03-03T19:15:25Z,3.064,0.604,3.599,0
2026-03-03T19:45:00Z,138176,13.26,2026-03-03T19:37:55Z,2.83,0.604,3.581,0
2026-03-03T20:00:00Z,138177,13.27,2026-03-03T19:57:30Z,2.662,0.603,3.61,0
2026-03-03T20:15:00Z,138178,13.27,2026-03-03T20:02:25Z,2.554,0.602,3.616,0
2026-03-03T20:30:00Z,138179,13.27,2026-03-03T20:19:05Z,2.509,0.603,3.604,0
2026-03-03T20:45:00Z,138180,13.27,2026-03-03T20:40:15Z,2.522,0.602,3.594,0
2026-03-03T21:00:00Z,138181,13.27,2026-03-03T20:53:45Z,2.531,0.603,3.584,0
2026-03-03T21:15:00Z,138182,13.26,2026-03-03T21:02:25Z,2.559,0.604,3.574,0
2026-03-03T21:30:00Z,138183,13.26,2026-03-03T21:20:25Z,2.587,0.604,3.575,0
2026-03-03T21:45:00Z,138184,13.26,2026-03-03T21:36:25Z,2.573,0.602,3.574,0
2026-03-03T22:00:00Z,138185,13.26,2026-03-03T21:57:45Z,2.315,0.603,3.568,0
2026-03-03T22:15:00Z,138186,13.26,2026-03-03T22:03:05Z,1.846,0.602,3.545,0
2026-03-03T22:30:00Z,138187,13.26,2026-03-03T22:16:25Z,1.343,0.603,3.519,0
2026-03-03T22:45:00Z,138188,13.26,2026-03-03T22:30:05Z,0.866,0.604,3.511,0
2026-03-03T23:00:00Z,138189,13.26,2026-03-03T22:57:25Z,0.451,0.603,3.489,0
2026-03-03T23:15:00Z,138190,13.26,2026-03-03T23:00:35Z,0.101,0.603,3.449,0
2026-03-03T23:30:00Z,138191,13.26,2026-03-03T23:15:05Z,-0.185,0.603,3.426,0
2026-03-03T23:45:00Z,138192,13.25,2026-03-03T23:43:35Z,-0.455,0.603,3.393,0
2026-03-04T00:15:00Z,138194,13.25,2026-03-04T00:02:30Z,-0.869,0.603,3.349,0
2026-03-04T00:30:00Z,138195,13.26,2026-03-04T00:15:05Z,-1.016,0.603,3.293,0
2026-03-04T00:45:00Z,138196,13.26,2026-03-04T00:30:05Z,-1.125,0.603,3.255,0
2026-03-04T01:00:00Z,138197,13.26,2026-03-04T00:54:35Z,-1.214,0.603,3.24,0
2026-03-04T01:15:00Z,138198,13.24,2026-03-04T01:02:20Z,-1.27,0.603,3.225,0
2026-03-04T01:30:00Z,138199,13.25,2026-03-04T01:29:55Z,-1.341,0.603,3.184,0
2026-03-04T01:45:00Z,138200,13.26,2026-03-04T01:30:10Z,-1.411,0.603,3.17,0
2026-03-04T02:00:00Z,138201,13.24,2026-03-04T01:58:40Z,-1.437,0.603,3.141,0
2026-03-04T02:15:00Z,138202,13.24,2026-03-04T02:02:40Z,-1.437,0.603,3.137,0
2026-03-04T02:30:00Z,138203,13.25,2026-03-04T02:24:05Z,-1.478,0.603,3.13,0
2026-03-04T02:45:00Z,138204,13.25,2026-03-04T02:31:20Z,-1.56,0.603,3.082,0
2026-03-04T03:00:00Z,138205,13.25,2026-03-04T02:47:05Z,-1.634,0.603,3.062,0
2026-03-04T03:15:00Z,138206,13.25,2026-03-04T03:02:40Z,-1.711,0.604,3.036,0
2026-03-04T03:30:00Z,138207,13.25,2026-03-04T03:20:10Z,-1.827,0.604,3.004,0
2026-03-04T03:45:00Z,138208,13.25,2026-03-04T03:30:05Z,-1.986,0.603,3.004,0
2026-03-04T04:00:00Z,138209,13.25,2026-03-04T03:45:45Z,-2.171,0.603,3.006,0
2026-03-04T04:15:00Z,138210,13.25,2026-03-04T04:04:50Z,-2.297,0.604,2.982,0
2026-03-04T04:30:00Z,138211,13.25,2026-03-04T04:20:50Z,-2.212,0.603,2.913,0
2026-03-04T04:45:00Z,138212,13.24,2026-03-04T04:44:50Z,-1.891,0.603,2.922,0
2026-03-04T05:00:00Z,138213,13.24,2026-03-04T04:47:30Z,-1.533,0.602,2.914,0
2026-03-04T05:15:00Z,138214,13.24,2026-03-04T05:02:20Z,-1.112,0.603,2.91,0
2026-03-04T05:30:00Z,138215,13.25,2026-03-04T05:16:50Z,-0.701,0.604,2.904,0
2026-03-04T05:45:00Z,138216,13.25,2026-03-04T05:30:10Z,-0.324,0.604,2.902,0
2026-03-04T06:00:00Z,138217,13.25,2026-03-04T05:46:10Z,-0.01,0.604,2.892,0
2026-03-04T06:15:00Z,138218,13.25,2026-03-04T06:02:10Z,0.28,0.604,2.888,0
2026-03-04T06:30:00Z,138219,13.25,2026-03-04T06:15:30Z,0.531,0.604,2.886,0
2026-03-04T06:45:00Z,138220,13.25,2026-03-04T06:31:30Z,0.692,0.604,2.883,0
2026-03-04T07:00:00Z,138221,13.26,2026-03-04T06:45:05Z,0.695,0.605,2.883,0
2026-03-04T07:15:00Z,138222,13.25,2026-03-04T07:02:25Z,0.556,0.605,2.87,0
2026-03-04T07:30:00Z,138223,13.26,2026-03-04T07:15:05Z,0.299,0.604,2.86,0
2026-03-04T07:45:00Z,138224,13.26,2026-03-04T07:31:55Z,0.085,0.605,2.859,0
2026-03-04T08:00:00Z,138225,13.27,2026-03-04T07:57:30Z,0.016,0.604,2.791,0
2026-03-04T08:15:00Z,138226,13.29,2026-03-04T08:00:05Z,0.019,0.604,2.729,0
2026-03-04T08:30:00Z,138227,13.31,2026-03-04T08:23:50Z,0.071,0.605,2.71,0
2026-03-04T08:45:00Z,138228,13.33,2026-03-04T08:30:05Z,0.176,0.604,2.735,0
2026-03-04T09:00:00Z,138229,13.37,2026-03-04T08:48:30Z,0.472,0.604,2.8,0
2026-03-04T09:15:00Z,138230,13.45,2026-03-04T09:00:05Z,0.816,0.604,2.898,0
2026-03-04T09:30:00Z,138231,13.51,2026-03-04T09:22:45Z,1.196,0.605,3.014,0
2026-03-04T09:45:00Z,138232,13.58,2026-03-04T09:32:25Z,1.739,0.604,3.154,0
2026-03-04T10:00:00Z,138233,13.63,2026-03-04T09:45:20Z,2.599,0.605,3.3,0
2026-03-04T10:15:00Z,138234,13.66,2026-03-04T10:00:15Z,3.457,0.606,3.261,0
2026-03-04T10:30:00Z,138235,14.03,2026-03-04T10:15:05Z,4.328,0.606,3.438,0
2026-03-04T10:45:00Z,138236,14.62,2026-03-04T10:42:45Z,4.938,0.606,3.674,0
2026-03-04T11:00:00Z,138237,14.62,2026-03-04T10:55:25Z,5.467,0.608,3.847,0
2026-03-04T11:15:00Z,138238,14.62,2026-03-04T11:00:40Z,5.954,0.607,4,0
2026-03-04T11:30:00Z,138239,14.52,2026-03-04T11:30:00Z,6.235,0.606,4.12,0
2026-03-04T11:45:00Z,138240,14.23,2026-03-04T11:40:10Z,6.438,0.607,4.269,0
2026-03-04T12:00:00Z,138241,14.23,2026-03-04T11:46:40Z,6.498,0.606,4.418,0
2026-03-04T12:15:00Z,138242,14.2,2026-03-04T12:14:40Z,6.667,0.608,4.556,0
2026-03-04T12:30:00Z,138243,14.2,2026-03-04T12:22:35Z,6.872,0.609,4.669,0
2026-03-04T12:45:00Z,138244,14.19,2026-03-04T12:34:55Z,7.035,0.607,4.912,0
2026-03-04T13:00:00Z,138245,14.19,2026-03-04T12:52:40Z,7.095,0.607,5.137,0
2026-03-04T13:15:00Z,138246,14.17,2026-03-04T13:07:55Z,6.977,0.607,5.274,0
2026-03-04T13:30:00Z,138247,14.2,2026-03-04T13:21:55Z,7.034,0.606,5.388,0
2026-03-04T13:45:00Z,138248,14.2,2026-03-04T13:32:45Z,7.388,0.606,5.47,0
2026-03-04T14:00:00Z,138249,14.2,2026-03-04T13:53:00Z,7.696,0.607,5.472,0
2026-03-04T14:15:00Z,138250,14.19,2026-03-04T14:03:00Z,7.875,0.606,5.447,0
2026-03-04T14:30:00Z,138251,14.18,2026-03-04T14:29:50Z,7.992,0.605,5.549,0
2026-03-04T14:45:00Z,138252,14.18,2026-03-04T14:36:30Z,8.04,0.606,5.613,0
2026-03-04T15:00:00Z,138253,14.19,2026-03-04T14:57:20Z,7.98,0.606,5.618,0
2026-03-04T15:15:00Z,138254,14.19,2026-03-04T15:09:35Z,7.881,0.605,5.638,0
2026-03-04T15:30:00Z,138255,14.19,2026-03-04T15:26:35Z,7.775,0.607,5.682,0
2026-03-04T15:45:00Z,138256,14.18,2026-03-04T15:41:20Z,7.717,0.607,5.669,0
2026-03-04T16:00:00Z,138257,14.19,2026-03-04T15:52:20Z,7.645,0.606,5.704,0
2026-03-04T16:15:00Z,138258,14.19,2026-03-04T16:12:30Z,7.656,0.606,5.779,0
2026-03-04T16:30:00Z,138259,14.1,2026-03-04T16:29:50Z,7.546,0.607,5.864,0
2026-03-04T16:45:00Z,138260,14.05,2026-03-04T16:40:35Z,7.359,0.606,5.962,0
2026-03-04T17:00:00Z,138261,14.06,2026-03-04T16:45:05Z,7.229,0.606,6.049,0
2026-03-04T17:15:00Z,138262,14.05,2026-03-04T17:14:30Z,7.159,0.607,6.037,0
2026-03-04T17:30:00Z,138263,13.95,2026-03-04T17:29:50Z,7.018,0.607,5.937,0
2026-03-04T17:45:00Z,138264,13.81,2026-03-04T17:44:45Z,6.871,0.607,5.874,0
2026-03-04T18:00:00Z,138265,13.71,2026-03-04T17:59:45Z,6.68,0.607,5.855,0
2026-03-04T18:15:00Z,138266,13.63,2026-03-04T18:14:25Z,6.476,0.607,5.909,0
2026-03-04T18:30:00Z,138267,13.56,2026-03-04T18:29:50Z,6.282,0.607,5.989,0
2026-03-04T18:45:00Z,138268,13.51,2026-03-04T18:43:00Z,6.112,0.606,6.032,0
2026-03-04T19:00:00Z,138269,13.46,2026-03-04T18:57:20Z,5.99,0.607,6.032,0
2026-03-04T19:15:00Z,138270,13.43,2026-03-04T19:15:00Z,5.907,0.608,5.979,0
2026-03-04T19:30:00Z,138271,13.39,2026-03-04T19:29:00Z,5.829,0.607,5.924,0
2026-03-04T19:45:00Z,138272,13.36,2026-03-04T19:32:45Z,5.718,0.607,5.878,0
2026-03-04T20:00:00Z,138273,13.35,2026-03-04T19:58:05Z,5.59,0.607,5.846,0
2026-03-04T20:15:00Z,138274,13.32,2026-03-04T20:13:35Z,5.465,0.608,5.762,0
2026-03-04T20:30:00Z,138275,13.3,2026-03-04T20:29:50Z,5.189,0.608,5.682,0
2026-03-04T20:45:00Z,138276,13.3,2026-03-04T20:43:25Z,4.882,0.608,5.633,0.01
2026-03-04T21:00:00Z,138277,13.26,2026-03-04T20:56:55Z,4.532,0.614,5.578,0.04
2026-03-04T21:15:00Z,138278,13.28,2026-03-04T21:07:40Z,4.171,0.613,5.518,0.03
2026-03-04T21:30:00Z,138279,13.27,2026-03-04T21:20:45Z,3.883,0.616,5.476,0.07
2026-03-04T21:45:00Z,138280,13.27,2026-03-04T21:35:10Z,3.612,0.62,5.436,0.03
2026-03-04T22:00:00Z,138281,13.27,2026-03-04T21:46:55Z,3.347,0.622,5.401,0.03
2026-03-04T22:15:00Z,138282,13.26,2026-03-04T22:02:25Z,3.156,0.623,5.387,0.01
2026-03-04T22:30:00Z,138283,13.23,2026-03-04T22:20:20Z,3.068,0.624,5.372,0.01
2026-03-04T22:45:00Z,138284,13.26,2026-03-04T22:34:40Z,3.022,0.625,5.344,0.01
2026-03-04T23:00:00Z,138285,13.26,2026-03-04T22:52:10Z,3.014,0.627,5.334,0.02
2026-03-04T23:15:00Z,138286,13.26,2026-03-04T23:05:00Z,3.004,0.63,5.279,0.03
2026-03-04T23:30:00Z,138287,13.26,2026-03-04T23:15:55Z,3.004,0.633,5.267,0.02
2026-03-04T23:45:00Z,138288,13.26,2026-03-04T23:34:50Z,3.014,0.634,5.266,0.01
2026-03-05T00:15:00Z,138290,13.26,2026-03-05T00:00:40Z,3.036,0.634,5.191,0
2026-03-05T00:30:00Z,138291,13.27,2026-03-05T00:22:20Z,3.053,0.634,5.19,0.01
2026-03-05T00:45:00Z,138292,13.26,2026-03-05T00:35:25Z,3.079,0.635,5.179,0
2026-03-05T01:00:00Z,138293,13.25,2026-03-05T00:59:45Z,3.094,0.635,5.16,0
2026-03-05T01:15:00Z,138294,13.26,2026-03-05T01:07:45Z,3.099,0.635,5.138,0
2026-03-05T01:30:00Z,138295,13.28,2026-03-05T01:26:05Z,3.113,0.635,5.124,0
2026-03-05T01:45:00Z,138296,13.27,2026-03-05T01:35:25Z,3.145,0.635,5.1,0
2026-03-05T02:00:00Z,138297,13.27,2026-03-05T01:46:05Z,3.176,0.635,5.092,0
2026-03-05T02:15:00Z,138298,13.27,2026-03-05T02:02:20Z,3.194,0.635,5.07,0
2026-03-05T02:30:00Z,138299,13.27,2026-03-05T02:29:55Z,3.217,0.636,5.058,0
2026-03-05T02:45:00Z,138300,13.27,2026-03-05T02:43:10Z,3.244,0.635,5.049,0
2026-03-05T03:00:00Z,138301,13.27,2026-03-05T02:57:20Z,3.271,0.636,5.039,0
2026-03-05T03:15:00Z,138302,13.27,2026-03-05T03:02:20Z,3.276,0.636,5.033,0
2026-03-05T03:30:00Z,138303,13.27,2026-03-05T03:24:45Z,3.278,0.636,5.032,0
2026-03-05T03:45:00Z,138304,13.27,2026-03-05T03:32:15Z,3.283,0.636,5.028,0
2026-03-05T04:00:00Z,138305,13.28,2026-03-05T03:54:50Z,3.244,0.636,5.012,0
2026-03-05T04:15:00Z,138306,13.27,2026-03-05T04:01:35Z,3.196,0.636,4.997,0
2026-03-05T04:30:00Z,138307,13.27,2026-03-05T04:30:00Z,3.152,0.636,4.98,0
2026-03-05T04:45:00Z,138308,13.24,2026-03-05T04:33:20Z,3.102,0.636,4.976,0
2026-03-05T05:00:00Z,138309,13.27,2026-03-05T04:57:30Z,3.046,0.636,4.948,0
2026-03-05T05:15:00Z,138310,13.27,2026-03-05T05:02:20Z,2.998,0.636,4.933,0
2026-03-05T05:30:00Z,138311,13.27,2026-03-05T05:29:50Z,2.969,0.636,4.935,0
2026-03-05T05:45:00Z,138312,13.27,2026-03-05T05:42:00Z,2.945,0.637,4.934,0
2026-03-05T06:00:00Z,138313,13.28,2026-03-05T05:57:35Z,2.913,0.636,4.929,0
2026-03-05T06:15:00Z,138314,13.28,2026-03-05T06:07:45Z,2.873,0.636,4.922,0
2026-03-05T06:30:00Z,138315,13.27,2026-03-05T06:24:35Z,2.844,0.636,4.914,0
2026-03-05T06:45:00Z,138316,13.28,2026-03-05T06:40:15Z,2.841,0.637,4.91,0
2026-03-05T07:00:00Z,138317,13.26,2026-03-05T06:57:20Z,2.843,0.636,4.912,0
2026-03-05T07:15:00Z,138318,13.26,2026-03-05T07:02:20Z,2.835,0.637,4.918,0
2026-03-05T07:30:00Z,138319,13.27,2026-03-05T07:29:50Z,2.844,0.637,4.898,0
2026-03-05T07:45:00Z,138320,13.28,2026-03-05T07:34:05Z,2.852,0.636,4.842,0
2026-03-05T08:00:00Z,138321,13.27,2026-03-05T07:57:25Z,2.9,0.637,4.798,0
2026-03-05T08:15:00Z,138322,13.27,2026-03-05T08:02:20Z,2.973,0.638,4.757,0
2026-03-05T08:30:00Z,138323,13.27,2026-03-05T08:23:15Z,3.053,0.637,4.731,0
2026-03-05T08:45:00Z,138324,13.27,2026-03-05T08:43:50Z,3.148,0.636,4.706,0
2026-03-05T09:00:00Z,138325,13.27,2026-03-05T08:46:30Z,3.243,0.637,4.71,0
2026-03-05T09:15:00Z,138326,13.28,2026-03-05T09:02:20Z,3.38,0.639,4.725,0
2026-03-05T09:30:00Z,138327,13.27,2026-03-05T09:29:50Z,3.534,0.639,4.739,0
2026-03-05T09:45:00Z,138328,13.28,2026-03-05T09:44:10Z,3.673,0.637,4.743,0.01
2026-03-05T10:00:00Z,138329,13.28,2026-03-05T09:53:40Z,3.803,0.638,4.749,0.02
2026-03-05T10:15:00Z,138330,13.28,2026-03-05T10:04:45Z,3.968,0.641,4.764,0.02
2026-03-05T10:30:00Z,138331,13.27,2026-03-05T10:15:15Z,4.15,0.644,4.788,0.03
2026-03-05T10:45:00Z,138332,13.29,2026-03-05T10:34:20Z,4.313,0.646,4.821,0.04
2026-03-05T11:00:00Z,138333,13.27,2026-03-05T10:45:30Z,4.426,0.648,4.839,0.03
2026-03-05T11:15:00Z,138334,13.29,2026-03-05T11:07:35Z,4.514,0.649,4.857,0.02
2026-03-05T11:30:00Z,138335,13.28,2026-03-05T11:26:50Z,4.58,0.654,4.879,0.04
2026-03-05T11:45:00Z,138336,13.25,2026-03-05T11:35:40Z,4.58,0.658,4.877,0.06
2026-03-05T12:00:00Z,138337,13.32,2026-03-05T11:45:30Z,4.81,0.661,4.884,0.01
2026-03-05T12:15:00Z,138338,13.32,2026-03-05T12:00:55Z,5.253,0.663,4.925,0.03
2026-03-05T12:30:00Z,138339,13.36,2026-03-05T12:27:05Z,5.56,0.664,4.969,0
2026-03-05T12:45:00Z,138340,13.37,2026-03-05T12:30:05Z,5.808,0.665,5.001,0.01
2026-03-05T13:00:00Z,138341,13.36,2026-03-05T12:47:55Z,6.013,0.667,5.033,0.02
2026-03-05T13:15:00Z,138342,13.36,2026-03-05T13:02:05Z,6.088,0.668,5.056,0
2026-03-05T13:30:00Z,138343,13.37,2026-03-05T13:15:35Z,6.187,0.667,5.104,0.01
2026-03-05T13:45:00Z,138344,13.39,2026-03-05T13:30:05Z,6.334,0.668,5.165,0.01
2026-03-05T14:00:00Z,138345,13.38,2026-03-05T13:58:25Z,6.536,0.671,5.199,0.01
2026-03-05T14:15:00Z,138346,13.37,2026-03-05T14:07:20Z,6.669,0.67,5.25,0
2026-03-05T14:30:00Z,138347,13.39,2026-03-05T14:16:45Z,6.75,0.671,5.262,0
2026-03-05T14:45:00Z,138348,13.41,2026-03-05T14:40:15Z,6.986,0.671,5.299,0
2026-03-05T15:00:00Z,138349,13.42,2026-03-05T14:57:20Z,7.222,0.671,5.387,0
2026-03-05T15:15:00Z,138350,13.41,2026-03-05T15:07:45Z,7.375,0.671,5.473,0
2026-03-05T15:30:00Z,138351,13.4,2026-03-05T15:29:50Z,7.455,0.672,5.554,0
2026-03-05T15:45:00Z,138352,13.39,2026-03-05T15:38:55Z,7.452,0.672,5.578,0
2026-03-05T16:00:00Z,138353,13.39,2026-03-05T15:49:35Z,7.368,0.672,5.616,0
2026-03-05T16:15:00Z,138354,13.39,2026-03-05T16:14:40Z,7.375,0.672,5.655,0
2026-03-05T16:30:00Z,138355,13.37,2026-03-05T16:29:50Z,7.359,0.672,5.674,0
2026-03-05T16:45:00Z,138356,13.36,2026-03-05T16:44:05Z,7.307,0.673,5.657,0
2026-03-05T17:00:00Z,138357,13.35,2026-03-05T16:57:20Z,7.196,0.672,5.671,0
2026-03-05T17:15:00Z,138358,13.36,2026-03-05T17:14:55Z,7.164,0.673,5.74,0
2026-03-05T17:30:00Z,138359,13.35,2026-03-05T17:24:45Z,7.118,0.673,5.873,0
2026-03-05T17:45:00Z,138360,13.34,2026-03-05T17:41:25Z,7.049,0.672,6.002,0
2026-03-05T18:00:00Z,138361,13.33,2026-03-05T17:59:45Z,6.985,0.673,6.017,0
2026-03-05T18:15:00Z,138362,13.31,2026-03-05T18:02:35Z,6.912,0.673,5.958,0
2026-03-05T18:30:00Z,138363,13.3,2026-03-05T18:29:50Z,6.829,0.674,5.912,0
2026-03-05T18:45:00Z,138364,13.3,2026-03-05T18:31:45Z,6.72,0.674,5.902,0
2026-03-05T19:00:00Z,138365,13.29,2026-03-05T18:57:20Z,6.555,0.674,5.894,0
2026-03-05T19:15:00Z,138366,13.28,2026-03-05T19:02:20Z,6.392,0.673,5.827,0
2026-03-05T19:30:00Z,138367,13.28,2026-03-05T19:29:50Z,6.192,0.673,5.719,0
2026-03-05T19:45:00Z,138368,13.28,2026-03-05T19:30:35Z,6.071,0.673,5.623,0
2026-03-05T20:00:00Z,138369,13.28,2026-03-05T19:49:20Z,6.066,0.674,5.561,0
2026-03-05T20:15:00Z,138370,13.28,2026-03-05T20:07:10Z,6.067,0.675,5.551,0
2026-03-05T20:30:00Z,138371,13.27,2026-03-05T20:29:50Z,6.057,0.674,5.521,0
2026-03-05T20:45:00Z,138372,13.28,2026-03-05T20:35:50Z,6.024,0.674,5.503,0
2026-03-05T21:00:00Z,138373,13.27,2026-03-05T20:57:20Z,6.003,0.675,5.5,0
2026-03-05T21:15:00Z,138374,13.27,2026-03-05T21:02:20Z,5.964,0.675,5.498,0
2026-03-05T21:30:00Z,138375,13.26,2026-03-05T21:29:50Z,5.891,0.675,5.497,0
2026-03-05T21:45:00Z,138376,13.27,2026-03-05T21:37:05Z,5.822,0.675,5.485,0
2026-03-05T22:00:00Z,138377,13.27,2026-03-05T21:48:40Z,5.775,0.676,5.481,0
2026-03-05T22:15:00Z,138378,13.27,2026-03-05T22:00:10Z,5.7,0.675,5.475,0
2026-03-05T22:30:00Z,138379,13.26,2026-03-05T22:23:20Z,5.651,0.675,5.476,0
2026-03-05T22:45:00Z,138380,13.27,2026-03-05T22:44:40Z,5.622,0.676,5.478,0
2026-03-05T23:00:00Z,138381,13.24,2026-03-05T22:57:20Z,5.59,0.676,5.472,0
2026-03-05T23:15:00Z,138382,13.26,2026-03-05T23:02:20Z,5.557,0.676,5.467,0
2026-03-05T23:30:00Z,138383,13.26,2026-03-05T23:29:50Z,5.52,0.676,5.466,0
2026-03-05T23:45:00Z,138384,13.27,2026-03-05T23:32:40Z,5.478,0.677,5.467,0
2026-03-06T00:15:00Z,138386,13.27,2026-03-06T00:07:20Z,5.399,0.676,5.467,0
2026-03-06T00:30:00Z,138387,13.27,2026-03-06T00:23:20Z,5.355,0.677,5.465,0
2026-03-06T00:45:00Z,138388,13.26,2026-03-06T00:44:40Z,5.299,0.677,5.458,0
2026-03-06T01:00:00Z,138389,13.26,2026-03-06T00:57:25Z,5.247,0.677,5.454,0
2026-03-06T01:15:00Z,138390,13.26,2026-03-06T01:13:05Z,5.189,0.678,5.44,0
2026-03-06T01:30:00Z,138391,13.27,2026-03-06T01:30:00Z,5.132,0.678,5.425,0
2026-03-06T01:45:00Z,138392,13.27,2026-03-06T01:30:05Z,5.061,0.678,5.417,0
2026-03-06T02:00:00Z,138393,13.26,2026-03-06T01:57:25Z,4.985,0.679,5.41,0
2026-03-06T02:15:00Z,138394,13.26,2026-03-06T02:06:50Z,4.914,0.679,5.39,0.01
2026-03-06T02:30:00Z,138395,13.26,2026-03-06T02:29:30Z,4.837,0.679,5.383,0
2026-03-06T02:45:00Z,138396,13.26,2026-03-06T02:41:30Z,4.766,0.679,5.38,0
2026-03-06T03:00:00Z,138397,13.27,2026-03-06T02:45:05Z,4.706,0.679,5.375,0
2026-03-06T03:15:00Z,138398,13.26,2026-03-06T03:02:20Z,4.651,0.68,5.374,0
2026-03-06T03:30:00Z,138399,13.27,2026-03-06T03:15:45Z,4.596,0.68,5.359,0
2026-03-06T03:45:00Z,138400,13.27,2026-03-06T03:40:00Z,4.548,0.68,5.348,0
2026-03-06T04:00:00Z,138401,13.27,2026-03-06T03:47:00Z,4.489,0.68,5.348,0
2026-03-06T04:15:00Z,138402,13.27,2026-03-06T04:04:50Z,4.441,0.68,5.324,0
2026-03-06T04:30:00Z,138403,13.25,2026-03-06T04:21:25Z,4.406,0.68,5.323,0
2026-03-06T04:45:00Z,138404,13.27,2026-03-06T04:30:25Z,4.358,0.682,5.322,0
2026-03-06T05:00:00Z,138405,13.26,2026-03-06T04:47:10Z,4.324,0.681,5.322,0
2026-03-06T05:15:00Z,138406,13.26,2026-03-06T05:13:05Z,4.302,0.681,5.323,0
2026-03-06T05:30:00Z,138407,13.26,2026-03-06T05:15:45Z,4.279,0.681,5.293,0
2026-03-06T05:45:00Z,138408,13.27,2026-03-06T05:31:45Z,4.279,0.682,5.278,0
2026-03-06T06:00:00Z,138409,13.26,2026-03-06T05:57:20Z,4.279,0.681,5.28,0
2026-03-06T06:15:00Z,138410,13.26,2026-03-06T06:00:50Z,4.29,0.682,5.28,0
2026-03-06T06:30:00Z,138411,13.26,2026-03-06T06:22:25Z,4.315,0.682,5.276,0
2026-03-06T06:45:00Z,138412,13.26,2026-03-06T06:39:55Z,4.336,0.682,5.268,0
2026-03-06T07:00:00Z,138413,13.26,2026-03-06T06:57:20Z,4.345,0.682,5.263,0
2026-03-06T07:15:00Z,138414,13.26,2026-03-06T07:05:05Z,4.357,0.682,5.259,0
2026-03-06T07:30:00Z,138415,13.26,2026-03-06T07:26:05Z,4.37,0.683,5.232,0
2026-03-06T07:45:00Z,138416,13.26,2026-03-06T07:35:55Z,4.397,0.683,5.229,0
2026-03-06T08:00:00Z,138417,13.27,2026-03-06T07:47:15Z,4.43,0.683,5.233,0
2026-03-06T08:15:00Z,138418,13.28,2026-03-06T08:12:20Z,4.524,0.684,5.239,0
2026-03-06T08:30:00Z,138419,13.23,2026-03-06T08:30:00Z,4.594,0.684,5.24,0
2026-03-06T08:45:00Z,138420,13.28,2026-03-06T08:30:35Z,4.68,0.684,5.232,0
2026-03-06T09:00:00Z,138421,13.31,2026-03-06T08:45:05Z,4.865,0.682,5.236,0
2026-03-06T09:15:00Z,138422,13.31,2026-03-06T09:14:25Z,5.116,0.684,5.255,0
2026-03-06T09:30:00Z,138423,13.32,2026-03-06T09:15:05Z,5.289,0.684,5.264,0
2026-03-06T09:45:00Z,138424,13.32,2026-03-06T09:30:10Z,5.482,0.684,5.289,0
2026-03-06T10:00:00Z,138425,13.33,2026-03-06T09:45:40Z,5.816,0.685,5.323,0
2026-03-06T10:15:00Z,138426,13.36,2026-03-06T10:12:35Z,6.324,0.684,5.37,0
2026-03-06T10:30:00Z,138427,13.36,2026-03-06T10:26:05Z,6.724,0.685,5.395,0
2026-03-06T10:45:00Z,138428,13.37,2026-03-06T10:30:05Z,7.072,0.684,5.426,0
2026-03-06T11:00:00Z,138429,13.37,2026-03-06T10:50:50Z,7.541,0.685,5.473,0
2026-03-06T11:15:00Z,138430,13.41,2026-03-06T11:14:30Z,7.973,0.686,5.53,0
2026-03-06T11:30:00Z,138431,13.4,2026-03-06T11:28:30Z,8.45,0.686,5.638,0
2026-03-06T11:45:00Z,138432,13.4,2026-03-06T11:37:55Z,8.74,0.685,5.761,0
2026-03-06T12:00:00Z,138433,13.41,2026-03-06T11:51:10Z,9.06,0.685,5.826,0
2026-03-06T12:15:00Z,138434,13.4,2026-03-06T12:10:50Z,9.44,0.686,5.841,0
2026-03-06T12:30:00Z,138435,13.41,2026-03-06T12:29:50Z,9.73,0.687,5.879,0
2026-03-06T12:45:00Z,138436,13.42,2026-03-06T12:34:50Z,10.04,0.686,6.015,0
2026-03-06T13:00:00Z,138437,13.4,2026-03-06T12:52:35Z,10.29,0.687,6.045,0
2026-03-06T13:15:00Z,138438,13.4,2026-03-06T13:02:25Z,10.5,0.686,6.04,0
2026-03-06T13:30:00Z,138439,13.41,2026-03-06T13:20:20Z,10.74,0.687,6.042,0
2026-03-06T13:45:00Z,138440,13.41,2026-03-06T13:34:50Z,10.86,0.687,6.03,0
2026-03-06T14:00:00Z,138441,13.41,2026-03-06T13:57:20Z,11.11,0.686,5.998,0
2026-03-06T14:15:00Z,138442,13.41,2026-03-06T14:08:20Z,11.5,0.686,6.006,0
2026-03-06T14:30:00Z,138443,13.42,2026-03-06T14:15:10Z,12,0.687,6.008,0
2026-03-06T14:45:00Z,138444,13.43,2026-03-06T14:43:50Z,12.7,0.687,6.063,0
2026-03-06T15:00:00Z,138445,13.43,2026-03-06T14:45:10Z,13.25,0.688,6.208,0
2026-03-06T15:15:00Z,138446,13.45,2026-03-06T15:09:05Z,13.87,0.688,6.5,0
2026-03-06T15:30:00Z,138447,13.45,2026-03-06T15:24:50Z,14.52,0.687,6.772,0
2026-03-06T15:45:00Z,138448,13.47,2026-03-06T15:41:45Z,15.09,0.688,6.857,0
2026-03-06T16:00:00Z,138449,13.45,2026-03-06T15:49:35Z,15.63,0.687,6.882,0
2026-03-06T16:15:00Z,138450,13.47,2026-03-06T16:09:50Z,16.57,0.689,6.913,0
2026-03-06T16:30:00Z,138451,13.42,2026-03-06T16:29:50Z,17.42,0.69,6.924,0
2026-03-06T16:45:00Z,138452,13.39,2026-03-06T16:39:50Z,17.76,0.689,6.962,0
2026-03-06T17:00:00Z,138453,13.38,2026-03-06T16:57:20Z,17.71,0.688,7,0
2026-03-06T17:15:00Z,138454,13.38,2026-03-06T17:10:35Z,17.39,0.689,7.034,0.01
2026-03-06T17:30:00Z,138455,13.38,2026-03-06T17:28:20Z,17.08,0.69,7.084,0
2026-03-06T17:45:00Z,138456,13.37,2026-03-06T17:30:45Z,16.44,0.688,7.123,0
2026-03-06T18:00:00Z,138457,13.36,2026-03-06T17:57:20Z,16,0.69,7.131,0
2026-03-06T18:15:00Z,138458,13.35,2026-03-06T18:06:15Z,15.54,0.691,7.381,0
2026-03-06T18:30:00Z,138459,13.33,2026-03-06T18:24:05Z,15.14,0.691,7.971,0
2026-03-06T18:45:00Z,138460,13.32,2026-03-06T18:43:30Z,14.42,0.691,7.878,0
2026-03-06T19:00:00Z,138461,13.32,2026-03-06T18:52:35Z,13.54,0.691,7.824,0
2026-03-06T19:15:00Z,138462,13.32,2026-03-06T19:00:35Z,13.43,0.692,7.961,0
2026-03-06T19:30:00Z,138463,13.32,2026-03-06T19:15:05Z,13.43,0.692,8.09,0
2026-03-06T19:45:00Z,138464,13.3,2026-03-06T19:42:15Z,13.55,0.692,7.941,0
2026-03-06T20:00:00Z,138465,13.31,2026-03-06T19:51:15Z,13.47,0.691,7.807,0
2026-03-06T20:15:00Z,138466,13.31,2026-03-06T20:01:55Z,13.29,0.692,7.745,0
2026-03-06T20:30:00Z,138467,13.3,2026-03-06T20:29:50Z,12.94,0.692,7.687,0
2026-03-06T20:45:00Z,138468,13.3,2026-03-06T20:32:30Z,12.7,0.692,7.634,0
2026-03-06T21:00:00Z,138469,13.28,2026-03-06T20:57:20Z,12.9,0.692,7.546,0
2026-03-06T21:15:00Z,138470,13.3,2026-03-06T21:00:35Z,13.03,0.692,7.511,0
2026-03-06T21:30:00Z,138471,13.27,2026-03-06T21:26:15Z,13.2,0.696,7.531,0.2
2026-03-06T21:45:00Z,138472,13.29,2026-03-06T21:40:35Z,13.86,0.716,7.588,0.1
2026-03-06T22:00:00Z,138473,13.29,2026-03-06T21:58:40Z,14.21,0.732,7.757,0.08
2026-03-06T22:15:00Z,138474,13.28,2026-03-06T22:13:45Z,14.38,0.754,8.54,0.16
2026-03-06T22:30:00Z,138475,13.28,2026-03-06T22:22:45Z,14.47,0.773,9.17,0.03
2026-03-06T22:45:00Z,138476,13.28,2026-03-06T22:44:50Z,14.42,0.781,9.28,0.01
2026-03-06T23:00:00Z,138477,13.28,2026-03-06T22:48:00Z,13.91,0.782,9.27,0
2026-03-06T23:15:00Z,138478,13.28,2026-03-06T23:06:05Z,13.42,0.783,9.26,0.02
2026-03-06T23:30:00Z,138479,13.28,2026-03-06T23:29:25Z,13.2,0.79,9.21,0.02
2026-03-06T23:45:00Z,138480,13.28,2026-03-06T23:45:00Z,12.82,0.79,9.22,0
2026-03-07T00:15:00Z,138482,13.27,2026-03-07T00:02:30Z,12.31,0.79,9.05,0
2026-03-07T00:30:00Z,138483,13.27,2026-03-07T00:16:15Z,11.92,0.79,9.04,0
2026-03-07T00:45:00Z,138484,13.28,2026-03-07T00:34:50Z,11.55,0.79,9.01,0
2026-03-07T01:00:00Z,138485,13.28,2026-03-07T00:59:00Z,11.46,0.791,8.99,0
2026-03-07T01:15:00Z,138486,13.28,2026-03-07T01:05:00Z,11.48,0.792,8.98,0
2026-03-07T01:30:00Z,138487,13.28,2026-03-07T01:18:20Z,11.28,0.793,8.97,0
2026-03-07T01:45:00Z,138488,13.27,2026-03-07T01:30:15Z,11.09,0.794,8.95,0
2026-03-07T02:00:00Z,138489,13.27,2026-03-07T01:53:00Z,10.96,0.795,8.89,0
2026-03-07T02:15:00Z,138490,13.26,2026-03-07T02:07:40Z,10.7,0.795,8.85,0
2026-03-07T02:30:00Z,138491,13.27,2026-03-07T02:19:20Z,10.41,0.796,8.83,0
2026-03-07T02:45:00Z,138492,13.27,2026-03-07T02:44:50Z,10.36,0.796,8.8,0
2026-03-07T03:00:00Z,138493,13.26,2026-03-07T02:56:40Z,10.55,0.799,8.74,0
2026-03-07T03:15:00Z,138494,13.27,2026-03-07T03:02:25Z,10.61,0.799,8.65,0
2026-03-07T03:30:00Z,138495,13.27,2026-03-07T03:29:50Z,10.5,0.801,8.56,0
2026-03-07T03:45:00Z,138496,13.27,2026-03-07T03:44:00Z,10.19,0.801,8.39,0
2026-03-07T04:00:00Z,138497,13.27,2026-03-07T03:57:20Z,10.02,0.803,8.31,0
2026-03-07T04:15:00Z,138498,13.26,2026-03-07T04:03:35Z,9.98,0.803,8.22,0
2026-03-07T04:30:00Z,138499,13.27,2026-03-07T04:15:30Z,10.01,0.805,8.2,0
2026-03-07T04:45:00Z,138500,13.27,2026-03-07T04:34:20Z,10.02,0.805,8.19,0
2026-03-07T05:00:00Z,138501,13.27,2026-03-07T04:55:55Z,10.09,0.807,8.19,0
2026-03-07T05:15:00Z,138502,13.24,2026-03-07T05:03:05Z,10.43,0.808,8.15,0
2026-03-07T05:30:00Z,138503,13.26,2026-03-07T05:29:40Z,10.74,0.809,8.1,0
2026-03-07T05:45:00Z,138504,13.26,2026-03-07T05:34:15Z,11.11,0.81,8.06,0
2026-03-07T06:00:00Z,138505,13.26,2026-03-07T05:56:30Z,11.47,0.811,7.989,0
2026-03-07T06:15:00Z,138506,13.26,2026-03-07T06:03:35Z,11.74,0.811,7.988,0
2026-03-07T06:30:00Z,138507,13.27,2026-03-07T06:16:45Z,11.82,0.811,7.984,0
2026-03-07T06:45:00Z,138508,13.26,2026-03-07T06:41:40Z,12.01,0.814,7.959,0
2026-03-07T07:00:00Z,138509,13.27,2026-03-07T06:49:50Z,12.19,0.814,7.904,0
2026-03-07T07:15:00Z,138510,13.28,2026-03-07T07:00:05Z,12.27,0.816,7.862,0.01
2026-03-07T07:30:00Z,138511,13.27,2026-03-07T07:16:15Z,12.33,0.817,7.843,0
2026-03-07T07:45:00Z,138512,13.28,2026-03-07T07:42:55Z,12.51,0.818,7.849,0
2026-03-07T08:00:00Z,138513,13.28,2026-03-07T07:48:50Z,12.66,0.816,7.845,0
2026-03-07T08:15:00Z,138514,13.28,2026-03-07T08:02:20Z,12.95,0.819,7.89,0.06
2026-03-07T08:30:00Z,138515,13.27,2026-03-07T08:26:45Z,13.46,0.829,8.14,0.03
2026-03-07T08:45:00Z,138516,13.27,2026-03-07T08:32:05Z,13.77,0.837,8.18,0.06
2026-03-07T09:00:00Z,138517,13.27,2026-03-07T08:49:35Z,13.91,0.842,8.16,0.04
2026-03-07T09:15:00Z,138518,13.28,2026-03-07T09:11:00Z,14.1,0.845,8.26,0.04
2026-03-07T09:30:00Z,138519,13.29,2026-03-07T09:18:15Z,14.36,0.848,8.38,0
2026-03-07T09:45:00Z,138520,13.31,2026-03-07T09:30:05Z,14.42,0.849,8.45,0.01
2026-03-07T10:00:00Z,138521,13.33,2026-03-07T09:45:05Z,14.34,0.851,8.49,0
2026-03-07T10:15:00Z,138522,13.36,2026-03-07T10:00:45Z,14.07,0.851,8.53,0
2026-03-07T10:30:00Z,138523,13.39,2026-03-07T10:15:05Z,13.74,0.853,8.53,0
2026-03-07T10:45:00Z,138524,13.42,2026-03-07T10:31:40Z,13.77,0.856,8.6,0
2026-03-07T11:00:00Z,138525,13.41,2026-03-07T10:57:20Z,14.34,0.857,8.65,0
2026-03-07T11:15:00Z,138526,13.41,2026-03-07T11:02:35Z,14.81,0.858,8.7,0
2026-03-07T11:30:00Z,138527,13.4,2026-03-07T11:18:10Z,15,0.859,8.73,0
2026-03-07T11:45:00Z,138528,13.41,2026-03-07T11:30:10Z,15.05,0.859,8.78,0
2026-03-07T12:00:00Z,138529,13.46,2026-03-07T11:59:40Z,15.4,0.861,8.9,0
2026-03-07T12:15:00Z,138530,13.45,2026-03-07T12:01:55Z,15.78,0.864,9.02,0
2026-03-07T12:30:00Z,138531,13.42,2026-03-07T12:20:05Z,16.14,0.865,8.97,0
2026-03-07T12:45:00Z,138532,13.44,2026-03-07T12:36:10Z,16.39,0.867,9.01,0
2026-03-07T13:00:00Z,138533,13.45,2026-03-07T12:47:05Z,16.49,0.87,8.98,0
2026-03-07T13:15:00Z,138534,13.43,2026-03-07T13:14:15Z,16.62,0.87,8.94,0
2026-03-07T13:30:00Z,138535,13.41,2026-03-07T13:19:35Z,16.67,0.869,8.92,0
2026-03-07T13:45:00Z,138536,13.43,2026-03-07T13:40:40Z,16.72,0.869,8.96,0
2026-03-07T14:00:00Z,138537,13.44,2026-03-07T13:48:30Z,16.76,0.868,8.98,0
2026-03-07T14:15:00Z,138538,13.45,2026-03-07T14:00:50Z,16.82,0.868,8.97,0
2026-03-07T14:30:00Z,138539,13.46,2026-03-07T14:20:10Z,16.86,0.869,8.97,0
2026-03-07T14:45:00Z,138540,13.47,2026-03-07T14:39:10Z,16.91,0.869,8.99,0
2026-03-07T15:00:00Z,138541,13.47,2026-03-07T14:55:50Z,16.89,0.87,9.01,0
2026-03-07T15:15:00Z,138542,13.44,2026-03-07T15:12:35Z,16.89,0.87,9.04,0
2026-03-07T15:30:00Z,138543,13.45,2026-03-07T15:27:10Z,16.88,0.873,9.05,0
2026-03-07T15:45:00Z,138544,13.44,2026-03-07T15:40:30Z,16.86,0.872,9.03,0
2026-03-07T16:00:00Z,138545,13.42,2026-03-07T15:59:10Z,16.85,0.872,9,0
2026-03-07T16:15:00Z,138546,13.41,2026-03-07T16:00:50Z,16.83,0.876,8.97,0
2026-03-07T16:30:00Z,138547,13.39,2026-03-07T16:25:50Z,16.79,0.876,8.96,0
2026-03-07T16:45:00Z,138548,13.37,2026-03-07T16:44:30Z,16.54,0.879,8.79,0
2026-03-07T17:00:00Z,138549,13.35,2026-03-07T16:54:00Z,16,0.879,8.64,0
2026-03-07T17:15:00Z,138550,13.36,2026-03-07T17:00:30Z,15.51,0.881,8,0
2026-03-07T17:30:00Z,138551,13.35,2026-03-07T17:29:50Z,15.19,0.883,6.694,0.03
2026-03-07T17:45:00Z,138552,13.32,2026-03-07T17:44:40Z,14.65,0.883,5.886,0
2026-03-07T18:00:00Z,138553,13.32,2026-03-07T17:49:05Z,13.95,0.883,5.421,0.01
2026-03-07T18:15:00Z,138554,13.32,2026-03-07T18:02:20Z,13.31,0.884,5.155,0
2026-03-07T18:30:00Z,138555,13.3,2026-03-07T18:29:50Z,12.77,0.887,5.055,0
2026-03-07T18:45:00Z,138556,13.3,2026-03-07T18:36:15Z,12.31,0.89,5.18,0
2026-03-07T19:00:00Z,138557,13.29,2026-03-07T18:50:40Z,11.99,0.89,5.054,0
2026-03-07T19:15:00Z,138558,13.3,2026-03-07T19:00:05Z,11.76,0.891,4.822,0
2026-03-07T19:30:00Z,138559,13.29,2026-03-07T19:18:05Z,11.54,0.889,4.82,0
2026-03-07T19:45:00Z,138560,13.28,2026-03-07T19:34:00Z,11.2,0.889,4.923,0
2026-03-07T20:00:00Z,138561,13.29,2026-03-07T19:49:20Z,10.79,0.892,5.006,0
2026-03-07T20:15:00Z,138562,13.28,2026-03-07T20:14:10Z,10.26,0.891,5.089,0
2026-03-07T20:30:00Z,138563,13.28,2026-03-07T20:29:50Z,9.64,0.892,5.175,0
2026-03-07T20:45:00Z,138564,13.25,2026-03-07T20:44:55Z,9.11,0.893,5.26,0
2026-03-07T21:00:00Z,138565,13.28,2026-03-07T20:45:05Z,8.74,0.894,5.319,0
2026-03-07T21:15:00Z,138566,13.27,2026-03-07T21:03:55Z,8.4,0.893,5.407,0
2026-03-07T21:30:00Z,138567,13.28,2026-03-07T21:15:35Z,8.04,0.893,5.729,0
2026-03-07T21:45:00Z,138568,13.28,2026-03-07T21:42:15Z,7.704,0.894,5.9,0
2026-03-07T22:00:00Z,138569,13.27,2026-03-07T21:45:20Z,7.441,0.896,6.001,0
2026-03-07T22:15:00Z,138570,13.27,2026-03-07T22:08:55Z,7.221,0.897,6.025,0
2026-03-07T22:30:00Z,138571,13.27,2026-03-07T22:23:45Z,7.034,0.898,6.056,0
2026-03-07T22:45:00Z,138572,13.25,2026-03-07T22:43:20Z,6.892,0.898,6.1,0
2026-03-07T23:00:00Z,138573,13.26,2026-03-07T22:47:45Z,6.751,0.898,6.205,0
2026-03-07T23:15:00Z,138574,13.28,2026-03-07T23:08:15Z,6.573,0.9,6.223,0
2026-03-07T23:30:00Z,138575,13.27,2026-03-07T23:24:25Z,6.343,0.9,6.251,0
2026-03-07T23:45:00Z,138576,13.27,2026-03-07T23:32:05Z,6.134,0.903,6.265,0
2026-03-08T00:15:00Z,138578,13.27,2026-03-08T00:01:05Z,5.817,0.902,6.248,0
2026-03-08T00:30:00Z,138579,13.27,2026-03-08T00:25:00Z,5.711,0.903,6.282,0
2026-03-08T00:45:00Z,138580,13.27,2026-03-08T00:33:15Z,5.618,0.903,6.327,0
2026-03-08T01:00:00Z,138581,13.27,2026-03-08T00:47:30Z,5.527,0.905,6.362,0
2026-03-08T01:15:00Z,138582,13.27,2026-03-08T01:14:30Z,5.44,0.907,6.38,0
2026-03-08T01:30:00Z,138583,13.26,2026-03-08T01:17:05Z,5.347,0.906,6.399,0
2026-03-08T01:45:00Z,138584,13.27,2026-03-08T01:33:45Z,5.258,0.906,6.404,0
2026-03-08T02:00:00Z,138585,13.27,2026-03-08T01:57:20Z,5.191,0.908,6.403,0
2026-03-08T02:15:00Z,138586,13.27,2026-03-08T02:04:50Z,5.129,0.909,6.398,0
2026-03-08T02:30:00Z,138587,13.27,2026-03-08T02:21:45Z,5.035,0.908,6.384,0
2026-03-08T02:45:00Z,138588,13.27,2026-03-08T02:42:25Z,4.922,0.91,6.364,0
2026-03-08T03:00:00Z,138589,13.24,2026-03-08T02:49:40Z,4.807,0.91,6.349,0
2026-03-08T03:15:00Z,138590,13.27,2026-03-08T03:11:50Z,4.695,0.911,6.34,0
2026-03-08T03:30:00Z,138591,13.27,2026-03-08T03:29:50Z,4.556,0.909,6.334,0
2026-03-08T03:45:00Z,138592,13.26,2026-03-08T03:30:55Z,4.427,0.911,6.32,0
2026-03-08T04:00:00Z,138593,13.26,2026-03-08T03:57:20Z,4.331,0.911,6.317,0
2026-03-08T04:15:00Z,138594,13.26,2026-03-08T04:11:55Z,4.258,0.913,6.306,0
2026-03-08T04:30:00Z,138595,13.27,2026-03-08T04:26:15Z,4.215,0.913,6.278,0
2026-03-08T04:45:00Z,138596,13.27,2026-03-08T04:30:55Z,4.193,0.914,6.263,0
2026-03-08T05:00:00Z,138597,13.26,2026-03-08T04:56:45Z,4.193,0.917,6.246,0
2026-03-08T05:15:00Z,138598,13.25,2026-03-08T05:08:15Z,4.144,0.916,6.192,0
2026-03-08T05:30:00Z,138599,13.26,2026-03-08T05:30:00Z,4.032,0.915,6.154,0
2026-03-08T05:45:00Z,138600,13.27,2026-03-08T05:44:00Z,3.963,0.917,6.11,0
2026-03-08T06:00:00Z,138601,13.26,2026-03-08T05:57:20Z,3.912,0.919,6.062,0
2026-03-08T06:15:00Z,138602,13.26,2026-03-08T06:02:20Z,3.778,0.92,5.981,0
2026-03-08T06:30:00Z,138603,13.26,2026-03-08T06:28:50Z,3.454,0.917,5.935,0
2026-03-08T06:45:00Z,138604,13.26,2026-03-08T06:44:25Z,3.134,0.919,5.874,0
2026-03-08T07:00:00Z,138605,13.25,2026-03-08T06:57:20Z,2.932,0.92,5.803,0
2026-03-08T07:15:00Z,138606,13.26,2026-03-08T07:00:10Z,2.614,0.92,5.771,0
2026-03-08T07:30:00Z,138607,13.27,2026-03-08T07:15:35Z,2.117,0.921,5.726,0
2026-03-08T07:45:00Z,138608,13.28,2026-03-08T07:30:05Z,1.702,0.921,5.64,0
2026-03-08T08:00:00Z,138609,13.3,2026-03-08T07:46:55Z,1.424,0.922,5.553,0
2026-03-08T08:15:00Z,138610,13.35,2026-03-08T08:00:05Z,1.333,0.922,5.472,0
2026-03-08T08:30:00Z,138611,13.48,2026-03-08T08:15:45Z,1.75,0.923,5.383,0
2026-03-08T08:45:00Z,138612,13.55,2026-03-08T08:37:35Z,2.444,0.925,5.301,0
2026-03-08T09:00:00Z,138613,13.69,2026-03-08T08:45:05Z,3.17,0.925,5.25,0
2026-03-08T09:15:00Z,138614,13.62,2026-03-08T09:03:35Z,3.937,0.925,5.272,0
2026-03-08T09:30:00Z,138615,14.39,2026-03-08T09:15:05Z,4.528,0.925,5.346,0
2026-03-08T09:45:00Z,138616,14.63,2026-03-08T09:35:05Z,5.228,0.926,5.441,0
2026-03-08T10:00:00Z,138617,14.61,2026-03-08T09:54:40Z,5.924,0.929,5.547,0
2026-03-08T10:15:00Z,138618,14.61,2026-03-08T10:12:35Z,6.354,0.928,5.631,0
2026-03-08T10:30:00Z,138619,14.2,2026-03-08T10:29:50Z,6.462,0.927,5.707,0
2026-03-08T10:45:00Z,138620,14.2,2026-03-08T10:43:15Z,6.724,0.928,5.848,0
2026-03-08T11:00:00Z,138621,14.17,2026-03-08T10:57:20Z,7.052,0.931,6.003,0
2026-03-08T11:15:00Z,138622,14.13,2026-03-08T11:03:35Z,7.365,0.929,6.135,0
2026-03-08T11:30:00Z,138623,14.14,2026-03-08T11:19:40Z,7.758,0.931,6.331,0
2026-03-08T11:45:00Z,138624,14.11,2026-03-08T11:44:50Z,8.26,0.933,6.54,0
2026-03-08T12:00:00Z,138625,14.11,2026-03-08T11:55:10Z,8.75,0.931,6.724,0
2026-03-08T12:15:00Z,138626,14.09,2026-03-08T12:14:05Z,9.23,0.933,6.952,0
2026-03-08T12:30:00Z,138627,14.08,2026-03-08T12:29:50Z,9.68,0.932,7.216,0
2026-03-08T12:45:00Z,138628,14.08,2026-03-08T12:44:15Z,10.11,0.934,7.415,0
2026-03-08T13:00:00Z,138629,14.08,2026-03-08T12:56:40Z,10.51,0.934,7.591,0
2026-03-08T13:15:00Z,138630,14.05,2026-03-08T13:05:15Z,10.89,0.935,7.795,0
2026-03-08T13:30:00Z,138631,14.05,2026-03-08T13:15:10Z,11.29,0.935,7.997,0
2026-03-08T13:45:00Z,138632,14.01,2026-03-08T13:43:35Z,11.73,0.936,8.18,0
2026-03-08T14:00:00Z,138633,14.02,2026-03-08T13:57:20Z,12.15,0.937,8.36,0
2026-03-08T14:15:00Z,138634,14.01,2026-03-08T14:08:30Z,12.5,0.935,8.49,0
2026-03-08T14:30:00Z,138635,14.02,2026-03-08T14:29:50Z,12.84,0.936,8.62,0
2026-03-08T14:45:00Z,138636,13.99,2026-03-08T14:37:55Z,13.21,0.938,8.73,0
2026-03-08T15:00:00Z,138637,13.99,2026-03-08T14:45:15Z,13.59,0.939,8.82,0
2026-03-08T15:15:00Z,138638,13.99,2026-03-08T15:05:05Z,13.85,0.937,8.88,0
2026-03-08T15:30:00Z,138639,13.99,2026-03-08T15:15:15Z,14,0.935,8.92,0
2026-03-08T15:45:00Z,138640,13.99,2026-03-08T15:38:25Z,14.12,0.938,8.97,0
2026-03-08T16:00:00Z,138641,13.97,2026-03-08T15:59:15Z,14.17,0.937,9.04,0
2026-03-08T16:15:00Z,138642,13.96,2026-03-08T16:02:20Z,14.72,0.938,9.05,0
2026-03-08T16:30:00Z,138643,13.94,2026-03-08T16:18:15Z,14.93,0.939,9.06,0
2026-03-08T16:45:00Z,138644,13.96,2026-03-08T16:31:00Z,14.72,0.939,9.06,0
2026-03-08T17:00:00Z,138645,13.96,2026-03-08T16:45:55Z,14.86,0.939,9.06,0
2026-03-08T17:15:00Z,138646,13.96,2026-03-08T17:11:40Z,14.86,0.94,9.06,0
2026-03-08T17:30:00Z,138647,13.94,2026-03-08T17:29:50Z,14.4,0.938,9.04,0
2026-03-08T17:45:00Z,138648,13.89,2026-03-08T17:44:45Z,13.85,0.94,9.01,0
2026-03-08T18:00:00Z,138649,13.82,2026-03-08T17:57:25Z,13.22,0.94,8.96,0
2026-03-08T18:15:00Z,138650,13.73,2026-03-08T18:14:10Z,12.71,0.939,8.9,0
2026-03-08T18:30:00Z,138651,13.65,2026-03-08T18:28:55Z,12.25,0.939,8.8,0
2026-03-08T18:45:00Z,138652,13.58,2026-03-08T18:43:30Z,11.75,0.939,8.72,0
2026-03-08T19:00:00Z,138653,13.52,2026-03-08T18:59:30Z,11.21,0.938,8.65,0
2026-03-08T19:15:00Z,138654,13.48,2026-03-08T19:12:50Z,10.36,0.938,8.59,0
2026-03-08T19:30:00Z,138655,13.43,2026-03-08T19:28:50Z,9.59,0.939,8.52,0
2026-03-08T19:45:00Z,138656,13.39,2026-03-08T19:44:50Z,9.08,0.939,8.46,0
2026-03-08T20:00:00Z,138657,13.37,2026-03-08T19:57:20Z,8.82,0.94,8.38,0
2026-03-08T20:15:00Z,138658,13.33,2026-03-08T20:11:15Z,8.6,0.942,8.3,0
2026-03-08T20:30:00Z,138659,13.32,2026-03-08T20:29:50Z,8.28,0.948,8.24,0
2026-03-08T20:45:00Z,138660,13.31,2026-03-08T20:34:30Z,8.02,0.95,8.15,0
2026-03-08T21:00:00Z,138661,13.3,2026-03-08T20:49:40Z,8.01,0.95,8.02,0
2026-03-08T21:15:00Z,138662,13.3,2026-03-08T21:10:40Z,7.974,0.948,7.911,0
2026-03-08T21:30:00Z,138663,13.27,2026-03-08T21:26:55Z,7.943,0.949,7.831,0
2026-03-08T21:45:00Z,138664,13.28,2026-03-08T21:44:20Z,7.932,0.951,7.722,0
2026-03-08T22:00:00Z,138665,13.26,2026-03-08T21:54:20Z,8.01,0.951,7.57,0
2026-03-08T22:15:00Z,138666,13.28,2026-03-08T22:03:55Z,7.972,0.95,7.416,0
2026-03-08T22:30:00Z,138667,13.28,2026-03-08T22:18:45Z,7.884,0.95,7.313,0
2026-03-08T22:45:00Z,138668,13.27,2026-03-08T22:36:15Z,7.843,0.951,7.155,0
2026-03-08T23:00:00Z,138669,13.27,2026-03-08T22:57:30Z,7.881,0.952,7.031,0
2026-03-08T23:15:00Z,138670,13.28,2026-03-08T23:03:45Z,7.916,0.953,6.916,0
2026-03-08T23:30:00Z,138671,13.28,2026-03-08T23:27:50Z,7.927,0.952,6.824,0
2026-03-08T23:45:00Z,138672,13.28,2026-03-08T23:42:35Z,7.896,0.954,6.75,0
2026-03-09T00:15:00Z,138674,13.28,2026-03-09T00:02:25Z,7.708,0.954,6.628,0
2026-03-09T00:30:00Z,138675,13.27,2026-03-09T00:30:00Z,7.607,0.956,6.553,0
2026-03-09T00:45:00Z,138676,13.28,2026-03-09T00:43:55Z,7.526,0.956,6.483,0
2026-03-09T01:00:00Z,138677,13.28,2026-03-09T00:57:50Z,7.43,0.956,6.406,0
2026-03-09T01:15:00Z,138678,13.28,2026-03-09T01:10:00Z,7.294,0.957,6.363,0
2026-03-09T01:30:00Z,138679,13.27,2026-03-09T01:20:25Z,7.145,0.956,6.323,0
2026-03-09T01:45:00Z,138680,13.28,2026-03-09T01:32:30Z,7.036,0.957,6.284,0
2026-03-09T02:00:00Z,138681,13.28,2026-03-09T01:53:20Z,6.914,0.957,6.253,0
2026-03-09T02:15:00Z,138682,13.28,2026-03-09T02:02:35Z,6.802,0.957,6.223,0
2026-03-09T02:30:00Z,138683,13.28,2026-03-09T02:15:40Z,6.706,0.957,6.191,0
2026-03-09T02:45:00Z,138684,13.28,2026-03-09T02:31:55Z,6.592,0.957,6.151,0
2026-03-09T03:00:00Z,138685,13.28,2026-03-09T02:57:25Z,6.485,0.957,6.109,0
2026-03-09T03:15:00Z,138686,13.27,2026-03-09T03:01:40Z,6.405,0.958,6.056,0
2026-03-09T03:30:00Z,138687,13.28,2026-03-09T03:19:55Z,6.376,0.959,5.996,0
2026-03-09T03:45:00Z,138688,13.27,2026-03-09T03:38:30Z,6.359,0.959,5.942,0
2026-03-09T04:00:00Z,138689,13.28,2026-03-09T03:57:35Z,6.304,0.96,5.885,0
2026-03-09T04:15:00Z,138690,13.27,2026-03-09T04:13:00Z,6.243,0.959,5.843,0
2026-03-09T04:30:00Z,138691,13.28,2026-03-09T04:22:45Z,6.241,0.959,5.789,0
2026-03-09T04:45:00Z,138692,13.27,2026-03-09T04:35:05Z,6.262,0.959,5.743,0
2026-03-09T05:00:00Z,138693,13.25,2026-03-09T04:59:20Z,6.242,0.961,5.712,0
2026-03-09T05:15:00Z,138694,13.27,2026-03-09T05:00:55Z,6.197,0.96,5.682,0
2026-03-09T05:30:00Z,138695,13.27,2026-03-09T05:21:50Z,6.167,0.961,5.662,0
2026-03-09T05:45:00Z,138696,13.27,2026-03-09T05:42:10Z,6.137,0.961,5.639,0
2026-03-09T06:00:00Z,138697,13.24,2026-03-09T05:47:00Z,6.082,0.961,5.606,0
2026-03-09T06:15:00Z,138698,13.27,2026-03-09T06:02:25Z,6.047,0.961,5.582,0
2026-03-09T06:30:00Z,138699,13.28,2026-03-09T06:20:30Z,5.957,0.961,5.557,0
2026-03-09T06:45:00Z,138700,13.28,2026-03-09T06:30:05Z,5.739,0.96,5.534,0
2026-03-09T07:00:00Z,138701,13.27,2026-03-09T06:59:20Z,5.468,0.96,5.501,0
2026-03-09T07:15:00Z,138702,13.28,2026-03-09T07:13:20Z,5.298,0.961,5.457,0
2026-03-09T07:30:00Z,138703,13.27,2026-03-09T07:20:30Z,5.28,0.961,5.423,0
2026-03-09T07:45:00Z,138704,13.28,2026-03-09T07:39:40Z,5.418,0.962,5.407,0
2026-03-09T08:00:00Z,138705,13.29,2026-03-09T07:48:20Z,5.697,0.963,5.387,0
2026-03-09T08:15:00Z,138706,13.31,2026-03-09T08:01:10Z,6.201,0.962,5.376,0
2026-03-09T08:30:00Z,138707,13.52,2026-03-09T08:15:05Z,7.057,0.963,5.383,0
2026-03-09T08:45:00Z,138708,13.61,2026-03-09T08:31:10Z,8.02,0.964,5.4,0
2026-03-09T09:00:00Z,138709,13.68,2026-03-09T08:45:05Z,8.87,0.965,5.437,0
2026-03-09T09:15:00Z,138710,14.48,2026-03-09T09:14:25Z,9.6,0.967,5.534,0
2026-03-09T09:30:00Z,138711,14.46,2026-03-09T09:27:45Z,10.28,0.969,5.664,0
2026-03-09T09:45:00Z,138712,14.47,2026-03-09T09:36:25Z,10.93,0.969,5.807,0
2026-03-09T10:00:00Z,138713,14.45,2026-03-09T09:57:25Z,11.44,0.97,5.944,0
2026-03-09T10:15:00Z,138714,14.07,2026-03-09T10:14:50Z,11.92,0.968,6.091,0
2026-03-09T10:30:00Z,138715,14.02,2026-03-09T10:29:55Z,12.31,0.968,6.262,0
2026-03-09T10:45:00Z,138716,14,2026-03-09T10:44:30Z,12.81,0.967,6.434,0
2026-03-09T11:00:00Z,138717,13.98,2026-03-09T10:55:35Z,13.31,0.966,6.58,0
2026-03-09T11:15:00Z,138718,13.96,2026-03-09T11:06:55Z,13.83,0.967,6.736,0
2026-03-09T11:30:00Z,138719,13.96,2026-03-09T11:25:45Z,14.25,0.966,6.905,0
2026-03-09T11:45:00Z,138720,13.96,2026-03-09T11:38:15Z,14.56,0.967,7.078,0
2026-03-09T12:00:00Z,138721,13.91,2026-03-09T11:56:45Z,14.87,0.967,7.247,0
2026-03-09T12:15:00Z,138722,13.91,2026-03-09T12:12:10Z,15.29,0.967,7.454,0
2026-03-09T12:30:00Z,138723,13.9,2026-03-09T12:23:40Z,15.89,0.969,7.634,0
2026-03-09T12:45:00Z,138724,13.89,2026-03-09T12:36:15Z,16.13,0.969,7.835,0
2026-03-09T13:00:00Z,138725,13.9,2026-03-09T12:54:30Z,16.31,0.969,8.05,0
2026-03-09T13:15:00Z,138726,13.9,2026-03-09T13:02:30Z,16.56,0.97,8.3,0
2026-03-09T13:30:00Z,138727,13.88,2026-03-09T13:19:15Z,17.14,0.971,8.48,0
2026-03-09T13:45:00Z,138728,13.85,2026-03-09T13:44:55Z,17.61,0.971,8.65,0
2026-03-09T14:00:00Z,138729,13.85,2026-03-09T13:45:25Z,17.84,0.971,8.83,0
2026-03-09T14:15:00Z,138730,13.84,2026-03-09T14:05:10Z,18.06,0.97,8.98,0
2026-03-09T14:30:00Z,138731,13.85,2026-03-09T14:16:45Z,18.42,0.971,9.11,0
2026-03-09T14:45:00Z,138732,13.84,2026-03-09T14:33:50Z,18.56,0.971,9.16,0
2026-03-09T15:00:00Z,138733,13.84,2026-03-09T14:45:35Z,18.79,0.971,9.28,0
2026-03-09T15:15:00Z,138734,13.83,2026-03-09T15:06:25Z,19.19,0.972,9.38,0
2026-03-09T15:30:00Z,138735,13.78,2026-03-09T15:26:50Z,19.56,0.972,9.45,0
2026-03-09T15:45:00Z,138736,13.81,2026-03-09T15:31:25Z,19.87,0.975,9.51,0
2026-03-09T16:00:00Z,138737,13.82,2026-03-09T15:45:25Z,19.93,0.976,9.53,0
2026-03-09T16:15:00Z,138738,13.81,2026-03-09T16:03:25Z,20.48,0.976,9.53,0
2026-03-09T16:30:00Z,138739,13.78,2026-03-09T16:19:25Z,20.79,0.977,9.57,0
2026-03-09T16:45:00Z,138740,13.81,2026-03-09T16:41:35Z,20.51,0.978,9.55,0
2026-03-09T17:00:00Z,138741,13.81,2026-03-09T16:57:15Z,20.53,0.977,9.54,0
2026-03-09T17:15:00Z,138742,13.81,2026-03-09T17:04:45Z,20.31,0.976,9.56,0
2026-03-09T17:30:00Z,138743,13.78,2026-03-09T17:28:10Z,19.74,0.976,9.55,0
2026-03-09T17:45:00Z,138744,13.75,2026-03-09T17:40:50Z,19.15,0.975,9.53,0
2026-03-09T18:00:00Z,138745,13.7,2026-03-09T17:57:25Z,18.44,0.976,9.51,0
2026-03-09T18:15:00Z,138746,13.65,2026-03-09T18:13:05Z,17.81,0.973,9.43,0
2026-03-09T18:30:00Z,138747,13.58,2026-03-09T18:30:00Z,17.1,0.972,9.26,0
2026-03-09T18:45:00Z,138748,13.53,2026-03-09T18:43:50Z,16.49,0.973,9.14,0
2026-03-09T19:00:00Z,138749,13.48,2026-03-09T18:58:35Z,15.96,0.97,8.95,0
2026-03-09T19:15:00Z,138750,13.41,2026-03-09T19:13:30Z,15.39,0.968,8.76,0
2026-03-09T19:30:00Z,138751,13.39,2026-03-09T19:29:55Z,14.73,0.968,8.61,0
2026-03-09T19:45:00Z,138752,13.37,2026-03-09T19:45:00Z,14.03,0.966,8.51,0
2026-03-09T20:00:00Z,138753,13.35,2026-03-09T19:57:25Z,13.54,0.966,8.43,0
2026-03-09T20:15:00Z,138754,13.33,2026-03-09T20:12:10Z,13.76,0.967,8.3,0
2026-03-09T20:30:00Z,138755,13.31,2026-03-09T20:23:35Z,14.5,0.97,8.26,0
2026-03-09T20:45:00Z,138756,13.31,2026-03-09T20:34:30Z,14.98,0.971,8.22,0
2026-03-09T21:00:00Z,138757,13.3,2026-03-09T20:52:05Z,15.33,0.969,8.16,0
2026-03-09T21:15:00Z,138758,13.29,2026-03-09T21:04:25Z,15.47,0.97,8.15,0
2026-03-09T21:30:00Z,138759,13.29,2026-03-09T21:28:35Z,15.53,0.97,8.14,0
2026-03-09T21:45:00Z,138760,13.3,2026-03-09T21:43:50Z,15.44,0.969,8.14,0
2026-03-09T22:00:00Z,138761,13.28,2026-03-09T21:45:20Z,15.26,0.968,8.15,0
2026-03-09T22:15:00Z,138762,13.28,2026-03-09T22:02:25Z,15.09,0.968,8.16,0
2026-03-09T22:30:00Z,138763,13.29,2026-03-09T22:15:50Z,14.97,0.969,8.17,0
2026-03-09T22:45:00Z,138764,13.29,2026-03-09T22:34:30Z,14.76,0.969,8.19,0
2026-03-09T23:00:00Z,138765,13.29,2026-03-09T22:53:10Z,14.35,0.968,8.22,0
2026-03-09T23:15:00Z,138766,13.29,2026-03-09T23:01:10Z,13.88,0.967,8.25,0
2026-03-09T23:30:00Z,138767,13.29,2026-03-09T23:30:00Z,13.62,0.968,8.3,0
2026-03-09T23:45:00Z,138768,13.29,2026-03-09T23:35:50Z,13.6,0.968,8.36,0
2026-03-10T00:15:00Z,138770,13.29,2026-03-10T00:02:25Z,13.41,0.967,8.4,0
2026-03-10T00:30:00Z,138771,13.3,2026-03-10T00:17:10Z,13.32,0.968,8.41,0
2026-03-10T00:45:00Z,138772,13.3,2026-03-10T00:30:25Z,13.04,0.968,8.42,0
2026-03-10T01:00:00Z,138773,13.3,2026-03-10T00:45:05Z,12.74,0.968,8.43,0
2026-03-10T01:15:00Z,138774,13.3,2026-03-10T01:01:00Z,12.51,0.969,8.43,0
2026-03-10T01:30:00Z,138775,13.3,2026-03-10T01:23:25Z,12.33,0.969,8.42,0
2026-03-10T01:45:00Z,138776,13.29,2026-03-10T01:37:05Z,12.34,0.969,8.4,0
2026-03-10T02:00:00Z,138777,13.29,2026-03-10T01:46:05Z,12.43,0.968,8.37,0
2026-03-10T02:15:00Z,138778,13.29,2026-03-10T02:01:20Z,12.62,0.968,8.37,0
2026-03-10T02:30:00Z,138779,13.29,2026-03-10T02:23:55Z,12.82,0.968,8.34,0
2026-03-10T02:45:00Z,138780,13.29,2026-03-10T02:31:20Z,13.02,0.969,8.33,0
2026-03-10T03:00:00Z,138781,13.28,2026-03-10T02:57:35Z,13.02,0.969,8.32,0
2026-03-10T03:15:00Z,138782,13.28,2026-03-10T03:12:40Z,13.01,0.969,8.29,0
2026-03-10T03:30:00Z,138783,13.28,2026-03-10T03:29:55Z,13.18,0.969,8.28,0
2026-03-10T03:45:00Z,138784,13.29,2026-03-10T03:33:30Z,13.34,0.97,8.26,0
2026-03-10T04:00:00Z,138785,13.28,2026-03-10T03:54:35Z,13.43,0.97,8.25,0
2026-03-10T04:15:00Z,138786,13.29,2026-03-10T04:00:20Z,13.48,0.97,8.23,0
2026-03-10T04:30:00Z,138787,13.28,2026-03-10T04:30:00Z,13.49,0.97,8.21,0
2026-03-10T04:45:00Z,138788,13.28,2026-03-10T04:43:20Z,13.46,0.971,8.23,0
2026-03-10T05:00:00Z,138789,13.28,2026-03-10T04:46:00Z,13.37,0.972,8.26,0
2026-03-10T05:15:00Z,138790,13.28,2026-03-10T05:00:15Z,13.3,0.972,8.28,0
2026-03-10T05:30:00Z,138791,13.28,2026-03-10T05:29:55Z,13.22,0.972,8.31,0
2026-03-10T05:45:00Z,138792,13.28,2026-03-10T05:35:20Z,13.15,0.973,8.34,0
2026-03-10T06:00:00Z,138793,13.28,2026-03-10T05:57:25Z,13.09,0.973,8.35,0
2026-03-10T06:15:00Z,138794,13.28,2026-03-10T06:09:35Z,13.01,0.973,8.35,0
2026-03-10T06:30:00Z,138795,13.29,2026-03-10T06:26:25Z,12.91,0.973,8.33,0
2026-03-10T06:45:00Z,138796,13.28,2026-03-10T06:41:55Z,12.81,0.974,8.33,0
2026-03-10T07:00:00Z,138797,13.28,2026-03-10T06:57:25Z,12.73,0.973,8.31,0
2026-03-10T07:15:00Z,138798,13.28,2026-03-10T07:02:55Z,13.01,0.972,8.28,0
2026-03-10T07:30:00Z,138799,13.28,2026-03-10T07:25:20Z,13.52,0.973,8.27,0
2026-03-10T07:45:00Z,138800,13.29,2026-03-10T07:30:05Z,13.8,0.973,8.26,0
2026-03-10T08:00:00Z,138801,13.28,2026-03-10T07:57:25Z,14.07,0.972,8.25,0
2026-03-10T08:15:00Z,138802,13.29,2026-03-10T08:01:20Z,14.32,0.972,8.23,0
2026-03-10T08:30:00Z,138803,13.3,2026-03-10T08:15:05Z,14.56,0.972,8.25,0
2026-03-10T08:45:00Z,138804,13.3,2026-03-10T08:32:40Z,14.81,0.972,8.27,0
2026-03-10T09:00:00Z,138805,13.32,2026-03-10T08:45:05Z,15.02,0.973,8.29,0
2026-03-10T09:15:00Z,138806,13.33,2026-03-10T09:00:05Z,15.24,0.973,8.29,0
2026-03-10T09:30:00Z,138807,13.36,2026-03-10T09:15:05Z,15.44,0.974,8.28,0
2026-03-10T09:45:00Z,138808,13.37,2026-03-10T09:30:30Z,15.57,0.975,8.42,0
2026-03-10T10:00:00Z,138809,13.37,2026-03-10T09:45:05Z,15.55,0.972,8.64,0
2026-03-10T10:15:00Z,138810,13.36,2026-03-10T10:02:25Z,15.77,0.974,8.72,0
2026-03-10T10:30:00Z,138811,13.38,2026-03-10T10:15:15Z,16.18,0.975,8.84,0
2026-03-10T10:45:00Z,138812,13.39,2026-03-10T10:32:40Z,16.66,0.976,8.93,0
2026-03-10T11:00:00Z,138813,13.39,2026-03-10T10:57:15Z,17.13,0.977,9.04,0
2026-03-10T11:15:00Z,138814,13.38,2026-03-10T11:01:45Z,17.43,0.976,9.12,0
2026-03-10T11:30:00Z,138815,13.37,2026-03-10T11:21:10Z,17.48,0.977,9.2,0
2026-03-10T11:45:00Z,138816,13.37,2026-03-10T11:34:25Z,17.41,0.977,9.28,0
2026-03-10T12:00:00Z,138817,13.38,2026-03-10T11:47:20Z,17.38,0.977,9.36,0
2026-03-10T12:15:00Z,138818,13.38,2026-03-10T12:00:40Z,17.4,0.978,9.44,0
2026-03-10T12:30:00Z,138819,13.42,2026-03-10T12:29:55Z,17.66,0.975,9.52,0
2026-03-10T12:45:00Z,138820,13.41,2026-03-10T12:37:25Z,17.96,0.976,9.59,0
2026-03-10T13:00:00Z,138821,13.4,2026-03-10T12:56:40Z,18.09,0.977,9.66,0
2026-03-10T13:15:00Z,138822,13.39,2026-03-10T13:12:35Z,17.96,0.977,9.68,0
2026-03-10T13:30:00Z,138823,13.39,2026-03-10T13:20:40Z,17.8,0.976,9.72,0
2026-03-10T13:45:00Z,138824,13.39,2026-03-10T13:30:10Z,17.67,0.977,9.76,0
2026-03-10T14:00:00Z,138825,13.4,2026-03-10T13:57:25Z,17.71,0.975,9.86,0
2026-03-10T14:15:00Z,138826,13.41,2026-03-10T14:06:40Z,17.82,0.976,9.94,0
2026-03-10T14:30:00Z,138827,13.4,2026-03-10T14:19:00Z,17.8,0.977,9.98,0
2026-03-10T14:45:00Z,138828,13.4,2026-03-10T14:39:45Z,17.61,0.977,9.94,0
2026-03-10T15:00:00Z,138829,13.42,2026-03-10T14:45:05Z,17.51,0.976,9.88,0
2026-03-10T15:15:00Z,138830,13.42,2026-03-10T15:05:10Z,17.57,0.978,9.93,0
2026-03-10T15:30:00Z,138831,13.43,2026-03-10T15:15:05Z,17.58,0.977,9.98,0
2026-03-10T15:45:00Z,138832,13.46,2026-03-10T15:43:55Z,17.85,0.975,10.08,0
2026-03-10T16:00:00Z,138833,13.45,2026-03-10T15:48:20Z,18.29,0.976,10.09,0
2026-03-10T16:15:00Z,138834,13.45,2026-03-10T16:02:25Z,18.9,0.976,10.12,0
2026-03-10T16:30:00Z,138835,13.45,2026-03-10T16:27:20Z,19.69,0.978,10.1,0
2026-03-10T16:45:00Z,138836,13.44,2026-03-10T16:43:35Z,19.7,0.979,10.17,0
2026-03-10T17:00:00Z,138837,13.44,2026-03-10T16:45:05Z,19.23,0.979,10.58,0
2026-03-10T17:15:00Z,138838,13.43,2026-03-10T17:02:30Z,18.74,0.977,10.5,0
2026-03-10T17:30:00Z,138839,13.43,2026-03-10T17:29:55Z,18.38,0.978,10.49,0
2026-03-10T17:45:00Z,138840,13.43,2026-03-10T17:30:05Z,18.2,0.978,10.5,0
2026-03-10T18:00:00Z,138841,13.4,2026-03-10T17:59:45Z,18.32,0.98,10.45,0
2026-03-10T18:15:00Z,138842,13.38,2026-03-10T18:10:25Z,18.02,0.978,10.43,0
2026-03-10T18:30:00Z,138843,13.36,2026-03-10T18:25:25Z,17.7,0.978,10.45,0
2026-03-10T18:45:00Z,138844,13.34,2026-03-10T18:39:45Z,17.39,0.979,10.41,0
2026-03-10T19:00:00Z,138845,13.32,2026-03-10T18:49:15Z,17.22,0.978,10.27,0
2026-03-10T19:15:00Z,138846,13.32,2026-03-10T19:11:45Z,17.21,0.979,10.2,0
2026-03-10T19:30:00Z,138847,13.3,2026-03-10T19:27:20Z,17.13,0.98,10.16,0
2026-03-10T19:45:00Z,138848,13.3,2026-03-10T19:33:05Z,17.35,0.98,10.19,0
2026-03-10T20:00:00Z,138849,13.3,2026-03-10T19:46:25Z,17.63,0.98,10.16,0
2026-03-10T20:15:00Z,138850,13.3,2026-03-10T20:00:05Z,17.76,0.986,10.1,0
2026-03-10T20:30:00Z,138851,13.3,2026-03-10T20:21:40Z,17.53,0.985,10.13,0
2026-03-10T20:45:00Z,138852,13.28,2026-03-10T20:45:00Z,17.11,0.986,10.16,0.01
2026-03-10T21:00:00Z,138853,13.29,2026-03-10T20:45:50Z,17,0.988,10.2,0
2026-03-10T21:15:00Z,138854,13.29,2026-03-10T21:02:30Z,17.05,0.99,10.26,0
2026-03-10T21:30:00Z,138855,13.3,2026-03-10T21:15:05Z,17.01,0.996,10.32,0
2026-03-10T21:45:00Z,138856,13.29,2026-03-10T21:34:05Z,17.05,1,10.38,0
2026-03-10T22:00:00Z,138857,13.29,2026-03-10T21:57:40Z,17.12,0.999,10.41,0
2026-03-10T22:15:00Z,138858,13.29,2026-03-10T22:02:25Z,17.12,0.996,10.44,0
2026-03-10T22:30:00Z,138859,13.3,2026-03-10T22:30:00Z,17.19,0.994,10.48,0
2026-03-10T22:45:00Z,138860,13.3,2026-03-10T22:30:05Z,17.31,0.996,10.49,0
2026-03-10T23:00:00Z,138861,13.3,2026-03-10T22:45:05Z,17.43,0.998,10.47,0
2026-03-10T23:15:00Z,138862,13.3,2026-03-10T23:05:00Z,17.53,0.993,10.38,0
2026-03-10T23:30:00Z,138863,13.28,2026-03-10T23:19:00Z,17.56,0.989,10.28,0
2026-03-10T23:45:00Z,138864,13.29,2026-03-10T23:30:05Z,17.61,0.988,10.12,0
2026-03-11T00:15:00Z,138866,13.29,2026-03-11T00:01:20Z,17.54,0.985,9.72,0
2026-03-11T00:30:00Z,138867,13.29,2026-03-11T00:16:25Z,17.05,0.984,9.66,0
2026-03-11T00:45:00Z,138868,13.29,2026-03-11T00:36:10Z,16.5,0.984,9.53,0.02
2026-03-11T01:00:00Z,138869,13.29,2026-03-11T00:52:10Z,16.04,0.983,9.5,0.14
2026-03-11T01:15:00Z,138870,13.29,2026-03-11T01:05:30Z,15.5,1.001,9.48,0.18
2026-03-11T01:30:00Z,138871,13.29,2026-03-11T01:16:10Z,15.03,1.021,9.61,0.36
2026-03-11T01:45:00Z,138872,13.29,2026-03-11T01:32:10Z,14.69,1.044,9.78,0.05
2026-03-11T02:00:00Z,138873,13.29,2026-03-11T01:45:30Z,14.36,1.049,9.72,0.03
2026-03-11T02:15:00Z,138874,13.29,2026-03-11T02:02:25Z,14.02,1.048,9.64,0.03
2026-03-11T02:30:00Z,138875,13.29,2026-03-11T02:15:05Z,13.75,1.052,9.6,0.02
2026-03-11T02:45:00Z,138876,13.29,2026-03-11T02:30:05Z,13.61,1.052,9.57,0
2026-03-11T03:00:00Z,138877,13.28,2026-03-11T02:57:35Z,13.34,1.054,9.54,0.08
2026-03-11T03:15:00Z,138878,13.29,2026-03-11T03:00:05Z,13.24,1.059,9.53,0.04
2026-03-11T03:30:00Z,138879,13.28,2026-03-11T03:26:35Z,13.29,1.064,9.53,0.06
2026-03-11T03:45:00Z,138880,13.28,2026-03-11T03:35:45Z,13.36,1.076,9.51,0.11
2026-03-11T04:00:00Z,138881,13.28,2026-03-11T03:59:25Z,13.32,1.082,9.5,0.05
2026-03-11T04:15:00Z,138882,13.28,2026-03-11T04:11:30Z,13.45,1.084,9.47,0.01
2026-03-11T04:30:00Z,138883,13.28,2026-03-11T04:24:05Z,13.51,1.089,9.45,0.07
2026-03-11T04:45:00Z,138884,13.28,2026-03-11T04:31:45Z,13.41,1.101,9.39,0.08
2026-03-11T05:00:00Z,138885,13.28,2026-03-11T04:47:20Z,13.14,1.113,9.33,0.08
2026-03-11T05:15:00Z,138886,13.28,2026-03-11T05:02:30Z,13.17,1.117,9.32,0.02
2026-03-11T05:30:00Z,138887,13.28,2026-03-11T05:19:15Z,13.25,1.121,9.32,0
2026-03-11T05:45:00Z,138888,13.28,2026-03-11T05:30:20Z,13.37,1.122,9.31,0
2026-03-11T06:00:00Z,138889,13.28,2026-03-11T05:51:35Z,13.49,1.124,9.29,0
2026-03-11T06:15:00Z,138890,13.27,2026-03-11T06:04:00Z,13.37,1.125,9.28,0
2026-03-11T06:30:00Z,138891,13.27,2026-03-11T06:16:15Z,13.24,1.128,9.28,0
2026-03-11T06:45:00Z,138892,13.28,2026-03-11T06:31:00Z,13.44,1.13,9.28,0
2026-03-11T07:00:00Z,138893,13.28,2026-03-11T06:58:20Z,13.57,1.13,9.31,0
2026-03-11T07:15:00Z,138894,13.27,2026-03-11T07:12:50Z,13.42,1.131,9.32,0.01
2026-03-11T07:30:00Z,138895,13.27,2026-03-11T07:15:05Z,13.12,1.132,9.31,0.02
2026-03-11T07:45:00Z,138896,13.28,2026-03-11T07:31:15Z,12.87,1.135,9.27,0.03
2026-03-11T08:00:00Z,138897,13.28,2026-03-11T07:55:15Z,12.82,1.137,9.23,0.01
2026-03-11T08:15:00Z,138898,13.28,2026-03-11T08:02:25Z,12.94,1.14,9.21,0.01
2026-03-11T08:30:00Z,138899,13.28,2026-03-11T08:16:35Z,13.1,1.143,9.2,0.02
2026-03-11T08:45:00Z,138900,13.28,2026-03-11T08:30:05Z,13.21,1.147,9.19,0.02
2026-03-11T09:00:00Z,138901,13.29,2026-03-11T08:49:45Z,13.3,1.148,9.2,0.01
2026-03-11T09:15:00Z,138902,13.3,2026-03-11T09:05:35Z,13.55,1.149,9.24,0.02
2026-03-11T09:30:00Z,138903,13.28,2026-03-11T09:15:45Z,13.75,1.151,9.3,0.01
2026-03-11T09:45:00Z,138904,13.3,2026-03-11T09:33:50Z,13.9,1.152,9.32,0
2026-03-11T10:00:00Z,138905,13.31,2026-03-11T09:45:10Z,14.22,1.154,9.32,0.01
2026-03-11T10:15:00Z,138906,13.31,2026-03-11T10:02:30Z,14.47,1.156,9.3,0
2026-03-11T10:30:00Z,138907,13.31,2026-03-11T10:15:05Z,14.5,1.159,9.29,0
2026-03-11T10:45:00Z,138908,13.29,2026-03-11T10:33:20Z,14.49,1.162,9.33,0
2026-03-11T11:00:00Z,138909,13.32,2026-03-11T10:51:45Z,14.51,1.165,9.37,0
2026-03-11T11:15:00Z,138910,13.35,2026-03-11T11:01:25Z,14.51,1.167,9.43,0
2026-03-11T11:30:00Z,138911,13.36,2026-03-11T11:27:15Z,14.59,1.169,9.5,0.01
2026-03-11T11:45:00Z,138912,13.35,2026-03-11T11:41:50Z,14.27,1.165,9.55,0
2026-03-11T12:00:00Z,138913,13.37,2026-03-11T11:45:05Z,13.4,1.16,9.57,0
2026-03-11T12:15:00Z,138914,13.41,2026-03-11T12:00:05Z,12.57,1.165,9.58,0
2026-03-11T12:30:00Z,138915,13.42,2026-03-11T12:15:05Z,11.84,1.168,9.6,0
2026-03-11T12:45:00Z,138916,13.43,2026-03-11T12:42:15Z,11.24,1.169,9.61,0
2026-03-11T13:00:00Z,138917,13.43,2026-03-11T12:50:00Z,10.75,1.173,9.62,0
2026-03-11T13:15:00Z,138918,13.41,2026-03-11T13:04:25Z,10.23,1.173,9.65,0
2026-03-11T13:30:00Z,138919,13.4,2026-03-11T13:25:00Z,9.54,1.171,9.68,0
2026-03-11T13:45:00Z,138920,13.39,2026-03-11T13:30:05Z,8.92,1.173,9.68,0
2026-03-11T14:00:00Z,138921,13.38,2026-03-11T13:59:40Z,8.37,1.172,9.66,0
2026-03-11T14:15:00Z,138922,13.38,2026-03-11T14:01:55Z,7.685,1.168,9.58,0
2026-03-11T14:30:00Z,138923,13.39,2026-03-11T14:27:55Z,6.996,1.168,9.46,0
2026-03-11T14:45:00Z,138924,13.39,2026-03-11T14:37:00Z,6.339,1.17,9.24,0
2026-03-11T15:00:00Z,138925,13.39,2026-03-11T14:57:50Z,5.776,1.169,9.03,0
2026-03-11T15:15:00Z,138926,13.39,2026-03-11T15:11:35Z,5.33,1.172,8.94,0
2026-03-11T15:30:00Z,138927,13.39,2026-03-11T15:17:00Z,4.977,1.174,8.89,0
2026-03-11T15:45:00Z,138928,13.39,2026-03-11T15:41:45Z,4.751,1.175,8.87,0
2026-03-11T16:00:00Z,138929,13.41,2026-03-11T15:53:20Z,4.636,1.174,8.83,0
2026-03-11T16:15:00Z,138930,13.42,2026-03-11T16:03:10Z,4.532,1.173,8.8,0
2026-03-11T16:30:00Z,138931,13.45,2026-03-11T16:15:45Z,4.511,1.172,8.8,0
2026-03-11T16:45:00Z,138932,13.46,2026-03-11T16:44:40Z,4.386,1.173,8.8,0
2026-03-11T17:00:00Z,138933,13.45,2026-03-11T16:57:30Z,3.997,1.173,8.78,0
2026-03-11T17:15:00Z,138934,13.42,2026-03-11T17:15:00Z,3.646,1.172,8.75,0
2026-03-11T17:30:00Z,138935,13.41,2026-03-11T17:29:20Z,3.275,1.174,8.68,0
2026-03-11T17:45:00Z,138936,13.39,2026-03-11T17:42:35Z,2.962,1.174,8.61,0
2026-03-11T18:00:00Z,138937,13.36,2026-03-11T17:56:45Z,2.667,1.176,8.57,0
2026-03-11T18:15:00Z,138938,13.32,2026-03-11T18:12:50Z,2.392,1.173,8.51,0
2026-03-11T18:30:00Z,138939,13.33,2026-03-11T18:30:00Z,2.151,1.171,8.46,0
2026-03-11T18:45:00Z,138940,13.32,2026-03-11T18:37:10Z,1.937,1.175,8.42,0
2026-03-11T19:00:00Z,138941,13.29,2026-03-11T18:48:15Z,1.703,1.176,8.39,0
2026-03-11T19:15:00Z,138942,13.28,2026-03-11T19:14:10Z,1.532,1.179,8.34,0
2026-03-11T19:30:00Z,138943,13.29,2026-03-11T19:27:15Z,1.437,1.181,8.26,0
2026-03-11T19:45:00Z,138944,13.28,2026-03-11T19:40:50Z,1.313,1.183,8.19,0
2026-03-11T20:00:00Z,138945,13.27,2026-03-11T19:46:05Z,1.231,1.184,8.13,0
2026-03-11T20:15:00Z,138946,13.26,2026-03-11T20:13:25Z,1.203,1.185,8.08,0
2026-03-11T20:30:00Z,138947,13.26,2026-03-11T20:24:25Z,1.21,1.185,8.03,0
2026-03-11T20:45:00Z,138948,13.26,2026-03-11T20:35:50Z,1.231,1.186,7.983,0
2026-03-11T21:00:00Z,138949,13.26,2026-03-11T20:57:25Z,1.27,1.186,7.927,0
2026-03-11T21:15:00Z,138950,13.22,2026-03-11T21:09:35Z,1.311,1.185,7.879,0
2026-03-11T21:30:00Z,138951,13.22,2026-03-11T21:30:00Z,1.355,1.185,7.82,0
2026-03-11T21:45:00Z,138952,13.25,2026-03-11T21:40:50Z,1.389,1.185,7.752,0
2026-03-11T22:00:00Z,138953,13.25,2026-03-11T21:46:15Z,1.394,1.187,7.702,0
2026-03-11T22:15:00Z,138954,13.26,2026-03-11T22:11:30Z,1.346,1.187,7.649,0
2026-03-11T22:30:00Z,138955,13.24,2026-03-11T22:25:10Z,1.255,1.187,7.602,0
2026-03-11T22:45:00Z,138956,13.25,2026-03-11T22:41:25Z,1.207,1.187,7.554,0
2026-03-11T23:00:00Z,138957,13.25,2026-03-11T22:59:00Z,1.183,1.182,7.492,0
2026-03-11T23:15:00Z,138958,13.24,2026-03-11T23:13:15Z,1.214,1.183,7.465,0
2026-03-11T23:30:00Z,138959,13.25,2026-03-11T23:19:35Z,1.252,1.188,7.437,0
2026-03-11T23:45:00Z,138960,13.24,2026-03-11T23:43:30Z,1.271,1.191,7.417,0
2026-03-12T00:15:00Z,138962,13.24,2026-03-12T00:02:50Z,1.131,1.191,7.346,0
2026-03-12T00:30:00Z,138963,13.25,2026-03-12T00:29:55Z,0.882,1.192,7.302,0
2026-03-12T00:45:00Z,138964,13.25,2026-03-12T00:34:00Z,0.634,1.192,7.251,0
2026-03-12T01:00:00Z,138965,13.25,2026-03-12T00:53:50Z,0.454,1.192,7.19,0
2026-03-12T01:15:00Z,138966,13.24,2026-03-12T01:08:00Z,0.216,1.193,7.145,0
2026-03-12T01:30:00Z,138967,13.25,2026-03-12T01:15:50Z,-0.062,1.194,7.084,0
2026-03-12T01:45:00Z,138968,13.24,2026-03-12T01:39:40Z,-0.366,1.194,7.039,0
2026-03-12T02:00:00Z,138969,13.25,2026-03-12T01:48:40Z,-0.623,1.196,6.998,0
2026-03-12T02:15:00Z,138970,13.25,2026-03-12T02:03:10Z,-0.914,1.198,6.957,0
2026-03-12T02:30:00Z,138971,13.25,2026-03-12T02:18:50Z,-1.192,1.2,6.912,0
2026-03-12T02:45:00Z,138972,13.25,2026-03-12T02:30:45Z,-1.458,1.201,6.866,0
2026-03-12T03:00:00Z,138973,13.25,2026-03-12T02:57:35Z,-1.76,1.202,6.829,0
2026-03-12T03:15:00Z,138974,13.25,2026-03-12T03:02:35Z,-2.115,1.203,6.801,0
2026-03-12T03:30:00Z,138975,13.25,2026-03-12T03:15:10Z,-2.412,1.204,6.754,0
2026-03-12T03:45:00Z,138976,13.24,2026-03-12T03:30:05Z,-2.727,1.204,6.72,0
2026-03-12T04:00:00Z,138977,13.24,2026-03-12T03:58:30Z,-3.071,1.205,6.674,0
2026-03-12T04:15:00Z,138978,13.24,2026-03-12T04:03:10Z,-3.297,1.205,6.619,0
2026-03-12T04:30:00Z,138979,13.24,2026-03-12T04:21:50Z,-3.456,1.205,6.584,0
2026-03-12T04:45:00Z,138980,13.24,2026-03-12T04:32:30Z,-3.629,1.206,6.542,0
2026-03-12T05:00:00Z,138981,13.24,2026-03-12T04:51:10Z,-3.78,1.206,6.502,0
2026-03-12T05:15:00Z,138982,13.24,2026-03-12T05:01:50Z,-3.876,1.205,6.471,0
2026-03-12T05:30:00Z,138983,13.19,2026-03-12T05:15:05Z,-3.902,1.206,6.416,0
2026-03-12T05:45:00Z,138984,13.24,2026-03-12T05:36:30Z,-3.889,1.206,6.364,0
2026-03-12T06:00:00Z,138985,13.23,2026-03-12T05:54:35Z,-3.89,1.206,6.325,0
2026-03-12T06:15:00Z,138986,13.24,2026-03-12T06:02:35Z,-3.917,1.206,6.298,0
2026-03-12T06:30:00Z,138987,13.24,2026-03-12T06:15:40Z,-3.892,1.208,6.263,0
2026-03-12T06:45:00Z,138988,13.25,2026-03-12T06:30:05Z,-3.787,1.209,6.22,0
2026-03-12T07:00:00Z,138989,13.23,2026-03-12T06:57:25Z,-3.694,1.209,6.182,0
2026-03-12T07:15:00Z,138990,13.23,2026-03-12T07:02:30Z,-3.616,1.209,6.145,0
2026-03-12T07:30:00Z,138991,13.25,2026-03-12T07:15:20Z,-3.535,1.209,6.115,0
2026-03-12T07:45:00Z,138992,13.26,2026-03-12T07:30:05Z,-3.432,1.209,6.075,0
2026-03-12T08:00:00Z,138993,13.28,2026-03-12T07:45:35Z,-3.261,1.209,6.053,0
2026-03-12T08:15:00Z,138994,13.28,2026-03-12T08:02:30Z,-2.842,1.207,6.042,0
2026-03-12T08:30:00Z,138995,13.56,2026-03-12T08:15:05Z,-1.86,1.208,6.072,0
2026-03-12T08:45:00Z,138996,13.66,2026-03-12T08:30:10Z,-0.506,1.208,6.131,0
2026-03-12T09:00:00Z,138997,13.75,2026-03-12T08:45:05Z,0.849,1.208,6.188,0
2026-03-12T09:15:00Z,138998,13.83,2026-03-12T09:00:10Z,1.997,1.208,6.283,0
2026-03-12T09:30:00Z,138999,14.03,2026-03-12T09:15:25Z,3.037,1.21,6.424,0
2026-03-12T09:45:00Z,139000,14.66,2026-03-12T09:44:15Z,3.858,1.209,6.549,0
2026-03-12T10:00:00Z,139001,14.63,2026-03-12T09:57:05Z,4.551,1.21,6.638,0
2026-03-12T10:15:00Z,139002,14.63,2026-03-12T10:02:05Z,5.002,1.21,6.728,0
2026-03-12T10:30:00Z,139003,14.63,2026-03-12T10:29:55Z,5.248,1.21,6.802,0
2026-03-12T10:45:00Z,139004,14.23,2026-03-12T10:40:30Z,5.416,1.211,6.933,0
2026-03-12T11:00:00Z,139005,14.22,2026-03-12T10:45:20Z,5.553,1.211,7.061,0
2026-03-12T11:15:00Z,139006,14.18,2026-03-12T11:02:30Z,5.688,1.213,7.202,0
2026-03-12T11:30:00Z,139007,14.19,2026-03-12T11:29:55Z,5.911,1.213,7.364,0
2026-03-12T11:45:00Z,139008,14.2,2026-03-12T11:40:55Z,6.288,1.211,7.516,0
2026-03-12T12:00:00Z,139009,14.19,2026-03-12T11:57:25Z,6.55,1.212,7.612,0
2026-03-12T12:15:00Z,139010,14.19,2026-03-12T12:05:35Z,6.486,1.209,7.689,0
2026-03-12T12:30:00Z,139011,14.18,2026-03-12T12:29:20Z,6.543,1.212,7.763,0
2026-03-12T12:45:00Z,139012,14.2,2026-03-12T12:30:05Z,6.37,1.209,7.762,0
2026-03-12T13:00:00Z,139013,14.2,2026-03-12T12:58:15Z,6.336,1.209,7.802,0
2026-03-12T13:15:00Z,139014,14.2,2026-03-12T13:14:15Z,6.584,1.21,7.839,0
2026-03-12T13:30:00Z,139015,14.2,2026-03-12T13:16:55Z,6.875,1.208,7.902,0
2026-03-12T13:45:00Z,139016,14.2,2026-03-12T13:32:55Z,7.132,1.208,7.95,0
2026-03-12T14:00:00Z,139017,14.18,2026-03-12T13:47:50Z,7.345,1.207,7.992,0
2026-03-12T14:15:00Z,139018,14.17,2026-03-12T14:02:25Z,7.416,1.209,8.1,0
2026-03-12T14:30:00Z,139019,14.18,2026-03-12T14:18:55Z,7.28,1.207,8.16,0
2026-03-12T14:45:00Z,139020,14.2,2026-03-12T14:32:55Z,7.101,1.206,8.17,0
2026-03-12T15:00:00Z,139021,14.2,2026-03-12T14:55:25Z,6.967,1.208,8.16,0
2026-03-12T15:15:00Z,139022,14.19,2026-03-12T15:10:40Z,7.211,1.209,8.13,0
2026-03-12T15:30:00Z,139023,14.17,2026-03-12T15:18:30Z,7.502,1.208,8.14,0
2026-03-12T15:45:00Z,139024,14.17,2026-03-12T15:43:25Z,7.561,1.211,8.14,0
2026-03-12T16:00:00Z,139025,14.17,2026-03-12T15:57:25Z,7.463,1.209,8.17,0
2026-03-12T16:15:00Z,139026,14.16,2026-03-12T16:12:25Z,7.884,1.208,8.21,0
2026-03-12T16:30:00Z,139027,14.17,2026-03-12T16:15:45Z,8.2,1.21,8.25,0
2026-03-12T16:45:00Z,139028,14.18,2026-03-12T16:39:55Z,8.14,1.212,8.23,0
2026-03-12T17:00:00Z,139029,14.17,2026-03-12T16:51:45Z,7.93,1.213,8.21,0
2026-03-12T17:15:00Z,139030,14.17,2026-03-12T17:03:20Z,7.395,1.213,8.21,0
2026-03-12T17:30:00Z,139031,14.2,2026-03-12T17:20:45Z,6.636,1.213,8.18,0
2026-03-12T17:45:00Z,139032,14.23,2026-03-12T17:40:05Z,5.973,1.214,8.16,0
2026-03-12T18:00:00Z,139033,14.2,2026-03-12T17:59:40Z,5.403,1.214,8.14,0
2026-03-12T18:15:00Z,139034,14.03,2026-03-12T18:15:00Z,4.847,1.213,8.12,0
2026-03-12T18:30:00Z,139035,13.88,2026-03-12T18:29:00Z,4.295,1.214,8.07,0
2026-03-12T18:45:00Z,139036,13.75,2026-03-12T18:44:00Z,3.739,1.214,7.984,0
2026-03-12T19:00:00Z,139037,13.66,2026-03-12T18:57:15Z,3.144,1.214,7.832,0
2026-03-12T19:15:00Z,139038,13.59,2026-03-12T19:14:40Z,2.563,1.215,7.7,0
2026-03-12T19:30:00Z,139039,13.52,2026-03-12T19:29:55Z,2.043,1.216,7.589,0
2026-03-12T19:45:00Z,139040,13.49,2026-03-12T19:42:40Z,1.597,1.216,7.49,0
2026-03-12T20:00:00Z,139041,13.44,2026-03-12T19:59:45Z,1.193,1.216,7.398,0
2026-03-12T20:15:00Z,139042,13.41,2026-03-12T20:14:40Z,0.767,1.216,7.33,0
2026-03-12T20:30:00Z,139043,13.37,2026-03-12T20:28:00Z,0.324,1.216,7.263,0
2026-03-12T20:45:00Z,139044,13.35,2026-03-12T20:43:00Z,-0.046,1.216,7.211,0
2026-03-12T21:00:00Z,139045,13.33,2026-03-12T20:57:10Z,-0.299,1.216,7.155,0
2026-03-12T21:15:00Z,139046,13.31,2026-03-12T21:10:50Z,-0.379,1.217,7.107,0
2026-03-12T21:30:00Z,139047,13.29,2026-03-12T21:29:55Z,-0.341,1.217,7.066,0
2026-03-12T21:45:00Z,139048,13.29,2026-03-12T21:30:40Z,-0.227,1.217,7.033,0
2026-03-12T22:00:00Z,139049,13.28,2026-03-12T21:45:45Z,-0.092,1.217,7.006,0
2026-03-12T22:15:00Z,139050,13.28,2026-03-12T22:05:00Z,0.094,1.218,6.969,0
2026-03-12T22:30:00Z,139051,13.27,2026-03-12T22:19:40Z,0.232,1.218,6.942,0
2026-03-12T22:45:00Z,139052,13.26,2026-03-12T22:44:50Z,0.338,1.218,6.918,0
2026-03-12T23:00:00Z,139053,13.26,2026-03-12T22:57:35Z,0.439,1.219,6.9,0
2026-03-12T23:15:00Z,139054,13.26,2026-03-12T23:00:35Z,0.585,1.219,6.876,0
2026-03-12T23:30:00Z,139055,13.26,2026-03-12T23:17:05Z,0.777,1.22,6.855,0
2026-03-12T23:45:00Z,139056,13.27,2026-03-12T23:30:05Z,1.027,1.221,6.822,0
2026-03-13T00:15:00Z,139058,13.26,2026-03-13T00:02:35Z,1.7,1.222,6.765,0
2026-03-13T00:30:00Z,139059,13.26,2026-03-13T00:29:35Z,1.886,1.223,6.733,0
2026-03-13T00:45:00Z,139060,13.27,2026-03-13T00:39:20Z,2.01,1.223,6.692,0
2026-03-13T01:00:00Z,139061,13.27,2026-03-13T00:57:30Z,2.16,1.223,6.68,0
2026-03-13T01:15:00Z,139062,13.26,2026-03-13T01:13:35Z,2.338,1.223,6.643,0
2026-03-13T01:30:00Z,139063,13.24,2026-03-13T01:25:30Z,2.537,1.222,6.604,0
2026-03-13T01:45:00Z,139064,13.26,2026-03-13T01:40:40Z,2.665,1.222,6.598,0
2026-03-13T02:00:00Z,139065,13.23,2026-03-13T01:57:10Z,2.71,1.225,6.597,0
2026-03-13T02:15:00Z,139066,13.24,2026-03-13T02:02:55Z,2.774,1.227,6.577,0
2026-03-13T02:30:00Z,139067,13.26,2026-03-13T02:17:05Z,2.864,1.229,6.56,0
2026-03-13T02:45:00Z,139068,13.26,2026-03-13T02:40:10Z,2.988,1.231,6.562,0
2026-03-13T03:00:00Z,139069,13.26,2026-03-13T02:46:40Z,3.136,1.232,6.542,0
2026-03-13T03:15:00Z,139070,13.27,2026-03-13T03:02:30Z,3.269,1.233,6.529,0
2026-03-13T03:30:00Z,139071,13.24,2026-03-13T03:30:00Z,3.36,1.233,6.516,0
2026-03-13T03:45:00Z,139072,13.27,2026-03-13T03:41:30Z,3.417,1.235,6.492,0
2026-03-13T04:00:00Z,139073,13.27,2026-03-13T03:57:40Z,3.474,1.235,6.466,0
2026-03-13T04:15:00Z,139074,13.27,2026-03-13T04:03:50Z,3.561,1.24,6.463,0
2026-03-13T04:30:00Z,139075,13.28,2026-03-13T04:21:45Z,3.704,1.261,6.446,0
2026-03-13T04:45:00Z,139076,13.28,2026-03-13T04:43:55Z,3.5,1.263,6.398,0.01
2026-03-13T05:00:00Z,139077,13.28,2026-03-13T04:53:25Z,2.979,1.257,6.39,0
2026-03-13T05:15:00Z,139078,13.26,2026-03-13T05:04:00Z,2.551,1.254,6.351,0.01
2026-03-13T05:30:00Z,139079,13.26,2026-03-13T05:29:55Z,2.228,1.247,6.305,0.01
2026-03-13T05:45:00Z,139080,13.26,2026-03-13T05:31:00Z,1.97,1.245,6.26,0
2026-03-13T06:00:00Z,139081,13.27,2026-03-13T05:57:15Z,1.832,1.249,6.26,0
2026-03-13T06:15:00Z,139082,13.27,2026-03-13T06:00:15Z,1.904,1.261,6.255,0
2026-03-13T06:30:00Z,139083,13.26,2026-03-13T06:16:20Z,2.17,1.279,6.293,0
2026-03-13T06:45:00Z,139084,13.26,2026-03-13T06:38:30Z,2.737,1.291,6.293,0
2026-03-13T07:00:00Z,139085,13.26,2026-03-13T06:55:50Z,3.55,1.301,6.27,0.01
2026-03-13T07:15:00Z,139086,13.27,2026-03-13T07:06:10Z,4.276,1.289,6.268,0
2026-03-13T07:30:00Z,139087,13.24,2026-03-13T07:30:00Z,4.707,1.268,6.25,0
2026-03-13T07:45:00Z,139088,13.27,2026-03-13T07:40:35Z,5.03,1.269,6.189,0
2026-03-13T08:00:00Z,139089,13.28,2026-03-13T07:48:50Z,5.272,1.27,6.149,0
2026-03-13T08:15:00Z,139090,13.29,2026-03-13T08:05:20Z,5.505,1.269,6.115,0
2026-03-13T08:30:00Z,139091,13.39,2026-03-13T08:18:10Z,5.799,1.27,6.095,0
2026-03-13T08:45:00Z,139092,13.45,2026-03-13T08:39:30Z,6.361,1.27,6.103,0
2026-03-13T09:00:00Z,139093,13.46,2026-03-13T08:50:00Z,6.949,1.271,6.212,0
2026-03-13T09:15:00Z,139094,13.53,2026-03-13T09:07:25Z,7.554,1.27,6.313,0
2026-03-13T09:30:00Z,139095,13.55,2026-03-13T09:15:05Z,7.936,1.269,6.348,0
2026-03-13T09:45:00Z,139096,14.11,2026-03-13T09:30:05Z,8.33,1.267,6.382,0
2026-03-13T10:00:00Z,139097,14.53,2026-03-13T09:48:15Z,8.57,1.263,6.394,0
2026-03-13T10:15:00Z,139098,14.54,2026-03-13T10:04:30Z,8.68,1.257,6.397,0
2026-03-13T10:30:00Z,139099,14.51,2026-03-13T10:29:35Z,8.82,1.257,6.395,0
2026-03-13T10:45:00Z,139100,14.51,2026-03-13T10:30:05Z,8.8,1.253,6.395,0
2026-03-13T11:00:00Z,139101,14.54,2026-03-13T10:59:30Z,8.83,1.243,6.409,0
2026-03-13T11:15:00Z,139102,14.52,2026-03-13T11:02:30Z,8.67,1.236,6.444,0
2026-03-13T11:30:00Z,139103,14.55,2026-03-13T11:15:05Z,8.26,1.224,6.474,0
2026-03-13T11:45:00Z,139104,14.57,2026-03-13T11:30:05Z,7.88,1.211,6.523,0
2026-03-13T12:00:00Z,139105,14.53,2026-03-13T11:56:10Z,7.142,1.21,6.527,0
2026-03-13T12:15:00Z,139106,14.32,2026-03-13T12:15:00Z,6.396,1.214,6.515,0
2026-03-13T12:30:00Z,139107,14.14,2026-03-13T12:29:20Z,5.808,1.217,6.502,0
2026-03-13T12:45:00Z,139108,14.1,2026-03-13T12:39:00Z,5.362,1.221,6.481,0
2026-03-13T13:00:00Z,139109,14.08,2026-03-13T12:49:25Z,5.042,1.221,6.448,0
2026-03-13T13:15:00Z,139110,14.05,2026-03-13T13:10:25Z,4.793,1.22,6.408,0
2026-03-13T13:30:00Z,139111,14.01,2026-03-13T13:30:00Z,4.605,1.221,6.363,0
2026-03-13T13:45:00Z,139112,13.97,2026-03-13T13:35:35Z,4.434,1.217,6.301,0
2026-03-13T14:00:00Z,139113,14.03,2026-03-13T13:45:05Z,4.302,1.22,6.242,0
2026-03-13T14:15:00Z,139114,14.08,2026-03-13T14:02:00Z,4.242,1.22,6.19,0
2026-03-13T14:30:00Z,139115,14.11,2026-03-13T14:15:55Z,4.242,1.225,6.134,0
2026-03-13T14:45:00Z,139116,14.3,2026-03-13T14:30:05Z,4.316,1.224,6.096,0
2026-03-13T15:00:00Z,139117,14.42,2026-03-13T14:57:30Z,4.414,1.221,6.062,0
2026-03-13T15:15:00Z,139118,14.41,2026-03-13T15:05:15Z,4.511,1.222,6.021,0
2026-03-13T15:30:00Z,139119,14.24,2026-03-13T15:26:20Z,4.676,1.224,6.014,0
2026-03-13T15:45:00Z,139120,14.25,2026-03-13T15:37:15Z,4.972,1.222,6.017,0
2026-03-13T16:00:00Z,139121,14.23,2026-03-13T15:53:15Z,5.301,1.223,6.001,0
2026-03-13T16:15:00Z,139122,14.23,2026-03-13T16:01:15Z,5.717,1.226,6.008,0
2026-03-13T16:30:00Z,139123,14.2,2026-03-13T16:29:45Z,6.336,1.222,6.038,0
2026-03-13T16:45:00Z,139124,14.19,2026-03-13T16:33:15Z,6.848,1.214,6.073,0
2026-03-13T17:00:00Z,139125,14.2,2026-03-13T16:46:35Z,7.076,1.213,6.098,0
2026-03-13T17:15:00Z,139126,14.2,2026-03-13T17:07:55Z,7.041,1.212,6.131,0
2026-03-13T17:30:00Z,139127,14.16,2026-03-13T17:30:00Z,6.956,1.215,6.17,0
2026-03-13T17:45:00Z,139128,14.15,2026-03-13T17:43:30Z,6.793,1.209,6.186,0
2026-03-13T18:00:00Z,139129,14.05,2026-03-13T17:59:50Z,6.559,1.21,6.177,0
2026-03-13T18:15:00Z,139130,13.94,2026-03-13T18:15:00Z,6.306,1.21,6.158,0
2026-03-13T18:30:00Z,139131,13.82,2026-03-13T18:29:50Z,6.073,1.212,6.134,0
2026-03-13T18:45:00Z,139132,13.71,2026-03-13T18:44:25Z,5.874,1.208,6.116,0
2026-03-13T19:00:00Z,139133,13.63,2026-03-13T18:59:35Z,5.626,1.207,6.094,0
2026-03-13T19:15:00Z,139134,13.57,2026-03-13T19:13:35Z,5.281,1.207,6.061,0
2026-03-13T19:30:00Z,139135,13.51,2026-03-13T19:25:20Z,4.845,1.208,6.018,0
2026-03-13T19:45:00Z,139136,13.46,2026-03-13T19:44:45Z,4.363,1.208,5.979,0
2026-03-13T20:00:00Z,139137,13.43,2026-03-13T19:59:20Z,3.884,1.211,5.954,0
2026-03-13T20:15:00Z,139138,13.39,2026-03-13T20:13:30Z,3.428,1.212,5.931,0
2026-03-13T20:30:00Z,139139,13.37,2026-03-13T20:24:55Z,2.966,1.211,5.871,0
2026-03-13T20:45:00Z,139140,13.34,2026-03-13T20:44:30Z,2.551,1.211,5.817,0
2026-03-13T21:00:00Z,139141,13.32,2026-03-13T21:00:00Z,2.169,1.212,5.763,0
2026-03-13T21:15:00Z,139142,13.31,2026-03-13T21:02:25Z,1.889,1.213,5.725,0
2026-03-13T21:30:00Z,139143,13.3,2026-03-13T21:26:05Z,1.617,1.214,5.688,0
2026-03-13T21:45:00Z,139144,13.29,2026-03-13T21:30:05Z,1.388,1.215,5.658,0
2026-03-13T22:00:00Z,139145,13.26,2026-03-13T21:45:50Z,1.224,1.215,5.619,0
2026-03-13T22:15:00Z,139146,13.27,2026-03-13T22:07:25Z,1.037,1.215,5.589,0
2026-03-13T22:30:00Z,139147,13.26,2026-03-13T22:29:40Z,0.851,1.215,5.551,0
2026-03-13T22:45:00Z,139148,13.26,2026-03-13T22:32:20Z,0.728,1.213,5.499,0
2026-03-13T23:00:00Z,139149,13.26,2026-03-13T22:56:20Z,0.676,1.211,5.463,0
2026-03-13T23:15:00Z,139150,13.26,2026-03-13T23:02:30Z,0.716,1.211,5.425,0
2026-03-13T23:30:00Z,139151,13.26,2026-03-13T23:20:20Z,0.883,1.214,5.418,0
2026-03-13T23:45:00Z,139152,13.26,2026-03-13T23:30:50Z,0.933,1.214,5.431,0
2026-03-14T00:15:00Z,139154,13.26,2026-03-14T00:01:05Z,0.384,1.214,5.392,0
2026-03-14T00:30:00Z,139155,13.26,2026-03-14T00:15:50Z,-0.058,1.214,5.335,0
2026-03-14T00:45:00Z,139156,13.26,2026-03-14T00:30:05Z,-0.448,1.214,5.296,0
2026-03-14T01:00:00Z,139157,13.26,2026-03-14T00:47:50Z,-0.748,1.216,5.31,0
2026-03-14T01:15:00Z,139158,13.27,2026-03-14T01:00:05Z,-1.032,1.218,5.329,0
2026-03-14T01:30:00Z,139159,13.26,2026-03-14T01:16:05Z,-1.318,1.218,5.311,0
2026-03-14T01:45:00Z,139160,13.26,2026-03-14T01:36:30Z,-1.549,1.219,5.274,0
2026-03-14T02:00:00Z,139161,13.26,2026-03-14T01:47:05Z,-1.484,1.219,5.265,0
2026-03-14T02:15:00Z,139162,13.26,2026-03-14T02:02:25Z,-1.259,1.219,5.27,0
2026-03-14T02:30:00Z,139163,13.25,2026-03-14T02:26:50Z,-1.03,1.218,5.288,0
2026-03-14T02:45:00Z,139164,13.26,2026-03-14T02:30:10Z,-0.736,1.218,5.303,0
2026-03-14T03:00:00Z,139165,13.26,2026-03-14T02:57:25Z,-0.481,1.219,5.275,0
2026-03-14T03:15:00Z,139166,13.25,2026-03-14T03:02:25Z,-0.417,1.217,5.256,0
2026-03-14T03:30:00Z,139167,13.26,2026-03-14T03:22:05Z,-0.561,1.217,5.263,0
2026-03-14T03:45:00Z,139168,13.26,2026-03-14T03:43:25Z,-0.815,1.218,5.267,0
2026-03-14T04:00:00Z,139169,13.26,2026-03-14T03:45:20Z,-1.109,1.217,5.242,0
2026-03-14T04:15:00Z,139170,13.25,2026-03-14T04:00:40Z,-1.401,1.217,5.243,0
2026-03-14T04:30:00Z,139171,13.26,2026-03-14T04:17:25Z,-1.658,1.217,5.228,0
2026-03-14T04:45:00Z,139172,13.26,2026-03-14T04:30:20Z,-1.889,1.216,5.196,0
2026-03-14T05:00:00Z,139173,13.25,2026-03-14T04:56:00Z,-2.093,1.215,5.152,0
2026-03-14T05:15:00Z,139174,13.26,2026-03-14T05:00:05Z,-2.246,1.215,5.134,0
2026-03-14T05:30:00Z,139175,13.25,2026-03-14T05:22:05Z,-2.426,1.216,5.079,0
2026-03-14T05:45:00Z,139176,13.26,2026-03-14T05:30:15Z,-2.592,1.216,5.057,0
2026-03-14T06:00:00Z,139177,13.25,2026-03-14T05:48:45Z,-2.728,1.217,5.039,0
2026-03-14T06:15:00Z,139178,13.25,2026-03-14T06:02:25Z,-2.807,1.217,5.025,0
2026-03-14T06:30:00Z,139179,13.25,2026-03-14T06:20:45Z,-2.967,1.217,5.033,0
2026-03-14T06:45:00Z,139180,13.26,2026-03-14T06:31:25Z,-3.224,1.217,4.98,0
2026-03-14T07:00:00Z,139181,13.25,2026-03-14T06:46:00Z,-3.439,1.216,4.95,0
2026-03-14T07:15:00Z,139182,13.25,2026-03-14T07:02:20Z,-3.541,1.215,4.932,0
2026-03-14T07:30:00Z,139183,13.28,2026-03-14T07:15:15Z,-3.491,1.216,4.87,0
2026-03-14T07:45:00Z,139184,13.28,2026-03-14T07:30:05Z,-3.359,1.217,4.875,0
2026-03-14T08:00:00Z,139185,13.31,2026-03-14T07:48:45Z,-3.19,1.217,4.917,0
2026-03-14T08:15:00Z,139186,13.34,2026-03-14T08:06:55Z,-2.904,1.217,4.927,0
2026-03-14T08:30:00Z,139187,13.36,2026-03-14T08:15:05Z,-2.595,1.214,4.957,0
2026-03-14T08:45:00Z,139188,13.51,2026-03-14T08:31:05Z,-1.985,1.216,4.987,0
2026-03-14T09:00:00Z,139189,13.47,2026-03-14T08:52:30Z,-1.352,1.215,5.034,0
2026-03-14T09:15:00Z,139190,13.49,2026-03-14T09:02:20Z,-0.984,1.215,5.092,0
2026-03-14T09:30:00Z,139191,13.58,2026-03-14T09:15:05Z,-0.609,1.215,5.151,0
2026-03-14T09:45:00Z,139192,14.22,2026-03-14T09:30:05Z,0.126,1.218,5.26,0
2026-03-14T10:00:00Z,139193,14.75,2026-03-14T09:51:30Z,0.673,1.218,5.345,0
2026-03-14T10:15:00Z,139194,14.74,2026-03-14T10:02:30Z,0.987,1.218,5.414,0
2026-03-14T10:30:00Z,139195,14.73,2026-03-14T10:26:10Z,1.135,1.218,5.481,0
2026-03-14T10:45:00Z,139196,14.66,2026-03-14T10:45:00Z,1.522,1.219,5.566,0
2026-03-14T11:00:00Z,139197,14.32,2026-03-14T10:54:50Z,2.261,1.219,5.665,0
2026-03-14T11:15:00Z,139198,14.31,2026-03-14T11:02:20Z,2.847,1.22,5.743,0
2026-03-14T11:30:00Z,139199,14.32,2026-03-14T11:18:35Z,3.196,1.221,5.806,0
2026-03-14T11:45:00Z,139200,14.32,2026-03-14T11:31:10Z,3.178,1.22,5.851,0
2026-03-14T12:00:00Z,139201,14.32,2026-03-14T11:53:55Z,3.218,1.22,5.893,0
2026-03-14T12:15:00Z,139202,14.32,2026-03-14T12:14:30Z,3.241,1.219,5.913,0
2026-03-14T12:30:00Z,139203,14.32,2026-03-14T12:17:10Z,3.308,1.22,5.947,0
2026-03-14T12:45:00Z,139204,14.32,2026-03-14T12:38:30Z,3.325,1.219,5.979,0
2026-03-14T13:00:00Z,139205,14.31,2026-03-14T12:57:10Z,3.37,1.219,6.017,0
2026-03-14T13:15:00Z,139206,14.31,2026-03-14T13:02:20Z,3.425,1.219,6.051,0
2026-03-14T13:30:00Z,139207,14.32,2026-03-14T13:24:20Z,3.562,1.219,6.094,0
2026-03-14T13:45:00Z,139208,14.29,2026-03-14T13:42:30Z,3.654,1.22,6.125,0
2026-03-14T14:00:00Z,139209,14.29,2026-03-14T13:47:50Z,3.721,1.22,6.139,0
2026-03-14T14:15:00Z,139210,14.29,2026-03-14T14:01:00Z,3.721,1.219,6.155,0
2026-03-14T14:30:00Z,139211,14.29,2026-03-14T14:25:30Z,3.786,1.22,6.182,0
2026-03-14T14:45:00Z,139212,14.29,2026-03-14T14:41:30Z,3.782,1.22,6.206,0
2026-03-14T15:00:00Z,139213,14.29,2026-03-14T14:48:35Z,3.72,1.219,6.21,0
2026-03-14T15:15:00Z,139214,14.29,2026-03-14T15:02:20Z,3.747,1.219,6.205,0
2026-03-14T15:30:00Z,139215,14.29,2026-03-14T15:29:20Z,3.723,1.219,6.192,0
2026-03-14T15:45:00Z,139216,14.29,2026-03-14T15:39:00Z,3.695,1.219,6.192,0
2026-03-14T16:00:00Z,139217,14.28,2026-03-14T15:57:05Z,3.78,1.219,6.197,0
2026-03-14T16:15:00Z,139218,14.29,2026-03-14T16:08:25Z,3.895,1.219,6.198,0
2026-03-14T16:30:00Z,139219,14.28,2026-03-14T16:16:55Z,4.071,1.219,6.197,0
2026-03-14T16:45:00Z,139220,14.29,2026-03-14T16:36:00Z,4.056,1.219,6.187,0
2026-03-14T17:00:00Z,139221,14.28,2026-03-14T16:52:45Z,3.942,1.219,6.177,0
2026-03-14T17:15:00Z,139222,14.27,2026-03-14T17:13:30Z,3.756,1.22,6.16,0
2026-03-14T17:30:00Z,139223,14.11,2026-03-14T17:30:00Z,3.553,1.219,6.136,0
2026-03-14T17:45:00Z,139224,13.97,2026-03-14T17:44:00Z,3.331,1.219,6.11,0
2026-03-14T18:00:00Z,139225,13.82,2026-03-14T17:59:45Z,3.12,1.22,6.082,0
2026-03-14T18:15:00Z,139226,13.71,2026-03-14T18:15:00Z,2.9,1.223,6.027,0
2026-03-14T18:30:00Z,139227,13.63,2026-03-14T18:30:00Z,2.554,1.224,5.973,0
2026-03-14T18:45:00Z,139228,13.57,2026-03-14T18:44:40Z,2.018,1.22,5.898,0
2026-03-14T19:00:00Z,139229,13.51,2026-03-14T18:57:30Z,1.491,1.218,5.85,0
2026-03-14T19:15:00Z,139230,13.47,2026-03-14T19:11:45Z,1.067,1.218,5.792,0
2026-03-14T19:30:00Z,139231,13.43,2026-03-14T19:29:10Z,0.749,1.218,5.744,0
2026-03-14T19:45:00Z,139232,13.38,2026-03-14T19:44:05Z,0.52,1.217,5.7,0
2026-03-14T20:00:00Z,139233,13.36,2026-03-14T19:57:30Z,0.364,1.217,5.67,0
2026-03-14T20:15:00Z,139234,13.33,2026-03-14T20:13:35Z,0.247,1.217,5.646,0
2026-03-14T20:30:00Z,139235,13.31,2026-03-14T20:29:35Z,0.187,1.216,5.619,0
2026-03-14T20:45:00Z,139236,13.3,2026-03-14T20:38:15Z,0.18,1.215,5.587,0
2026-03-14T21:00:00Z,139237,13.29,2026-03-14T20:49:50Z,0.192,1.216,5.559,0
2026-03-14T21:15:00Z,139238,13.27,2026-03-14T21:11:35Z,0.244,1.217,5.534,0
2026-03-14T21:30:00Z,139239,13.26,2026-03-14T21:19:45Z,0.336,1.217,5.504,0
2026-03-14T21:45:00Z,139240,13.26,2026-03-14T21:39:45Z,0.435,1.217,5.474,0
2026-03-14T22:00:00Z,139241,13.26,2026-03-14T21:49:15Z,0.561,1.217,5.441,0
2026-03-14T22:15:00Z,139242,13.26,2026-03-14T22:02:30Z,0.697,1.217,5.409,0
2026-03-14T22:30:00Z,139243,13.26,2026-03-14T22:15:05Z,0.838,1.216,5.389,0
2026-03-14T22:45:00Z,139244,13.25,2026-03-14T22:43:55Z,0.973,1.216,5.373,0
2026-03-14T23:00:00Z,139245,13.26,2026-03-14T22:53:35Z,1.097,1.216,5.361,0
2026-03-14T23:15:00Z,139246,13.26,2026-03-14T23:00:25Z,1.212,1.215,5.357,0
2026-03-14T23:30:00Z,139247,13.25,2026-03-14T23:28:45Z,1.321,1.215,5.351,0
2026-03-14T23:45:00Z,139248,13.25,2026-03-14T23:36:00Z,1.43,1.215,5.334,0
2026-03-15T00:15:00Z,139250,13.25,2026-03-15T00:03:25Z,1.561,1.215,5.299,0
2026-03-15T00:30:00Z,139251,13.26,2026-03-15T00:29:55Z,1.566,1.212,5.299,0
2026-03-15T00:45:00Z,139252,13.23,2026-03-15T00:30:20Z,1.565,1.213,5.292,0
2026-03-15T01:00:00Z,139253,13.26,2026-03-15T00:47:55Z,1.566,1.214,5.292,0
2026-03-15T01:15:00Z,139254,13.27,2026-03-15T01:01:40Z,1.565,1.214,5.265,0
2026-03-15T01:30:00Z,139255,13.26,2026-03-15T01:18:15Z,1.565,1.213,5.235,0
2026-03-15T01:45:00Z,139256,13.26,2026-03-15T01:44:05Z,1.546,1.213,5.227,0
2026-03-15T02:00:00Z,139257,13.25,2026-03-15T01:57:35Z,1.56,1.213,5.233,0
2026-03-15T02:15:00Z,139258,13.24,2026-03-15T02:08:25Z,1.584,1.213,5.218,0
2026-03-15T02:30:00Z,139259,13.26,2026-03-15T02:15:45Z,1.619,1.214,5.18,0
2026-03-15T02:45:00Z,139260,13.26,2026-03-15T02:32:10Z,1.646,1.216,5.162,0
2026-03-15T03:00:00Z,139261,13.24,2026-03-15T02:54:50Z,1.674,1.215,5.142,0
2026-03-15T03:15:00Z,139262,13.26,2026-03-15T03:08:15Z,1.706,1.214,5.139,0
2026-03-15T03:30:00Z,139263,13.26,2026-03-15T03:16:40Z,1.744,1.213,5.153,0
2026-03-15T03:45:00Z,139264,13.26,2026-03-15T03:32:20Z,1.783,1.214,5.146,0
2026-03-15T04:00:00Z,139265,13.26,2026-03-15T03:52:50Z,1.837,1.214,5.138,0
2026-03-15T04:15:00Z,139266,13.26,2026-03-15T04:08:35Z,1.924,1.214,5.141,0
2026-03-15T04:30:00Z,139267,13.26,2026-03-15T04:21:20Z,2.016,1.214,5.129,0
2026-03-15T04:45:00Z,139268,13.26,2026-03-15T04:33:40Z,2.099,1.214,5.111,0
2026-03-15T05:00:00Z,139269,13.26,2026-03-15T04:47:20Z,2.153,1.214,5.098,0
2026-03-15T05:15:00Z,139270,13.24,2026-03-15T05:02:55Z,2.145,1.215,5.081,0
2026-03-15T05:30:00Z,139271,13.26,2026-03-15T05:16:45Z,2.114,1.216,5.085,0
2026-03-15T05:45:00Z,139272,13.26,2026-03-15T05:43:50Z,2.083,1.212,5.111,0
2026-03-15T06:00:00Z,139273,13.26,2026-03-15T05:57:25Z,2.076,1.212,5.122,0
2026-03-15T06:15:00Z,139274,13.26,2026-03-15T06:12:55Z,2.076,1.214,5.116,0
2026-03-15T06:30:00Z,139275,13.24,2026-03-15T06:27:40Z,2.045,1.214,5.089,0
2026-03-15T06:45:00Z,139276,13.26,2026-03-15T06:32:30Z,2.003,1.214,5.102,0
2026-03-15T07:00:00Z,139277,13.26,2026-03-15T06:55:05Z,1.979,1.215,5.11,0
2026-03-15T07:15:00Z,139278,13.26,2026-03-15T07:03:55Z,1.956,1.215,5.118,0
2026-03-15T07:30:00Z,139279,13.27,2026-03-15T07:19:50Z,1.914,1.214,5.123,0
2026-03-15T07:45:00Z,139280,13.26,2026-03-15T07:34:20Z,1.885,1.214,5.126,0
2026-03-15T08:00:00Z,139281,13.26,2026-03-15T07:49:25Z,1.911,1.214,5.128,0
2026-03-15T08:15:00Z,139282,13.29,2026-03-15T08:02:30Z,1.981,1.214,5.133,0
2026-03-15T08:30:00Z,139283,13.31,2026-03-15T08:20:45Z,2.107,1.211,5.132,0
2026-03-15T08:45:00Z,139284,13.34,2026-03-15T08:36:30Z,2.329,1.21,5.141,0
2026-03-15T09:00:00Z,139285,13.35,2026-03-15T08:46:25Z,2.639,1.208,5.17,0
2026-03-15T09:15:00Z,139286,13.38,2026-03-15T09:01:10Z,3.059,1.208,5.208,0
2026-03-15T09:30:00Z,139287,13.43,2026-03-15T09:15:05Z,3.565,1.208,5.24,0
2026-03-15T09:45:00Z,139288,13.51,2026-03-15T09:31:55Z,4.17,1.206,5.281,0
2026-03-15T10:00:00Z,139289,13.56,2026-03-15T09:55:05Z,4.847,1.205,5.356,0
2026-03-15T10:15:00Z,139290,13.67,2026-03-15T10:00:15Z,5.695,1.203,5.448,0
2026-03-15T10:30:00Z,139291,14.41,2026-03-15T10:15:05Z,6.611,1.206,5.577,0
2026-03-15T10:45:00Z,139292,14.54,2026-03-15T10:38:45Z,7.474,1.208,5.711,0
2026-03-15T11:00:00Z,139293,14.54,2026-03-15T10:51:25Z,8.28,1.207,5.821,0
2026-03-15T11:15:00Z,139294,14.51,2026-03-15T11:14:05Z,9.09,1.204,5.939,0
2026-03-15T11:30:00Z,139295,14.09,2026-03-15T11:29:05Z,10.02,1.205,6.064,0
2026-03-15T11:45:00Z,139296,14.08,2026-03-15T11:37:50Z,10.89,1.203,6.147,0
2026-03-15T12:00:00Z,139297,14.04,2026-03-15T11:56:15Z,11.66,1.204,6.191,0
2026-03-15T12:15:00Z,139298,14.02,2026-03-15T12:14:10Z,12.59,1.205,6.243,0
2026-03-15T12:30:00Z,139299,13.99,2026-03-15T12:30:00Z,13.64,1.205,6.319,0
2026-03-15T12:45:00Z,139300,13.97,2026-03-15T12:40:20Z,14.82,1.206,6.353,0
2026-03-15T13:00:00Z,139301,13.94,2026-03-15T12:47:10Z,15.9,1.221,6.37,0
2026-03-15T13:15:00Z,139302,13.9,2026-03-15T13:08:35Z,16.86,1.225,6.4,0
2026-03-15T13:30:00Z,139303,13.9,2026-03-15T13:15:05Z,17.43,1.232,6.459,0
2026-03-15T13:45:00Z,139304,13.88,2026-03-15T13:38:25Z,17.83,1.237,6.495,0
2026-03-15T14:00:00Z,139305,13.88,2026-03-15T13:46:00Z,18.08,1.234,6.492,0
2026-03-15T14:15:00Z,139306,13.88,2026-03-15T14:02:30Z,18.2,1.231,6.52,0
2026-03-15T14:30:00Z,139307,13.87,2026-03-15T14:30:00Z,18.21,1.232,6.46,0
2026-03-15T14:45:00Z,139308,13.88,2026-03-15T14:32:00Z,18.18,1.24,6.386,0
2026-03-15T15:00:00Z,139309,13.88,2026-03-15T14:57:30Z,18.24,1.243,6.384,0
2026-03-15T15:15:00Z,139310,13.88,2026-03-15T15:11:05Z,18.47,1.239,6.479,0
2026-03-15T15:30:00Z,139311,13.85,2026-03-15T15:25:30Z,18.79,1.245,6.524,0
2026-03-15T15:45:00Z,139312,13.85,2026-03-15T15:30:05Z,18.99,1.246,6.588,0
2026-03-15T16:00:00Z,139313,13.85,2026-03-15T15:46:30Z,19.21,1.254,6.677,0
2026-03-15T16:15:00Z,139314,13.85,2026-03-15T16:00:10Z,19.38,1.257,6.659,0
2026-03-15T16:30:00Z,139315,13.82,2026-03-15T16:30:00Z,19.54,1.264,6.649,0
2026-03-15T16:45:00Z,139316,13.85,2026-03-15T16:34:50Z,19.55,1.271,6.597,0
2026-03-15T17:00:00Z,139317,13.85,2026-03-15T16:45:30Z,19.48,1.263,6.689,0
2026-03-15T17:15:00Z,139318,13.84,2026-03-15T17:02:35Z,19.29,1.25,6.766,0
2026-03-15T17:30:00Z,139319,13.85,2026-03-15T17:22:50Z,19.15,1.247,6.762,0
2026-03-15T17:45:00Z,139320,13.77,2026-03-15T17:44:40Z,18.97,1.238,6.77,0
2026-03-15T18:00:00Z,139321,13.7,2026-03-15T18:00:00Z,18.82,1.239,6.737,0
2026-03-15T18:15:00Z,139322,13.64,2026-03-15T18:14:55Z,18.72,1.239,6.683,0
2026-03-15T18:30:00Z,139323,13.57,2026-03-15T18:29:30Z,18.58,1.243,6.667,0
2026-03-15T18:45:00Z,139324,13.52,2026-03-15T18:42:50Z,18.56,1.245,6.658,0
2026-03-15T19:00:00Z,139325,13.47,2026-03-15T18:58:40Z,18.46,1.24,6.691,0
2026-03-15T19:15:00Z,139326,13.43,2026-03-15T19:14:55Z,18.28,1.233,6.693,0
2026-03-15T19:30:00Z,139327,13.39,2026-03-15T19:28:30Z,18.15,1.23,6.707,0
2026-03-15T19:45:00Z,139328,13.37,2026-03-15T19:44:00Z,18.02,1.225,6.701,0
2026-03-15T20:00:00Z,139329,13.35,2026-03-15T19:57:25Z,17.91,1.218,6.711,0
2026-03-15T20:15:00Z,139330,13.33,2026-03-15T20:02:35Z,17.87,1.216,6.699,0
2026-03-15T20:30:00Z,139331,13.31,2026-03-15T20:29:55Z,17.85,1.213,6.7,0
2026-03-15T20:45:00Z,139332,13.3,2026-03-15T20:40:40Z,17.8,1.21,6.724,0
2026-03-15T21:00:00Z,139333,13.3,2026-03-15T20:57:30Z,17.66,1.212,6.729,0
2026-03-15T21:15:00Z,139334,13.3,2026-03-15T21:00:05Z,17.54,1.214,6.664,0
2026-03-15T21:30:00Z,139335,13.29,2026-03-15T21:24:05Z,17.52,1.218,6.684,0
2026-03-15T21:45:00Z,139336,13.3,2026-03-15T21:31:40Z,17.43,1.222,6.709,0
2026-03-15T22:00:00Z,139337,13.29,2026-03-15T21:58:35Z,17.19,1.227,6.742,0
2026-03-15T22:15:00Z,139338,13.29,2026-03-15T22:02:25Z,16.47,1.23,6.785,0.01
2026-03-15T22:30:00Z,139339,13.3,2026-03-15T22:15:05Z,15.62,1.225,6.824,0
2026-03-15T22:45:00Z,139340,13.29,2026-03-15T22:31:35Z,15.19,1.225,6.828,0
2026-03-15T23:00:00Z,139341,13.29,2026-03-15T22:57:30Z,15.08,1.241,6.828,0.06
2026-03-15T23:15:00Z,139342,13.28,2026-03-15T23:07:40Z,14.38,1.251,6.787,0.07
2026-03-15T23:30:00Z,139343,13.29,2026-03-15T23:15:40Z,13.47,1.239,6.846,0.05
2026-03-15T23:45:00Z,139344,13.29,2026-03-15T23:35:15Z,12.89,1.23,6.876,0.04
2026-03-16T00:15:00Z,139346,13.29,2026-03-16T00:12:35Z,12.1,1.233,6.887,0.08
2026-03-16T00:30:00Z,139347,13.29,2026-03-16T00:28:35Z,11.69,1.238,6.874,0.07
2026-03-16T00:45:00Z,139348,13.28,2026-03-16T00:39:10Z,11.42,1.242,6.875,0.04
2026-03-16T01:00:00Z,139349,13.29,2026-03-16T00:47:15Z,11.33,1.247,6.88,0.02
2026-03-16T01:15:00Z,139350,13.29,2026-03-16T01:00:05Z,11.39,1.249,6.886,0
2026-03-16T01:30:00Z,139351,13.28,2026-03-16T01:16:35Z,11.5,1.252,6.912,0
2026-03-16T01:45:00Z,139352,13.29,2026-03-16T01:30:05Z,11.57,1.253,6.907,0
2026-03-16T02:00:00Z,139353,13.29,2026-03-16T01:46:55Z,11.6,1.256,6.896,0
2026-03-16T02:15:00Z,139354,13.29,2026-03-16T02:01:50Z,11.6,1.263,6.89,0
2026-03-16T02:30:00Z,139355,13.28,2026-03-16T02:23:55Z,11.58,1.272,6.883,0
2026-03-16T02:45:00Z,139356,13.28,2026-03-16T02:44:35Z,11.52,1.281,6.886,0
2026-03-16T03:00:00Z,139357,13.28,2026-03-16T02:45:40Z,11.08,1.286,6.903,0
2026-03-16T03:15:00Z,139358,13.28,2026-03-16T03:11:55Z,10.09,1.29,6.902,0
2026-03-16T03:30:00Z,139359,13.28,2026-03-16T03:26:05Z,8.76,1.286,6.896,0
2026-03-16T03:45:00Z,139360,13.28,2026-03-16T03:37:35Z,7.518,1.277,6.857,0
2026-03-16T04:00:00Z,139361,13.28,2026-03-16T03:56:20Z,6.524,1.274,6.799,0
2026-03-16T04:15:00Z,139362,13.28,2026-03-16T04:00:35Z,5.727,1.273,6.721,0
2026-03-16T04:30:00Z,139363,13.28,2026-03-16T04:15:05Z,5.128,1.273,6.648,0
2026-03-16T04:45:00Z,139364,13.27,2026-03-16T04:36:25Z,4.67,1.267,6.626,0
2026-03-16T05:00:00Z,139365,13.26,2026-03-16T04:48:40Z,4.323,1.271,6.57,0
2026-03-16T05:15:00Z,139366,13.28,2026-03-16T05:14:25Z,4.018,1.269,6.49,0
2026-03-16T05:30:00Z,139367,13.27,2026-03-16T05:17:20Z,3.687,1.263,6.442,0
2026-03-16T05:45:00Z,139368,13.27,2026-03-16T05:38:35Z,3.324,1.26,6.427,0
2026-03-16T06:00:00Z,139369,13.27,2026-03-16T05:47:00Z,3.037,1.263,6.393,0
2026-03-16T06:15:00Z,139370,13.26,2026-03-16T06:02:30Z,2.767,1.266,6.326,0
2026-03-16T06:30:00Z,139371,13.26,2026-03-16T06:30:00Z,2.522,1.267,6.283,0
2026-03-16T06:45:00Z,139372,13.26,2026-03-16T06:44:15Z,2.221,1.267,6.226,0
2026-03-16T07:00:00Z,139373,13.26,2026-03-16T06:46:20Z,1.925,1.271,6.157,0
2026-03-16T07:15:00Z,139374,13.26,2026-03-16T07:02:20Z,1.634,1.276,6.088,0
2026-03-16T07:30:00Z,139375,13.26,2026-03-16T07:29:40Z,1.337,1.277,6.008,0
2026-03-16T07:45:00Z,139376,13.27,2026-03-16T07:31:40Z,1.053,1.278,5.926,0
2026-03-16T08:00:00Z,139377,13.27,2026-03-16T07:59:10Z,0.795,1.273,5.868,0
2026-03-16T08:15:00Z,139378,13.28,2026-03-16T08:03:40Z,0.564,1.273,5.829,0
2026-03-16T08:30:00Z,139379,13.28,2026-03-16T08:16:25Z,0.37,1.276,5.778,0
2026-03-16T08:45:00Z,139380,13.31,2026-03-16T08:35:40Z,0.231,1.271,5.722,0
2026-03-16T09:00:00Z,139381,13.29,2026-03-16T08:53:00Z,0.108,1.266,5.694,0
2026-03-16T09:15:00Z,139382,13.32,2026-03-16T09:07:00Z,0.038,1.258,5.662,0
2026-03-16T09:30:00Z,139383,13.34,2026-03-16T09:18:05Z,-0.04,1.257,5.641,0
2026-03-16T09:45:00Z,139384,13.4,2026-03-16T09:30:10Z,-0.143,1.254,5.628,0
2026-03-16T10:00:00Z,139385,13.42,2026-03-16T09:45:50Z,-0.138,1.255,5.65,0
2026-03-16T10:15:00Z,139386,13.53,2026-03-16T10:13:35Z,0.042,1.255,5.703,0
2026-03-16T10:30:00Z,139387,13.51,2026-03-16T10:25:45Z,0.227,1.25,5.734,0
2026-03-16T10:45:00Z,139388,13.51,2026-03-16T10:36:10Z,0.267,1.25,5.757,0
2026-03-16T11:00:00Z,139389,13.51,2026-03-16T10:45:05Z,0.211,1.249,5.8,0
2026-03-16T11:15:00Z,139390,13.57,2026-03-16T11:12:45Z,0.244,1.249,5.818,0
2026-03-16T11:30:00Z,139391,13.59,2026-03-16T11:15:15Z,0.211,1.247,5.843,0
2026-03-16T11:45:00Z,139392,14.29,2026-03-16T11:30:05Z,0.199,1.249,5.899,0
2026-03-16T12:00:00Z,139393,14.81,2026-03-16T11:56:20Z,0.231,1.248,5.928,0
2026-03-16T12:15:00Z,139394,14.79,2026-03-16T12:14:40Z,0.377,1.25,5.993,0
2026-03-16T12:30:00Z,139395,14.77,2026-03-16T12:19:30Z,0.634,1.25,6.031,0
2026-03-16T12:45:00Z,139396,14.78,2026-03-16T12:34:30Z,0.668,1.251,6.004,0
2026-03-16T13:00:00Z,139397,14.74,2026-03-16T13:00:00Z,0.612,1.249,6.042,0
2026-03-16T13:15:00Z,139398,14.39,2026-03-16T13:15:00Z,0.51,1.251,6.103,0
2026-03-16T13:30:00Z,139399,14.38,2026-03-16T13:16:15Z,0.577,1.25,6.201,0
2026-03-16T13:45:00Z,139400,14.4,2026-03-16T13:44:05Z,0.128,1.246,6.231,0
2026-03-16T14:00:00Z,139401,14.4,2026-03-16T13:47:20Z,-0.131,1.247,6.261,0
2026-03-16T14:15:00Z,139402,14.4,2026-03-16T14:00:05Z,-0.356,1.245,6.239,0
2026-03-16T14:30:00Z,139403,14.4,2026-03-16T14:25:20Z,-0.267,1.246,6.223,0
2026-03-16T14:45:00Z,139404,14.37,2026-03-16T14:42:15Z,-0.15,1.247,6.252,0
2026-03-16T15:00:00Z,139405,14.4,2026-03-16T14:56:05Z,-0.388,1.24,6.246,0
2026-03-16T15:15:00Z,139406,14.43,2026-03-16T15:00:25Z,-0.807,1.241,6.241,0
2026-03-16T15:30:00Z,139407,14.44,2026-03-16T15:15:05Z,-0.945,1.244,6.238,0
2026-03-16T15:45:00Z,139408,14.43,2026-03-16T15:39:00Z,-0.86,1.246,6.245,0
2026-03-16T16:00:00Z,139409,14.41,2026-03-16T15:54:30Z,-0.712,1.242,6.245,0
2026-03-16T16:15:00Z,139410,14.4,2026-03-16T16:02:25Z,-0.534,1.239,6.25,0
2026-03-16T16:30:00Z,139411,14.4,2026-03-16T16:29:55Z,-0.645,1.24,6.228,0
2026-03-16T16:45:00Z,139412,14.38,2026-03-16T16:44:55Z,-0.494,1.238,6.211,0
2026-03-16T17:00:00Z,139413,14.37,2026-03-16T16:45:30Z,-1.014,1.234,6.165,0
2026-03-16T17:15:00Z,139414,14.44,2026-03-16T17:00:05Z,-1.655,1.234,6.116,0
2026-03-16T17:30:00Z,139415,14.47,2026-03-16T17:15:10Z,-2.113,1.237,6.07,0
2026-03-16T17:45:00Z,139416,14.39,2026-03-16T17:43:20Z,-2.433,1.238,6.023,0
2026-03-16T18:00:00Z,139417,14.32,2026-03-16T17:52:35Z,-2.723,1.238,5.971,0
2026-03-16T18:15:00Z,139418,13.98,2026-03-16T18:14:55Z,-2.954,1.24,5.922,0
2026-03-16T18:30:00Z,139419,13.84,2026-03-16T18:29:55Z,-3.263,1.242,5.876,0.01
2026-03-16T18:45:00Z,139420,13.72,2026-03-16T18:44:35Z,-3.738,1.24,5.82,0
2026-03-16T19:00:00Z,139421,13.63,2026-03-16T18:57:25Z,-4.104,1.237,5.758,0
2026-03-16T19:15:00Z,139422,13.58,2026-03-16T19:14:35Z,-4.399,1.238,5.703,0
2026-03-16T19:30:00Z,139423,13.51,2026-03-16T19:30:00Z,-4.6,1.237,5.644,0
2026-03-16T19:45:00Z,139424,13.47,2026-03-16T19:43:55Z,-4.657,1.236,5.605,0
2026-03-16T20:00:00Z,139425,13.42,2026-03-16T19:58:00Z,-4.656,1.236,5.572,0
2026-03-16T20:15:00Z,139426,13.4,2026-03-16T20:12:30Z,-4.695,1.238,5.524,0
2026-03-16T20:30:00Z,139427,13.35,2026-03-16T20:29:55Z,-4.762,1.236,5.471,0
2026-03-16T20:45:00Z,139428,13.34,2026-03-16T20:44:25Z,-4.826,1.237,5.43,0
2026-03-16T21:00:00Z,139429,13.3,2026-03-16T20:57:25Z,-4.865,1.236,5.408,0
2026-03-16T21:15:00Z,139430,13.29,2026-03-16T21:09:10Z,-4.869,1.237,5.384,0
2026-03-16T21:30:00Z,139431,13.27,2026-03-16T21:29:50Z,-4.84,1.24,5.344,0
2026-03-16T21:45:00Z,139432,13.27,2026-03-16T21:32:30Z,-4.87,1.241,5.292,0
2026-03-16T22:00:00Z,139433,13.26,2026-03-16T21:56:30Z,-4.973,1.241,5.25,0
2026-03-16T22:15:00Z,139434,13.25,2026-03-16T22:02:30Z,-5.069,1.241,5.196,0
2026-03-16T22:30:00Z,139435,13.24,2026-03-16T22:21:20Z,-5.101,1.241,5.16,0
2026-03-16T22:45:00Z,139436,13.24,2026-03-16T22:34:40Z,-5.147,1.241,5.125,0
2026-03-16T23:00:00Z,139437,13.21,2026-03-16T22:46:10Z,-5.238,1.241,5.08,0
2026-03-16T23:15:00Z,139438,13.24,2026-03-16T23:04:25Z,-5.334,1.24,5.029,0
2026-03-16T23:30:00Z,139439,13.24,2026-03-16T23:19:10Z,-5.425,1.24,4.992,0
2026-03-16T23:45:00Z,139440,13.24,2026-03-16T23:36:00Z,-5.462,1.241,4.954,0
2026-03-17T00:15:00Z,139442,13.23,2026-03-17T00:02:25Z,-5.527,1.239,4.896,0
2026-03-17T00:30:00Z,139443,13.24,2026-03-17T00:17:50Z,-5.758,1.242,4.864,0
2026-03-17T00:45:00Z,139444,13.24,2026-03-17T00:43:35Z,-6.005,1.243,4.817,0
2026-03-17T01:00:00Z,139445,13.21,2026-03-17T00:46:35Z,-6.198,1.242,4.793,0
2026-03-17T01:15:00Z,139446,13.24,2026-03-17T01:00:05Z,-6.387,1.241,4.788,0
2026-03-17T01:30:00Z,139447,13.23,2026-03-17T01:26:00Z,-6.612,1.24,4.739,0
2026-03-17T01:45:00Z,139448,13.22,2026-03-17T01:36:35Z,-6.886,1.24,4.691,0
2026-03-17T02:00:00Z,139449,13.24,2026-03-17T01:47:00Z,-7.034,1.24,4.631,0
2026-03-17T02:15:00Z,139450,13.23,2026-03-17T02:04:20Z,-6.99,1.239,4.641,0
2026-03-17T02:30:00Z,139451,13.24,2026-03-17T02:15:05Z,-6.946,1.239,4.612,0
2026-03-17T02:45:00Z,139452,13.23,2026-03-17T02:36:25Z,-6.911,1.239,4.637,0
2026-03-17T03:00:00Z,139453,13.23,2026-03-17T02:57:35Z,-6.943,1.24,4.639,0
2026-03-17T03:15:00Z,139454,13.23,2026-03-17T03:09:10Z,-6.984,1.24,4.612,0
2026-03-17T03:30:00Z,139455,13.23,2026-03-17T03:30:00Z,-7.075,1.241,4.573,0
2026-03-17T03:45:00Z,139456,13.24,2026-03-17T03:30:05Z,-7.203,1.242,4.535,0
2026-03-17T04:00:00Z,139457,13.22,2026-03-17T03:53:35Z,-7.531,1.241,4.48,0
2026-03-17T04:15:00Z,139458,13.22,2026-03-17T04:02:25Z,-7.929,1.241,4.431,0
2026-03-17T04:30:00Z,139459,13.21,2026-03-17T04:29:00Z,-8.11,1.239,4.389,0
2026-03-17T04:45:00Z,139460,13.21,2026-03-17T04:34:05Z,-8.15,1.239,4.39,0
2026-03-17T05:00:00Z,139461,13.23,2026-03-17T04:56:55Z,-8.35,1.24,4.33,0
2026-03-17T05:15:00Z,139462,13.23,2026-03-17T05:07:05Z,-8.44,1.242,4.27,0
2026-03-17T05:30:00Z,139463,13.22,2026-03-17T05:25:00Z,-8.38,1.242,4.24,0
2026-03-17T05:45:00Z,139464,13.23,2026-03-17T05:36:55Z,-8.34,1.24,4.181,0
2026-03-17T06:00:00Z,139465,13.23,2026-03-17T05:47:35Z,-8.4,1.24,4.107,0
2026-03-17T06:15:00Z,139466,13.23,2026-03-17T06:02:30Z,-8.49,1.24,4.06,0
2026-03-17T06:30:00Z,139467,13.23,2026-03-17T06:16:35Z,-8.51,1.24,4.026,0
2026-03-17T06:45:00Z,139468,13.22,2026-03-17T06:30:05Z,-8.4,1.241,4.046,0
2026-03-17T07:00:00Z,139469,13.22,2026-03-17T06:53:10Z,-8.33,1.241,4.023,0
2026-03-17T07:15:00Z,139470,13.21,2026-03-17T07:01:15Z,-8.29,1.241,3.977,0
2026-03-17T07:30:00Z,139471,13.25,2026-03-17T07:15:35Z,-8.25,1.24,3.896,0
2026-03-17T07:45:00Z,139472,13.26,2026-03-17T07:30:40Z,-8.21,1.24,3.827,0
2026-03-17T08:00:00Z,139473,13.31,2026-03-17T07:50:15Z,-8.03,1.24,3.805,0
2026-03-17T08:15:00Z,139474,13.3,2026-03-17T08:02:25Z,-7.76,1.24,3.799,0
2026-03-17T08:30:00Z,139475,13.31,2026-03-17T08:15:05Z,-7.538,1.238,3.861,0
2026-03-17T08:45:00Z,139476,13.58,2026-03-17T08:33:25Z,-7.031,1.238,3.92,0
2026-03-17T09:00:00Z,139477,13.47,2026-03-17T08:53:00Z,-6.126,1.238,3.985,0
2026-03-17T09:15:00Z,139478,13.49,2026-03-17T09:00:05Z,-5.781,1.238,4.011,0
2026-03-17T09:30:00Z,139479,13.46,2026-03-17T09:17:30Z,-5.705,1.236,4.014,0
2026-03-17T09:45:00Z,139480,13.47,2026-03-17T09:30:05Z,-5.746,1.236,3.982,0
2026-03-17T10:00:00Z,139481,13.56,2026-03-17T09:49:55Z,-5.67,1.235,3.951,0
2026-03-17T10:15:00Z,139482,13.53,2026-03-17T10:09:15Z,-5.418,1.237,3.97,0
2026-03-17T10:30:00Z,139483,13.78,2026-03-17T10:16:00Z,-5.194,1.233,3.992,0
2026-03-17T10:45:00Z,139484,13.91,2026-03-17T10:35:35Z,-4.267,1.234,5.768,0
2026-03-17T11:00:00Z,139485,14.89,2026-03-17T10:57:30Z,-3.183,1.238,4.412,0
2026-03-17T11:15:00Z,139486,14.89,2026-03-17T11:02:05Z,-2.901,1.237,4.317,0
2026-03-17T11:30:00Z,139487,14.89,2026-03-17T11:22:40Z,-2.978,1.236,4.306,0
2026-03-17T11:45:00Z,139488,14.89,2026-03-17T11:40:45Z,-3.264,1.236,4.259,0
2026-03-17T12:00:00Z,139489,14.53,2026-03-17T12:00:00Z,-3.625,1.234,4.281,0
2026-03-17T12:15:00Z,139490,14.49,2026-03-17T12:03:30Z,-3.743,1.234,4.414,0
2026-03-17T12:30:00Z,139491,14.46,2026-03-17T12:30:00Z,-3.292,1.234,4.585,0
2026-03-17T12:45:00Z,139492,14.45,2026-03-17T12:39:45Z,-2.754,1.232,4.67,0
2026-03-17T13:00:00Z,139493,14.47,2026-03-17T12:45:05Z,-2.383,1.232,4.797,0
2026-03-17T13:15:00Z,139494,14.45,2026-03-17T13:08:05Z,-2.376,1.232,4.894,0
2026-03-17T13:30:00Z,139495,14.46,2026-03-17T13:25:20Z,-2.588,1.232,4.973,0
2026-03-17T13:45:00Z,139496,14.46,2026-03-17T13:37:40Z,-2.22,1.235,5.132,0
2026-03-17T14:00:00Z,139497,14.45,2026-03-17T13:53:35Z,-2.025,1.234,5.19,0
2026-03-17T14:15:00Z,139498,14.46,2026-03-17T14:01:35Z,-2.365,1.228,5.114,0
2026-03-17T14:30:00Z,139499,14.46,2026-03-17T14:20:35Z,-2.402,1.232,5.188,0
2026-03-17T14:45:00Z,139500,14.46,2026-03-17T14:30:10Z,-2.652,1.232,5.228,0
2026-03-17T15:00:00Z,139501,14.49,2026-03-17T14:46:20Z,-2.772,1.231,5.251,0
2026-03-17T15:15:00Z,139502,14.5,2026-03-17T15:03:35Z,-2.805,1.228,5.269,0
2026-03-17T15:30:00Z,139503,14.46,2026-03-17T15:23:15Z,-2.803,1.231,5.281,0
2026-03-17T15:45:00Z,139504,14.46,2026-03-17T15:34:10Z,-2.586,1.232,5.297,0
2026-03-17T16:00:00Z,139505,14.45,2026-03-17T15:50:00Z,-2.668,1.23,5.302,0
2026-03-17T16:15:00Z,139506,14.49,2026-03-17T16:13:15Z,-2.925,1.231,5.282,0
2026-03-17T16:30:00Z,139507,14.49,2026-03-17T16:18:30Z,-3.227,1.231,5.27,0
2026-03-17T16:45:00Z,139508,14.47,2026-03-17T16:38:05Z,-3.549,1.231,5.242,0
2026-03-17T17:00:00Z,139509,14.52,2026-03-17T16:45:40Z,-3.85,1.23,5.2,0
2026-03-17T17:15:00Z,139510,14.51,2026-03-17T17:14:30Z,-4.05,1.23,5.176,0
2026-03-17T17:30:00Z,139511,14.5,2026-03-17T17:29:40Z,-4.204,1.231,5.146,0
2026-03-17T17:45:00Z,139512,14.4,2026-03-17T17:44:40Z,-4.422,1.231,5.093,0
2026-03-17T18:00:00Z,139513,14.1,2026-03-17T17:59:25Z,-4.658,1.231,5.028,0
2026-03-17T18:15:00Z,139514,13.91,2026-03-17T18:14:45Z,-4.91,1.231,4.968,0
2026-03-17T18:30:00Z,139515,13.78,2026-03-17T18:30:00Z,-5.169,1.23,4.923,0
2026-03-17T18:45:00Z,139516,13.67,2026-03-17T18:44:10Z,-5.484,1.23,4.871,0
2026-03-17T19:00:00Z,139517,13.6,2026-03-17T18:57:30Z,-5.938,1.229,4.806,0
2026-03-17T19:15:00Z,139518,13.54,2026-03-17T19:14:50Z,-6.4,1.23,4.736,0
2026-03-17T19:30:00Z,139519,13.49,2026-03-17T19:29:45Z,-6.827,1.23,4.664,0
2026-03-17T19:45:00Z,139520,13.45,2026-03-17T19:44:10Z,-7.157,1.231,4.595,0
2026-03-17T20:00:00Z,139521,13.41,2026-03-17T19:58:30Z,-7.434,1.231,4.537,0
2026-03-17T20:15:00Z,139522,13.37,2026-03-17T20:14:40Z,-7.626,1.23,4.455,0
2026-03-17T20:30:00Z,139523,13.34,2026-03-17T20:28:25Z,-7.744,1.23,4.383,0
2026-03-17T20:45:00Z,139524,13.32,2026-03-17T20:43:30Z,-7.864,1.229,4.314,0
2026-03-17T21:00:00Z,139525,13.29,2026-03-17T20:52:00Z,-8.02,1.229,4.233,0
2026-03-17T21:15:00Z,139526,13.28,2026-03-17T21:13:45Z,-8.18,1.229,4.157,0
2026-03-17T21:30:00Z,139527,13.26,2026-03-17T21:24:25Z,-8.21,1.229,4.089,0
2026-03-17T21:45:00Z,139528,13.25,2026-03-17T21:43:05Z,-8.17,1.229,4.015,0
2026-03-17T22:00:00Z,139529,13.24,2026-03-17T21:58:10Z,-8.14,1.229,3.949,0
2026-03-17T22:15:00Z,139530,13.24,2026-03-17T22:04:25Z,-8.09,1.229,3.909,0
2026-03-17T22:30:00Z,139531,13.24,2026-03-17T22:20:25Z,-7.95,1.229,3.847,0
2026-03-17T22:45:00Z,139532,13.23,2026-03-17T22:41:45Z,-7.745,1.229,3.808,0
2026-03-17T23:00:00Z,139533,13.22,2026-03-17T22:46:45Z,-7.519,1.229,3.78,0
2026-03-17T23:15:00Z,139534,13.23,2026-03-17T23:02:10Z,-7.322,1.229,3.731,0
2026-03-17T23:30:00Z,139535,13.23,2026-03-17T23:19:05Z,-7.195,1.229,3.67,0
2026-03-17T23:45:00Z,139536,13.23,2026-03-17T23:34:10Z,-7.144,1.229,3.622,0
2026-03-18T00:15:00Z,139538,13.22,2026-03-18T00:02:25Z,-7.001,1.229,3.573,0
2026-03-18T00:30:00Z,139539,13.22,2026-03-18T00:29:55Z,-6.902,1.23,3.547,0
2026-03-18T00:45:00Z,139540,13.24,2026-03-18T00:30:05Z,-6.825,1.23,3.529,0
2026-03-18T01:00:00Z,139541,13.24,2026-03-18T00:45:05Z,-6.827,1.229,3.536,0
2026-03-18T01:15:00Z,139542,13.22,2026-03-18T01:02:25Z,-6.849,1.229,3.475,0
2026-03-18T01:30:00Z,139543,13.24,2026-03-18T01:15:05Z,-6.887,1.229,3.442,0
2026-03-18T01:45:00Z,139544,13.24,2026-03-18T01:30:05Z,-6.907,1.229,3.44,0
2026-03-18T02:00:00Z,139545,13.24,2026-03-18T01:45:05Z,-6.944,1.229,3.423,0
2026-03-18T02:15:00Z,139546,13.23,2026-03-18T02:05:30Z,-6.997,1.229,3.416,0
2026-03-18T02:30:00Z,139547,13.23,2026-03-18T02:24:35Z,-7.032,1.229,3.384,0
2026-03-18T02:45:00Z,139548,13.24,2026-03-18T02:30:10Z,-7.057,1.229,3.362,0
2026-03-18T03:00:00Z,139549,13.24,2026-03-18T02:45:05Z,-6.997,1.229,3.405,0
2026-03-18T03:15:00Z,139550,13.24,2026-03-18T03:00:50Z,-6.863,1.229,3.388,0
2026-03-18T03:30:00Z,139551,13.23,2026-03-18T03:30:00Z,-6.707,1.229,3.414,0
2026-03-18T03:45:00Z,139552,13.2,2026-03-18T03:40:10Z,-6.625,1.23,3.403,0
2026-03-18T04:00:00Z,139553,13.22,2026-03-18T03:57:30Z,-6.598,1.23,3.378,0
2026-03-18T04:15:00Z,139554,13.23,2026-03-18T04:02:25Z,-6.546,1.231,3.421,0
2026-03-18T04:30:00Z,139555,13.22,2026-03-18T04:29:15Z,-6.495,1.23,3.447,0
2026-03-18T04:45:00Z,139556,13.24,2026-03-18T04:31:00Z,-6.394,1.23,3.411,0
2026-03-18T05:00:00Z,139557,13.24,2026-03-18T04:54:10Z,-6.282,1.231,3.369,0
2026-03-18T05:15:00Z,139558,13.23,2026-03-18T05:01:35Z,-6.157,1.231,3.349,0
2026-03-18T05:30:00Z,139559,13.23,2026-03-18T05:21:35Z,-5.998,1.23,3.339,0
2026-03-18T05:45:00Z,139560,13.21,2026-03-18T05:38:30Z,-5.916,1.229,3.346,0
2026-03-18T06:00:00Z,139561,13.22,2026-03-18T05:52:15Z,-5.86,1.229,3.349,0
2026-03-18T06:15:00Z,139562,13.22,2026-03-18T06:00:15Z,-5.798,1.231,3.364,0
2026-03-18T06:30:00Z,139563,13.2,2026-03-18T06:30:00Z,-5.727,1.23,3.372,0
2026-03-18T06:45:00Z,139564,13.23,2026-03-18T06:39:40Z,-5.665,1.231,3.351,0
2026-03-18T07:00:00Z,139565,13.23,2026-03-18T06:58:15Z,-5.575,1.231,3.346,0
2026-03-18T07:15:00Z,139566,13.24,2026-03-18T07:02:35Z,-5.468,1.231,3.346,0
2026-03-18T07:30:00Z,139567,13.24,2026-03-18T07:23:05Z,-5.347,1.231,3.348,0
2026-03-18T07:45:00Z,139568,13.24,2026-03-18T07:31:10Z,-5.224,1.23,3.318,0
2026-03-18T08:00:00Z,139569,13.26,2026-03-18T07:48:25Z,-5.083,1.23,3.304,0
2026-03-18T08:15:00Z,139570,13.28,2026-03-18T08:02:30Z,-4.928,1.23,3.304,0
2026-03-18T08:30:00Z,139571,13.29,2026-03-18T08:22:50Z,-4.811,1.23,3.286,0
2026-03-18T08:45:00Z,139572,13.25,2026-03-18T08:37:10Z,-4.746,1.229,3.329,0
2026-03-18T09:00:00Z,139573,13.3,2026-03-18T08:48:20Z,-4.717,1.229,3.337,0
2026-03-18T09:15:00Z,139574,13.29,2026-03-18T09:02:05Z,-4.666,1.228,3.349,0
2026-03-18T09:30:00Z,139575,13.28,2026-03-18T09:18:55Z,-4.572,1.228,3.38,0
2026-03-18T09:45:00Z,139576,13.34,2026-03-18T09:33:15Z,-4.385,1.23,3.4,0
2026-03-18T10:00:00Z,139577,13.33,2026-03-18T09:50:40Z,-4.124,1.229,3.405,0
2026-03-18T10:15:00Z,139578,13.37,2026-03-18T10:02:25Z,-3.874,1.229,3.402,0
2026-03-18T10:30:00Z,139579,13.35,2026-03-18T10:27:05Z,-3.612,1.228,3.402,0
2026-03-18T10:45:00Z,139580,13.35,2026-03-18T10:36:15Z,-3.409,1.227,3.401,0
2026-03-18T11:00:00Z,139581,13.42,2026-03-18T10:45:05Z,-3.158,1.226,3.432,0
2026-03-18T11:15:00Z,139582,13.41,2026-03-18T11:00:40Z,-2.864,1.226,3.458,0
2026-03-18T11:30:00Z,139583,13.46,2026-03-18T11:15:05Z,-2.542,1.226,3.513,0
2026-03-18T11:45:00Z,139584,13.43,2026-03-18T11:36:40Z,-2.203,1.226,3.569,0
2026-03-18T12:00:00Z,139585,13.45,2026-03-18T11:45:10Z,-1.944,1.225,3.56,0
2026-03-18T12:15:00Z,139586,13.48,2026-03-18T12:03:05Z,-1.63,1.225,3.592,0
2026-03-18T12:30:00Z,139587,13.47,2026-03-18T12:20:35Z,-1.367,1.224,3.623,0
2026-03-18T12:45:00Z,139588,13.48,2026-03-18T12:30:10Z,-1.128,1.224,3.662,0
2026-03-18T13:00:00Z,139589,13.47,2026-03-18T12:58:55Z,-0.909,1.225,3.659,0
2026-03-18T13:15:00Z,139590,13.47,2026-03-18T13:02:45Z,-0.67,1.226,3.671,0
2026-03-18T13:30:00Z,139591,13.49,2026-03-18T13:16:35Z,-0.37,1.223,3.7,0
2026-03-18T13:45:00Z,139592,13.5,2026-03-18T13:30:05Z,-0.082,1.223,3.718,0
2026-03-18T14:00:00Z,139593,13.51,2026-03-18T13:46:35Z,0.174,1.223,3.739,0
2026-03-18T14:15:00Z,139594,13.53,2026-03-18T14:01:10Z,0.444,1.221,3.758,0
2026-03-18T14:30:00Z,139595,13.53,2026-03-18T14:20:35Z,0.658,1.222,3.783,0
2026-03-18T14:45:00Z,139596,13.57,2026-03-18T14:30:05Z,0.81,1.222,3.775,0
2026-03-18T15:00:00Z,139597,13.63,2026-03-18T14:45:05Z,0.967,1.221,3.773,0
2026-03-18T15:15:00Z,139598,13.7,2026-03-18T15:00:05Z,1.089,1.221,3.777,0
2026-03-18T15:30:00Z,139599,13.94,2026-03-18T15:15:05Z,1.26,1.218,3.782,0
2026-03-18T15:45:00Z,139600,14.75,2026-03-18T15:42:55Z,1.523,1.216,3.808,0
2026-03-18T16:00:00Z,139601,14.73,2026-03-18T15:50:35Z,1.805,1.216,3.83,0
2026-03-18T16:15:00Z,139602,14.74,2026-03-18T16:09:10Z,2.03,1.216,3.864,0
2026-03-18T16:30:00Z,139603,14.75,2026-03-18T16:17:00Z,2.171,1.217,3.889,0
2026-03-18T16:45:00Z,139604,14.72,2026-03-18T16:43:20Z,2.294,1.216,3.913,0
2026-03-18T17:00:00Z,139605,14.72,2026-03-18T16:47:35Z,2.385,1.216,3.925,0
2026-03-18T17:15:00Z,139606,14.49,2026-03-18T17:14:55Z,2.415,1.214,3.922,0
2026-03-18T17:30:00Z,139607,14.22,2026-03-18T17:28:40Z,2.369,1.212,3.911,0
2026-03-18T17:45:00Z,139608,14.09,2026-03-18T17:44:30Z,2.327,1.212,3.898,0
2026-03-18T18:00:00Z,139609,14.02,2026-03-18T17:59:55Z,2.298,1.212,3.886,0
2026-03-18T18:15:00Z,139610,13.88,2026-03-18T18:15:00Z,2.244,1.211,3.873,0
2026-03-18T18:30:00Z,139611,13.76,2026-03-18T18:30:00Z,2.2,1.209,3.855,0
2026-03-18T18:45:00Z,139612,13.67,2026-03-18T18:44:40Z,2.118,1.209,3.839,0
2026-03-18T19:00:00Z,139613,13.6,2026-03-18T18:59:45Z,2.026,1.208,3.815,0
2026-03-18T19:15:00Z,139614,13.54,2026-03-18T19:15:00Z,1.963,1.208,3.795,0
2026-03-18T19:30:00Z,139615,13.49,2026-03-18T19:28:45Z,1.903,1.208,3.776,0
2026-03-18T19:45:00Z,139616,13.44,2026-03-18T19:44:15Z,1.853,1.208,3.757,0
2026-03-18T20:00:00Z,139617,13.4,2026-03-18T19:57:35Z,1.807,1.207,3.742,0
2026-03-18T20:15:00Z,139618,13.37,2026-03-18T20:15:00Z,1.752,1.207,3.732,0
2026-03-18T20:30:00Z,139619,13.35,2026-03-18T20:28:20Z,1.723,1.206,3.718,0
2026-03-18T20:45:00Z,139620,13.32,2026-03-18T20:44:20Z,1.701,1.206,3.704,0
2026-03-18T21:00:00Z,139621,13.31,2026-03-18T20:55:00Z,1.714,1.206,3.69,0
2026-03-18T21:15:00Z,139622,13.29,2026-03-18T21:13:40Z,1.737,1.206,3.673,0
2026-03-18T21:30:00Z,139623,13.29,2026-03-18T21:24:20Z,1.766,1.206,3.658,0
2026-03-18T21:45:00Z,139624,13.28,2026-03-18T21:38:50Z,1.813,1.206,3.65,0
2026-03-18T22:00:00Z,139625,13.27,2026-03-18T21:57:00Z,1.87,1.207,3.642,0
2026-03-18T22:15:00Z,139626,13.26,2026-03-18T22:07:30Z,1.938,1.207,3.64,0
2026-03-18T22:30:00Z,139627,13.23,2026-03-18T22:16:00Z,2.019,1.207,3.634,0
2026-03-18T22:45:00Z,139628,13.25,2026-03-18T22:42:15Z,2.122,1.207,3.63,0
2026-03-18T23:00:00Z,139629,13.26,2026-03-18T22:45:20Z,2.202,1.206,3.628,0
2026-03-18T23:15:00Z,139630,13.26,2026-03-18T23:02:30Z,2.2,1.206,3.623,0
2026-03-18T23:30:00Z,139631,13.26,2026-03-18T23:16:05Z,2.077,1.206,3.613,0
2026-03-18T23:45:00Z,139632,13.27,2026-03-18T23:36:00Z,1.913,1.205,3.599,0
2026-03-19T00:15:00Z,139634,13.25,2026-03-19T00:11:10Z,1.674,1.204,3.571,0
2026-03-19T00:30:00Z,139635,13.26,2026-03-19T00:17:35Z,1.56,1.205,3.559,0
2026-03-19T00:45:00Z,139636,13.26,2026-03-19T00:31:00Z,1.482,1.204,3.555,0
2026-03-19T01:00:00Z,139637,13.26,2026-03-19T00:46:40Z,1.49,1.203,3.554,0
2026-03-19T01:15:00Z,139638,13.26,2026-03-19T01:02:25Z,1.48,1.202,3.555,0
2026-03-19T01:30:00Z,139639,13.28,2026-03-19T01:15:05Z,1.522,1.202,3.57,0
2026-03-19T01:45:00Z,139640,13.26,2026-03-19T01:44:40Z,1.651,1.204,3.573,0
2026-03-19T02:00:00Z,139641,13.26,2026-03-19T01:50:00Z,1.691,1.205,3.573,0
2026-03-19T02:15:00Z,139642,13.26,2026-03-19T02:00:20Z,1.672,1.207,3.568,0.01
2026-03-19T02:30:00Z,139643,13.26,2026-03-19T02:15:35Z,1.724,1.206,3.564,0
2026-03-19T02:45:00Z,139644,13.26,2026-03-19T02:38:05Z,1.837,1.204,3.559,0
2026-03-19T03:00:00Z,139645,13.28,2026-03-19T02:45:35Z,1.921,1.202,3.564,0
2026-03-19T03:15:00Z,139646,13.26,2026-03-19T03:02:35Z,1.983,1.199,3.572,0
2026-03-19T03:30:00Z,139647,13.26,2026-03-19T03:18:05Z,1.991,1.199,3.574,0
2026-03-19T03:45:00Z,139648,13.26,2026-03-19T03:30:10Z,1.99,1.199,3.573,0
2026-03-19T04:00:00Z,139649,13.26,2026-03-19T03:57:40Z,1.97,1.199,3.575,0
2026-03-19T04:15:00Z,139650,13.26,2026-03-19T04:02:25Z,1.973,1.199,3.583,0
2026-03-19T04:30:00Z,139651,13.27,2026-03-19T04:16:45Z,1.99,1.198,3.585,0
2026-03-19T04:45:00Z,139652,13.28,2026-03-19T04:30:05Z,1.99,1.198,3.594,0
2026-03-19T05:00:00Z,139653,13.28,2026-03-19T04:45:50Z,1.99,1.197,3.602,0
2026-03-19T05:15:00Z,139654,13.26,2026-03-19T05:02:25Z,1.976,1.199,3.608,0
2026-03-19T05:30:00Z,139655,13.28,2026-03-19T05:15:15Z,1.949,1.201,3.603,0
2026-03-19T05:45:00Z,139656,13.28,2026-03-19T05:30:05Z,1.983,1.198,3.6,0
2026-03-19T06:00:00Z,139657,13.25,2026-03-19T05:57:35Z,1.984,1.197,3.6,0
2026-03-19T06:15:00Z,139658,13.24,2026-03-19T06:02:25Z,1.927,1.196,3.603,0
2026-03-19T06:30:00Z,139659,13.27,2026-03-19T06:28:15Z,1.868,1.196,3.607,0
2026-03-19T06:45:00Z,139660,13.28,2026-03-19T06:30:05Z,1.839,1.196,3.612,0
2026-03-19T07:00:00Z,139661,13.27,2026-03-19T06:58:30Z,1.8,1.196,3.613,0
2026-03-19T07:15:00Z,139662,13.26,2026-03-19T07:02:25Z,1.762,1.196,3.619,0
2026-03-19T07:30:00Z,139663,13.28,2026-03-19T07:15:05Z,1.769,1.195,3.62,0
2026-03-19T07:45:00Z,139664,13.29,2026-03-19T07:30:05Z,1.808,1.194,3.62,0
2026-03-19T08:00:00Z,139665,13.31,2026-03-19T07:45:05Z,1.9,1.195,3.63,0
2026-03-19T08:15:00Z,139666,13.34,2026-03-19T08:02:35Z,2.091,1.195,3.647,0
2026-03-19T08:30:00Z,139667,13.35,2026-03-19T08:15:05Z,2.402,1.196,3.671,0
2026-03-19T08:45:00Z,139668,13.4,2026-03-19T08:30:05Z,2.708,1.193,3.703,0
2026-03-19T09:00:00Z,139669,13.47,2026-03-19T08:45:05Z,3.077,1.192,3.752,0
2026-03-19T09:15:00Z,139670,13.53,2026-03-19T09:04:05Z,3.731,1.194,3.825,0
2026-03-19T09:30:00Z,139671,13.69,2026-03-19T09:24:00Z,4.692,1.195,3.918,0
2026-03-19T09:45:00Z,139672,13.66,2026-03-19T09:30:10Z,5.403,1.194,3.989,0
2026-03-19T10:00:00Z,139673,14,2026-03-19T09:45:05Z,5.839,1.195,4.051,0
2026-03-19T10:15:00Z,139674,14.6,2026-03-19T10:13:10Z,6.426,1.194,4.154,0
2026-03-19T10:30:00Z,139675,14.6,2026-03-19T10:15:50Z,7.026,1.195,4.279,0
2026-03-19T10:45:00Z,139676,14.58,2026-03-19T10:35:00Z,7.462,1.196,4.447,0
2026-03-19T11:00:00Z,139677,14.25,2026-03-19T11:00:00Z,7.746,1.195,4.617,0
2026-03-19T11:15:00Z,139678,14.12,2026-03-19T11:02:35Z,8.03,1.195,4.792,0
2026-03-19T11:30:00Z,139679,14.13,2026-03-19T11:26:55Z,8.36,1.195,4.968,0
2026-03-19T11:45:00Z,139680,14.14,2026-03-19T11:38:10Z,8.66,1.197,5.16,0
2026-03-19T12:00:00Z,139681,14.11,2026-03-19T11:57:10Z,8.98,1.197,5.341,0
2026-03-19T12:15:00Z,139682,14.1,2026-03-19T12:02:25Z,9.35,1.195,5.504,0
2026-03-19T12:30:00Z,139683,14.08,2026-03-19T12:28:05Z,10.01,1.193,5.655,0
2026-03-19T12:45:00Z,139684,14.08,2026-03-19T12:39:55Z,10.79,1.193,5.815,0
2026-03-19T13:00:00Z,139685,14.06,2026-03-19T12:57:20Z,11.16,1.192,5.975,0
2026-03-19T13:15:00Z,139686,14.05,2026-03-19T13:00:15Z,11.49,1.192,6.172,0
2026-03-19T13:30:00Z,139687,14.02,2026-03-19T13:24:25Z,11.9,1.192,6.367,0
2026-03-19T13:45:00Z,139688,14.02,2026-03-19T13:30:05Z,12.36,1.192,6.556,0
2026-03-19T14:00:00Z,139689,13.99,2026-03-19T13:53:25Z,12.94,1.193,6.706,0
2026-03-19T14:15:00Z,139690,13.96,2026-03-19T14:02:25Z,13.23,1.193,6.779,0
2026-03-19T14:30:00Z,139691,13.99,2026-03-19T14:20:00Z,13.37,1.192,6.945,0
2026-03-19T14:45:00Z,139692,13.99,2026-03-19T14:30:05Z,13.59,1.192,7.056,0
2026-03-19T15:00:00Z,139693,13.98,2026-03-19T14:46:55Z,14,1.193,7.136,0
2026-03-19T15:15:00Z,139694,13.97,2026-03-19T15:12:25Z,14.35,1.192,7.258,0
2026-03-19T15:30:00Z,139695,13.97,2026-03-19T15:15:10Z,14.51,1.192,7.271,0
2026-03-19T15:45:00Z,139696,13.99,2026-03-19T15:37:15Z,14.36,1.192,7.263,0
2026-03-19T16:00:00Z,139697,13.97,2026-03-19T15:53:50Z,14.74,1.19,7.256,0
2026-03-19T16:15:00Z,139698,13.94,2026-03-19T16:10:30Z,15.78,1.189,7.225,0
2026-03-19T16:30:00Z,139699,13.94,2026-03-19T16:15:25Z,16.58,1.19,7.161,0
2026-03-19T16:45:00Z,139700,13.94,2026-03-19T16:30:05Z,16.68,1.19,7.142,0
2026-03-19T17:00:00Z,139701,13.93,2026-03-19T16:54:55Z,16.56,1.19,7.139,0
2026-03-19T17:15:00Z,139702,13.94,2026-03-19T17:00:15Z,16,1.189,7.073,0
2026-03-19T17:30:00Z,139703,13.94,2026-03-19T17:15:35Z,15.22,1.189,6.971,0
2026-03-19T17:45:00Z,139704,13.91,2026-03-19T17:42:25Z,14.59,1.189,6.849,0
2026-03-19T18:00:00Z,139705,13.85,2026-03-19T17:58:55Z,13.93,1.189,6.74,0
2026-03-19T18:15:00Z,139706,13.77,2026-03-19T18:14:55Z,13.26,1.189,6.568,0
2026-03-19T18:30:00Z,139707,13.7,2026-03-19T18:29:50Z,12.59,1.188,6.347,0
2026-03-19T18:45:00Z,139708,13.62,2026-03-19T18:44:15Z,11.9,1.188,6.224,0
2026-03-19T19:00:00Z,139709,13.55,2026-03-19T18:59:30Z,11.18,1.188,6.085,0
2026-03-19T19:15:00Z,139710,13.5,2026-03-19T19:14:55Z,10.46,1.188,5.902,0
2026-03-19T19:30:00Z,139711,13.44,2026-03-19T19:30:00Z,9.71,1.188,5.705,0
2026-03-19T19:45:00Z,139712,13.42,2026-03-19T19:44:45Z,8.99,1.188,5.564,0
2026-03-19T20:00:00Z,139713,13.38,2026-03-19T19:57:30Z,8.29,1.188,5.386,0
2026-03-19T20:15:00Z,139714,13.36,2026-03-19T20:14:40Z,7.641,1.187,5.267,0
2026-03-19T20:30:00Z,139715,13.34,2026-03-19T20:29:20Z,7.038,1.187,5.192,0
2026-03-19T20:45:00Z,139716,13.31,2026-03-19T20:36:50Z,6.437,1.187,5.123,0
2026-03-19T21:00:00Z,139717,13.31,2026-03-19T20:52:05Z,5.928,1.187,5.051,0
2026-03-19T21:15:00Z,139718,13.3,2026-03-19T21:02:30Z,5.521,1.186,5.03,0
2026-03-19T21:30:00Z,139719,13.29,2026-03-19T21:29:50Z,5.209,1.186,5.005,0
2026-03-19T21:45:00Z,139720,13.28,2026-03-19T21:41:00Z,4.894,1.185,4.992,0
2026-03-19T22:00:00Z,139721,13.28,2026-03-19T21:55:25Z,4.595,1.186,4.972,0
2026-03-19T22:15:00Z,139722,13.27,2026-03-19T22:03:05Z,4.433,1.185,4.958,0
2026-03-19T22:30:00Z,139723,13.27,2026-03-19T22:28:25Z,4.568,1.185,4.96,0
2026-03-19T22:45:00Z,139724,13.27,2026-03-19T22:30:25Z,5.083,1.185,4.973,0
2026-03-19T23:00:00Z,139725,13.26,2026-03-19T22:57:55Z,5.676,1.186,5.005,0
2026-03-19T23:15:00Z,139726,13.27,2026-03-19T23:02:25Z,6.219,1.186,5.041,0
2026-03-19T23:30:00Z,139727,13.27,2026-03-19T23:16:40Z,6.64,1.187,5.094,0
2026-03-19T23:45:00Z,139728,13.28,2026-03-19T23:38:05Z,6.918,1.187,5.108,0
2026-03-20T00:15:00Z,139730,13.27,2026-03-20T00:03:20Z,7.227,1.186,5.165,0
2026-03-20T00:30:00Z,139731,13.27,2026-03-20T00:24:45Z,7.309,1.186,5.206,0
2026-03-20T00:45:00Z,139732,13.27,2026-03-20T00:35:50Z,7.327,1.186,5.247,0
2026-03-20T01:00:00Z,139733,13.28,2026-03-20T00:57:45Z,7.292,1.186,5.262,0
2026-03-20T01:15:00Z,139734,13.28,2026-03-20T01:02:25Z,7.29,1.186,5.275,0
2026-03-20T01:30:00Z,139735,13.28,2026-03-20T01:19:15Z,7.277,1.186,5.283,0
2026-03-20T01:45:00Z,139736,13.28,2026-03-20T01:33:05Z,7.162,1.185,5.283,0
2026-03-20T02:00:00Z,139737,13.28,2026-03-20T01:57:35Z,6.972,1.185,5.267,0
2026-03-20T02:15:00Z,139738,13.27,2026-03-20T02:07:00Z,6.82,1.185,5.242,0
2026-03-20T02:30:00Z,139739,13.28,2026-03-20T02:23:45Z,6.693,1.185,5.215,0
2026-03-20T02:45:00Z,139740,13.27,2026-03-20T02:35:15Z,6.708,1.185,5.189,0
2026-03-20T03:00:00Z,139741,13.27,2026-03-20T02:57:50Z,6.825,1.186,5.157,0
2026-03-20T03:15:00Z,139742,13.26,2026-03-20T03:10:45Z,6.93,1.186,5.147,0
2026-03-20T03:30:00Z,139743,13.28,2026-03-20T03:28:25Z,7.054,1.186,5.138,0
2026-03-20T03:45:00Z,139744,13.27,2026-03-20T03:36:15Z,7.189,1.185,5.141,0
2026-03-20T04:00:00Z,139745,13.28,2026-03-20T03:51:45Z,7.283,1.184,5.153,0
2026-03-20T04:15:00Z,139746,13.26,2026-03-20T04:14:35Z,7.448,1.184,5.163,0
2026-03-20T04:30:00Z,139747,13.28,2026-03-20T04:29:40Z,7.764,1.184,5.17,0
2026-03-20T04:45:00Z,139748,13.27,2026-03-20T04:43:45Z,8.11,1.185,5.178,0
2026-03-20T05:00:00Z,139749,13.27,2026-03-20T04:49:15Z,8.49,1.185,5.188,0
2026-03-20T05:15:00Z,139750,13.28,2026-03-20T05:05:50Z,8.78,1.184,5.201,0
2026-03-20T05:30:00Z,139751,13.28,2026-03-20T05:18:05Z,8.96,1.184,5.211,0
2026-03-20T05:45:00Z,139752,13.28,2026-03-20T05:30:25Z,8.97,1.184,5.221,0
2026-03-20T06:00:00Z,139753,13.27,2026-03-20T05:49:55Z,9.02,1.186,5.224,0
2026-03-20T06:15:00Z,139754,13.28,2026-03-20T06:13:05Z,9.12,1.185,5.226,0
2026-03-20T06:30:00Z,139755,13.28,2026-03-20T06:27:15Z,9.18,1.185,5.223,0
2026-03-20T06:45:00Z,139756,13.27,2026-03-20T06:43:40Z,9.26,1.185,5.217,0
2026-03-20T07:00:00Z,139757,13.28,2026-03-20T06:47:45Z,9.32,1.186,5.208,0
2026-03-20T07:15:00Z,139758,13.28,2026-03-20T07:02:30Z,9.25,1.185,5.211,0
2026-03-20T07:30:00Z,139759,13.29,2026-03-20T07:30:00Z,9.38,1.182,5.219,0
2026-03-20T07:45:00Z,139760,13.29,2026-03-20T07:43:40Z,9.55,1.181,5.235,0
2026-03-20T08:00:00Z,139761,13.29,2026-03-20T07:46:15Z,9.76,1.181,5.247,0
2026-03-20T08:15:00Z,139762,13.3,2026-03-20T08:02:25Z,9.93,1.181,5.259,0
2026-03-20T08:30:00Z,139763,13.3,2026-03-20T08:16:35Z,10.09,1.181,5.28,0
2026-03-20T08:45:00Z,139764,13.31,2026-03-20T08:30:10Z,10.31,1.181,5.307,0
2026-03-20T09:00:00Z,139765,13.32,2026-03-20T08:45:05Z,10.41,1.182,5.338,0
2026-03-20T09:15:00Z,139766,13.33,2026-03-20T09:01:55Z,10.61,1.181,5.364,0
2026-03-20T09:30:00Z,139767,13.36,2026-03-20T09:15:05Z,11.05,1.181,5.41,0
2026-03-20T09:45:00Z,139768,13.41,2026-03-20T09:30:05Z,11.61,1.181,5.473,0
2026-03-20T10:00:00Z,139769,13.48,2026-03-20T09:54:55Z,12.34,1.182,5.546,0.01
2026-03-20T10:15:00Z,139770,13.53,2026-03-20T10:07:00Z,13.07,1.182,5.643,0
2026-03-20T10:30:00Z,139771,13.59,2026-03-20T10:15:15Z,14,1.183,5.757,0
2026-03-20T10:45:00Z,139772,13.77,2026-03-20T10:30:05Z,14.81,1.182,5.905,0
2026-03-20T11:00:00Z,139773,14.34,2026-03-20T10:47:50Z,15.54,1.18,6.069,0
2026-03-20T11:15:00Z,139774,14.3,2026-03-20T11:05:25Z,16.39,1.181,6.263,0
2026-03-20T11:30:00Z,139775,14.28,2026-03-20T11:22:00Z,17.22,1.18,6.465,0
2026-03-20T11:45:00Z,139776,14.09,2026-03-20T11:44:50Z,18.05,1.179,6.674,0
2026-03-20T12:00:00Z,139777,13.93,2026-03-20T11:59:20Z,18.74,1.177,6.843,0
2026-03-20T12:15:00Z,139778,13.82,2026-03-20T12:13:00Z,19.31,1.177,7.101,0
2026-03-20T12:30:00Z,139779,13.81,2026-03-20T12:25:30Z,19.81,1.177,7.281,0
2026-03-20T12:45:00Z,139780,13.82,2026-03-20T12:30:05Z,20.09,1.175,7.461,0
2026-03-20T13:00:00Z,139781,13.78,2026-03-20T12:54:50Z,20.34,1.177,7.627,0
2026-03-20T13:15:00Z,139782,13.78,2026-03-20T13:00:10Z,20.66,1.178,7.72,0
2026-03-20T13:30:00Z,139783,13.76,2026-03-20T13:24:10Z,20.88,1.178,7.91,0
2026-03-20T13:45:00Z,139784,13.76,2026-03-20T13:40:50Z,21.16,1.176,8.1,0
2026-03-20T14:00:00Z,139785,13.76,2026-03-20T13:45:30Z,21.59,1.174,8.24,0
2026-03-20T14:15:00Z,139786,13.74,2026-03-20T14:14:35Z,22.08,1.171,8.32,0
2026-03-20T14:30:00Z,139787,13.72,2026-03-20T14:25:30Z,22.39,1.17,8.38,0
2026-03-20T14:45:00Z,139788,13.73,2026-03-20T14:30:05Z,22.58,1.168,8.47,0
2026-03-20T15:00:00Z,139789,13.72,2026-03-20T14:45:20Z,22.77,1.168,8.52,0
2026-03-20T15:15:00Z,139790,13.72,2026-03-20T15:05:30Z,22.79,1.168,8.58,0
2026-03-20T15:30:00Z,139791,13.73,2026-03-20T15:15:05Z,22.69,1.169,8.65,0
2026-03-20T15:45:00Z,139792,13.73,2026-03-20T15:30:05Z,22.37,1.169,8.66,0
2026-03-20T16:00:00Z,139793,13.76,2026-03-20T15:45:30Z,22.23,1.169,8.72,0
2026-03-20T16:15:00Z,139794,13.76,2026-03-20T16:02:25Z,22.26,1.165,8.69,0
2026-03-20T16:30:00Z,139795,13.76,2026-03-20T16:30:00Z,22.09,1.167,8.66,0
2026-03-20T16:45:00Z,139796,13.76,2026-03-20T16:31:15Z,21.6,1.166,8.64,0
2026-03-20T17:00:00Z,139797,13.78,2026-03-20T16:46:50Z,20.86,1.166,8.56,0
2026-03-20T17:15:00Z,139798,13.82,2026-03-20T17:00:05Z,20,1.167,8.37,0
2026-03-20T17:30:00Z,139799,13.84,2026-03-20T17:15:05Z,19.15,1.168,8.22,0
2026-03-20T17:45:00Z,139800,13.85,2026-03-20T17:30:15Z,18.35,1.168,8.02,0
2026-03-20T18:00:00Z,139801,13.88,2026-03-20T17:45:05Z,17.61,1.169,7.884,0
2026-03-20T18:15:00Z,139802,13.84,2026-03-20T18:14:20Z,16.94,1.169,7.745,0
2026-03-20T18:30:00Z,139803,13.75,2026-03-20T18:29:00Z,16.25,1.169,7.696,0
2026-03-20T18:45:00Z,139804,13.66,2026-03-20T18:44:40Z,15.54,1.17,7.633,0
2026-03-20T19:00:00Z,139805,13.59,2026-03-20T18:59:45Z,14.82,1.17,7.55,0
2026-03-20T19:15:00Z,139806,13.53,2026-03-20T19:13:35Z,14.18,1.17,7.458,0
2026-03-20T19:30:00Z,139807,13.48,2026-03-20T19:29:45Z,13.57,1.17,7.38,0
2026-03-20T19:45:00Z,139808,13.44,2026-03-20T19:42:40Z,12.99,1.17,7.307,0
2026-03-20T20:00:00Z,139809,13.39,2026-03-20T19:57:35Z,12.42,1.17,7.273,0
2026-03-20T20:15:00Z,139810,13.37,2026-03-20T20:11:15Z,11.87,1.17,7.278,0
2026-03-20T20:30:00Z,139811,13.35,2026-03-20T20:29:45Z,11.38,1.169,7.271,0
2026-03-20T20:45:00Z,139812,13.32,2026-03-20T20:43:15Z,10.94,1.169,7.237,0
2026-03-20T21:00:00Z,139813,13.31,2026-03-20T20:58:30Z,10.52,1.17,7.21,0
2026-03-20T21:15:00Z,139814,13.29,2026-03-20T21:02:30Z,10.07,1.17,7.174,0
2026-03-20T21:30:00Z,139815,13.3,2026-03-20T21:20:35Z,9.66,1.17,7.119,0
2026-03-20T21:45:00Z,139816,13.29,2026-03-20T21:37:20Z,9.3,1.17,7.073,0
2026-03-20T22:00:00Z,139817,13.28,2026-03-20T21:57:35Z,8.96,1.169,7.044,0
2026-03-20T22:15:00Z,139818,13.28,2026-03-20T22:02:25Z,8.65,1.169,7.025,0
2026-03-20T22:30:00Z,139819,13.28,2026-03-20T22:17:00Z,8.36,1.169,7.007,0
2026-03-20T22:45:00Z,139820,13.29,2026-03-20T22:44:00Z,8.09,1.169,6.969,0
2026-03-20T23:00:00Z,139821,13.28,2026-03-20T22:59:25Z,7.813,1.169,6.958,0
2026-03-20T23:15:00Z,139822,13.28,2026-03-20T23:02:25Z,7.475,1.169,6.951,0
2026-03-20T23:30:00Z,139823,13.28,2026-03-20T23:15:30Z,7.189,1.168,6.946,0
2026-03-20T23:45:00Z,139824,13.28,2026-03-20T23:31:45Z,6.939,1.168,6.938,0
2026-03-21T00:15:00Z,139826,13.28,2026-03-21T00:02:25Z,6.591,1.168,6.912,0
2026-03-21T00:30:00Z,139827,13.28,2026-03-21T00:30:00Z,6.284,1.168,6.898,0
2026-03-21T00:45:00Z,139828,13.28,2026-03-21T00:40:45Z,5.971,1.167,6.875,0
2026-03-21T01:00:00Z,139829,13.28,2026-03-21T00:47:45Z,6.001,1.166,6.856,0
2026-03-21T01:15:00Z,139830,13.28,2026-03-21T01:14:25Z,6.227,1.166,6.832,0
2026-03-21T01:30:00Z,139831,13.28,2026-03-21T01:15:25Z,6.369,1.167,6.791,0
2026-03-21T01:45:00Z,139832,13.27,2026-03-21T01:30:10Z,6.382,1.166,6.744,0
2026-03-21T02:00:00Z,139833,13.27,2026-03-21T01:54:45Z,6.299,1.166,6.713,0
2026-03-21T02:15:00Z,139834,13.28,2026-03-21T02:14:40Z,6.101,1.166,6.669,0
2026-03-21T02:30:00Z,139835,13.28,2026-03-21T02:15:05Z,5.811,1.166,6.621,0
2026-03-21T02:45:00Z,139836,13.28,2026-03-21T02:37:00Z,5.546,1.166,6.574,0
2026-03-21T03:00:00Z,139837,13.27,2026-03-21T02:57:30Z,5.231,1.165,6.542,0
2026-03-21T03:15:00Z,139838,13.27,2026-03-21T03:03:40Z,4.929,1.165,6.49,0
2026-03-21T03:30:00Z,139839,13.27,2026-03-21T03:29:55Z,4.591,1.165,6.438,0
2026-03-21T03:45:00Z,139840,13.27,2026-03-21T03:43:40Z,4.152,1.166,6.398,0
2026-03-21T04:00:00Z,139841,13.27,2026-03-21T03:57:25Z,3.745,1.166,6.357,0
2026-03-21T04:15:00Z,139842,13.27,2026-03-21T04:02:20Z,3.414,1.165,6.292,0
2026-03-21T04:30:00Z,139843,13.27,2026-03-21T04:25:10Z,3.119,1.165,6.246,0
2026-03-21T04:45:00Z,139844,13.27,2026-03-21T04:34:20Z,2.83,1.165,6.211,0
2026-03-21T05:00:00Z,139845,13.27,2026-03-21T04:47:40Z,2.534,1.165,6.184,0
2026-03-21T05:15:00Z,139846,13.27,2026-03-21T05:02:25Z,2.335,1.164,6.157,0
2026-03-21T05:30:00Z,139847,13.26,2026-03-21T05:30:00Z,2.266,1.164,6.133,0
2026-03-21T05:45:00Z,139848,13.27,2026-03-21T05:37:10Z,2.419,1.163,6.119,0
2026-03-21T06:00:00Z,139849,13.26,2026-03-21T05:57:30Z,2.62,1.164,6.105,0
2026-03-21T06:15:00Z,139850,13.27,2026-03-21T06:00:05Z,2.84,1.164,6.087,0
2026-03-21T06:30:00Z,139851,13.27,2026-03-21T06:18:25Z,3.097,1.164,6.07,0
2026-03-21T06:45:00Z,139852,13.27,2026-03-21T06:32:50Z,3.447,1.164,6.068,0
2026-03-21T07:00:00Z,139853,13.27,2026-03-21T06:45:05Z,3.753,1.163,6.07,0
2026-03-21T07:15:00Z,139854,13.27,2026-03-21T07:00:05Z,3.996,1.163,6.061,0
2026-03-21T07:30:00Z,139855,13.28,2026-03-21T07:15:05Z,4.205,1.163,6.061,0
2026-03-21T07:45:00Z,139856,13.28,2026-03-21T07:31:10Z,4.403,1.164,6.066,0
2026-03-21T08:00:00Z,139857,13.28,2026-03-21T07:57:30Z,4.575,1.163,6.066,0
2026-03-21T08:15:00Z,139858,13.29,2026-03-21T08:00:05Z,4.725,1.163,6.074,0
2026-03-21T08:30:00Z,139859,13.31,2026-03-21T08:15:05Z,4.892,1.164,6.084,0
2026-03-21T08:45:00Z,139860,13.32,2026-03-21T08:30:05Z,5.065,1.165,6.099,0
2026-03-21T09:00:00Z,139861,13.33,2026-03-21T08:45:15Z,5.263,1.165,6.121,0
2026-03-21T09:15:00Z,139862,13.36,2026-03-21T09:02:30Z,5.503,1.165,6.14,0
2026-03-21T09:30:00Z,139863,13.37,2026-03-21T09:17:05Z,5.796,1.165,6.159,0
2026-03-21T09:45:00Z,139864,13.37,2026-03-21T09:30:10Z,5.946,1.165,6.18,0
2026-03-21T10:00:00Z,139865,13.4,2026-03-21T09:45:20Z,6.134,1.166,6.194,0
2026-03-21T10:15:00Z,139866,13.43,2026-03-21T10:03:50Z,6.368,1.165,6.222,0
2026-03-21T10:30:00Z,139867,13.46,2026-03-21T10:19:10Z,6.636,1.164,6.244,0
2026-03-21T10:45:00Z,139868,13.47,2026-03-21T10:39:05Z,6.946,1.165,6.274,0
2026-03-21T11:00:00Z,139869,13.55,2026-03-21T10:45:05Z,7.422,1.164,6.33,0
2026-03-21T11:15:00Z,139870,13.53,2026-03-21T11:10:45Z,8.25,1.165,6.415,0
2026-03-21T11:30:00Z,139871,13.51,2026-03-21T11:30:00Z,8.64,1.166,6.502,0
2026-03-21T11:45:00Z,139872,13.55,2026-03-21T11:32:00Z,8.68,1.165,6.551,0
2026-03-21T12:00:00Z,139873,13.85,2026-03-21T11:45:05Z,8.83,1.166,6.626,0
2026-03-21T12:15:00Z,139874,14.54,2026-03-21T12:14:15Z,9.03,1.165,6.709,0
2026-03-21T12:30:00Z,139875,14.54,2026-03-21T12:27:00Z,9.25,1.163,6.802,0
2026-03-21T12:45:00Z,139876,14.51,2026-03-21T12:34:00Z,9.59,1.164,6.979,0
2026-03-21T13:00:00Z,139877,14.37,2026-03-21T13:00:00Z,10.01,1.163,7.145,0
2026-03-21T13:15:00Z,139878,14.08,2026-03-21T13:14:55Z,10.47,1.164,7.276,0
2026-03-21T13:30:00Z,139879,14.08,2026-03-21T13:26:00Z,10.81,1.163,7.343,0
2026-03-21T13:45:00Z,139880,14.08,2026-03-21T13:44:30Z,10.85,1.164,7.466,0
2026-03-21T14:00:00Z,139881,14.05,2026-03-21T13:57:35Z,10.98,1.164,7.605,0
2026-03-21T14:15:00Z,139882,14.05,2026-03-21T14:01:25Z,11.11,1.164,7.67,0
2026-03-21T14:30:00Z,139883,14.05,2026-03-21T14:20:20Z,11.33,1.163,7.718,0
2026-03-21T14:45:00Z,139884,14.02,2026-03-21T14:35:05Z,11.76,1.163,7.792,0
2026-03-21T15:00:00Z,139885,14.06,2026-03-21T14:45:05Z,12.27,1.162,7.901,0
2026-03-21T15:15:00Z,139886,14.02,2026-03-21T15:06:20Z,12.8,1.161,8.02,0
2026-03-21T15:30:00Z,139887,14.02,2026-03-21T15:21:20Z,13.2,1.162,7.991,0
2026-03-21T15:45:00Z,139888,14.02,2026-03-21T15:36:50Z,13.36,1.16,8.01,0
2026-03-21T16:00:00Z,139889,14.02,2026-03-21T15:57:35Z,13.58,1.16,7.981,0
2026-03-21T16:15:00Z,139890,13.99,2026-03-21T16:10:55Z,13.98,1.161,8,0
2026-03-21T16:30:00Z,139891,13.98,2026-03-21T16:26:10Z,14.15,1.163,7.985,0
2026-03-21T16:45:00Z,139892,13.99,2026-03-21T16:35:10Z,14.06,1.164,7.97,0
2026-03-21T17:00:00Z,139893,13.98,2026-03-21T16:45:35Z,13.95,1.164,7.965,0
2026-03-21T17:15:00Z,139894,14.02,2026-03-21T17:12:40Z,13.69,1.162,7.995,0
2026-03-21T17:30:00Z,139895,14.02,2026-03-21T17:15:10Z,13.39,1.162,8.05,0
2026-03-21T17:45:00Z,139896,14.02,2026-03-21T17:34:10Z,13.12,1.161,7.963,0
2026-03-21T18:00:00Z,139897,13.99,2026-03-21T17:57:40Z,12.87,1.162,7.789,0
2026-03-21T18:15:00Z,139898,13.94,2026-03-21T18:13:50Z,12.62,1.159,7.708,0
2026-03-21T18:30:00Z,139899,13.84,2026-03-21T18:29:35Z,12.39,1.157,7.656,0
2026-03-21T18:45:00Z,139900,13.73,2026-03-21T18:44:45Z,12.19,1.157,7.591,0
2026-03-21T19:00:00Z,139901,13.64,2026-03-21T19:00:00Z,12.1,1.157,7.516,0
2026-03-21T19:15:00Z,139902,13.58,2026-03-21T19:14:55Z,11.92,1.156,7.486,0
2026-03-21T19:30:00Z,139903,13.51,2026-03-21T19:30:00Z,11.36,1.155,7.428,0
2026-03-21T19:45:00Z,139904,13.47,2026-03-21T19:44:55Z,10.72,1.155,7.375,0
2026-03-21T20:00:00Z,139905,13.42,2026-03-21T19:57:30Z,10.16,1.155,7.325,0
2026-03-21T20:15:00Z,139906,13.39,2026-03-21T20:12:35Z,9.67,1.154,7.309,0
2026-03-21T20:30:00Z,139907,13.36,2026-03-21T20:29:15Z,9.25,1.154,7.3,0
2026-03-21T20:45:00Z,139908,13.35,2026-03-21T20:38:35Z,8.85,1.153,7.297,0
2026-03-21T21:00:00Z,139909,13.32,2026-03-21T20:57:45Z,8.72,1.154,7.294,0
2026-03-21T21:15:00Z,139910,13.31,2026-03-21T21:13:05Z,9.09,1.155,7.296,0
2026-03-21T21:30:00Z,139911,13.3,2026-03-21T21:29:50Z,9.76,1.156,7.3,0
2026-03-21T21:45:00Z,139912,13.29,2026-03-21T21:43:20Z,10.1,1.155,7.308,0
2026-03-21T22:00:00Z,139913,13.29,2026-03-21T21:50:10Z,10.16,1.155,7.315,0
2026-03-21T22:15:00Z,139914,13.28,2026-03-21T22:07:10Z,10.24,1.155,7.319,0
2026-03-21T22:30:00Z,139915,13.28,2026-03-21T22:25:10Z,10.5,1.156,7.319,0
2026-03-21T22:45:00Z,139916,13.28,2026-03-21T22:31:15Z,10.94,1.157,7.322,0
2026-03-21T23:00:00Z,139917,13.27,2026-03-21T22:52:35Z,11.45,1.157,7.323,0
2026-03-21T23:15:00Z,139918,13.28,2026-03-21T23:02:30Z,12.03,1.159,7.323,0
2026-03-21T23:30:00Z,139919,13.28,2026-03-21T23:16:55Z,12.36,1.159,7.324,0
2026-03-21T23:45:00Z,139920,13.28,2026-03-21T23:40:25Z,12.75,1.157,7.32,0
2026-03-22T00:15:00Z,139922,13.28,2026-03-22T00:12:25Z,13.3,1.157,7.31,0
2026-03-22T00:30:00Z,139923,13.29,2026-03-22T00:20:55Z,13.42,1.156,7.305,0
2026-03-22T00:45:00Z,139924,13.28,2026-03-22T00:30:05Z,13.56,1.155,7.299,0
2026-03-22T01:00:00Z,139925,13.29,2026-03-22T00:58:15Z,13.67,1.156,7.297,0
2026-03-22T01:15:00Z,139926,13.28,2026-03-22T01:03:20Z,13.77,1.155,7.291,0
2026-03-22T01:30:00Z,139927,13.29,2026-03-22T01:26:30Z,13.74,1.156,7.296,0
2026-03-22T01:45:00Z,139928,13.29,2026-03-22T01:36:25Z,13.57,1.155,7.302,0
2026-03-22T02:00:00Z,139929,13.28,2026-03-22T01:52:20Z,13.27,1.154,7.299,0
2026-03-22T02:15:00Z,139930,13.28,2026-03-22T02:02:25Z,12.92,1.153,7.298,0
2026-03-22T02:30:00Z,139931,13.3,2026-03-22T02:15:05Z,12.67,1.152,7.278,0
2026-03-22T02:45:00Z,139932,13.28,2026-03-22T02:35:30Z,12.43,1.152,7.262,0
2026-03-22T03:00:00Z,139933,13.29,2026-03-22T02:51:25Z,12.19,1.152,7.229,0
2026-03-22T03:15:00Z,139934,13.27,2026-03-22T03:01:05Z,11.98,1.152,7.211,0
2026-03-22T03:30:00Z,139935,13.29,2026-03-22T03:27:25Z,12.01,1.153,7.195,0
2026-03-22T03:45:00Z,139936,13.28,2026-03-22T03:36:55Z,12.24,1.153,7.193,0
2026-03-22T04:00:00Z,139937,13.28,2026-03-22T03:47:55Z,12.45,1.152,7.172,0
2026-03-22T04:15:00Z,139938,13.28,2026-03-22T04:13:35Z,12.46,1.152,7.156,0
2026-03-22T04:30:00Z,139939,13.29,2026-03-22T04:22:10Z,12.27,1.152,7.147,0
2026-03-22T04:45:00Z,139940,13.29,2026-03-22T04:40:30Z,12.07,1.151,7.136,0
2026-03-22T05:00:00Z,139941,13.29,2026-03-22T04:58:25Z,11.95,1.15,7.127,0
2026-03-22T05:15:00Z,139942,13.28,2026-03-22T05:02:25Z,11.89,1.148,7.117,0
2026-03-22T05:30:00Z,139943,13.29,2026-03-22T05:30:00Z,11.78,1.144,7.116,0
2026-03-22T05:45:00Z,139944,13.28,2026-03-22T05:34:40Z,11.52,1.145,7.11,0
2026-03-22T06:00:00Z,139945,13.28,2026-03-22T05:58:40Z,11.1,1.145,7.098,0
2026-03-22T06:15:00Z,139946,13.28,2026-03-22T06:02:25Z,10.63,1.145,7.09,0
2026-03-22T06:30:00Z,139947,13.28,2026-03-22T06:17:20Z,10.21,1.146,7.091,0
2026-03-22T06:45:00Z,139948,13.28,2026-03-22T06:44:00Z,9.79,1.145,7.085,0
2026-03-22T07:00:00Z,139949,13.28,2026-03-22T06:48:30Z,9.35,1.144,7.089,0
2026-03-22T07:15:00Z,139950,13.29,2026-03-22T07:00:05Z,9.03,1.144,7.096,0
2026-03-22T07:30:00Z,139951,13.3,2026-03-22T07:16:00Z,8.99,1.143,7.111,0
2026-03-22T07:45:00Z,139952,13.3,2026-03-22T07:42:40Z,9.22,1.142,7.13,0
2026-03-22T08:00:00Z,139953,13.3,2026-03-22T07:46:10Z,9.71,1.144,7.16,0
2026-03-22T08:15:00Z,139954,13.31,2026-03-22T08:05:35Z,10.04,1.143,7.189,0
2026-03-22T08:30:00Z,139955,13.32,2026-03-22T08:17:55Z,10.56,1.143,7.22,0
2026-03-22T08:45:00Z,139956,13.35,2026-03-22T08:37:50Z,11.34,1.144,7.252,0
2026-03-22T09:00:00Z,139957,13.37,2026-03-22T08:45:05Z,12.04,1.143,7.295,0
2026-03-22T09:15:00Z,139958,13.37,2026-03-22T09:02:35Z,12.66,1.14,7.332,0
2026-03-22T09:30:00Z,139959,13.45,2026-03-22T09:15:10Z,13.54,1.138,7.38,0
2026-03-22T09:45:00Z,139960,13.47,2026-03-22T09:30:05Z,14.45,1.139,7.447,0
2026-03-22T10:00:00Z,139961,13.48,2026-03-22T09:57:35Z,15.26,1.14,7.531,0
2026-03-22T10:15:00Z,139962,13.48,2026-03-22T10:00:05Z,15.87,1.14,7.582,0
2026-03-22T10:30:00Z,139963,13.51,2026-03-22T10:21:50Z,16.43,1.141,7.633,0
2026-03-22T10:45:00Z,139964,13.62,2026-03-22T10:33:45Z,16.86,1.141,7.656,0
2026-03-22T11:00:00Z,139965,14.28,2026-03-22T10:55:20Z,17.4,1.141,7.71,0
2026-03-22T11:15:00Z,139966,14.27,2026-03-22T11:14:55Z,18.04,1.142,7.784,0
2026-03-22T11:30:00Z,139967,14.25,2026-03-22T11:15:15Z,18.65,1.144,7.854,0
2026-03-22T11:45:00Z,139968,14.22,2026-03-22T11:37:15Z,19.42,1.146,7.899,0
2026-03-22T12:00:00Z,139969,13.97,2026-03-22T12:00:00Z,20.2,1.147,7.977,0
2026-03-22T12:15:00Z,139970,13.83,2026-03-22T12:13:20Z,20.62,1.145,8.11,0
2026-03-22T12:30:00Z,139971,13.81,2026-03-22T12:18:10Z,20.73,1.145,8.25,0
2026-03-22T12:45:00Z,139972,13.78,2026-03-22T12:40:25Z,20.9,1.145,8.35,0
2026-03-22T13:00:00Z,139973,13.78,2026-03-22T12:45:45Z,21.18,1.145,8.37,0
2026-03-22T13:15:00Z,139974,13.78,2026-03-22T13:01:05Z,21.1,1.142,8.26,0
2026-03-22T13:30:00Z,139975,13.78,2026-03-22T13:15:05Z,20.84,1.144,8.22,0
2026-03-22T13:45:00Z,139976,13.81,2026-03-22T13:36:25Z,20.78,1.142,8.25,0
2026-03-22T14:00:00Z,139977,13.82,2026-03-22T13:45:10Z,20.78,1.142,8.28,0
2026-03-22T14:15:00Z,139978,13.81,2026-03-22T14:03:50Z,20.38,1.14,8.23,0
2026-03-22T14:30:00Z,139979,13.81,2026-03-22T14:16:25Z,19.57,1.136,8.05,0
2026-03-22T14:45:00Z,139980,13.85,2026-03-22T14:31:00Z,18.79,1.134,7.978,0
2026-03-22T15:00:00Z,139981,13.89,2026-03-22T14:45:20Z,17.9,1.13,7.916,0
2026-03-22T15:15:00Z,139982,13.91,2026-03-22T15:00:10Z,17.03,1.13,7.841,0
2026-03-22T15:30:00Z,139983,13.94,2026-03-22T15:16:30Z,16.29,1.13,7.849,0
2026-03-22T15:45:00Z,139984,13.94,2026-03-22T15:30:10Z,15.46,1.132,7.842,0
2026-03-22T16:00:00Z,139985,13.97,2026-03-22T15:45:05Z,14.63,1.133,7.793,0
2026-03-22T16:15:00Z,139986,13.99,2026-03-22T16:02:25Z,13.91,1.134,7.768,0
2026-03-22T16:30:00Z,139987,14.02,2026-03-22T16:15:05Z,13.18,1.132,7.779,0
2026-03-22T16:45:00Z,139988,14.03,2026-03-22T16:30:10Z,12.32,1.13,7.735,0
2026-03-22T17:00:00Z,139989,14.06,2026-03-22T16:50:10Z,11.4,1.13,7.706,0
2026-03-22T17:15:00Z,139990,13.96,2026-03-22T17:14:10Z,10.44,1.13,7.696,0
2026-03-22T17:30:00Z,139991,13.83,2026-03-22T17:29:05Z,9.26,1.132,7.707,0
2026-03-22T17:45:00Z,139992,13.72,2026-03-22T17:44:35Z,8.29,1.133,7.708,0
2026-03-22T18:00:00Z,139993,13.65,2026-03-22T17:59:25Z,7.493,1.135,7.689,0.01
2026-03-22T18:15:00Z,139994,13.58,2026-03-22T18:14:35Z,6.823,1.137,7.647,0.01
2026-03-22T18:30:00Z,139995,13.52,2026-03-22T18:28:40Z,6.322,1.136,7.601,0
2026-03-22T18:45:00Z,139996,13.47,2026-03-22T18:44:50Z,5.865,1.135,7.559,0.01
2026-03-22T19:00:00Z,139997,13.42,2026-03-22T18:58:10Z,5.466,1.135,7.515,0.02
2026-03-22T19:15:00Z,139998,13.39,2026-03-22T19:14:55Z,5.05,1.134,7.493,0.02
2026-03-22T19:30:00Z,139999,13.35,2026-03-22T19:30:00Z,4.62,1.134,7.461,0.02
2026-03-22T19:45:00Z,140000,13.33,2026-03-22T19:43:25Z,4.183,1.138,7.431,0
2026-03-22T20:00:00Z,140001,13.32,2026-03-22T19:56:50Z,3.832,1.14,7.412,0
2026-03-22T20:15:00Z,140002,13.29,2026-03-22T20:08:15Z,3.587,1.144,7.389,0
2026-03-22T20:30:00Z,140003,13.29,2026-03-22T20:21:00Z,3.442,1.144,7.362,0
2026-03-22T20:45:00Z,140004,13.28,2026-03-22T20:34:10Z,3.316,1.144,7.334,0
2026-03-22T21:00:00Z,140005,13.28,2026-03-22T20:45:05Z,3.21,1.145,7.321,0
2026-03-22T21:15:00Z,140006,13.27,2026-03-22T21:03:35Z,3.135,1.143,7.321,0
2026-03-22T21:30:00Z,140007,13.26,2026-03-22T21:28:25Z,3.099,1.141,7.322,0
2026-03-22T21:45:00Z,140008,13.27,2026-03-22T21:30:05Z,3.052,1.142,7.304,0
2026-03-22T22:00:00Z,140009,13.27,2026-03-22T21:48:25Z,2.989,1.141,7.291,0
2026-03-22T22:15:00Z,140010,13.27,2026-03-22T22:09:45Z,2.907,1.139,7.273,0
2026-03-22T22:30:00Z,140011,13.26,2026-03-22T22:21:40Z,2.781,1.14,7.244,0
2026-03-22T22:45:00Z,140012,13.26,2026-03-22T22:43:40Z,2.7,1.141,7.219,0
2026-03-22T23:00:00Z,140013,13.26,2026-03-22T22:54:35Z,2.688,1.141,7.211,0
2026-03-22T23:15:00Z,140014,13.26,2026-03-22T23:02:25Z,2.644,1.139,7.21,0
2026-03-22T23:30:00Z,140015,13.26,2026-03-22T23:30:00Z,2.555,1.139,7.212,0
2026-03-22T23:45:00Z,140016,13.27,2026-03-22T23:30:05Z,2.488,1.139,7.199,0
2026-03-23T00:15:00Z,140018,13.27,2026-03-23T00:08:20Z,2.339,1.137,7.18,0
2026-03-23T00:30:00Z,140019,13.26,2026-03-23T00:18:00Z,2.218,1.137,7.175,0
2026-03-23T00:45:00Z,140020,13.26,2026-03-23T00:30:05Z,2.076,1.138,7.164,0
2026-03-23T01:00:00Z,140021,13.26,2026-03-23T00:48:10Z,1.968,1.137,7.15,0
2026-03-23T01:15:00Z,140022,13.24,2026-03-23T01:02:30Z,1.875,1.137,7.129,0
2026-03-23T01:30:00Z,140023,13.27,2026-03-23T01:21:50Z,1.809,1.137,7.125,0
2026-03-23T01:45:00Z,140024,13.27,2026-03-23T01:41:35Z,1.719,1.136,7.122,0
2026-03-23T02:00:00Z,140025,13.27,2026-03-23T01:50:35Z,1.573,1.136,7.135,0
2026-03-23T02:15:00Z,140026,13.26,2026-03-23T02:02:25Z,1.381,1.136,7.137,0
2026-03-23T02:30:00Z,140027,13.26,2026-03-23T02:27:05Z,1.27,1.136,7.109,0
2026-03-23T02:45:00Z,140028,13.26,2026-03-23T02:38:35Z,1.213,1.136,7.096,0
2026-03-23T03:00:00Z,140029,13.26,2026-03-23T02:46:35Z,1.181,1.135,7.074,0
2026-03-23T03:15:00Z,140030,13.26,2026-03-23T03:02:25Z,1.134,1.134,7.06,0
2026-03-23T03:30:00Z,140031,13.26,2026-03-23T03:21:15Z,0.98,1.135,7.042,0
2026-03-23T03:45:00Z,140032,13.26,2026-03-23T03:30:05Z,0.891,1.136,7.021,0
2026-03-23T04:00:00Z,140033,13.26,2026-03-23T03:45:15Z,0.883,1.136,6.994,0
2026-03-23T04:15:00Z,140034,13.26,2026-03-23T04:02:35Z,0.859,1.136,6.968,0
2026-03-23T04:30:00Z,140035,13.26,2026-03-23T04:25:15Z,0.808,1.135,6.947,0
2026-03-23T04:45:00Z,140036,13.26,2026-03-23T04:30:05Z,0.797,1.134,6.925,0
2026-03-23T05:00:00Z,140037,13.23,2026-03-23T04:57:35Z,0.786,1.134,6.909,0
2026-03-23T05:15:00Z,140038,13.27,2026-03-23T05:01:35Z,0.779,1.134,6.887,0
2026-03-23T05:30:00Z,140039,13.26,2026-03-23T05:30:00Z,0.779,1.133,6.875,0
2026-03-23T05:45:00Z,140040,13.26,2026-03-23T05:30:15Z,0.777,1.134,6.882,0
2026-03-23T06:00:00Z,140041,13.26,2026-03-23T05:46:10Z,0.777,1.134,6.881,0
2026-03-23T06:15:00Z,140042,13.26,2026-03-23T06:13:55Z,0.786,1.134,6.854,0
2026-03-23T06:30:00Z,140043,13.26,2026-03-23T06:15:10Z,0.807,1.133,6.828,0
2026-03-23T06:45:00Z,140044,13.26,2026-03-23T06:31:15Z,0.845,1.132,6.801,0
2026-03-23T07:00:00Z,140045,13.26,2026-03-23T06:45:20Z,0.877,1.131,6.794,0
2026-03-23T07:15:00Z,140046,13.24,2026-03-23T07:02:25Z,0.909,1.131,6.784,0
2026-03-23T07:30:00Z,140047,13.27,2026-03-23T07:16:05Z,0.964,1.131,6.766,0
2026-03-23T07:45:00Z,140048,13.28,2026-03-23T07:30:05Z,1.011,1.132,6.761,0
2026-03-23T08:00:00Z,140049,13.28,2026-03-23T07:45:05Z,1.027,1.131,6.747,0
2026-03-23T08:15:00Z,140050,13.28,2026-03-23T08:02:30Z,0.981,1.129,6.733,0
2026-03-23T08:30:00Z,140051,13.29,2026-03-23T08:15:05Z,0.921,1.13,6.716,0
2026-03-23T08:45:00Z,140052,13.29,2026-03-23T08:30:05Z,0.884,1.129,6.714,0
2026-03-23T09:00:00Z,140053,13.31,2026-03-23T08:45:10Z,0.922,1.13,6.735,0
2026-03-23T09:15:00Z,140054,13.33,2026-03-23T09:00:05Z,1.052,1.13,6.748,0
2026-03-23T09:30:00Z,140055,13.36,2026-03-23T09:15:35Z,1.243,1.13,6.747,0
2026-03-23T09:45:00Z,140056,13.41,2026-03-23T09:30:05Z,1.453,1.128,6.764,0
2026-03-23T10:00:00Z,140057,13.44,2026-03-23T09:57:30Z,1.697,1.128,6.794,0
2026-03-23T10:15:00Z,140058,13.44,2026-03-23T10:03:00Z,1.94,1.127,6.816,0
2026-03-23T10:30:00Z,140059,13.47,2026-03-23T10:15:05Z,2.093,1.128,6.836,0
2026-03-23T10:45:00Z,140060,13.51,2026-03-23T10:30:05Z,2.235,1.126,6.862,0
2026-03-23T11:00:00Z,140061,13.49,2026-03-23T10:57:30Z,2.418,1.126,6.896,0
2026-03-23T11:15:00Z,140062,13.49,2026-03-23T11:08:55Z,2.527,1.125,6.912,0
2026-03-23T11:30:00Z,140063,13.49,2026-03-23T11:30:00Z,2.606,1.126,6.939,0
2026-03-23T11:45:00Z,140064,13.53,2026-03-23T11:33:40Z,2.769,1.125,6.973,0
2026-03-23T12:00:00Z,140065,13.52,2026-03-23T11:47:00Z,2.95,1.125,7.002,0
2026-03-23T12:15:00Z,140066,13.48,2026-03-23T12:13:55Z,2.997,1.124,7.03,0
2026-03-23T12:30:00Z,140067,13.48,2026-03-23T12:15:40Z,2.906,1.123,7.034,0
2026-03-23T12:45:00Z,140068,13.65,2026-03-23T12:30:05Z,3.063,1.125,7.065,0
2026-03-23T13:00:00Z,140069,13.74,2026-03-23T12:46:40Z,3.238,1.125,7.113,0
2026-03-23T13:15:00Z,140070,14.42,2026-03-23T13:00:05Z,3.357,1.125,7.151,0
2026-03-23T13:30:00Z,140071,14.72,2026-03-23T13:27:25Z,3.349,1.124,7.173,0
2026-03-23T13:45:00Z,140072,14.7,2026-03-23T13:44:15Z,3.427,1.125,7.209,0
2026-03-23T14:00:00Z,140073,14.69,2026-03-23T13:58:30Z,3.541,1.123,7.226,0
2026-03-23T14:15:00Z,140074,14.7,2026-03-23T14:06:10Z,3.488,1.123,7.217,0
2026-03-23T14:30:00Z,140075,14.72,2026-03-23T14:23:40Z,3.42,1.123,7.221,0
2026-03-23T14:45:00Z,140076,14.7,2026-03-23T14:30:05Z,3.381,1.123,7.229,0
2026-03-23T15:00:00Z,140077,14.32,2026-03-23T14:57:30Z,3.226,1.123,7.243,0
2026-03-23T15:15:00Z,140078,14.32,2026-03-23T15:02:30Z,3.205,1.123,7.245,0
2026-03-23T15:30:00Z,140079,14.32,2026-03-23T15:22:55Z,3.208,1.122,7.241,0
2026-03-23T15:45:00Z,140080,14.32,2026-03-23T15:37:50Z,3.123,1.121,7.222,0
2026-03-23T16:00:00Z,140081,14.32,2026-03-23T15:59:25Z,3.158,1.122,7.224,0
2026-03-23T16:15:00Z,140082,14.31,2026-03-23T16:11:45Z,3.272,1.12,7.226,0
2026-03-23T16:30:00Z,140083,14.29,2026-03-23T16:19:40Z,3.467,1.121,7.237,0
2026-03-23T16:45:00Z,140084,14.29,2026-03-23T16:42:05Z,3.443,1.12,7.199,0
2026-03-23T17:00:00Z,140085,14.29,2026-03-23T16:59:20Z,3.513,1.12,7.17,0
2026-03-23T17:15:00Z,140086,14.29,2026-03-23T17:02:25Z,4.064,1.12,7.161,0
2026-03-23T17:30:00Z,140087,14.29,2026-03-23T17:27:25Z,4.183,1.121,7.156,0
2026-03-23T17:45:00Z,140088,14.29,2026-03-23T17:43:20Z,3.998,1.12,7.147,0
2026-03-23T18:00:00Z,140089,14.29,2026-03-23T17:54:05Z,3.73,1.12,7.135,0
2026-03-23T18:15:00Z,140090,14.12,2026-03-23T18:15:00Z,3.37,1.121,7.117,0
2026-03-23T18:30:00Z,140091,13.94,2026-03-23T18:30:00Z,2.778,1.122,7.093,0
2026-03-23T18:45:00Z,140092,13.81,2026-03-23T18:45:00Z,2.135,1.121,7.06,0
2026-03-23T19:00:00Z,140093,13.71,2026-03-23T18:59:30Z,1.543,1.122,7.027,0
2026-03-23T19:15:00Z,140094,13.63,2026-03-23T19:14:40Z,0.934,1.122,6.988,0
2026-03-23T19:30:00Z,140095,13.56,2026-03-23T19:28:40Z,0.328,1.123,6.958,0
2026-03-23T19:45:00Z,140096,13.52,2026-03-23T19:42:30Z,-0.263,1.123,6.917,0
2026-03-23T20:00:00Z,140097,13.47,2026-03-23T19:59:00Z,-0.895,1.122,6.861,0
2026-03-23T20:15:00Z,140098,13.42,2026-03-23T20:13:35Z,-1.505,1.122,6.792,0
2026-03-23T20:30:00Z,140099,13.39,2026-03-23T20:29:25Z,-1.986,1.123,6.725,0
2026-03-23T20:45:00Z,140100,13.36,2026-03-23T20:42:00Z,-2.436,1.122,6.671,0
2026-03-23T21:00:00Z,140101,13.34,2026-03-23T20:59:00Z,-2.794,1.122,6.607,0
2026-03-23T21:15:00Z,140102,13.31,2026-03-23T21:12:40Z,-3.161,1.122,6.567,0
2026-03-23T21:30:00Z,140103,13.29,2026-03-23T21:30:00Z,-3.48,1.122,6.504,0
2026-03-23T21:45:00Z,140104,13.29,2026-03-23T21:39:15Z,-3.69,1.122,6.449,0
2026-03-23T22:00:00Z,140105,13.27,2026-03-23T21:52:15Z,-3.849,1.122,6.394,0
2026-03-23T22:15:00Z,140106,13.25,2026-03-23T22:02:25Z,-4.059,1.121,6.36,0
2026-03-23T22:30:00Z,140107,13.26,2026-03-23T22:15:40Z,-4.273,1.121,6.314,0
2026-03-23T22:45:00Z,140108,13.25,2026-03-23T22:36:05Z,-4.474,1.121,6.274,0
2026-03-23T23:00:00Z,140109,13.24,2026-03-23T22:57:35Z,-4.53,1.121,6.234,0
2026-03-23T23:15:00Z,140110,13.23,2026-03-23T23:02:25Z,-4.621,1.121,6.191,0
2026-03-23T23:30:00Z,140111,13.25,2026-03-23T23:18:30Z,-4.75,1.121,6.154,0
2026-03-23T23:45:00Z,140112,13.24,2026-03-23T23:30:05Z,-4.897,1.12,6.129,0
2026-03-24T00:15:00Z,140114,13.24,2026-03-24T00:02:30Z,-5.082,1.12,6.059,0
2026-03-24T00:30:00Z,140115,13.24,2026-03-24T00:17:10Z,-5.113,1.12,6.011,0
2026-03-24T00:45:00Z,140116,13.23,2026-03-24T00:30:25Z,-5.152,1.12,5.979,0
2026-03-24T01:00:00Z,140117,13.24,2026-03-24T00:58:05Z,-5.196,1.119,5.957,0
2026-03-24T01:15:00Z,140118,13.24,2026-03-24T01:02:30Z,-5.183,1.119,5.927,0
2026-03-24T01:30:00Z,140119,13.25,2026-03-24T01:15:25Z,-5.095,1.118,5.894,0
2026-03-24T01:45:00Z,140120,13.24,2026-03-24T01:31:50Z,-5.058,1.118,5.872,0
2026-03-24T02:00:00Z,140121,13.25,2026-03-24T01:45:10Z,-5.162,1.118,5.837,0
2026-03-24T02:15:00Z,140122,13.24,2026-03-24T02:02:25Z,-5.249,1.118,5.809,0
2026-03-24T02:30:00Z,140123,13.25,2026-03-24T02:17:10Z,-5.287,1.118,5.784,0
2026-03-24T02:45:00Z,140124,13.25,2026-03-24T02:30:05Z,-5.467,1.118,5.73,0
2026-03-24T03:00:00Z,140125,13.22,2026-03-24T02:48:20Z,-5.722,1.117,5.687,0
2026-03-24T03:15:00Z,140126,13.24,2026-03-24T03:02:25Z,-5.931,1.117,5.641,0
2026-03-24T03:30:00Z,140127,13.25,2026-03-24T03:15:20Z,-6.053,1.117,5.616,0
2026-03-24T03:45:00Z,140128,13.25,2026-03-24T03:30:50Z,-6.148,1.117,5.583,0
2026-03-24T04:00:00Z,140129,13.25,2026-03-24T03:45:50Z,-6.299,1.117,5.555,0
2026-03-24T04:15:00Z,140130,13.23,2026-03-24T04:02:25Z,-6.413,1.116,5.538,0
2026-03-24T04:30:00Z,140131,13.25,2026-03-24T04:15:05Z,-6.461,1.116,5.506,0
2026-03-24T04:45:00Z,140132,13.24,2026-03-24T04:43:35Z,-6.56,1.116,5.472,0
2026-03-24T05:00:00Z,140133,13.23,2026-03-24T04:57:35Z,-6.579,1.116,5.44,0
2026-03-24T05:15:00Z,140134,13.23,2026-03-24T05:02:25Z,-6.54,1.116,5.442,0
2026-03-24T05:30:00Z,140135,13.24,2026-03-24T05:16:35Z,-6.423,1.116,5.414,0
2026-03-24T05:45:00Z,140136,13.24,2026-03-24T05:30:50Z,-6.317,1.116,5.399,0
2026-03-24T06:00:00Z,140137,13.24,2026-03-24T05:47:45Z,-6.06,1.116,5.38,0
2026-03-24T06:15:00Z,140138,13.23,2026-03-24T06:02:25Z,-5.781,1.116,5.352,0
2026-03-24T06:30:00Z,140139,13.24,2026-03-24T06:19:10Z,-5.649,1.116,5.36,0
2026-03-24T06:45:00Z,140140,13.24,2026-03-24T06:30:05Z,-5.549,1.115,5.35,0
2026-03-24T07:00:00Z,140141,13.25,2026-03-24T06:57:35Z,-5.347,1.116,5.343,0
2026-03-24T07:15:00Z,140142,13.25,2026-03-24T07:02:25Z,-5.114,1.117,5.352,0
2026-03-24T07:30:00Z,140143,13.28,2026-03-24T07:30:00Z,-4.627,1.118,5.336,0
2026-03-24T07:45:00Z,140144,13.29,2026-03-24T07:30:55Z,-4.181,1.118,5.325,0
2026-03-24T08:00:00Z,140145,13.33,2026-03-24T07:49:35Z,-3.707,1.118,5.339,0
2026-03-24T08:15:00Z,140146,13.44,2026-03-24T08:13:35Z,-2.887,1.12,5.357,0
2026-03-24T08:30:00Z,140147,13.41,2026-03-24T08:18:35Z,-1.79,1.121,5.37,0
2026-03-24T08:45:00Z,140148,13.75,2026-03-24T08:30:05Z,-0.975,1.121,5.393,0
2026-03-24T09:00:00Z,140149,13.98,2026-03-24T08:45:05Z,-0.072,1.121,5.451,0
2026-03-24T09:15:00Z,140150,14.74,2026-03-24T09:14:55Z,0.919,1.121,5.576,0
2026-03-24T09:30:00Z,140151,14.74,2026-03-24T09:26:25Z,1.846,1.121,5.709,0
2026-03-24T09:45:00Z,140152,14.7,2026-03-24T09:43:00Z,2.576,1.123,5.864,0
2026-03-24T10:00:00Z,140153,14.46,2026-03-24T10:00:00Z,3.001,1.12,6.04,0
2026-03-24T10:15:00Z,140154,14.3,2026-03-24T10:13:45Z,3.322,1.119,6.165,0
2026-03-24T10:30:00Z,140155,14.29,2026-03-24T10:24:30Z,3.596,1.118,6.286,0
2026-03-24T10:45:00Z,140156,14.28,2026-03-24T10:30:10Z,3.886,1.116,6.432,0
2026-03-24T11:00:00Z,140157,14.27,2026-03-24T11:00:00Z,4.337,1.117,6.586,0
2026-03-24T11:15:00Z,140158,14.26,2026-03-24T11:00:30Z,4.761,1.117,6.716,0
2026-03-24T11:30:00Z,140159,14.26,2026-03-24T11:24:45Z,5.106,1.115,6.824,0
2026-03-24T11:45:00Z,140160,14.22,2026-03-24T11:36:45Z,5.427,1.115,6.945,0
2026-03-24T12:00:00Z,140161,14.23,2026-03-24T11:45:05Z,5.642,1.114,7.079,0
2026-03-24T12:15:00Z,140162,14.23,2026-03-24T12:07:35Z,5.801,1.115,7.231,0
2026-03-24T12:30:00Z,140163,14.22,2026-03-24T12:23:50Z,5.947,1.114,7.333,0
2026-03-24T12:45:00Z,140164,14.23,2026-03-24T12:43:30Z,6.171,1.114,7.457,0
2026-03-24T13:00:00Z,140165,14.2,2026-03-24T12:47:30Z,6.441,1.112,7.573,0
2026-03-24T13:15:00Z,140166,14.19,2026-03-24T13:07:20Z,6.801,1.113,7.66,0
2026-03-24T13:30:00Z,140167,14.2,2026-03-24T13:27:15Z,7.112,1.115,7.713,0
2026-03-24T13:45:00Z,140168,14.2,2026-03-24T13:30:15Z,7.271,1.115,7.761,0
2026-03-24T14:00:00Z,140169,14.18,2026-03-24T13:57:00Z,7.484,1.113,7.806,0
2026-03-24T14:15:00Z,140170,14.17,2026-03-24T14:02:25Z,7.747,1.113,7.817,0
2026-03-24T14:30:00Z,140171,14.17,2026-03-24T14:17:30Z,7.969,1.114,7.854,0
2026-03-24T14:45:00Z,140172,14.16,2026-03-24T14:31:45Z,8.16,1.114,7.884,0
2026-03-24T15:00:00Z,140173,14.17,2026-03-24T14:45:55Z,8.29,1.113,7.891,0
2026-03-24T15:15:00Z,140174,14.17,2026-03-24T15:06:00Z,8.39,1.112,7.917,0
2026-03-24T15:30:00Z,140175,14.18,2026-03-24T15:27:20Z,8.46,1.112,7.935,0
2026-03-24T15:45:00Z,140176,14.14,2026-03-24T15:38:40Z,8.62,1.111,7.94,0
2026-03-24T16:00:00Z,140177,14.14,2026-03-24T15:59:20Z,8.81,1.11,7.962,0
2026-03-24T16:15:00Z,140178,14.14,2026-03-24T16:02:25Z,8.91,1.109,7.961,0
2026-03-24T16:30:00Z,140179,14.14,2026-03-24T16:26:55Z,8.97,1.108,7.974,0
2026-03-24T16:45:00Z,140180,14.14,2026-03-24T16:42:00Z,9.02,1.108,7.981,0
2026-03-24T17:00:00Z,140181,14.14,2026-03-24T16:57:35Z,8.92,1.108,8.01,0
2026-03-24T17:15:00Z,140182,14.14,2026-03-24T17:02:30Z,8.78,1.107,8.03,0
2026-03-24T17:30:00Z,140183,14.14,2026-03-24T17:30:00Z,8.68,1.107,8.01,0
2026-03-24T17:45:00Z,140184,14.14,2026-03-24T17:35:45Z,8.64,1.107,7.961,0
2026-03-24T18:00:00Z,140185,14.14,2026-03-24T17:53:55Z,8.49,1.107,7.891,0
2026-03-24T18:15:00Z,140186,14.08,2026-03-24T18:15:00Z,8.29,1.107,7.798,0
2026-03-24T18:30:00Z,140187,13.94,2026-03-24T18:29:55Z,7.873,1.107,7.699,0
2026-03-24T18:45:00Z,140188,13.81,2026-03-24T18:45:00Z,7.392,1.106,7.621,0
2026-03-24T19:00:00Z,140189,13.7,2026-03-24T18:59:45Z,6.869,1.106,7.6,0
2026-03-24T19:15:00Z,140190,13.63,2026-03-24T19:14:00Z,6.291,1.106,7.584,0
2026-03-24T19:30:00Z,140191,13.56,2026-03-24T19:29:25Z,5.892,1.105,7.56,0
2026-03-24T19:45:00Z,140192,13.51,2026-03-24T19:44:05Z,5.602,1.106,7.52,0
2026-03-24T20:00:00Z,140193,13.46,2026-03-24T19:57:35Z,5.272,1.105,7.469,0
2026-03-24T20:15:00Z,140194,13.42,2026-03-24T20:14:30Z,5.083,1.105,7.417,0
2026-03-24T20:30:00Z,140195,13.39,2026-03-24T20:30:00Z,4.94,1.105,7.37,0
2026-03-24T20:45:00Z,140196,13.36,2026-03-24T20:43:30Z,4.586,1.104,7.323,0
2026-03-24T21:00:00Z,140197,13.32,2026-03-24T20:52:15Z,4.111,1.104,7.25,0
2026-03-24T21:15:00Z,140198,13.32,2026-03-24T21:13:05Z,3.627,1.104,7.218,0
2026-03-24T21:30:00Z,140199,13.31,2026-03-24T21:18:25Z,3.276,1.104,7.176,0
2026-03-24T21:45:00Z,140200,13.29,2026-03-24T21:37:05Z,2.957,1.104,7.139,0
2026-03-24T22:00:00Z,140201,13.28,2026-03-24T21:53:05Z,2.707,1.104,7.089,0
2026-03-24T22:15:00Z,140202,13.27,2026-03-24T22:03:45Z,2.577,1.103,7.051,0
2026-03-24T22:30:00Z,140203,13.27,2026-03-24T22:19:45Z,2.474,1.103,7.026,0
2026-03-24T22:45:00Z,140204,13.27,2026-03-24T22:30:05Z,2.306,1.103,7.004,0
2026-03-24T23:00:00Z,140205,13.26,2026-03-24T22:57:35Z,2.21,1.102,6.986,0
2026-03-24T23:15:00Z,140206,13.27,2026-03-24T23:05:05Z,2.163,1.102,6.958,0
2026-03-24T23:30:00Z,140207,13.27,2026-03-24T23:18:25Z,2.145,1.102,6.944,0
2026-03-24T23:45:00Z,140208,13.27,2026-03-24T23:37:25Z,2.099,1.102,6.929,0
2026-03-25T00:15:00Z,140210,13.27,2026-03-25T00:06:05Z,2.388,1.103,6.898,0
2026-03-25T00:30:00Z,140211,13.26,2026-03-25T00:29:20Z,2.597,1.103,6.874,0
2026-03-25T00:45:00Z,140212,13.27,2026-03-25T00:44:00Z,2.79,1.103,6.863,0
2026-03-25T01:00:00Z,140213,13.26,2026-03-25T00:57:30Z,2.909,1.103,6.845,0
2026-03-25T01:15:00Z,140214,13.27,2026-03-25T01:05:20Z,2.963,1.102,6.827,0
2026-03-25T01:30:00Z,140215,13.27,2026-03-25T01:24:40Z,3.04,1.102,6.81,0
2026-03-25T01:45:00Z,140216,13.27,2026-03-25T01:31:25Z,3.086,1.102,6.788,0
2026-03-25T02:00:00Z,140217,13.27,2026-03-25T01:58:45Z,3.114,1.102,6.769,0
2026-03-25T02:15:00Z,140218,13.27,2026-03-25T02:02:25Z,3.113,1.101,6.754,0
2026-03-25T02:30:00Z,140219,13.27,2026-03-25T02:19:05Z,3.062,1.101,6.73,0
2026-03-25T02:45:00Z,140220,13.27,2026-03-25T02:38:20Z,3.029,1.101,6.713,0
2026-03-25T03:00:00Z,140221,13.27,2026-03-25T02:59:40Z,3.024,1.101,6.69,0
2026-03-25T03:15:00Z,140222,13.26,2026-03-25T03:02:25Z,3.002,1.101,6.666,0
2026-03-25T03:30:00Z,140223,13.27,2026-03-25T03:30:00Z,2.981,1.101,6.647,0
2026-03-25T03:45:00Z,140224,13.27,2026-03-25T03:42:05Z,2.956,1.1,6.622,0
2026-03-25T04:00:00Z,140225,13.26,2026-03-25T03:57:35Z,2.936,1.1,6.599,0
2026-03-25T04:15:00Z,140226,13.26,2026-03-25T04:02:30Z,2.865,1.099,6.582,0
2026-03-25T04:30:00Z,140227,13.26,2026-03-25T04:30:00Z,2.78,1.1,6.551,0
2026-03-25T04:45:00Z,140228,13.27,2026-03-25T04:30:05Z,2.665,1.1,6.527,0
2026-03-25T05:00:00Z,140229,13.27,2026-03-25T04:53:30Z,2.566,1.1,6.508,0
2026-03-25T05:15:00Z,140230,13.27,2026-03-25T05:02:40Z,2.509,1.1,6.487,0
2026-03-25T05:30:00Z,140231,13.27,2026-03-25T05:28:10Z,2.473,1.099,6.47,0
2026-03-25T05:45:00Z,140232,13.27,2026-03-25T05:30:05Z,2.425,1.098,6.45,0
2026-03-25T06:00:00Z,140233,13.26,2026-03-25T05:57:35Z,2.357,1.099,6.433,0
2026-03-25T06:15:00Z,140234,13.27,2026-03-25T06:02:50Z,2.299,1.099,6.418,0
2026-03-25T06:30:00Z,140235,13.24,2026-03-25T06:18:50Z,2.246,1.099,6.407,0
2026-03-25T06:45:00Z,140236,13.27,2026-03-25T06:39:30Z,2.194,1.098,6.395,0
2026-03-25T07:00:00Z,140237,13.27,2026-03-25T06:57:30Z,2.155,1.098,6.378,0
2026-03-25T07:15:00Z,140238,13.28,2026-03-25T07:00:05Z,2.135,1.099,6.356,0
2026-03-25T07:30:00Z,140239,13.29,2026-03-25T07:15:15Z,2.236,1.099,6.348,0
2026-03-25T07:45:00Z,140240,13.31,2026-03-25T07:30:10Z,2.486,1.098,6.354,0
2026-03-25T08:00:00Z,140241,13.32,2026-03-25T07:48:35Z,2.863,1.1,6.355,0
2026-03-25T08:15:00Z,140242,13.34,2026-03-25T08:07:55Z,3.275,1.1,6.356,0
2026-03-25T08:30:00Z,140243,13.37,2026-03-25T08:15:05Z,3.702,1.101,6.364,0
2026-03-25T08:45:00Z,140244,13.42,2026-03-25T08:30:05Z,4.227,1.1,6.39,0
2026-03-25T09:00:00Z,140245,13.55,2026-03-25T08:45:45Z,4.936,1.101,6.449,0
2026-03-25T09:15:00Z,140246,13.57,2026-03-25T09:00:30Z,5.747,1.101,6.509,0
2026-03-25T09:30:00Z,140247,13.56,2026-03-25T09:16:50Z,6.572,1.103,6.584,0
2026-03-25T09:45:00Z,140248,13.66,2026-03-25T09:30:05Z,7.068,1.102,6.643,0
2026-03-25T10:00:00Z,140249,14.55,2026-03-25T09:58:45Z,7.872,1.103,6.758,0
2026-03-25T10:15:00Z,140250,14.54,2026-03-25T10:10:30Z,8.48,1.102,6.841,0
2026-03-25T10:30:00Z,140251,14.54,2026-03-25T10:26:30Z,8.92,1.101,6.92,0
2026-03-25T10:45:00Z,140252,14.42,2026-03-25T10:45:00Z,9.63,1.101,7.055,0
2026-03-25T11:00:00Z,140253,14.08,2026-03-25T10:57:30Z,10.31,1.102,7.182,0
2026-03-25T11:15:00Z,140254,14.08,2026-03-25T11:02:30Z,10.92,1.102,7.281,0
2026-03-25T11:30:00Z,140255,14.05,2026-03-25T11:29:15Z,11.33,1.103,7.359,0
2026-03-25T11:45:00Z,140256,14.05,2026-03-25T11:43:15Z,11.72,1.103,7.488,0
2026-03-25T12:00:00Z,140257,14.05,2026-03-25T11:45:55Z,12.31,1.102,7.639,0
2026-03-25T12:15:00Z,140258,14.02,2026-03-25T12:01:55Z,12.83,1.102,7.72,0
2026-03-25T12:30:00Z,140259,14.02,2026-03-25T12:15:15Z,13.14,1.101,7.789,0
2026-03-25T12:45:00Z,140260,14.02,2026-03-25T12:40:15Z,13.34,1.1,7.839,0
2026-03-25T13:00:00Z,140261,14.02,2026-03-25T12:52:35Z,13.59,1.101,7.901,0
2026-03-25T13:15:00Z,140262,14.02,2026-03-25T13:12:40Z,13.79,1.101,7.989,0
2026-03-25T13:30:00Z,140263,13.99,2026-03-25T13:27:15Z,14.07,1.102,8.06,0
2026-03-25T13:45:00Z,140264,13.99,2026-03-25T13:40:20Z,14.25,1.102,8.11,0
2026-03-25T14:00:00Z,140265,13.96,2026-03-25T13:57:35Z,14.46,1.099,8.11,0
2026-03-25T14:15:00Z,140266,13.97,2026-03-25T14:02:00Z,14.57,1.099,7.996,0
2026-03-25T14:30:00Z,140267,13.97,2026-03-25T14:15:30Z,14.69,1.099,8,0
2026-03-25T14:45:00Z,140268,13.94,2026-03-25T14:44:20Z,15.1,1.1,8,0
2026-03-25T15:00:00Z,140269,13.94,2026-03-25T14:45:10Z,15.61,1.1,8.13,0
2026-03-25T15:15:00Z,140270,13.94,2026-03-25T15:00:05Z,16.07,1.1,8.2,0
2026-03-25T15:30:00Z,140271,13.94,2026-03-25T15:15:25Z,16.02,1.102,8.22,0
2026-03-25T15:45:00Z,140272,13.94,2026-03-25T15:30:20Z,15.97,1.099,8.27,0
2026-03-25T16:00:00Z,140273,13.94,2026-03-25T15:46:55Z,16.4,1.101,8.33,0
2026-03-25T16:15:00Z,140274,13.9,2026-03-25T16:08:45Z,16.98,1.102,8.38,0
2026-03-25T16:30:00Z,140275,13.9,2026-03-25T16:26:40Z,17.25,1.102,8.43,0
2026-03-25T16:45:00Z,140276,13.9,2026-03-25T16:34:55Z,17.3,1.099,8.45,0
2026-03-25T17:00:00Z,140277,13.91,2026-03-25T16:45:10Z,17.35,1.1,8.5,0
2026-03-25T17:15:00Z,140278,13.9,2026-03-25T17:05:30Z,17.13,1.099,8.54,0
2026-03-25T17:30:00Z,140279,13.9,2026-03-25T17:18:50Z,16.83,1.101,8.56,0
2026-03-25T17:45:00Z,140280,13.9,2026-03-25T17:44:00Z,16.58,1.1,8.56,0
2026-03-25T18:00:00Z,140281,13.88,2026-03-25T17:52:15Z,16.34,1.096,8.56,0
2026-03-25T18:15:00Z,140282,13.86,2026-03-25T18:14:15Z,16.13,1.094,8.63,0
2026-03-25T18:30:00Z,140283,13.75,2026-03-25T18:30:00Z,15.89,1.092,8.74,0
2026-03-25T18:45:00Z,140284,13.67,2026-03-25T18:43:40Z,15.51,1.092,8.84,0
2026-03-25T19:00:00Z,140285,13.59,2026-03-25T18:59:40Z,14.97,1.09,8.91,0
2026-03-25T19:15:00Z,140286,13.53,2026-03-25T19:14:30Z,14.57,1.091,8.93,0
2026-03-25T19:30:00Z,140287,13.48,2026-03-25T19:29:00Z,14.12,1.091,8.9,0
2026-03-25T19:45:00Z,140288,13.44,2026-03-25T19:44:40Z,13.6,1.091,8.8,0
2026-03-25T20:00:00Z,140289,13.41,2026-03-25T19:57:40Z,12.98,1.092,8.77,0
2026-03-25T20:15:00Z,140290,13.37,2026-03-25T20:14:20Z,12.4,1.092,8.72,0
2026-03-25T20:30:00Z,140291,13.35,2026-03-25T20:28:30Z,12.01,1.092,8.64,0
2026-03-25T20:45:00Z,140292,13.33,2026-03-25T20:44:05Z,11.74,1.09,8.61,0
2026-03-25T21:00:00Z,140293,13.32,2026-03-25T20:58:40Z,11.49,1.09,8.55,0
2026-03-25T21:15:00Z,140294,13.3,2026-03-25T21:02:25Z,11.28,1.089,8.49,0
2026-03-25T21:30:00Z,140295,13.29,2026-03-25T21:30:00Z,11.12,1.088,8.43,0
2026-03-25T21:45:00Z,140296,13.29,2026-03-25T21:43:55Z,11.01,1.089,8.35,0
2026-03-25T22:00:00Z,140297,13.29,2026-03-25T21:46:25Z,10.91,1.089,8.28,0
2026-03-25T22:15:00Z,140298,13.28,2026-03-25T22:02:30Z,10.86,1.088,8.2,0
2026-03-25T22:30:00Z,140299,13.29,2026-03-25T22:15:05Z,10.81,1.089,8.13,0
2026-03-25T22:45:00Z,140300,13.28,2026-03-25T22:30:10Z,10.71,1.088,8.1,0
2026-03-25T23:00:00Z,140301,13.28,2026-03-25T22:57:40Z,10.58,1.088,8.08,0
2026-03-25T23:15:00Z,140302,13.28,2026-03-25T23:02:25Z,10.51,1.088,8.07,0
2026-03-25T23:30:00Z,140303,13.29,2026-03-25T23:15:05Z,10.47,1.088,8.05,0
2026-03-25T23:45:00Z,140304,13.29,2026-03-25T23:30:05Z,10.44,1.088,8.03,0
2026-03-26T00:15:00Z,140306,13.26,2026-03-26T00:02:25Z,10.23,1.087,7.948,0
2026-03-26T00:30:00Z,140307,13.28,2026-03-26T00:19:10Z,10.16,1.087,7.904,0
2026-03-26T00:45:00Z,140308,13.28,2026-03-26T00:30:05Z,10.08,1.087,7.838,0
2026-03-26T01:00:00Z,140309,13.28,2026-03-26T00:57:35Z,9.94,1.087,7.761,0
2026-03-26T01:15:00Z,140310,13.28,2026-03-26T01:02:30Z,9.64,1.086,7.697,0
2026-03-26T01:30:00Z,140311,13.28,2026-03-26T01:17:25Z,9.22,1.086,7.667,0
2026-03-26T01:45:00Z,140312,13.28,2026-03-26T01:30:05Z,8.83,1.086,7.64,0
2026-03-26T02:00:00Z,140313,13.29,2026-03-26T01:57:35Z,8.37,1.086,7.623,0
2026-03-26T02:15:00Z,140314,13.28,2026-03-26T02:02:25Z,7.918,1.086,7.613,0
2026-03-26T02:30:00Z,140315,13.28,2026-03-26T02:30:00Z,7.511,1.085,7.588,0
2026-03-26T02:45:00Z,140316,13.28,2026-03-26T02:30:05Z,7.192,1.085,7.569,0
2026-03-26T03:00:00Z,140317,13.28,2026-03-26T02:46:00Z,6.959,1.085,7.558,0
2026-03-26T03:15:00Z,140318,13.28,2026-03-26T03:08:05Z,6.717,1.085,7.543,0
2026-03-26T03:30:00Z,140319,13.28,2026-03-26T03:16:25Z,6.506,1.085,7.529,0
2026-03-26T03:45:00Z,140320,13.28,2026-03-26T03:42:40Z,6.361,1.085,7.517,0
2026-03-26T04:00:00Z,140321,13.28,2026-03-26T03:51:10Z,6.364,1.085,7.502,0
2026-03-26T04:15:00Z,140322,13.27,2026-03-26T04:02:35Z,6.618,1.086,7.49,0
2026-03-26T04:30:00Z,140323,13.27,2026-03-26T04:18:55Z,7.069,1.085,7.478,0
2026-03-26T04:45:00Z,140324,13.28,2026-03-26T04:40:45Z,7.574,1.084,7.463,0
2026-03-26T05:00:00Z,140325,13.27,2026-03-26T04:57:30Z,8.02,1.084,7.451,0
2026-03-26T05:15:00Z,140326,13.27,2026-03-26T05:02:30Z,8.36,1.085,7.438,0
2026-03-26T05:30:00Z,140327,13.28,2026-03-26T05:18:40Z,8.6,1.084,7.43,0
2026-03-26T05:45:00Z,140328,13.28,2026-03-26T05:39:25Z,8.83,1.084,7.419,0
2026-03-26T06:00:00Z,140329,13.28,2026-03-26T05:57:35Z,9,1.084,7.411,0
2026-03-26T06:15:00Z,140330,13.27,2026-03-26T06:08:45Z,9.08,1.084,7.402,0
2026-03-26T06:30:00Z,140331,13.28,2026-03-26T06:16:15Z,9.13,1.084,7.397,0
2026-03-26T06:45:00Z,140332,13.28,2026-03-26T06:30:10Z,9.25,1.084,7.387,0
2026-03-26T07:00:00Z,140333,13.28,2026-03-26T06:52:15Z,9.32,1.084,7.385,0
2026-03-26T07:15:00Z,140334,13.26,2026-03-26T07:09:40Z,9.38,1.084,7.382,0
2026-03-26T07:30:00Z,140335,13.3,2026-03-26T07:15:05Z,9.53,1.083,7.386,0
2026-03-26T07:45:00Z,140336,13.31,2026-03-26T07:35:10Z,9.8,1.083,7.394,0
2026-03-26T08:00:00Z,140337,13.35,2026-03-26T07:45:50Z,10.27,1.084,7.405,0
2026-03-26T08:15:00Z,140338,13.44,2026-03-26T08:14:40Z,11.32,1.085,7.451,0
2026-03-26T08:30:00Z,140339,13.42,2026-03-26T08:23:10Z,12.79,1.087,7.534,0
2026-03-26T08:45:00Z,140340,13.55,2026-03-26T08:31:10Z,14,1.088,7.646,0
2026-03-26T09:00:00Z,140341,13.55,2026-03-26T08:52:55Z,15.25,1.088,7.769,0
2026-03-26T09:15:00Z,140342,13.76,2026-03-26T09:00:05Z,16.46,1.088,7.914,0
2026-03-26T09:30:00Z,140343,14.28,2026-03-26T09:30:00Z,17.44,1.087,8.05,0
2026-03-26T09:45:00Z,140344,14.28,2026-03-26T09:32:30Z,17.98,1.087,8.14,0
2026-03-26T10:00:00Z,140345,14.24,2026-03-26T09:57:30Z,18.86,1.088,8.3,0
2026-03-26T10:15:00Z,140346,14.22,2026-03-26T10:05:10Z,19.86,1.09,8.51,0
2026-03-26T10:30:00Z,140347,13.99,2026-03-26T10:29:35Z,20.54,1.09,8.72,0
2026-03-26T10:45:00Z,140348,13.85,2026-03-26T10:44:40Z,21.17,1.089,8.93,0
2026-03-26T11:00:00Z,140349,13.76,2026-03-26T10:59:55Z,21.63,1.087,9.09,0
2026-03-26T11:15:00Z,140350,13.76,2026-03-26T11:00:05Z,22.09,1.088,9.32,0
2026-03-26T11:30:00Z,140351,13.73,2026-03-26T11:23:55Z,22.38,1.089,9.55,0
2026-03-26T11:45:00Z,140352,13.73,2026-03-26T11:30:05Z,22.55,1.089,9.73,0
2026-03-26T12:00:00Z,140353,13.72,2026-03-26T11:45:25Z,22.58,1.088,9.86,0
2026-03-26T12:15:00Z,140354,13.76,2026-03-26T12:02:25Z,22.34,1.09,9.96,0
2026-03-26T12:30:00Z,140355,13.76,2026-03-26T12:15:05Z,22.24,1.089,10.09,0
2026-03-26T12:45:00Z,140356,13.76,2026-03-26T12:30:25Z,22.16,1.086,10.17,0
2026-03-26T13:00:00Z,140357,13.76,2026-03-26T12:57:35Z,22.24,1.086,10.2,0
2026-03-26T13:15:00Z,140358,13.76,2026-03-26T13:02:25Z,22.49,1.085,10.3,0
2026-03-26T13:30:00Z,140359,13.76,2026-03-26T13:15:20Z,22.67,1.085,10.41,0
2026-03-26T13:45:00Z,140360,13.73,2026-03-26T13:44:45Z,22.78,1.084,10.43,0
2026-03-26T14:00:00Z,140361,13.72,2026-03-26T13:55:35Z,22.91,1.084,10.45,0
2026-03-26T14:15:00Z,140362,13.72,2026-03-26T14:02:25Z,22.9,1.082,10.48,0
2026-03-26T14:30:00Z,140363,13.71,2026-03-26T14:27:35Z,22.87,1.082,10.54,0
2026-03-26T14:45:00Z,140364,13.68,2026-03-26T14:40:55Z,22.82,1.081,10.58,0
2026-03-26T15:00:00Z,140365,13.72,2026-03-26T14:46:15Z,22.89,1.081,10.61,0
2026-03-26T15:15:00Z,140366,13.72,2026-03-26T15:02:15Z,23.41,1.083,10.63,0
2026-03-26T15:30:00Z,140367,13.72,2026-03-26T15:28:55Z,23.46,1.082,10.66,0
2026-03-26T15:45:00Z,140368,13.7,2026-03-26T15:38:00Z,23.05,1.078,10.67,0
2026-03-26T16:00:00Z,140369,13.71,2026-03-26T16:00:00Z,21.42,1.074,10.66,0
2026-03-26T16:15:00Z,140370,13.71,2026-03-26T16:02:25Z,18.93,1.07,10.65,0.03
2026-03-26T16:30:00Z,140371,13.67,2026-03-26T16:24:55Z,16.82,1.071,10.57,0
2026-03-26T16:45:00Z,140372,13.76,2026-03-26T16:30:05Z,15.16,1.071,10.35,0
2026-03-26T17:00:00Z,140373,13.84,2026-03-26T16:46:15Z,13.73,1.071,10.01,0
2026-03-26T17:15:00Z,140374,13.98,2026-03-26T17:14:55Z,12.63,1.075,9.74,0
2026-03-26T17:30:00Z,140375,13.82,2026-03-26T17:29:50Z,11.88,1.076,9.59,0
2026-03-26T17:45:00Z,140376,13.7,2026-03-26T17:44:45Z,11.39,1.076,9.49,0.03
2026-03-26T18:00:00Z,140377,13.68,2026-03-26T17:59:45Z,10.79,1.084,9.38,0.28
2026-03-26T18:15:00Z,140378,13.6,2026-03-26T18:14:50Z,10.29,1.097,9.23,0
2026-03-26T18:30:00Z,140379,13.53,2026-03-26T18:29:00Z,9.96,1.099,9.12,0.13
2026-03-26T18:45:00Z,140380,13.48,2026-03-26T18:44:40Z,9.62,1.11,9.01,0.01
2026-03-26T19:00:00Z,140381,13.43,2026-03-26T18:59:05Z,9.38,1.115,8.85,0.02
2026-03-26T19:15:00Z,140382,13.4,2026-03-26T19:14:55Z,9.22,1.116,8.7,0.01
2026-03-26T19:30:00Z,140383,13.37,2026-03-26T19:29:20Z,9.1,1.115,8.57,0
2026-03-26T19:45:00Z,140384,13.35,2026-03-26T19:44:10Z,9.03,1.115,8.5,0
2026-03-26T20:00:00Z,140385,13.32,2026-03-26T19:57:35Z,8.99,1.116,8.4,0
2026-03-26T20:15:00Z,140386,13.31,2026-03-26T20:02:25Z,8.96,1.117,8.32,0
2026-03-26T20:30:00Z,140387,13.3,2026-03-26T20:27:25Z,8.91,1.119,8.23,0.03
2026-03-26T20:45:00Z,140388,13.29,2026-03-26T20:39:10Z,8.86,1.12,8.18,0.01
2026-03-26T21:00:00Z,140389,13.29,2026-03-26T20:58:40Z,8.78,1.122,8.14,0
2026-03-26T21:15:00Z,140390,13.28,2026-03-26T21:05:55Z,8.75,1.121,8.11,0
2026-03-26T21:30:00Z,140391,13.28,2026-03-26T21:26:45Z,8.72,1.123,8.1,0.01
2026-03-26T21:45:00Z,140392,13.28,2026-03-26T21:44:00Z,8.67,1.125,8.09,0.01
2026-03-26T22:00:00Z,140393,13.28,2026-03-26T21:46:40Z,8.66,1.126,8.09,0.03
2026-03-26T22:15:00Z,140394,13.27,2026-03-26T22:02:25Z,8.64,1.126,8.09,0.01
2026-03-26T22:30:00Z,140395,13.28,2026-03-26T22:15:05Z,8.62,1.127,8.09,0.01
2026-03-26T22:45:00Z,140396,13.28,2026-03-26T22:38:50Z,8.61,1.129,8.08,0.01
2026-03-26T23:00:00Z,140397,13.28,2026-03-26T22:58:10Z,8.59,1.133,8.09,0.02
2026-03-26T23:15:00Z,140398,13.27,2026-03-26T23:15:00Z,8.3,1.13,8.1,0.03
2026-03-26T23:30:00Z,140399,13.27,2026-03-26T23:16:00Z,7.652,1.131,8.1,0
2026-03-26T23:45:00Z,140400,13.28,2026-03-26T23:30:10Z,7.033,1.132,8.09,0
2026-03-27T00:15:00Z,140402,13.28,2026-03-27T00:02:25Z,6.064,1.13,8.07,0
2026-03-27T00:30:00Z,140403,13.27,2026-03-27T00:28:50Z,5.658,1.129,8.08,0
2026-03-27T00:45:00Z,140404,13.28,2026-03-27T00:30:05Z,5.245,1.128,8.09,0
2026-03-27T01:00:00Z,140405,13.28,2026-03-27T00:45:05Z,4.863,1.131,8.09,0
2026-03-27T01:15:00Z,140406,13.28,2026-03-27T01:02:35Z,4.529,1.131,8.08,0
2026-03-27T01:30:00Z,140407,13.28,2026-03-27T01:28:50Z,4.208,1.133,8.07,0
2026-03-27T01:45:00Z,140408,13.28,2026-03-27T01:34:45Z,3.898,1.133,8.05,0.01
2026-03-27T02:00:00Z,140409,13.27,2026-03-27T01:57:30Z,3.621,1.133,8.03,0
2026-03-27T02:15:00Z,140410,13.27,2026-03-27T02:02:30Z,3.44,1.134,8.02,0
2026-03-27T02:30:00Z,140411,13.26,2026-03-27T02:18:20Z,3.265,1.134,8,0
2026-03-27T02:45:00Z,140412,13.27,2026-03-27T02:44:15Z,3.086,1.134,7.987,0
2026-03-27T03:00:00Z,140413,13.27,2026-03-27T02:45:10Z,2.931,1.136,7.975,0
2026-03-27T03:15:00Z,140414,13.26,2026-03-27T03:02:25Z,2.774,1.136,7.965,0
2026-03-27T03:30:00Z,140415,13.27,2026-03-27T03:15:20Z,2.63,1.135,7.963,0
2026-03-27T03:45:00Z,140416,13.27,2026-03-27T03:33:05Z,2.451,1.136,7.951,0
2026-03-27T04:00:00Z,140417,13.26,2026-03-27T03:57:35Z,2.219,1.134,7.93,0
2026-03-27T04:15:00Z,140418,13.26,2026-03-27T04:04:25Z,1.987,1.135,7.91,0
2026-03-27T04:30:00Z,140419,13.26,2026-03-27T04:28:25Z,1.749,1.135,7.886,0
2026-03-27T04:45:00Z,140420,13.26,2026-03-27T04:41:45Z,1.573,1.135,7.852,0
2026-03-27T05:00:00Z,140421,13.25,2026-03-27T04:54:05Z,1.442,1.135,7.827,0
2026-03-27T05:15:00Z,140422,13.26,2026-03-27T05:00:25Z,1.314,1.135,7.804,0
2026-03-27T05:30:00Z,140423,13.26,2026-03-27T05:30:00Z,1.117,1.133,7.779,0
2026-03-27T05:45:00Z,140424,13.26,2026-03-27T05:30:05Z,0.865,1.132,7.754,0
2026-03-27T06:00:00Z,140425,13.25,2026-03-27T05:57:30Z,0.566,1.133,7.727,0
2026-03-27T06:15:00Z,140426,13.25,2026-03-27T06:02:30Z,0.314,1.135,7.721,0
2026-03-27T06:30:00Z,140427,13.24,2026-03-27T06:24:25Z,0.1,1.136,7.686,0
2026-03-27T06:45:00Z,140428,13.25,2026-03-27T06:30:05Z,-0.101,1.135,7.637,0
2026-03-27T07:00:00Z,140429,13.24,2026-03-27T06:57:30Z,-0.369,1.134,7.596,0
2026-03-27T07:15:00Z,140430,13.26,2026-03-27T07:02:30Z,-0.696,1.134,7.581,0
2026-03-27T07:30:00Z,140431,13.28,2026-03-27T07:15:55Z,-0.986,1.134,7.561,0
2026-03-27T07:45:00Z,140432,13.3,2026-03-27T07:30:05Z,-1.164,1.136,7.57,0
2026-03-27T08:00:00Z,140433,13.33,2026-03-27T07:45:05Z,-1.209,1.136,7.579,0
2026-03-27T08:15:00Z,140434,13.37,2026-03-27T08:11:30Z,-1.357,1.133,7.574,0
2026-03-27T08:30:00Z,140435,13.38,2026-03-27T08:15:50Z,-1.547,1.134,7.552,0
2026-03-27T08:45:00Z,140436,13.41,2026-03-27T08:34:30Z,-1.649,1.135,7.547,0
2026-03-27T09:00:00Z,140437,13.57,2026-03-27T08:46:30Z,-1.41,1.136,7.59,0
2026-03-27T09:15:00Z,140438,13.63,2026-03-27T09:00:40Z,-0.483,1.138,7.67,0
2026-03-27T09:30:00Z,140439,13.71,2026-03-27T09:29:45Z,0.56,1.14,7.753,0
2026-03-27T09:45:00Z,140440,13.7,2026-03-27T09:31:20Z,0.636,1.138,7.808,0
2026-03-27T10:00:00Z,140441,14.46,2026-03-27T09:45:05Z,0.282,1.136,7.835,0
2026-03-27T10:15:00Z,140442,14.78,2026-03-27T10:10:00Z,0.316,1.136,7.869,0
2026-03-27T10:30:00Z,140443,14.78,2026-03-27T10:15:10Z,0.811,1.136,7.923,0
2026-03-27T10:45:00Z,140444,14.75,2026-03-27T10:35:15Z,1.33,1.136,7.984,0
2026-03-27T11:00:00Z,140445,14.35,2026-03-27T10:59:30Z,1.747,1.136,8.04,0
2026-03-27T11:15:00Z,140446,14.32,2026-03-27T11:12:50Z,2.197,1.136,8.14,0
2026-03-27T11:30:00Z,140447,14.32,2026-03-27T11:18:10Z,2.413,1.135,8.21,0
2026-03-27T11:45:00Z,140448,14.3,2026-03-27T11:45:00Z,2.757,1.137,8.35,0
2026-03-27T12:00:00Z,140449,14.29,2026-03-27T11:59:40Z,3.085,1.136,8.42,0
2026-03-27T12:15:00Z,140450,14.29,2026-03-27T12:01:30Z,3.403,1.136,8.5,0
2026-03-27T12:30:00Z,140451,14.29,2026-03-27T12:19:30Z,3.441,1.135,8.52,0
2026-03-27T12:45:00Z,140452,14.3,2026-03-27T12:30:10Z,3.377,1.133,8.51,0
2026-03-27T13:00:00Z,140453,14.32,2026-03-27T12:46:10Z,3.265,1.134,8.49,0
2026-03-27T13:15:00Z,140454,14.32,2026-03-27T13:05:25Z,3.095,1.132,8.5,0
2026-03-27T13:30:00Z,140455,14.32,2026-03-27T13:16:30Z,3.113,1.134,8.5,0
2026-03-27T13:45:00Z,140456,14.32,2026-03-27T13:34:10Z,3.211,1.132,8.49,0
2026-03-27T14:00:00Z,140457,14.29,2026-03-27T13:53:55Z,3.792,1.134,8.56,0
2026-03-27T14:15:00Z,140458,14.26,2026-03-27T14:12:30Z,4.368,1.135,8.64,0
2026-03-27T14:30:00Z,140459,14.26,2026-03-27T14:29:35Z,4.506,1.132,8.64,0
2026-03-27T14:45:00Z,140460,14.26,2026-03-27T14:30:05Z,4.749,1.133,8.66,0
2026-03-27T15:00:00Z,140461,14.26,2026-03-27T14:57:30Z,4.74,1.131,8.69,0
2026-03-27T15:15:00Z,140462,14.26,2026-03-27T15:14:30Z,5.025,1.132,8.75,0
2026-03-27T15:30:00Z,140463,14.25,2026-03-27T15:30:00Z,5.062,1.131,8.81,0
2026-03-27T15:45:00Z,140464,14.26,2026-03-27T15:30:25Z,4.94,1.132,8.84,0
2026-03-27T16:00:00Z,140465,14.23,2026-03-27T15:57:30Z,5.433,1.131,8.84,0
2026-03-27T16:15:00Z,140466,14.23,2026-03-27T16:09:50Z,6.328,1.133,8.84,0
2026-03-27T16:30:00Z,140467,14.2,2026-03-27T16:26:25Z,6.367,1.131,8.8,0
2026-03-27T16:45:00Z,140468,14.2,2026-03-27T16:30:25Z,6.673,1.132,8.84,0
2026-03-27T17:00:00Z,140469,14.2,2026-03-27T16:45:05Z,6.112,1.131,8.8,0
2026-03-27T17:15:00Z,140470,14.23,2026-03-27T17:02:40Z,5.597,1.132,8.75,0
2026-03-27T17:30:00Z,140471,14.23,2026-03-27T17:15:05Z,5.486,1.132,8.74,0
2026-03-27T17:45:00Z,140472,14.22,2026-03-27T17:44:30Z,5.239,1.129,8.71,0
2026-03-27T18:00:00Z,140473,14.12,2026-03-27T17:59:00Z,4.679,1.127,8.64,0
2026-03-27T18:15:00Z,140474,14.01,2026-03-27T18:14:30Z,4.003,1.126,8.56,0
2026-03-27T18:30:00Z,140475,13.88,2026-03-27T18:30:00Z,3.297,1.126,8.47,0
2026-03-27T18:45:00Z,140476,13.79,2026-03-27T18:45:00Z,2.478,1.127,8.4,0
2026-03-27T19:00:00Z,140477,13.7,2026-03-27T18:59:40Z,1.709,1.129,8.31,0
2026-03-27T19:15:00Z,140478,13.61,2026-03-27T19:14:20Z,1.031,1.129,8.23,0
2026-03-27T19:30:00Z,140479,13.55,2026-03-27T19:27:55Z,0.476,1.129,8.14,0
2026-03-27T19:45:00Z,140480,13.5,2026-03-27T19:43:55Z,-0.047,1.129,8.09,0
2026-03-27T20:00:00Z,140481,13.46,2026-03-27T19:59:25Z,-0.497,1.131,8.04,0
2026-03-27T20:15:00Z,140482,13.42,2026-03-27T20:13:15Z,-0.863,1.131,7.995,0
2026-03-27T20:30:00Z,140483,13.38,2026-03-27T20:30:00Z,-1.139,1.131,7.951,0
2026-03-27T20:45:00Z,140484,13.33,2026-03-27T20:38:55Z,-1.314,1.13,7.892,0
2026-03-27T21:00:00Z,140485,13.33,2026-03-27T20:59:40Z,-1.439,1.129,7.852,0
2026-03-27T21:15:00Z,140486,13.31,2026-03-27T21:02:25Z,-1.535,1.13,7.81,0
2026-03-27T21:30:00Z,140487,13.3,2026-03-27T21:26:00Z,-1.675,1.13,7.747,0
2026-03-27T21:45:00Z,140488,13.29,2026-03-27T21:39:20Z,-1.836,1.13,7.676,0
2026-03-27T22:00:00Z,140489,13.28,2026-03-27T21:56:35Z,-2.01,1.13,7.619,0
2026-03-27T22:15:00Z,140490,13.26,2026-03-27T22:02:30Z,-2.155,1.129,7.57,0
2026-03-27T22:30:00Z,140491,13.26,2026-03-27T22:19:00Z,-2.204,1.13,7.52,0
2026-03-27T22:45:00Z,140492,13.26,2026-03-27T22:30:05Z,-2.133,1.13,7.475,0
2026-03-27T23:00:00Z,140493,13.26,2026-03-27T22:45:05Z,-1.919,1.13,7.435,0
2026-03-27T23:15:00Z,140494,13.26,2026-03-27T23:04:45Z,-1.754,1.129,7.415,0
2026-03-27T23:30:00Z,140495,13.26,2026-03-27T23:28:30Z,-1.585,1.129,7.389,0
2026-03-27T23:45:00Z,140496,13.26,2026-03-27T23:34:00Z,-1.485,1.128,7.367,0
2026-03-28T00:15:00Z,140498,13.24,2026-03-28T00:02:25Z,-1.509,1.127,7.331,0
2026-03-28T00:30:00Z,140499,13.25,2026-03-28T00:19:00Z,-1.609,1.126,7.302,0
2026-03-28T00:45:00Z,140500,13.26,2026-03-28T00:30:05Z,-1.779,1.126,7.266,0
2026-03-28T01:00:00Z,140501,13.25,2026-03-28T00:57:40Z,-1.984,1.127,7.239,0
2026-03-28T01:15:00Z,140502,13.26,2026-03-28T01:00:05Z,-2.148,1.126,7.2,0
2026-03-28T01:30:00Z,140503,13.26,2026-03-28T01:21:40Z,-2.255,1.126,7.171,0
2026-03-28T01:45:00Z,140504,13.25,2026-03-28T01:40:20Z,-2.38,1.127,7.137,0
2026-03-28T02:00:00Z,140505,13.25,2026-03-28T01:53:40Z,-2.503,1.126,7.082,0
2026-03-28T02:15:00Z,140506,13.24,2026-03-28T02:02:25Z,-2.526,1.125,7.04,0
2026-03-28T02:30:00Z,140507,13.25,2026-03-28T02:23:00Z,-2.527,1.125,6.994,0
2026-03-28T02:45:00Z,140508,13.26,2026-03-28T02:31:00Z,-2.576,1.124,6.938,0
2026-03-28T03:00:00Z,140509,13.25,2026-03-28T02:57:40Z,-2.676,1.124,6.902,0
2026-03-28T03:15:00Z,140510,13.26,2026-03-28T03:00:20Z,-2.819,1.123,6.904,0
2026-03-28T03:30:00Z,140511,13.25,2026-03-28T03:30:00Z,-2.976,1.125,6.869,0
2026-03-28T03:45:00Z,140512,13.25,2026-03-28T03:44:45Z,-3.147,1.125,6.827,0
2026-03-28T04:00:00Z,140513,13.24,2026-03-28T03:57:30Z,-3.278,1.126,6.787,0
2026-03-28T04:15:00Z,140514,13.25,2026-03-28T04:02:25Z,-3.43,1.126,6.762,0
2026-03-28T04:30:00Z,140515,13.26,2026-03-28T04:15:35Z,-3.554,1.126,6.722,0
2026-03-28T04:45:00Z,140516,13.25,2026-03-28T04:30:05Z,-3.725,1.127,6.667,0
2026-03-28T05:00:00Z,140517,13.26,2026-03-28T04:46:00Z,-3.958,1.127,6.638,0
2026-03-28T05:15:00Z,140518,13.24,2026-03-28T05:02:25Z,-4.083,1.127,6.592,0
2026-03-28T05:30:00Z,140519,13.25,2026-03-28T05:19:05Z,-4.255,1.126,6.568,0
2026-03-28T05:45:00Z,140520,13.25,2026-03-28T05:31:25Z,-4.402,1.126,6.542,0
2026-03-28T06:00:00Z,140521,13.24,2026-03-28T05:49:35Z,-4.411,1.127,6.534,0
2026-03-28T06:15:00Z,140522,13.24,2026-03-28T06:02:25Z,-4.62,1.127,6.536,0
2026-03-28T06:30:00Z,140523,13.25,2026-03-28T06:15:05Z,-4.918,1.126,6.5,0
2026-03-28T06:45:00Z,140524,13.25,2026-03-28T06:31:25Z,-5.191,1.126,6.454,0
2026-03-28T07:00:00Z,140525,13.25,2026-03-28T06:57:30Z,-5.408,1.125,6.406,0
2026-03-28T07:15:00Z,140526,13.25,2026-03-28T07:02:35Z,-5.459,1.125,6.379,0
2026-03-28T07:30:00Z,140527,13.28,2026-03-28T07:15:05Z,-5.365,1.125,6.36,0
2026-03-28T07:45:00Z,140528,13.27,2026-03-28T07:30:05Z,-5.106,1.124,6.356,0
2026-03-28T08:00:00Z,140529,13.33,2026-03-28T07:45:05Z,-4.579,1.123,6.363,0
2026-03-28T08:15:00Z,140530,13.45,2026-03-28T08:10:20Z,-3.512,1.124,6.416,0
2026-03-28T08:30:00Z,140531,13.42,2026-03-28T08:23:50Z,-2.79,1.121,6.501,0
2026-03-28T08:45:00Z,140532,13.75,2026-03-28T08:30:05Z,-2.009,1.12,6.596,0
2026-03-28T09:00:00Z,140533,13.92,2026-03-28T08:45:05Z,-1.029,1.121,6.717,0
2026-03-28T09:15:00Z,140534,14.78,2026-03-28T09:10:05Z,0.019,1.122,6.845,0
2026-03-28T09:30:00Z,140535,14.74,2026-03-28T09:26:05Z,0.956,1.123,6.97,0
2026-03-28T09:45:00Z,140536,14.74,2026-03-28T09:31:25Z,1.57,1.123,7.07,0
2026-03-28T10:00:00Z,140537,14.72,2026-03-28T09:55:25Z,2.042,1.124,7.183,0
2026-03-28T10:15:00Z,140538,14.32,2026-03-28T10:06:05Z,2.378,1.125,7.294,0
2026-03-28T10:30:00Z,140539,14.32,2026-03-28T10:19:25Z,2.52,1.124,7.434,0
2026-03-28T10:45:00Z,140540,14.32,2026-03-28T10:35:25Z,2.54,1.125,7.577,0
2026-03-28T11:00:00Z,140541,14.32,2026-03-28T10:46:05Z,2.555,1.125,7.712,0
2026-03-28T11:15:00Z,140542,14.32,2026-03-28T11:07:25Z,2.621,1.124,7.834,0
2026-03-28T11:30:00Z,140543,14.29,2026-03-28T11:28:40Z,2.729,1.124,7.975,0
2026-03-28T11:45:00Z,140544,14.29,2026-03-28T11:30:05Z,2.888,1.123,8.08,0
2026-03-28T12:00:00Z,140545,14.29,2026-03-28T11:45:15Z,3.078,1.122,8.24,0
2026-03-28T12:15:00Z,140546,14.29,2026-03-28T12:02:25Z,3.223,1.122,8.37,0
2026-03-28T12:30:00Z,140547,14.29,2026-03-28T12:28:05Z,3.421,1.123,8.51,0
2026-03-28T12:45:00Z,140548,14.29,2026-03-28T12:36:05Z,3.695,1.125,8.66,0
2026-03-28T13:00:00Z,140549,14.27,2026-03-28T12:57:50Z,3.933,1.122,8.75,0
2026-03-28T13:15:00Z,140550,14.25,2026-03-28T13:09:00Z,4.195,1.122,8.87,0
2026-03-28T13:30:00Z,140551,14.23,2026-03-28T13:21:45Z,4.594,1.122,8.99,0
2026-03-28T13:45:00Z,140552,14.23,2026-03-28T13:35:00Z,5.015,1.123,9.1,0
2026-03-28T14:00:00Z,140553,14.2,2026-03-28T13:56:30Z,5.414,1.121,9.26,0
2026-03-28T14:15:00Z,140554,14.19,2026-03-28T14:02:25Z,5.736,1.123,9.31,0
2026-03-28T14:30:00Z,140555,14.2,2026-03-28T14:24:10Z,6.056,1.123,9.44,0
2026-03-28T14:45:00Z,140556,14.2,2026-03-28T14:30:15Z,6.504,1.124,9.53,0
2026-03-28T15:00:00Z,140557,14.2,2026-03-28T14:45:15Z,7.134,1.124,9.57,0
2026-03-28T15:15:00Z,140558,14.2,2026-03-28T15:02:25Z,7.363,1.124,9.63,0
2026-03-28T15:30:00Z,140559,14.2,2026-03-28T15:15:05Z,7.053,1.125,9.69,0
2026-03-28T15:45:00Z,140560,14.2,2026-03-28T15:33:10Z,6.872,1.124,9.8,0
2026-03-28T16:00:00Z,140561,14.2,2026-03-28T15:59:50Z,7.231,1.124,9.94,0
2026-03-28T16:15:00Z,140562,14.19,2026-03-28T16:02:25Z,7.821,1.125,9.89,0
2026-03-28T16:30:00Z,140563,14.17,2026-03-28T16:23:50Z,8.04,1.124,9.87,0
2026-03-28T16:45:00Z,140564,14.17,2026-03-28T16:37:10Z,7.98,1.123,9.82,0
2026-03-28T17:00:00Z,140565,14.17,2026-03-28T16:57:30Z,7.849,1.121,9.82,0
2026-03-28T17:15:00Z,140566,14.18,2026-03-28T17:00:05Z,7.456,1.121,9.76,0
2026-03-28T17:30:00Z,140567,14.19,2026-03-28T17:25:10Z,6.874,1.122,9.7,0
2026-03-28T17:45:00Z,140568,14.14,2026-03-28T17:43:50Z,6.356,1.122,9.62,0
2026-03-28T18:00:00Z,140569,14.06,2026-03-28T17:59:25Z,6.01,1.123,9.54,0
2026-03-28T18:15:00Z,140570,13.97,2026-03-28T18:14:40Z,5.726,1.123,9.42,0
2026-03-28T18:30:00Z,140571,13.87,2026-03-28T18:30:00Z,5.466,1.124,9.38,0
2026-03-28T18:45:00Z,140572,13.77,2026-03-28T18:44:25Z,5.206,1.124,9.36,0
2026-03-28T19:00:00Z,140573,13.68,2026-03-28T18:57:30Z,4.943,1.124,9.32,0
2026-03-28T19:15:00Z,140574,13.6,2026-03-28T19:14:10Z,4.643,1.123,9.28,0
2026-03-28T19:30:00Z,140575,13.54,2026-03-28T19:29:50Z,4.339,1.123,9.22,0
2026-03-28T19:45:00Z,140576,13.49,2026-03-28T19:44:10Z,4.077,1.122,9.15,0
2026-03-28T20:00:00Z,140577,13.44,2026-03-28T19:57:35Z,3.827,1.121,9.07,0
2026-03-28T20:15:00Z,140578,13.4,2026-03-28T20:02:25Z,3.542,1.119,8.98,0
2026-03-28T20:30:00Z,140579,13.37,2026-03-28T20:30:00Z,3.182,1.118,8.89,0
2026-03-28T20:45:00Z,140580,13.35,2026-03-28T20:44:45Z,2.816,1.118,8.8,0
2026-03-28T21:00:00Z,140581,13.33,2026-03-28T21:00:00Z,2.579,1.119,8.72,0
2026-03-28T21:15:00Z,140582,13.31,2026-03-28T21:12:25Z,2.46,1.119,8.66,0
2026-03-28T21:30:00Z,140583,13.3,2026-03-28T21:28:30Z,2.306,1.119,8.61,0
2026-03-28T21:45:00Z,140584,13.29,2026-03-28T21:40:40Z,2.103,1.118,8.53,0
2026-03-28T22:00:00Z,140585,13.29,2026-03-28T21:54:55Z,1.908,1.118,8.43,0
2026-03-28T22:15:00Z,140586,13.27,2026-03-28T22:02:25Z,1.753,1.119,8.32,0
2026-03-28T22:30:00Z,140587,13.26,2026-03-28T22:19:00Z,1.726,1.12,8.23,0
2026-03-28T22:45:00Z,140588,13.27,2026-03-28T22:31:25Z,1.769,1.121,8.14,0
2026-03-28T23:00:00Z,140589,13.27,2026-03-28T22:54:55Z,1.886,1.122,8.05,0
2026-03-28T23:15:00Z,140590,13.26,2026-03-28T23:07:35Z,1.967,1.122,7.989,0
2026-03-28T23:30:00Z,140591,13.26,2026-03-28T23:16:15Z,2.036,1.121,7.931,0
2026-03-28T23:45:00Z,140592,13.27,2026-03-28T23:34:00Z,2.175,1.121,7.88,0
2026-03-29T00:15:00Z,140594,13.26,2026-03-29T00:02:30Z,2.583,1.122,7.787,0
2026-03-29T00:30:00Z,140595,13.26,2026-03-29T00:16:20Z,2.774,1.123,7.757,0
2026-03-29T00:45:00Z,140596,13.26,2026-03-29T00:41:15Z,2.942,1.124,7.72,0
2026-03-29T01:00:00Z,140597,13.26,2026-03-29T00:54:40Z,3.086,1.123,7.682,0
2026-03-29T01:15:00Z,140598,13.26,2026-03-29T01:02:30Z,3.204,1.122,7.669,0
2026-03-29T01:30:00Z,140599,13.27,2026-03-29T01:23:10Z,3.291,1.121,7.654,0
2026-03-29T01:45:00Z,140600,13.27,2026-03-29T01:33:20Z,3.366,1.119,7.633,0
2026-03-29T02:00:00Z,140601,13.27,2026-03-29T01:59:25Z,3.446,1.119,7.599,0
2026-03-29T02:15:00Z,140602,13.26,2026-03-29T02:02:25Z,3.527,1.119,7.589,0
2026-03-29T02:30:00Z,140603,13.27,2026-03-29T02:27:45Z,3.546,1.118,7.564,0
2026-03-29T02:45:00Z,140604,13.28,2026-03-29T02:37:35Z,3.432,1.117,7.514,0
2026-03-29T03:00:00Z,140605,13.27,2026-03-29T02:57:30Z,3.218,1.116,7.483,0
2026-03-29T03:15:00Z,140606,13.28,2026-03-29T03:09:35Z,3.006,1.116,7.44,0
2026-03-29T03:30:00Z,140607,13.28,2026-03-29T03:20:45Z,2.88,1.117,7.398,0
2026-03-29T03:45:00Z,140608,13.27,2026-03-29T03:32:55Z,2.841,1.118,7.36,0
2026-03-29T04:00:00Z,140609,13.28,2026-03-29T03:50:35Z,2.807,1.117,7.326,0
2026-03-29T04:15:00Z,140610,13.26,2026-03-29T04:02:40Z,2.72,1.117,7.279,0
2026-03-29T04:30:00Z,140611,13.28,2026-03-29T04:15:05Z,2.563,1.116,7.244,0
2026-03-29T04:45:00Z,140612,13.27,2026-03-29T04:30:15Z,2.341,1.115,7.219,0
2026-03-29T05:00:00Z,140613,13.27,2026-03-29T04:57:50Z,2.176,1.116,7.191,0
2026-03-29T05:15:00Z,140614,13.26,2026-03-29T05:02:30Z,1.999,1.116,7.154,0
2026-03-29T05:30:00Z,140615,13.26,2026-03-29T05:30:00Z,1.839,1.116,7.087,0
2026-03-29T05:45:00Z,140616,13.28,2026-03-29T05:30:40Z,1.733,1.116,7.061,0
2026-03-29T06:00:00Z,140617,13.26,2026-03-29T05:57:30Z,1.657,1.115,7.03,0
2026-03-29T06:15:00Z,140618,13.26,2026-03-29T06:02:25Z,1.615,1.115,6.989,0
2026-03-29T06:30:00Z,140619,13.26,2026-03-29T06:22:00Z,1.581,1.115,6.935,0
2026-03-29T06:45:00Z,140620,13.27,2026-03-29T06:32:40Z,1.546,1.114,6.899,0
2026-03-29T07:00:00Z,140621,13.28,2026-03-29T06:46:00Z,1.525,1.113,6.889,0
2026-03-29T07:15:00Z,140622,13.29,2026-03-29T07:02:25Z,1.506,1.113,6.891,0
2026-03-29T07:30:00Z,140623,13.31,2026-03-29T07:15:20Z,1.638,1.113,6.916,0
2026-03-29T07:45:00Z,140624,13.33,2026-03-29T07:30:05Z,1.933,1.113,6.956,0
2026-03-29T08:00:00Z,140625,13.41,2026-03-29T07:50:25Z,2.291,1.112,6.976,0
2026-03-29T08:15:00Z,140626,13.47,2026-03-29T08:05:35Z,2.902,1.112,7.005,0
2026-03-29T08:30:00Z,140627,13.51,2026-03-29T08:27:05Z,4.033,1.115,7.073,0
2026-03-29T08:45:00Z,140628,13.49,2026-03-29T08:36:55Z,4.99,1.115,7.169,0
2026-03-29T09:00:00Z,140629,13.51,2026-03-29T08:56:40Z,5.463,1.115,7.232,0
2026-03-29T09:15:00Z,140630,13.56,2026-03-29T09:02:30Z,5.986,1.114,7.293,0
2026-03-29T09:30:00Z,140631,13.73,2026-03-29T09:15:15Z,6.587,1.114,7.366,0
2026-03-29T09:45:00Z,140632,14.61,2026-03-29T09:30:10Z,6.984,1.114,7.427,0
2026-03-29T10:00:00Z,140633,14.6,2026-03-29T09:56:00Z,7.31,1.113,7.477,0
2026-03-29T10:15:00Z,140634,14.58,2026-03-29T10:11:00Z,7.644,1.114,7.53,0
2026-03-29T10:30:00Z,140635,14.58,2026-03-29T10:15:15Z,7.94,1.111,7.594,0
2026-03-29T10:45:00Z,140636,14.15,2026-03-29T10:45:00Z,8.31,1.111,7.657,0
2026-03-29T11:00:00Z,140637,14.14,2026-03-29T10:58:50Z,8.77,1.111,7.722,0
2026-03-29T11:15:00Z,140638,14.12,2026-03-29T11:13:50Z,9.4,1.111,7.823,0
2026-03-29T11:30:00Z,140639,14.11,2026-03-29T11:15:10Z,10.08,1.112,7.956,0
2026-03-29T11:45:00Z,140640,14.11,2026-03-29T11:38:25Z,10.49,1.111,8.05,0
2026-03-29T12:00:00Z,140641,14.07,2026-03-29T11:52:25Z,10.9,1.111,8.13,0
2026-03-29T12:15:00Z,140642,14.06,2026-03-29T12:11:40Z,11.35,1.112,8.24,0
2026-03-29T12:30:00Z,140643,14.05,2026-03-29T12:19:05Z,11.77,1.113,8.39,0
2026-03-29T12:45:00Z,140644,14.05,2026-03-29T12:31:30Z,12.05,1.112,8.54,0
2026-03-29T13:00:00Z,140645,14.02,2026-03-29T12:58:25Z,12.31,1.111,8.71,0
2026-03-29T13:15:00Z,140646,14.01,2026-03-29T13:06:25Z,12.67,1.11,8.87,0
2026-03-29T13:30:00Z,140647,13.99,2026-03-29T13:29:55Z,13.11,1.111,9.01,0
2026-03-29T13:45:00Z,140648,13.97,2026-03-29T13:45:00Z,13.64,1.11,9.17,0
2026-03-29T14:00:00Z,140649,13.96,2026-03-29T13:55:30Z,14.2,1.111,9.37,0
2026-03-29T14:15:00Z,140650,13.96,2026-03-29T14:05:05Z,14.63,1.111,9.49,0
2026-03-29T14:30:00Z,140651,13.94,2026-03-29T14:23:25Z,15.14,1.112,9.63,0
2026-03-29T14:45:00Z,140652,13.93,2026-03-29T14:30:05Z,15.57,1.112,9.7,0
2026-03-29T15:00:00Z,140653,13.93,2026-03-29T14:57:30Z,15.89,1.112,9.7,0
2026-03-29T15:15:00Z,140654,13.94,2026-03-29T15:00:20Z,15.66,1.116,9.68,0
2026-03-29T15:30:00Z,140655,13.96,2026-03-29T15:22:20Z,15.27,1.112,9.69,0
2026-03-29T15:45:00Z,140656,13.97,2026-03-29T15:38:25Z,15.02,1.109,9.77,0
2026-03-29T16:00:00Z,140657,13.96,2026-03-29T15:48:10Z,14.92,1.111,9.86,0
2026-03-29T16:15:00Z,140658,13.96,2026-03-29T16:02:25Z,15.06,1.111,9.8,0
2026-03-29T16:30:00Z,140659,13.97,2026-03-29T16:21:55Z,15.02,1.111,9.69,0
2026-03-29T16:45:00Z,140660,13.97,2026-03-29T16:35:20Z,14.79,1.109,9.66,0
2026-03-29T17:00:00Z,140661,13.97,2026-03-29T16:45:15Z,14.49,1.108,9.59,0
2026-03-29T17:15:00Z,140662,13.98,2026-03-29T17:13:25Z,14.26,1.107,9.41,0
2026-03-29T17:30:00Z,140663,13.96,2026-03-29T17:19:10Z,14.07,1.109,9.29,0
2026-03-29T17:45:00Z,140664,13.99,2026-03-29T17:35:10Z,13.82,1.108,9.2,0
2026-03-29T18:00:00Z,140665,14.02,2026-03-29T17:57:35Z,13.56,1.107,9.13,0
2026-03-29T18:15:00Z,140666,13.95,2026-03-29T18:14:55Z,13.33,1.106,9.08,0
2026-03-29T18:30:00Z,140667,13.84,2026-03-29T18:29:40Z,13.13,1.105,9.06,0
2026-03-29T18:45:00Z,140668,13.74,2026-03-29T18:44:30Z,12.92,1.105,9.07,0
2026-03-29T19:00:00Z,140669,13.65,2026-03-29T19:00:00Z,12.56,1.104,9.12,0
2026-03-29T19:15:00Z,140670,13.58,2026-03-29T19:15:00Z,12.21,1.103,9.12,0
2026-03-29T19:30:00Z,140671,13.52,2026-03-29T19:29:50Z,11.96,1.102,9.11,0
2026-03-29T19:45:00Z,140672,13.47,2026-03-29T19:42:50Z,11.81,1.102,9.11,0
2026-03-29T20:00:00Z,140673,13.43,2026-03-29T19:57:35Z,11.72,1.101,9.08,0
2026-03-29T20:15:00Z,140674,13.39,2026-03-29T20:14:45Z,11.71,1.102,9.04,0
2026-03-29T20:30:00Z,140675,13.37,2026-03-29T20:29:35Z,11.7,1.102,9.03,0
2026-03-29T20:45:00Z,140676,13.35,2026-03-29T20:38:50Z,11.53,1.102,9.01,0
2026-03-29T21:00:00Z,140677,13.32,2026-03-29T20:59:55Z,11.28,1.102,9,0
2026-03-29T21:15:00Z,140678,13.31,2026-03-29T21:11:45Z,11.14,1.101,8.98,0
2026-03-29T21:30:00Z,140679,13.3,2026-03-29T21:23:40Z,11.06,1.1,8.96,0
2026-03-29T21:45:00Z,140680,13.3,2026-03-29T21:44:25Z,11.04,1.1,8.94,0
2026-03-29T22:00:00Z,140681,13.29,2026-03-29T21:54:20Z,11.1,1.101,8.94,0
2026-03-29T22:15:00Z,140682,13.28,2026-03-29T22:10:20Z,11.11,1.101,8.92,0
2026-03-29T22:30:00Z,140683,13.28,2026-03-29T22:26:40Z,11.01,1.1,8.91,0
2026-03-29T22:45:00Z,140684,13.28,2026-03-29T22:30:05Z,10.89,1.1,8.9,0
2026-03-29T23:00:00Z,140685,13.28,2026-03-29T22:46:10Z,10.87,1.101,8.9,0
2026-03-29T23:15:00Z,140686,13.28,2026-03-29T23:02:25Z,10.85,1.1,8.9,0
2026-03-29T23:30:00Z,140687,13.28,2026-03-29T23:26:10Z,10.76,1.101,8.9,0
2026-03-29T23:45:00Z,140688,13.28,2026-03-29T23:30:05Z,10.56,1.1,8.89,0
2026-03-30T00:15:00Z,140690,13.28,2026-03-30T00:02:30Z,10.35,1.101,8.87,0
2026-03-30T00:30:00Z,140691,13.28,2026-03-30T00:19:10Z,10.46,1.101,8.86,0
2026-03-30T00:45:00Z,140692,13.28,2026-03-30T00:30:05Z,10.61,1.101,8.84,0
2026-03-30T01:00:00Z,140693,13.28,2026-03-30T00:57:40Z,10.72,1.101,8.83,0
2026-03-30T01:15:00Z,140694,13.28,2026-03-30T01:02:35Z,10.71,1.101,8.81,0
2026-03-30T01:30:00Z,140695,13.28,2026-03-30T01:15:15Z,10.58,1.101,8.79,0
2026-03-30T01:45:00Z,140696,13.28,2026-03-30T01:30:05Z,10.56,1.102,8.76,0
2026-03-30T02:00:00Z,140697,13.28,2026-03-30T01:49:15Z,10.67,1.101,8.75,0
2026-03-30T02:15:00Z,140698,13.28,2026-03-30T02:02:25Z,10.84,1.101,8.73,0
2026-03-30T02:30:00Z,140699,13.28,2026-03-30T02:21:55Z,11.03,1.101,8.71,0
2026-03-30T02:45:00Z,140700,13.28,2026-03-30T02:32:35Z,11.11,1.101,8.7,0
2026-03-30T03:00:00Z,140701,13.28,2026-03-30T02:53:55Z,10.93,1.1,8.68,0
2026-03-30T03:15:00Z,140702,13.28,2026-03-30T03:12:35Z,10.71,1.099,8.66,0
2026-03-30T03:30:00Z,140703,13.28,2026-03-30T03:28:35Z,10.61,1.099,8.63,0
2026-03-30T03:45:00Z,140704,13.28,2026-03-30T03:31:15Z,10.63,1.1,8.6,0
2026-03-30T04:00:00Z,140705,13.29,2026-03-30T03:45:05Z,10.7,1.1,8.58,0
2026-03-30T04:15:00Z,140706,13.28,2026-03-30T04:02:30Z,10.75,1.101,8.56,0
2026-03-30T04:30:00Z,140707,13.29,2026-03-30T04:15:05Z,10.81,1.101,8.54,0
2026-03-30T04:45:00Z,140708,13.28,2026-03-30T04:34:20Z,10.86,1.101,8.53,0
2026-03-30T05:00:00Z,140709,13.28,2026-03-30T04:57:30Z,10.96,1.101,8.52,0
2026-03-30T05:15:00Z,140710,13.28,2026-03-30T05:13:35Z,11.09,1.101,8.52,0
2026-03-30T05:30:00Z,140711,13.28,2026-03-30T05:27:35Z,11.1,1.101,8.53,0
2026-03-30T05:45:00Z,140712,13.28,2026-03-30T05:31:45Z,10.99,1.1,8.54,0
2026-03-30T06:00:00Z,140713,13.28,2026-03-30T05:57:30Z,10.98,1.099,8.54,0
2026-03-30T06:15:00Z,140714,13.28,2026-03-30T06:02:25Z,11.13,1.099,8.55,0
2026-03-30T06:30:00Z,140715,13.28,2026-03-30T06:15:35Z,11.27,1.099,8.56,0
2026-03-30T06:45:00Z,140716,13.27,2026-03-30T06:44:05Z,11.34,1.099,8.56,0
2026-03-30T07:00:00Z,140717,13.28,2026-03-30T06:45:15Z,11.35,1.1,8.57,0
2026-03-30T07:15:00Z,140718,13.29,2026-03-30T07:00:05Z,11.34,1.099,8.57,0
2026-03-30T07:30:00Z,140719,13.29,2026-03-30T07:16:30Z,11.41,1.1,8.58,0
2026-03-30T07:45:00Z,140720,13.3,2026-03-30T07:31:00Z,11.64,1.099,8.6,0
2026-03-30T08:00:00Z,140721,13.32,2026-03-30T07:45:15Z,11.91,1.1,8.63,0
2026-03-30T08:15:00Z,140722,13.36,2026-03-30T08:00:05Z,12.15,1.099,8.68,0
2026-03-30T08:30:00Z,140723,13.43,2026-03-30T08:15:05Z,12.62,1.101,8.72,0
2026-03-30T08:45:00Z,140724,13.44,2026-03-30T08:30:05Z,13.04,1.1,8.76,0
2026-03-30T09:00:00Z,140725,13.49,2026-03-30T09:00:00Z,13.72,1.102,8.83,0
2026-03-30T09:15:00Z,140726,13.42,2026-03-30T09:14:20Z,14.41,1.102,8.88,0
2026-03-30T09:30:00Z,140727,13.41,2026-03-30T09:19:10Z,14.8,1.102,8.89,0
2026-03-30T09:45:00Z,140728,13.39,2026-03-30T09:30:20Z,14.97,1.101,8.9,0
2026-03-30T10:00:00Z,140729,13.42,2026-03-30T09:57:00Z,14.96,1.1,8.93,0
2026-03-30T10:15:00Z,140730,13.43,2026-03-30T10:00:35Z,14.87,1.1,8.96,0
2026-03-30T10:30:00Z,140731,13.51,2026-03-30T10:15:05Z,15.01,1.1,9.02,0
2026-03-30T10:45:00Z,140732,13.65,2026-03-30T10:30:05Z,15.47,1.1,9.1,0
2026-03-30T11:00:00Z,140733,14.33,2026-03-30T10:59:10Z,16.16,1.1,9.2,0
2026-03-30T11:15:00Z,140734,14.3,2026-03-30T11:07:20Z,16.85,1.101,9.33,0
2026-03-30T11:30:00Z,140735,14.29,2026-03-30T11:22:20Z,17.41,1.103,9.52,0
2026-03-30T11:45:00Z,140736,14.21,2026-03-30T11:45:00Z,17.96,1.103,9.71,0
2026-03-30T12:00:00Z,140737,13.97,2026-03-30T11:59:45Z,18.55,1.103,9.93,0
2026-03-30T12:15:00Z,140738,13.85,2026-03-30T12:14:10Z,19.15,1.102,10.15,0
2026-03-30T12:30:00Z,140739,13.81,2026-03-30T12:29:30Z,19.61,1.103,10.39,0
2026-03-30T12:45:00Z,140740,13.81,2026-03-30T12:30:15Z,20,1.101,10.64,0
2026-03-30T13:00:00Z,140741,13.78,2026-03-30T12:52:15Z,20.47,1.102,10.81,0
2026-03-30T13:15:00Z,140742,13.78,2026-03-30T13:02:30Z,20.83,1.101,11.05,0
2026-03-30T13:30:00Z,140743,13.76,2026-03-30T13:23:05Z,21.21,1.101,11.27,0
2026-03-30T13:45:00Z,140744,13.76,2026-03-30T13:30:05Z,21.54,1.102,11.37,0
2026-03-30T14:00:00Z,140745,13.76,2026-03-30T13:57:30Z,21.68,1.1,11.37,0
2026-03-30T14:15:00Z,140746,13.76,2026-03-30T14:00:40Z,21.73,1.098,11.36,0
2026-03-30T14:30:00Z,140747,13.76,2026-03-30T14:25:45Z,21.87,1.1,11.39,0
2026-03-30T14:45:00Z,140748,13.76,2026-03-30T14:30:05Z,21.9,1.103,11.45,0
2026-03-30T15:00:00Z,140749,13.76,2026-03-30T14:45:45Z,21.81,1.104,11.45,0
2026-03-30T15:15:00Z,140750,13.76,2026-03-30T15:01:35Z,21.45,1.105,11.33,0
2026-03-30T15:30:00Z,140751,13.78,2026-03-30T15:16:05Z,21.06,1.106,11.36,0
2026-03-30T15:45:00Z,140752,13.78,2026-03-30T15:31:10Z,21.12,1.106,11.31,0
2026-03-30T16:00:00Z,140753,13.77,2026-03-30T15:57:30Z,21.52,1.107,11.33,0
2026-03-30T16:15:00Z,140754,13.76,2026-03-30T16:00:25Z,21.78,1.108,11.4,0
2026-03-30T16:30:00Z,140755,13.76,2026-03-30T16:20:05Z,21.7,1.109,11.43,0
2026-03-30T16:45:00Z,140756,13.78,2026-03-30T16:30:15Z,21.38,1.108,11.44,0
2026-03-30T17:00:00Z,140757,13.78,2026-03-30T16:45:35Z,21.05,1.108,11.43,0
2026-03-30T17:15:00Z,140758,13.8,2026-03-30T17:00:20Z,20.91,1.107,11.42,0
2026-03-30T17:30:00Z,140759,13.75,2026-03-30T17:29:25Z,20.85,1.104,11.27,0
2026-03-30T17:45:00Z,140760,13.7,2026-03-30T17:43:10Z,20.75,1.101,11.15,0
2026-03-30T18:00:00Z,140761,13.67,2026-03-30T17:54:25Z,20.48,1.102,11.12,0
2026-03-30T18:15:00Z,140762,13.66,2026-03-30T18:02:25Z,20.1,1.102,11.06,0
2026-03-30T18:30:00Z,140763,13.62,2026-03-30T18:28:45Z,19.63,1.102,10.89,0
2026-03-30T18:45:00Z,140764,13.56,2026-03-30T18:44:30Z,19.24,1.101,10.84,0
2026-03-30T19:00:00Z,140765,13.51,2026-03-30T18:58:45Z,18.79,1.101,10.79,0
2026-03-30T19:15:00Z,140766,13.46,2026-03-30T19:14:20Z,18.3,1.1,10.71,0
2026-03-30T19:30:00Z,140767,13.42,2026-03-30T19:28:10Z,17.89,1.1,10.68,0
2026-03-30T19:45:00Z,140768,13.39,2026-03-30T19:43:30Z,17.62,1.099,10.68,0
2026-03-30T20:00:00Z,140769,13.36,2026-03-30T19:56:30Z,17.35,1.099,10.68,0
2026-03-30T20:15:00Z,140770,13.35,2026-03-30T20:09:10Z,17.15,1.1,10.67,0
2026-03-30T20:30:00Z,140771,13.32,2026-03-30T20:29:40Z,17.07,1.103,10.67,0
2026-03-30T20:45:00Z,140772,13.32,2026-03-30T20:39:00Z,17.2,1.104,10.67,0
2026-03-30T21:00:00Z,140773,13.31,2026-03-30T20:54:00Z,17.34,1.104,10.68,0
2026-03-30T21:15:00Z,140774,13.3,2026-03-30T21:01:55Z,17.5,1.105,10.7,0
2026-03-30T21:30:00Z,140775,13.3,2026-03-30T21:15:05Z,17.85,1.107,10.73,0
2026-03-30T21:45:00Z,140776,13.3,2026-03-30T21:30:05Z,18.18,1.108,10.72,0
2026-03-30T22:00:00Z,140777,13.29,2026-03-30T21:59:20Z,18.35,1.11,10.72,0
2026-03-30T22:15:00Z,140778,13.29,2026-03-30T22:02:35Z,18.44,1.113,10.73,0
2026-03-30T22:30:00Z,140779,13.3,2026-03-30T22:27:10Z,18.5,1.113,10.78,0
2026-03-30T22:45:00Z,140780,13.29,2026-03-30T22:37:50Z,18.58,1.113,10.82,0
2026-03-30T23:00:00Z,140781,13.29,2026-03-30T22:48:30Z,18.61,1.111,10.85,0
2026-03-30T23:15:00Z,140782,13.3,2026-03-30T23:02:25Z,18.65,1.105,10.88,0
2026-03-30T23:30:00Z,140783,13.3,2026-03-30T23:15:05Z,18.77,1.102,10.9,0
2026-03-30T23:45:00Z,140784,13.3,2026-03-30T23:30:05Z,18.89,1.104,10.93,0
2026-03-31T00:15:00Z,140786,13.3,2026-03-31T00:00:05Z,18.77,1.11,10.83,0
2026-03-31T00:30:00Z,140787,13.3,2026-03-31T00:21:50Z,18.76,1.112,10.83,0
2026-03-31T00:45:00Z,140788,13.3,2026-03-31T00:30:05Z,18.77,1.11,10.86,0
2026-03-31T01:00:00Z,140789,13.3,2026-03-31T00:45:05Z,18.77,1.109,10.9,0
2026-03-31T01:15:00Z,140790,13.29,2026-03-31T01:02:25Z,18.77,1.107,10.95,0
2026-03-31T01:30:00Z,140791,13.3,2026-03-31T01:15:05Z,18.8,1.102,11.03,0
2026-03-31T01:45:00Z,140792,13.3,2026-03-31T01:30:05Z,18.84,1.097,11.11,0
2026-03-31T02:00:00Z,140793,13.3,2026-03-31T01:50:25Z,18.74,1.092,11.17,0
2026-03-31T02:15:00Z,140794,13.29,2026-03-31T02:02:25Z,18.59,1.093,11.17,0
2026-03-31T02:30:00Z,140795,13.3,2026-03-31T02:15:05Z,18.36,1.094,11.12,0
2026-03-31T02:45:00Z,140796,13.3,2026-03-31T02:30:05Z,17.96,1.098,11.06,0
2026-03-31T03:00:00Z,140797,13.3,2026-03-31T02:57:30Z,17.58,1.099,11.02,0
2026-03-31T03:15:00Z,140798,13.29,2026-03-31T03:02:25Z,17.28,1.097,10.95,0
2026-03-31T03:30:00Z,140799,13.29,2026-03-31T03:29:15Z,17.14,1.098,10.87,0
2026-03-31T03:45:00Z,140800,13.3,2026-03-31T03:30:20Z,17.15,1.098,10.82,0
2026-03-31T04:00:00Z,140801,13.3,2026-03-31T03:45:05Z,17.19,1.099,10.75,0
2026-03-31T04:15:00Z,140802,13.28,2026-03-31T04:14:45Z,17.16,1.099,10.69,0
2026-03-31T04:30:00Z,140803,13.28,2026-03-31T04:30:00Z,17.1,1.1,10.69,0
2026-03-31T04:45:00Z,140804,13.29,2026-03-31T04:31:35Z,17.12,1.101,10.71,0
2026-03-31T05:00:00Z,140805,13.29,2026-03-31T04:50:15Z,17.21,1.102,10.72,0
2026-03-31T05:15:00Z,140806,13.28,2026-03-31T05:02:25Z,17.33,1.103,10.75,0
2026-03-31T05:30:00Z,140807,13.28,2026-03-31T05:19:15Z,17.38,1.103,10.78,0
2026-03-31T05:45:00Z,140808,13.29,2026-03-31T05:30:15Z,17.36,1.102,10.8,0
2026-03-31T06:00:00Z,140809,13.28,2026-03-31T05:57:30Z,17.37,1.103,10.84,0
2026-03-31T06:15:00Z,140810,13.28,2026-03-31T06:04:55Z,17.4,1.102,10.85,0
2026-03-31T06:30:00Z,140811,13.28,2026-03-31T06:30:00Z,17.41,1.102,10.86,0
2026-03-31T06:45:00Z,140812,13.29,2026-03-31T06:31:35Z,17.41,1.101,10.89,0
2026-03-31T07:00:00Z,140813,13.3,2026-03-31T06:45:20Z,17.44,1.101,10.89,0
2026-03-31T07:15:00Z,140814,13.29,2026-03-31T07:02:35Z,17.51,1.1,10.9,0
2026-03-31T07:30:00Z,140815,13.32,2026-03-31T07:15:05Z,17.58,1.098,10.9,0
2026-03-31T07:45:00Z,140816,13.32,2026-03-31T07:30:05Z,17.65,1.099,10.9,0
2026-03-31T08:00:00Z,140817,13.35,2026-03-31T07:45:05Z,17.76,1.098,10.89,0
2026-03-31T08:15:00Z,140818,13.42,2026-03-31T08:00:10Z,18.17,1.099,10.88,0
2026-03-31T08:30:00Z,140819,13.42,2026-03-31T08:30:00Z,18.48,1.1,10.92,0
2026-03-31T08:45:00Z,140820,13.43,2026-03-31T08:36:40Z,18.64,1.101,10.94,0
2026-03-31T09:00:00Z,140821,13.43,2026-03-31T08:48:55Z,18.74,1.104,10.99,0
2026-03-31T09:15:00Z,140822,13.44,2026-03-31T09:02:25Z,18.62,1.105,11.03,0
2026-03-31T09:30:00Z,140823,13.45,2026-03-31T09:18:40Z,18.71,1.1,11.05,0
2026-03-31T09:45:00Z,140824,13.44,2026-03-31T09:40:50Z,18.91,1.103,11.09,0
2026-03-31T10:00:00Z,140825,13.47,2026-03-31T09:45:05Z,19.14,1.101,11.15,0
2026-03-31T10:15:00Z,140826,13.66,2026-03-31T10:00:05Z,19.79,1.105,11.27,0
2026-03-31T10:30:00Z,140827,14.18,2026-03-31T10:30:00Z,20.48,1.106,11.46,0
2026-03-31T10:45:00Z,140828,14.19,2026-03-31T10:30:05Z,20.92,1.106,11.6,0
2026-03-31T11:00:00Z,140829,14.16,2026-03-31T10:53:25Z,21.31,1.108,11.75,0
2026-03-31T11:15:00Z,140830,14.07,2026-03-31T11:14:50Z,21.63,1.103,11.95,0
2026-03-31T11:30:00Z,140831,13.91,2026-03-31T11:29:45Z,21.93,1.1,12.03,0
2026-03-31T11:45:00Z,140832,13.78,2026-03-31T11:44:40Z,21.99,1.097,12.12,0
2026-03-31T12:00:00Z,140833,13.76,2026-03-31T11:49:15Z,21.79,1.095,12.16,0
2026-03-31T12:15:00Z,140834,13.78,2026-03-31T12:00:15Z,21.41,1.093,12.08,0
2026-03-31T12:30:00Z,140835,13.78,2026-03-31T12:15:15Z,20.68,1.094,11.98,0
2026-03-31T12:45:00Z,140836,13.81,2026-03-31T12:30:40Z,19.82,1.093,11.94,0
2026-03-31T13:00:00Z,140837,13.81,2026-03-31T13:00:00Z,19.2,1.094,11.93,0
2026-03-31T13:15:00Z,140838,13.72,2026-03-31T13:15:00Z,18.66,1.093,11.95,0
2026-03-31T13:30:00Z,140839,13.65,2026-03-31T13:29:20Z,18.1,1.096,11.96,0.02
2026-03-31T13:45:00Z,140840,13.58,2026-03-31T13:44:10Z,17.52,1.101,11.96,0.01
2026-03-31T14:00:00Z,140841,13.52,2026-03-31T13:57:35Z,17.07,1.104,11.98,0.04
2026-03-31T14:15:00Z,140842,13.48,2026-03-31T14:12:40Z,16.72,1.11,11.97,0.04
2026-03-31T14:30:00Z,140843,13.43,2026-03-31T14:29:25Z,16.44,1.114,11.97,0.04
2026-03-31T14:45:00Z,140844,13.42,2026-03-31T14:44:55Z,16.2,1.116,11.92,0.02
2026-03-31T15:00:00Z,140845,13.4,2026-03-31T14:57:30Z,15.94,1.119,11.84,0.01
2026-03-31T15:15:00Z,140846,13.39,2026-03-31T15:02:25Z,15.7,1.121,11.8,0.03
2026-03-31T15:30:00Z,140847,13.42,2026-03-31T15:15:05Z,15.5,1.124,11.81,0
2026-03-31T15:45:00Z,140848,13.44,2026-03-31T15:30:05Z,15.51,1.124,11.84,0
2026-03-31T16:00:00Z,140849,13.41,2026-03-31T16:00:00Z,15.63,1.119,11.89,0.02
2026-03-31T16:15:00Z,140850,13.4,2026-03-31T16:05:15Z,15.8,1.122,11.94,0.02
2026-03-31T16:30:00Z,140851,13.45,2026-03-31T16:15:05Z,16.06,1.125,12.01,0
2026-03-31T16:45:00Z,140852,13.62,2026-03-31T16:30:05Z,16.49,1.125,12.06,0
2026-03-31T17:00:00Z,140853,13.88,2026-03-31T16:58:05Z,16.79,1.126,12.08,0
2026-03-31T17:15:00Z,140854,13.83,2026-03-31T17:14:20Z,16.92,1.124,12.06,0
2026-03-31T17:30:00Z,140855,13.72,2026-03-31T17:29:05Z,16.93,1.123,12,0
2026-03-31T17:45:00Z,140856,13.65,2026-03-31T17:44:25Z,16.89,1.122,11.97,0
2026-03-31T18:00:00Z,140857,13.58,2026-03-31T17:59:45Z,16.79,1.121,11.98,0
2026-03-31T18:15:00Z,140858,13.52,2026-03-31T18:13:00Z,16.78,1.12,11.96,0
2026-03-31T18:30:00Z,140859,13.46,2026-03-31T18:30:00Z,16.81,1.123,11.91,0.01
2026-03-31T18:45:00Z,140860,13.43,2026-03-31T18:43:05Z,16.8,1.123,11.88,0
2026-03-31T19:00:00Z,140861,13.39,2026-03-31T18:56:25Z,16.74,1.123,11.85,0.01
2026-03-31T19:15:00Z,140862,13.37,2026-03-31T19:03:00Z,16.58,1.125,11.83,0.03
2026-03-31T19:30:00Z,140863,13.34,2026-03-31T19:30:00Z,16.15,1.129,11.81,0.07
2026-03-31T19:45:00Z,140864,13.32,2026-03-31T19:39:00Z,15.76,1.135,11.81,0.09
2026-03-31T20:00:00Z,140865,13.31,2026-03-31T19:59:20Z,15.39,1.137,11.76,0.02
2026-03-31T20:15:00Z,140866,13.3,2026-03-31T20:13:45Z,15.08,1.136,11.74,0
2026-03-31T20:30:00Z,140867,13.3,2026-03-31T20:29:45Z,14.77,1.136,11.75,0.02
2026-03-31T20:45:00Z,140868,13.29,2026-03-31T20:37:15Z,14.59,1.138,11.73,0.03
2026-03-31T21:00:00Z,140869,13.28,2026-03-31T20:47:20Z,14.53,1.139,11.61,0
2026-03-31T21:15:00Z,140870,13.28,2026-03-31T21:02:25Z,14.52,1.141,11.58,0.03
2026-03-31T21:30:00Z,140871,13.29,2026-03-31T21:16:35Z,14.44,1.147,11.55,0.17
2026-03-31T21:45:00Z,140872,13.29,2026-03-31T21:30:05Z,14.26,1.158,11.51,0.07
2026-03-31T22:00:00Z,140873,13.29,2026-03-31T21:45:05Z,14.06,1.171,11.5,0.13
2026-03-31T22:15:00Z,140874,13.29,2026-03-31T22:02:40Z,13.89,1.184,11.48,0.04
2026-03-31T22:30:00Z,140875,13.29,2026-03-31T22:24:05Z,13.74,1.186,11.46,0
2026-03-31T22:45:00Z,140876,13.29,2026-03-31T22:41:45Z,13.55,1.19,11.45,0.02
2026-03-31T23:00:00Z,140877,13.28,2026-03-31T22:52:50Z,13.32,1.19,11.44,0.01
2026-03-31T23:15:00Z,140878,13.29,2026-03-31T23:13:25Z,13.06,1.185,11.42,0
2026-03-31T23:30:00Z,140879,13.29,2026-03-31T23:21:15Z,12.73,1.188,11.38,0
2026-03-31T23:45:00Z,140880,13.29,2026-03-31T23:35:50Z,12.3,1.184,11.36,0
2026-04-01T00:15:00Z,140882,13.28,2026-04-01T00:02:25Z,11.61,1.188,11.34,0
2026-04-01T00:30:00Z,140883,13.28,2026-04-01T00:18:10Z,11.27,1.188,11.31,0
2026-04-01T00:45:00Z,140884,13.28,2026-04-01T00:39:30Z,10.98,1.188,11.28,0
2026-04-01T01:00:00Z,140885,13.28,2026-04-01T00:55:20Z,10.77,1.188,11.25,0
2026-04-01T01:15:00Z,140886,13.28,2026-04-01T01:02:30Z,10.64,1.189,11.2,0
2026-04-01T01:30:00Z,140887,13.28,2026-04-01T01:16:50Z,10.54,1.191,11.17,0
2026-04-01T01:45:00Z,140888,13.28,2026-04-01T01:32:50Z,10.38,1.191,11.15,0
2026-04-01T02:00:00Z,140889,13.28,2026-04-01T01:56:50Z,10.04,1.191,11.12,0
2026-04-01T02:15:00Z,140890,13.28,2026-04-01T02:02:25Z,9.62,1.192,11.07,0
2026-04-01T02:30:00Z,140891,13.28,2026-04-01T02:20:50Z,9.26,1.193,11.01,0
2026-04-01T02:45:00Z,140892,13.28,2026-04-01T02:36:50Z,8.88,1.195,10.95,0
2026-04-01T03:00:00Z,140893,13.28,2026-04-01T02:57:35Z,8.41,1.194,10.87,0
2026-04-01T03:15:00Z,140894,13.28,2026-04-01T03:02:25Z,7.965,1.195,10.82,0
2026-04-01T03:30:00Z,140895,13.28,2026-04-01T03:19:25Z,7.549,1.195,10.77,0
2026-04-01T03:45:00Z,140896,13.28,2026-04-01T03:43:10Z,7.148,1.194,10.71,0
2026-04-01T04:00:00Z,140897,13.28,2026-04-01T03:56:35Z,6.747,1.195,10.64,0
2026-04-01T04:15:00Z,140898,13.27,2026-04-01T04:02:25Z,6.373,1.196,10.58,0
2026-04-01T04:30:00Z,140899,13.28,2026-04-01T04:29:55Z,6.011,1.197,10.53,0
2026-04-01T04:45:00Z,140900,13.28,2026-04-01T04:44:00Z,5.679,1.199,10.48,0
2026-04-01T05:00:00Z,140901,13.27,2026-04-01T04:57:35Z,5.391,1.199,10.44,0
2026-04-01T05:15:00Z,140902,13.27,2026-04-01T05:09:25Z,5.146,1.2,10.4,0.01
2026-04-01T05:30:00Z,140903,13.27,2026-04-01T05:21:10Z,4.871,1.201,10.36,0
2026-04-01T05:45:00Z,140904,13.27,2026-04-01T05:35:10Z,4.645,1.202,10.33,0
2026-04-01T06:00:00Z,140905,13.27,2026-04-01T05:47:55Z,4.467,1.203,10.3,0
2026-04-01T06:15:00Z,140906,13.27,2026-04-01T06:00:05Z,4.274,1.203,10.28,0
2026-04-01T06:30:00Z,140907,13.26,2026-04-01T06:30:00Z,4.068,1.203,10.26,0
2026-04-01T06:45:00Z,140908,13.27,2026-04-01T06:30:05Z,3.894,1.203,10.23,0
2026-04-01T07:00:00Z,140909,13.26,2026-04-01T06:59:30Z,3.765,1.204,10.2,0
2026-04-01T07:15:00Z,140910,13.27,2026-04-01T07:00:05Z,3.677,1.205,10.17,0
2026-04-01T07:30:00Z,140911,13.27,2026-04-01T07:15:05Z,3.593,1.205,10.15,0
2026-04-01T07:45:00Z,140912,13.27,2026-04-01T07:39:55Z,3.481,1.205,10.12,0
2026-04-01T08:00:00Z,140913,13.27,2026-04-01T07:47:55Z,3.378,1.205,10.11,0
2026-04-01T08:15:00Z,140914,13.27,2026-04-01T08:02:40Z,3.294,1.206,10.12,0
2026-04-01T08:30:00Z,140915,13.27,2026-04-01T08:17:15Z,3.251,1.206,10.11,0
2026-04-01T08:45:00Z,140916,13.28,2026-04-01T08:30:10Z,3.228,1.206,10.09,0
2026-04-01T09:00:00Z,140917,13.28,2026-04-01T08:46:05Z,3.229,1.206,10.06,0
2026-04-01T09:15:00Z,140918,13.28,2026-04-01T09:02:25Z,3.225,1.207,10.06,0.01
2026-04-01T09:30:00Z,140919,13.28,2026-04-01T09:26:35Z,3.209,1.207,10.05,0
2026-04-01T09:45:00Z,140920,13.28,2026-04-01T09:39:55Z,3.253,1.208,10.04,0.01
2026-04-01T10:00:00Z,140921,13.28,2026-04-01T09:50:25Z,3.291,1.21,10.03,0.01
2026-04-01T10:15:00Z,140922,13.3,2026-04-01T10:02:25Z,3.337,1.212,10.01,0.02
2026-04-01T10:30:00Z,140923,13.32,2026-04-01T10:20:00Z,3.408,1.214,9.98,0.02
2026-04-01T10:45:00Z,140924,13.34,2026-04-01T10:30:05Z,3.487,1.216,9.99,0.01
2026-04-01T11:00:00Z,140925,13.35,2026-04-01T10:50:20Z,3.564,1.217,10.01,0.01
2026-04-01T11:15:00Z,140926,13.34,2026-04-01T11:07:50Z,3.602,1.218,9.99,0.02
2026-04-01T11:30:00Z,140927,13.35,2026-04-01T11:16:55Z,3.664,1.22,9.99,0.01
2026-04-01T11:45:00Z,140928,13.35,2026-04-01T11:40:05Z,3.738,1.222,10,0.02
2026-04-01T12:00:00Z,140929,13.37,2026-04-01T11:46:30Z,3.865,1.224,10,0.01
2026-04-01T12:15:00Z,140930,13.38,2026-04-01T12:02:25Z,3.946,1.226,10.02,0.01
2026-04-01T12:30:00Z,140931,13.39,2026-04-01T12:18:55Z,4.036,1.227,10.03,0.01
2026-04-01T12:45:00Z,140932,13.43,2026-04-01T12:30:05Z,4.127,1.228,10.06,0
2026-04-01T13:00:00Z,140933,13.46,2026-04-01T12:57:35Z,4.424,1.229,10.1,0.01
2026-04-01T13:15:00Z,140934,13.45,2026-04-01T13:02:25Z,4.573,1.228,10.12,0
2026-04-01T13:30:00Z,140935,13.44,2026-04-01T13:30:00Z,4.647,1.229,10.15,0
2026-04-01T13:45:00Z,140936,13.41,2026-04-01T13:42:30Z,4.588,1.229,10.15,0
2026-04-01T14:00:00Z,140937,13.4,2026-04-01T13:57:50Z,4.466,1.23,10.14,0
2026-04-01T14:15:00Z,140938,13.39,2026-04-01T14:08:20Z,4.39,1.23,10.11,0
2026-04-01T14:30:00Z,140939,13.39,2026-04-01T14:19:25Z,4.355,1.23,10.09,0
2026-04-01T14:45:00Z,140940,13.39,2026-04-01T14:37:40Z,4.342,1.231,10.08,0
2026-04-01T15:00:00Z,140941,13.39,2026-04-01T14:53:40Z,4.341,1.23,10.07,0
2026-04-01T15:15:00Z,140942,13.4,2026-04-01T15:12:20Z,4.337,1.23,10.08,0
2026-04-01T15:30:00Z,140943,13.41,2026-04-01T15:15:05Z,4.351,1.23,10.06,0
2026-04-01T15:45:00Z,140944,13.43,2026-04-01T15:36:20Z,4.451,1.231,10.07,0
2026-04-01T16:00:00Z,140945,13.42,2026-04-01T15:57:40Z,4.547,1.231,10.06,0
2026-04-01T16:15:00Z,140946,13.38,2026-04-01T16:09:25Z,4.621,1.231,10.04,0
2026-04-01T16:30:00Z,140947,13.4,2026-04-01T16:30:00Z,4.665,1.231,10.03,0
2026-04-01T16:45:00Z,140948,13.4,2026-04-01T16:43:50Z,4.745,1.232,10.02,0
2026-04-01T17:00:00Z,140949,13.38,2026-04-01T16:57:30Z,4.807,1.232,10.01,0
2026-04-01T17:15:00Z,140950,13.39,2026-04-01T17:02:25Z,4.837,1.231,9.99,0
2026-04-01T17:30:00Z,140951,13.38,2026-04-01T17:29:50Z,4.826,1.232,9.97,0
2026-04-01T17:45:00Z,140952,13.37,2026-04-01T17:34:05Z,4.765,1.233,9.94,0
2026-04-01T18:00:00Z,140953,13.35,2026-04-01T17:59:30Z,4.74,1.233,9.91,0
2026-04-01T18:15:00Z,140954,13.34,2026-04-01T18:14:10Z,4.7,1.234,9.89,0
2026-04-01T18:30:00Z,140955,13.33,2026-04-01T18:19:50Z,4.638,1.234,9.87,0
2026-04-01T18:45:00Z,140956,13.31,2026-04-01T18:43:45Z,4.564,1.235,9.84,0
2026-04-01T19:00:00Z,140957,13.31,2026-04-01T18:53:55Z,4.49,1.236,9.82,0
2026-04-01T19:15:00Z,140958,13.3,2026-04-01T19:02:40Z,4.362,1.236,9.79,0
2026-04-01T19:30:00Z,140959,13.29,2026-04-01T19:24:30Z,4.111,1.236,9.75,0
2026-04-01T19:45:00Z,140960,13.29,2026-04-01T19:43:10Z,3.864,1.236,9.72,0
2026-04-01T20:00:00Z,140961,13.28,2026-04-01T19:57:40Z,3.633,1.236,9.69,0
2026-04-01T20:15:00Z,140962,13.28,2026-04-01T20:14:25Z,3.417,1.237,9.67,0
2026-04-01T20:30:00Z,140963,13.27,2026-04-01T20:27:40Z,3.225,1.237,9.66,0
2026-04-01T20:45:00Z,140964,13.27,2026-04-01T20:30:05Z,3.049,1.238,9.64,0
2026-04-01T21:00:00Z,140965,13.24,2026-04-01T20:57:35Z,2.911,1.238,9.61,0.01
2026-04-01T21:15:00Z,140966,13.26,2026-04-01T21:02:25Z,2.792,1.238,9.59,0
2026-04-01T21:30:00Z,140967,13.26,2026-04-01T21:22:05Z,2.7,1.239,9.57,0
2026-04-01T21:45:00Z,140968,13.26,2026-04-01T21:32:45Z,2.612,1.239,9.55,0
2026-04-01T22:00:00Z,140969,13.25,2026-04-01T21:45:50Z,2.527,1.239,9.53,0
2026-04-01T22:15:00Z,140970,13.26,2026-04-01T22:02:05Z,2.424,1.239,9.53,0
2026-04-01T22:30:00Z,140971,13.25,2026-04-01T22:30:00Z,2.311,1.239,9.5,0
2026-04-01T22:45:00Z,140972,13.26,2026-04-01T22:42:05Z,2.163,1.24,9.48,0
2026-04-01T23:00:00Z,140973,13.26,2026-04-01T22:55:25Z,1.993,1.239,9.47,0
2026-04-01T23:15:00Z,140974,13.25,2026-04-01T23:02:35Z,1.868,1.239,9.44,0
2026-04-01T23:30:00Z,140975,13.25,2026-04-01T23:15:50Z,1.805,1.239,9.41,0
2026-04-01T23:45:00Z,140976,13.26,2026-04-01T23:43:25Z,1.77,1.24,9.39,0
2026-04-02T00:15:00Z,140978,13.26,2026-04-02T00:00:05Z,1.753,1.24,9.34,0
2026-04-02T00:30:00Z,140979,13.26,2026-04-02T00:15:05Z,1.735,1.24,9.32,0
2026-04-02T00:45:00Z,140980,13.25,2026-04-02T00:30:10Z,1.689,1.24,9.29,0
2026-04-02T01:00:00Z,140981,13.25,2026-04-02T00:57:40Z,1.641,1.241,9.29,0
2026-04-02T01:15:00Z,140982,13.25,2026-04-02T01:02:35Z,1.633,1.241,9.28,0
2026-04-02T01:30:00Z,140983,13.24,2026-04-02T01:19:20Z,1.649,1.242,9.25,0
2026-04-02T01:45:00Z,140984,13.25,2026-04-02T01:30:05Z,1.637,1.241,9.25,0
2026-04-02T02:00:00Z,140985,13.26,2026-04-02T01:45:05Z,1.591,1.241,9.21,0
2026-04-02T02:15:00Z,140986,13.26,2026-04-02T02:00:05Z,1.543,1.241,9.2,0
2026-04-02T02:30:00Z,140987,13.26,2026-04-02T02:27:50Z,1.499,1.243,9.15,0
2026-04-02T02:45:00Z,140988,13.26,2026-04-02T02:30:05Z,1.47,1.243,9.16,0
2026-04-02T03:00:00Z,140989,13.26,2026-04-02T02:45:05Z,1.458,1.243,9.1,0
2026-04-02T03:15:00Z,140990,13.25,2026-04-02T03:02:25Z,1.476,1.244,9.05,0
2026-04-02T03:30:00Z,140991,13.26,2026-04-02T03:20:15Z,1.487,1.244,9.07,0
2026-04-02T03:45:00Z,140992,13.25,2026-04-02T03:36:15Z,1.519,1.244,9.02,0
2026-04-02T04:00:00Z,140993,13.25,2026-04-02T03:54:55Z,1.566,1.244,9.01,0
2026-04-02T04:15:00Z,140994,13.26,2026-04-02T04:00:05Z,1.616,1.244,9.02,0.01
2026-04-02T04:30:00Z,140995,13.25,2026-04-02T04:25:40Z,1.67,1.247,8.98,0.06
2026-04-02T04:45:00Z,140996,13.25,2026-04-02T04:38:30Z,1.715,1.252,8.93,0.03
2026-04-02T05:00:00Z,140997,13.25,2026-04-02T04:59:15Z,1.773,1.254,8.87,0.03
2026-04-02T05:15:00Z,140998,13.25,2026-04-02T05:08:20Z,1.85,1.255,8.87,0.03
2026-04-02T05:30:00Z,140999,13.26,2026-04-02T05:15:05Z,1.935,1.255,8.88,0
2026-04-02T05:45:00Z,141000,13.26,2026-04-02T05:31:50Z,2.024,1.256,8.86,0.02
2026-04-02T06:00:00Z,141001,13.25,2026-04-02T05:55:20Z,2.139,1.259,8.86,0.04
2026-04-02T06:15:00Z,141002,13.26,2026-04-02T06:02:35Z,2.286,1.263,8.86,0
2026-04-02T06:30:00Z,141003,13.26,2026-04-02T06:15:30Z,2.449,1.264,8.84,0
2026-04-02T06:45:00Z,141004,13.26,2026-04-02T06:30:05Z,2.621,1.265,8.86,0
2026-04-02T07:00:00Z,141005,13.26,2026-04-02T06:51:50Z,2.797,1.265,8.89,0
2026-04-02T07:15:00Z,141006,13.25,2026-04-02T07:02:25Z,2.951,1.265,8.9,0
2026-04-02T07:30:00Z,141007,13.27,2026-04-02T07:15:05Z,3.082,1.264,8.89,0.01
2026-04-02T07:45:00Z,141008,13.28,2026-04-02T07:30:05Z,3.205,1.265,8.9,0
2026-04-02T08:00:00Z,141009,13.29,2026-04-02T07:45:05Z,3.34,1.266,8.89,0
2026-04-02T08:15:00Z,141010,13.3,2026-04-02T08:00:10Z,3.476,1.268,8.92,0
2026-04-02T08:30:00Z,141011,13.31,2026-04-02T08:18:05Z,3.613,1.268,8.94,0
2026-04-02T08:45:00Z,141012,13.31,2026-04-02T08:30:05Z,3.738,1.267,8.92,0
2026-04-02T09:00:00Z,141013,13.32,2026-04-02T08:47:20Z,3.87,1.268,8.93,0
2026-04-02T09:15:00Z,141014,13.32,2026-04-02T09:02:40Z,4.013,1.268,8.94,0
2026-04-02T09:30:00Z,141015,13.32,2026-04-02T09:18:15Z,4.176,1.267,8.94,0
2026-04-02T09:45:00Z,141016,13.35,2026-04-02T09:30:05Z,4.368,1.267,8.95,0
2026-04-02T10:00:00Z,141017,13.37,2026-04-02T09:46:55Z,4.615,1.267,8.96,0
2026-04-02T10:15:00Z,141018,13.37,2026-04-02T10:02:55Z,4.897,1.269,8.99,0
2026-04-02T10:30:00Z,141019,13.38,2026-04-02T10:16:15Z,5.191,1.267,9.01,0
2026-04-02T10:45:00Z,141020,13.38,2026-04-02T10:30:05Z,5.461,1.268,9.03,0
2026-04-02T11:00:00Z,141021,13.4,2026-04-02T10:54:55Z,5.782,1.268,9.04,0
2026-04-02T11:15:00Z,141022,13.42,2026-04-02T11:00:05Z,6.115,1.266,9.07,0
2026-04-02T11:30:00Z,141023,13.42,2026-04-02T11:17:35Z,6.48,1.263,9.09,0
2026-04-02T11:45:00Z,141024,13.44,2026-04-02T11:44:15Z,6.908,1.263,9.12,0
2026-04-02T12:00:00Z,141025,13.44,2026-04-02T11:46:55Z,7.352,1.262,9.17,0
2026-04-02T12:15:00Z,141026,13.45,2026-04-02T12:08:15Z,7.716,1.263,9.21,0
2026-04-02T12:30:00Z,141027,13.45,2026-04-02T12:24:15Z,8.07,1.262,9.23,0
2026-04-02T12:45:00Z,141028,13.46,2026-04-02T12:30:05Z,8.46,1.263,9.27,0
2026-04-02T13:00:00Z,141029,13.46,2026-04-02T12:58:55Z,8.88,1.262,9.3,0
2026-04-02T13:15:00Z,141030,13.46,2026-04-02T13:02:30Z,9.28,1.263,9.34,0
2026-04-02T13:30:00Z,141031,13.48,2026-04-02T13:17:05Z,9.78,1.263,9.38,0
2026-04-02T13:45:00Z,141032,13.47,2026-04-02T13:39:45Z,10.3,1.263,9.4,0
2026-04-02T14:00:00Z,141033,13.46,2026-04-02T13:55:25Z,10.75,1.263,9.46,0
2026-04-02T14:15:00Z,141034,13.46,2026-04-02T14:09:35Z,11.11,1.264,9.49,0
2026-04-02T14:30:00Z,141035,13.45,2026-04-02T14:29:35Z,11.51,1.265,9.53,0
2026-04-02T14:45:00Z,141036,13.44,2026-04-02T14:30:05Z,11.83,1.266,9.57,0
2026-04-02T15:00:00Z,141037,13.45,2026-04-02T14:45:30Z,12.15,1.267,9.61,0
2026-04-02T15:15:00Z,141038,13.47,2026-04-02T15:03:10Z,12.57,1.267,9.64,0
2026-04-02T15:30:00Z,141039,13.49,2026-04-02T15:15:05Z,13.04,1.267,9.66,0
2026-04-02T15:45:00Z,141040,13.48,2026-04-02T15:30:30Z,13.66,1.267,9.71,0
2026-04-02T16:00:00Z,141041,13.52,2026-04-02T15:46:00Z,14.42,1.268,9.81,0
2026-04-02T16:15:00Z,141042,13.53,2026-04-02T16:05:15Z,15.14,1.268,9.89,0
2026-04-02T16:30:00Z,141043,13.53,2026-04-02T16:15:10Z,15.6,1.268,9.9,0
2026-04-02T16:45:00Z,141044,13.56,2026-04-02T16:30:05Z,16.02,1.269,9.96,0
2026-04-02T17:00:00Z,141045,13.62,2026-04-02T16:45:05Z,16.49,1.27,9.99,0
2026-04-02T17:15:00Z,141046,13.71,2026-04-02T17:00:05Z,16.94,1.27,10.01,0
2026-04-02T17:30:00Z,141047,13.76,2026-04-02T17:15:05Z,17.43,1.271,9.98,0
2026-04-02T17:45:00Z,141048,13.81,2026-04-02T17:30:10Z,17.88,1.274,9.93,0
2026-04-02T18:00:00Z,141049,13.85,2026-04-02T17:45:05Z,18.32,1.276,9.93,0
2026-04-02T18:15:00Z,141050,13.82,2026-04-02T18:14:05Z,18.62,1.278,9.89,0
2026-04-02T18:30:00Z,141051,13.74,2026-04-02T18:28:40Z,18.8,1.278,9.9,0
2026-04-02T18:45:00Z,141052,13.66,2026-04-02T18:44:40Z,18.83,1.278,9.9,0
2026-04-02T19:00:00Z,141053,13.6,2026-04-02T18:59:40Z,18.8,1.279,9.91,0
2026-04-02T19:15:00Z,141054,13.53,2026-04-02T19:15:00Z,18.79,1.278,9.93,0
2026-04-02T19:30:00Z,141055,13.48,2026-04-02T19:27:10Z,18.84,1.281,9.96,0
2026-04-02T19:45:00Z,141056,13.44,2026-04-02T19:44:30Z,18.95,1.281,9.97,0
2026-04-02T20:00:00Z,141057,13.41,2026-04-02T19:59:20Z,19.06,1.283,9.89,0
2026-04-02T20:15:00Z,141058,13.38,2026-04-02T20:12:25Z,19.12,1.282,9.85,0
2026-04-02T20:30:00Z,141059,13.35,2026-04-02T20:28:55Z,18.91,1.302,9.83,0.06
2026-04-02T20:45:00Z,141060,13.33,2026-04-02T20:42:00Z,17.91,1.299,9.87,0.03
2026-04-02T21:00:00Z,141061,13.32,2026-04-02T20:48:10Z,16.91,1.293,9.95,0.03
2026-04-02T21:15:00Z,141062,13.31,2026-04-02T21:07:35Z,16.24,1.294,10,0.03
2026-04-02T21:30:00Z,141063,13.3,2026-04-02T21:28:00Z,15.69,1.297,10.03,0.05
2026-04-02T21:45:00Z,141064,13.3,2026-04-02T21:30:25Z,15.28,1.3,10.02,0
2026-04-02T22:00:00Z,141065,13.29,2026-04-02T21:57:35Z,14.98,1.303,10.01,0.02
2026-04-02T22:15:00Z,141066,13.29,2026-04-02T22:14:25Z,14.7,1.311,10.02,0.03
2026-04-02T22:30:00Z,141067,13.29,2026-04-02T22:17:05Z,14.58,1.314,10.05,0
2026-04-02T22:45:00Z,141068,13.3,2026-04-02T22:30:15Z,14.59,1.316,10.07,0.02
2026-04-02T23:00:00Z,141069,13.3,2026-04-02T22:45:10Z,14.64,1.315,10.08,0
2026-04-02T23:15:00Z,141070,13.29,2026-04-02T23:09:30Z,14.69,1.316,10.08,0
2026-04-02T23:30:00Z,141071,13.3,2026-04-02T23:16:55Z,14.73,1.317,10.06,0
2026-04-02T23:45:00Z,141072,13.3,2026-04-02T23:33:00Z,14.73,1.317,10.04,0
2026-04-03T00:15:00Z,141074,13.29,2026-04-03T00:02:25Z,14.73,1.319,10.02,0
2026-04-03T00:30:00Z,141075,13.29,2026-04-03T00:30:00Z,14.76,1.321,10.01,0
2026-04-03T00:45:00Z,141076,13.3,2026-04-03T00:30:45Z,14.85,1.321,10,0
2026-04-03T01:00:00Z,141077,13.29,2026-04-03T00:57:05Z,14.97,1.321,9.95,0
2026-04-03T01:15:00Z,141078,13.27,2026-04-03T01:08:30Z,15.23,1.322,9.95,0
2026-04-03T01:30:00Z,141079,13.29,2026-04-03T01:29:05Z,15.63,1.323,9.94,0
2026-04-03T01:45:00Z,141080,13.29,2026-04-03T01:31:45Z,16.08,1.325,9.95,0
2026-04-03T02:00:00Z,141081,13.29,2026-04-03T01:45:05Z,16.57,1.324,9.97,0
2026-04-03T02:15:00Z,141082,13.29,2026-04-03T02:02:25Z,16.97,1.325,10.02,0
2026-04-03T02:30:00Z,141083,13.3,2026-04-03T02:15:05Z,17.25,1.323,10.06,0
2026-04-03T02:45:00Z,141084,13.29,2026-04-03T02:43:45Z,17.49,1.321,10.11,0
2026-04-03T03:00:00Z,141085,13.29,2026-04-03T02:57:35Z,17.63,1.321,10.16,0
2026-04-03T03:15:00Z,141086,13.3,2026-04-03T03:00:05Z,17.72,1.319,10.16,0
2026-04-03T03:30:00Z,141087,13.3,2026-04-03T03:15:05Z,17.74,1.319,10.14,0
2026-04-03T03:45:00Z,141088,13.3,2026-04-03T03:30:05Z,17.8,1.319,10.13,0
2026-04-03T04:00:00Z,141089,13.3,2026-04-03T03:55:25Z,17.91,1.32,10.12,0
2026-04-03T04:15:00Z,141090,13.3,2026-04-03T04:01:30Z,18.03,1.321,10.14,0
2026-04-03T04:30:00Z,141091,13.3,2026-04-03T04:17:45Z,18.15,1.322,10.18,0
2026-04-03T04:45:00Z,141092,13.3,2026-04-03T04:30:05Z,18.31,1.322,10.23,0
2026-04-03T05:00:00Z,141093,13.3,2026-04-03T04:57:30Z,18.35,1.32,10.34,0
2026-04-03T05:15:00Z,141094,13.3,2026-04-03T05:00:35Z,18.35,1.32,10.43,0
2026-04-03T05:30:00Z,141095,13.3,2026-04-03T05:15:45Z,18.35,1.319,10.51,0
2026-04-03T05:45:00Z,141096,13.3,2026-04-03T05:30:10Z,18.35,1.32,10.57,0
2026-04-03T06:00:00Z,141097,13.3,2026-04-03T05:54:25Z,18.35,1.319,10.58,0
2026-04-03T06:15:00Z,141098,13.28,2026-04-03T06:10:25Z,18.29,1.316,10.6,0
2026-04-03T06:30:00Z,141099,13.28,2026-04-03T06:30:00Z,18.18,1.316,10.58,0
2026-04-03T06:45:00Z,141100,13.29,2026-04-03T06:39:40Z,18.09,1.314,10.6,0
2026-04-03T07:00:00Z,141101,13.29,2026-04-03T06:57:40Z,18.08,1.315,10.58,0
2026-04-03T07:15:00Z,141102,13.3,2026-04-03T07:00:25Z,18.1,1.314,10.61,0
2026-04-03T07:30:00Z,141103,13.3,2026-04-03T07:15:05Z,18.07,1.313,10.68,0
2026-04-03T07:45:00Z,141104,13.31,2026-04-03T07:30:50Z,17.95,1.313,10.73,0
2026-04-03T08:00:00Z,141105,13.31,2026-04-03T07:46:50Z,17.74,1.313,10.82,0
2026-04-03T08:15:00Z,141106,13.33,2026-04-03T08:00:10Z,17.55,1.312,10.87,0
2026-04-03T08:30:00Z,141107,13.35,2026-04-03T08:15:05Z,17.46,1.314,10.87,0
2026-04-03T08:45:00Z,141108,13.41,2026-04-03T08:30:05Z,17.46,1.315,10.92,0
2026-04-03T09:00:00Z,141109,13.47,2026-04-03T08:45:30Z,17.64,1.312,11.03,0
2026-04-03T09:15:00Z,141110,13.5,2026-04-03T09:02:10Z,18.04,1.317,11.14,0
2026-04-03T09:30:00Z,141111,13.65,2026-04-03T09:15:35Z,18.3,1.318,11.2,0
2026-04-03T09:45:00Z,141112,14.27,2026-04-03T09:30:40Z,18.53,1.319,11.35,0
2026-04-03T10:00:00Z,141113,14.28,2026-04-03T09:57:50Z,18.64,1.318,11.41,0
2026-04-03T10:15:00Z,141114,14.25,2026-04-03T10:08:45Z,18.8,1.318,11.38,0
2026-04-03T10:30:00Z,141115,14.2,2026-04-03T10:29:50Z,18.83,1.314,11.43,0
2026-04-03T10:45:00Z,141116,13.97,2026-04-03T10:44:45Z,18.81,1.315,11.55,0
2026-04-03T11:00:00Z,141117,13.89,2026-04-03T10:54:05Z,18.64,1.314,11.65,0
2026-04-03T11:15:00Z,141118,13.86,2026-04-03T11:14:30Z,18.52,1.314,11.83,0
2026-04-03T11:30:00Z,141119,13.85,2026-04-03T11:16:10Z,18.63,1.314,12.03,0
2026-04-03T11:45:00Z,141120,13.85,2026-04-03T11:41:05Z,18.84,1.314,12.19,0
2026-04-03T12:00:00Z,141121,13.85,2026-04-03T11:53:45Z,19.14,1.314,12.14,0
2026-04-03T12:15:00Z,141122,13.82,2026-04-03T12:08:30Z,19.44,1.315,12.22,0
2026-04-03T12:30:00Z,141123,13.82,2026-04-03T12:15:05Z,19.66,1.315,12.32,0
2026-04-03T12:45:00Z,141124,13.81,2026-04-03T12:30:05Z,19.82,1.314,12.24,0
2026-04-03T13:00:00Z,141125,13.82,2026-04-03T12:45:05Z,19.97,1.312,12.37,0
2026-04-03T13:15:00Z,141126,13.78,2026-04-03T13:09:45Z,20.19,1.311,12.5,0
2026-04-03T13:30:00Z,141127,13.78,2026-04-03T13:15:10Z,20.39,1.31,12.55,0
2026-04-03T13:45:00Z,141128,13.77,2026-04-03T13:45:00Z,20.76,1.308,12.64,0
2026-04-03T14:00:00Z,141129,13.76,2026-04-03T13:45:25Z,21,1.309,12.61,0
2026-04-03T14:15:00Z,141130,13.76,2026-04-03T14:00:45Z,21.04,1.309,12.61,0
2026-04-03T14:30:00Z,141131,13.76,2026-04-03T14:17:55Z,21.04,1.309,12.68,0
2026-04-03T14:45:00Z,141132,13.78,2026-04-03T14:31:15Z,20.99,1.31,12.72,0
2026-04-03T15:00:00Z,141133,13.78,2026-04-03T14:45:45Z,21.04,1.309,12.71,0
2026-04-03T15:15:00Z,141134,13.78,2026-04-03T15:00:35Z,21.07,1.31,12.69,0
2026-04-03T15:30:00Z,141135,13.78,2026-04-03T15:15:15Z,21.04,1.31,12.65,0
2026-04-03T15:45:00Z,141136,13.78,2026-04-03T15:30:45Z,21,1.312,12.61,0
2026-04-03T16:00:00Z,141137,13.78,2026-04-03T15:45:30Z,20.86,1.311,12.56,0
2026-04-03T16:15:00Z,141138,13.81,2026-04-03T16:02:30Z,20.82,1.311,12.52,0
2026-04-03T16:30:00Z,141139,13.82,2026-04-03T16:15:15Z,20.75,1.311,12.48,0
2026-04-03T16:45:00Z,141140,13.81,2026-04-03T16:30:10Z,20.53,1.311,12.41,0
2026-04-03T17:00:00Z,141141,13.79,2026-04-03T16:57:40Z,20.22,1.311,12.34,0
2026-04-03T17:15:00Z,141142,13.82,2026-04-03T17:00:05Z,19.89,1.311,12.3,0
2026-04-03T17:30:00Z,141143,13.82,2026-04-03T17:15:05Z,19.53,1.311,12.26,0
2026-04-03T17:45:00Z,141144,13.85,2026-04-03T17:31:50Z,19.1,1.311,12.21,0
2026-04-03T18:00:00Z,141145,13.85,2026-04-03T17:45:15Z,18.67,1.31,12.2,0
2026-04-03T18:15:00Z,141146,13.83,2026-04-03T18:13:55Z,18.18,1.31,12.19,0
2026-04-03T18:30:00Z,141147,13.77,2026-04-03T18:29:25Z,17.49,1.31,12.17,0
2026-04-03T18:45:00Z,141148,13.7,2026-04-03T18:44:10Z,16.69,1.31,12.1,0
2026-04-03T19:00:00Z,141149,13.62,2026-04-03T18:58:50Z,15.98,1.31,12.01,0
2026-04-03T19:15:00Z,141150,13.55,2026-04-03T19:13:35Z,15.43,1.311,11.91,0
2026-04-03T19:30:00Z,141151,13.49,2026-04-03T19:30:00Z,15.06,1.311,11.81,0
2026-04-03T19:45:00Z,141152,13.45,2026-04-03T19:45:00Z,14.72,1.311,11.75,0
2026-04-03T20:00:00Z,141153,13.41,2026-04-03T19:59:15Z,14.44,1.312,11.68,0
2026-04-03T20:15:00Z,141154,13.38,2026-04-03T20:13:20Z,14.3,1.312,11.64,0
2026-04-03T20:30:00Z,141155,13.35,2026-04-03T20:30:00Z,14.15,1.312,11.58,0
2026-04-03T20:45:00Z,141156,13.33,2026-04-03T20:38:20Z,13.99,1.309,11.54,0
2026-04-03T21:00:00Z,141157,13.32,2026-04-03T20:57:00Z,13.92,1.309,11.52,0
2026-04-03T21:15:00Z,141158,13.3,2026-04-03T21:10:20Z,13.81,1.309,11.5,0
2026-04-03T21:30:00Z,141159,13.3,2026-04-03T21:15:40Z,13.71,1.308,11.49,0
2026-04-03T21:45:00Z,141160,13.29,2026-04-03T21:30:20Z,13.32,1.31,11.48,0.01
2026-04-03T22:00:00Z,141161,13.28,2026-04-03T21:57:50Z,12.67,1.311,11.47,0.01
2026-04-03T22:15:00Z,141162,13.28,2026-04-03T22:11:40Z,12.2,1.31,11.46,0
2026-04-03T22:30:00Z,141163,13.28,2026-04-03T22:17:00Z,11.91,1.31,11.45,0
2026-04-03T22:45:00Z,141164,13.29,2026-04-03T22:30:05Z,11.69,1.31,11.44,0
2026-04-03T23:00:00Z,141165,13.28,2026-04-03T22:54:20Z,11.5,1.31,11.42,0
2026-04-03T23:15:00Z,141166,13.28,2026-04-03T23:02:35Z,11.24,1.313,11.41,0
2026-04-03T23:30:00Z,141167,13.29,2026-04-03T23:15:05Z,10.98,1.312,11.38,0.04
2026-04-03T23:45:00Z,141168,13.28,2026-04-03T23:32:25Z,10.75,1.316,11.37,0.02
2026-04-04T00:15:00Z,141170,13.28,2026-04-04T00:02:35Z,10.33,1.316,11.34,0
2026-04-04T00:30:00Z,141171,13.28,2026-04-04T00:19:20Z,10.21,1.316,11.33,0
2026-04-04T00:45:00Z,141172,13.29,2026-04-04T00:34:15Z,10.14,1.32,11.31,0.04
2026-04-04T01:00:00Z,141173,13.28,2026-04-04T00:52:10Z,10.11,1.324,11.29,0.01
2026-04-04T01:15:00Z,141174,13.29,2026-04-04T01:09:45Z,10.08,1.327,11.27,0
2026-04-04T01:30:00Z,141175,13.29,2026-04-04T01:23:25Z,10.03,1.326,11.22,0
2026-04-04T01:45:00Z,141176,13.29,2026-04-04T01:39:00Z,9.89,1.332,11.18,0
2026-04-04T02:00:00Z,141177,13.29,2026-04-04T01:49:20Z,9.64,1.332,11.13,0
2026-04-04T02:15:00Z,141178,13.28,2026-04-04T02:02:45Z,9.43,1.33,11.06,0
2026-04-04T02:30:00Z,141179,13.29,2026-04-04T02:17:20Z,9.23,1.33,10.97,0
2026-04-04T02:45:00Z,141180,13.28,2026-04-04T02:39:15Z,8.96,1.333,10.89,0
2026-04-04T03:00:00Z,141181,13.28,2026-04-04T02:49:45Z,8.66,1.33,10.81,0
2026-04-04T03:15:00Z,141182,13.28,2026-04-04T03:02:25Z,8.33,1.324,10.72,0
2026-04-04T03:30:00Z,141183,13.28,2026-04-04T03:25:25Z,8.07,1.32,10.66,0
2026-04-04T03:45:00Z,141184,13.28,2026-04-04T03:41:25Z,7.885,1.321,10.59,0
2026-04-04T04:00:00Z,141185,13.25,2026-04-04T03:57:35Z,7.704,1.321,10.55,0
2026-04-04T04:15:00Z,141186,13.28,2026-04-04T04:02:45Z,7.502,1.322,10.52,0
2026-04-04T04:30:00Z,141187,13.28,2026-04-04T04:16:05Z,7.295,1.325,10.49,0
2026-04-04T04:45:00Z,141188,13.28,2026-04-04T04:42:45Z,7.118,1.324,10.47,0
2026-04-04T05:00:00Z,141189,13.28,2026-04-04T04:45:25Z,6.972,1.325,10.47,0
2026-04-04T05:15:00Z,141190,13.27,2026-04-04T05:02:35Z,6.871,1.324,10.46,0.03
2026-04-04T05:30:00Z,141191,13.27,2026-04-04T05:30:00Z,6.812,1.322,10.45,0
2026-04-04T05:45:00Z,141192,13.28,2026-04-04T05:42:50Z,6.773,1.322,10.44,0
2026-04-04T06:00:00Z,141193,13.27,2026-04-04T05:57:30Z,6.749,1.322,10.45,0
2026-04-04T06:15:00Z,141194,13.28,2026-04-04T06:14:40Z,6.72,1.318,10.46,0.01
2026-04-04T06:30:00Z,141195,13.27,2026-04-04T06:29:50Z,6.692,1.321,10.47,0.01
2026-04-04T06:45:00Z,141196,13.28,2026-04-04T06:30:05Z,6.663,1.319,10.45,0.07
2026-04-04T07:00:00Z,141197,13.28,2026-04-04T06:45:35Z,6.641,1.326,10.43,0.03
2026-04-04T07:15:00Z,141198,13.28,2026-04-04T07:00:25Z,6.665,1.328,10.42,0.01
2026-04-04T07:30:00Z,141199,13.28,2026-04-04T07:15:05Z,6.693,1.33,10.42,0
2026-04-04T07:45:00Z,141200,13.28,2026-04-04T07:36:40Z,6.753,1.333,10.42,0
2026-04-04T08:00:00Z,141201,13.29,2026-04-04T07:45:40Z,6.81,1.334,10.41,0
2026-04-04T08:15:00Z,141202,13.29,2026-04-04T08:02:30Z,6.94,1.335,10.41,0
2026-04-04T08:30:00Z,141203,13.31,2026-04-04T08:15:15Z,7.112,1.336,10.41,0.01
2026-04-04T08:45:00Z,141204,13.34,2026-04-04T08:30:05Z,7.375,1.336,10.43,0
2026-04-04T09:00:00Z,141205,13.35,2026-04-04T08:51:25Z,7.699,1.335,10.46,0
2026-04-04T09:15:00Z,141206,13.34,2026-04-04T09:02:30Z,7.935,1.336,10.48,0
2026-04-04T09:30:00Z,141207,13.37,2026-04-04T09:15:05Z,8.29,1.336,10.5,0
2026-04-04T09:45:00Z,141208,13.42,2026-04-04T09:42:00Z,8.83,1.336,10.56,0
2026-04-04T10:00:00Z,141209,13.4,2026-04-04T09:59:10Z,9.27,1.337,10.6,0.02
2026-04-04T10:15:00Z,141210,13.42,2026-04-04T10:00:15Z,9.63,1.339,10.64,0
2026-04-04T10:30:00Z,141211,13.45,2026-04-04T10:23:10Z,10.29,1.338,10.73,0
2026-04-04T10:45:00Z,141212,13.45,2026-04-04T10:31:10Z,10.74,1.34,10.78,0
2026-04-04T11:00:00Z,141213,13.47,2026-04-04T10:57:40Z,11.24,1.34,10.86,0
2026-04-04T11:15:00Z,141214,13.45,2026-04-04T11:12:15Z,11.63,1.34,10.93,0
2026-04-04T11:30:00Z,141215,13.44,2026-04-04T11:21:50Z,12.01,1.34,10.98,0
2026-04-04T11:45:00Z,141216,13.44,2026-04-04T11:36:55Z,12.4,1.34,11.02,0
2026-04-04T12:00:00Z,141217,13.46,2026-04-04T11:46:35Z,12.93,1.34,11.09,0
2026-04-04T12:15:00Z,141218,13.47,2026-04-04T12:14:15Z,13.53,1.341,11.17,0
2026-04-04T12:30:00Z,141219,13.46,2026-04-04T12:15:10Z,13.91,1.34,11.22,0
2026-04-04T12:45:00Z,141220,13.47,2026-04-04T12:30:05Z,14.3,1.34,11.27,0.01
2026-04-04T13:00:00Z,141221,13.44,2026-04-04T12:57:45Z,14.7,1.342,11.32,0.03
2026-04-04T13:15:00Z,141222,13.49,2026-04-04T13:00:30Z,14.9,1.345,11.35,0.02
2026-04-04T13:30:00Z,141223,13.51,2026-04-04T13:15:05Z,15.19,1.35,11.39,0.02
2026-04-04T13:45:00Z,141224,13.57,2026-04-04T13:30:05Z,15.48,1.353,11.46,0.01
2026-04-04T14:00:00Z,141225,13.74,2026-04-04T13:45:05Z,15.75,1.354,11.54,0
2026-04-04T14:15:00Z,141226,14.33,2026-04-04T14:00:10Z,15.98,1.354,11.61,0
2026-04-04T14:30:00Z,141227,14.22,2026-04-04T14:30:00Z,16.08,1.355,11.67,0.01
2026-04-04T14:45:00Z,141228,14.16,2026-04-04T14:36:00Z,16.08,1.362,11.72,0.09
2026-04-04T15:00:00Z,141229,14.17,2026-04-04T14:59:55Z,16.07,1.366,11.74,0.04
2026-04-04T15:15:00Z,141230,14.01,2026-04-04T15:09:05Z,16.02,1.376,11.76,0.11
2026-04-04T15:30:00Z,141231,14.11,2026-04-04T15:15:05Z,16.15,1.377,11.77,0.01
2026-04-04T15:45:00Z,141232,14.16,2026-04-04T15:31:40Z,16.05,1.378,11.79,0.02
2026-04-04T16:00:00Z,141233,14.34,2026-04-04T15:45:10Z,15.37,1.372,11.84,0
2026-04-04T16:15:00Z,141234,14.37,2026-04-04T16:00:50Z,14.58,1.371,11.88,0
2026-04-04T16:30:00Z,141235,14.39,2026-04-04T16:17:10Z,13.97,1.373,11.93,0
2026-04-04T16:45:00Z,141236,14.41,2026-04-04T16:31:00Z,13.5,1.376,11.97,0
2026-04-04T17:00:00Z,141237,14.42,2026-04-04T16:56:00Z,13.22,1.378,11.99,0
2026-04-04T17:15:00Z,141238,14.23,2026-04-04T17:15:00Z,12.86,1.379,11.99,0
2026-04-04T17:30:00Z,141239,14.05,2026-04-04T17:30:00Z,12.42,1.379,11.97,0
2026-04-04T17:45:00Z,141240,14.05,2026-04-04T17:36:00Z,12.13,1.38,11.96,0
2026-04-04T18:00:00Z,141241,14.02,2026-04-04T17:57:30Z,11.86,1.38,11.95,0
2026-04-04T18:15:00Z,141242,14.03,2026-04-04T18:02:30Z,11.47,1.381,11.91,0
2026-04-04T18:30:00Z,141243,13.96,2026-04-04T18:30:00Z,11.18,1.383,11.87,0
2026-04-04T18:45:00Z,141244,13.82,2026-04-04T18:45:00Z,10.92,1.383,11.82,0
2026-04-04T19:00:00Z,141245,13.71,2026-04-04T18:59:45Z,10.72,1.384,11.76,0
2026-04-04T19:15:00Z,141246,13.63,2026-04-04T19:13:50Z,10.54,1.384,11.71,0
2026-04-04T19:30:00Z,141247,13.52,2026-04-04T19:30:00Z,10.37,1.384,11.66,0
2026-04-04T19:45:00Z,141248,13.51,2026-04-04T19:44:45Z,10.17,1.384,11.59,0
2026-04-04T20:00:00Z,141249,13.46,2026-04-04T19:57:30Z,9.97,1.385,11.51,0
2026-04-04T20:15:00Z,141250,13.42,2026-04-04T20:14:45Z,9.76,1.386,11.41,0
2026-04-04T20:30:00Z,141251,13.38,2026-04-04T20:30:00Z,9.48,1.387,11.36,0
2026-04-04T20:45:00Z,141252,13.36,2026-04-04T20:44:40Z,9.19,1.387,11.3,0
2026-04-04T21:00:00Z,141253,13.34,2026-04-04T21:00:00Z,8.95,1.388,11.24,0
2026-04-04T21:15:00Z,141254,13.32,2026-04-04T21:15:00Z,8.69,1.387,11.18,0
2026-04-04T21:30:00Z,141255,13.3,2026-04-04T21:30:00Z,8.38,1.386,11.11,0
2026-04-04T21:45:00Z,141256,13.3,2026-04-04T21:42:00Z,8.04,1.387,11.04,0
2026-04-04T22:00:00Z,141257,13.28,2026-04-04T21:57:40Z,7.7,1.386,10.97,0
2026-04-04T22:15:00Z,141258,13.28,2026-04-04T22:14:35Z,7.41,1.388,10.91,0
2026-04-04T22:30:00Z,141259,13.28,2026-04-04T22:18:15Z,7.148,1.388,10.86,0
2026-04-04T22:45:00Z,141260,13.28,2026-04-04T22:40:15Z,6.937,1.39,10.83,0
2026-04-04T23:00:00Z,141261,13.27,2026-04-04T22:59:55Z,6.766,1.391,10.8,0
2026-04-04T23:15:00Z,141262,13.27,2026-04-04T23:02:30Z,6.598,1.39,10.76,0
2026-04-04T23:30:00Z,141263,13.28,2026-04-04T23:22:40Z,6.401,1.39,10.71,0
2026-04-04T23:45:00Z,141264,13.27,2026-04-04T23:44:00Z,6.209,1.39,10.67,0
2026-04-05T00:15:00Z,141266,13.27,2026-04-05T00:02:25Z,5.971,1.393,10.54,0
2026-04-05T00:30:00Z,141267,13.27,2026-04-05T00:21:20Z,5.92,1.395,10.48,0
2026-04-05T00:45:00Z,141268,13.27,2026-04-05T00:30:05Z,5.857,1.395,10.43,0
2026-04-05T01:00:00Z,141269,13.27,2026-04-05T00:48:00Z,5.519,1.394,10.35,0
2026-04-05T01:15:00Z,141270,13.28,2026-04-05T01:01:20Z,5.056,1.393,10.28,0
2026-04-05T01:30:00Z,141271,13.27,2026-04-05T01:30:00Z,4.779,1.393,10.22,0
2026-04-05T01:45:00Z,141272,13.28,2026-04-05T01:30:30Z,4.735,1.395,10.15,0
2026-04-05T02:00:00Z,141273,13.28,2026-04-05T01:47:45Z,4.797,1.395,10.1,0
2026-04-05T02:15:00Z,141274,13.27,2026-04-05T02:02:25Z,4.863,1.396,10.04,0
2026-04-05T02:30:00Z,141275,13.28,2026-04-05T02:16:10Z,4.917,1.397,10.01,0
2026-04-05T02:45:00Z,141276,13.27,2026-04-05T02:30:05Z,4.952,1.397,9.97,0
2026-04-05T03:00:00Z,141277,13.27,2026-04-05T02:57:35Z,4.974,1.397,9.93,0
2026-04-05T03:15:00Z,141278,13.27,2026-04-05T03:02:40Z,4.988,1.397,9.88,0
2026-04-05T03:30:00Z,141279,13.28,2026-04-05T03:16:40Z,4.97,1.397,9.83,0
2026-04-05T03:45:00Z,141280,13.27,2026-04-05T03:30:05Z,4.966,1.396,9.81,0
2026-04-05T04:00:00Z,141281,13.27,2026-04-05T03:57:35Z,4.952,1.398,9.76,0
2026-04-05T04:15:00Z,141282,13.27,2026-04-05T04:02:30Z,4.907,1.398,9.74,0
2026-04-05T04:30:00Z,141283,13.27,2026-04-05T04:29:50Z,4.826,1.395,9.71,0
2026-04-05T04:45:00Z,141284,13.27,2026-04-05T04:30:05Z,4.654,1.393,9.69,0
2026-04-05T05:00:00Z,141285,13.28,2026-04-05T04:45:05Z,4.321,1.391,9.66,0
2026-04-05T05:15:00Z,141286,13.27,2026-04-05T05:06:00Z,4.033,1.391,9.67,0
2026-04-05T05:30:00Z,141287,13.27,2026-04-05T05:30:00Z,3.839,1.39,9.68,0
2026-04-05T05:45:00Z,141288,13.27,2026-04-05T05:31:50Z,3.779,1.39,9.65,0
2026-04-05T06:00:00Z,141289,13.27,2026-04-05T05:46:50Z,3.764,1.391,9.67,0
2026-04-05T06:15:00Z,141290,13.26,2026-04-05T06:02:25Z,3.755,1.392,9.62,0
2026-04-05T06:30:00Z,141291,13.24,2026-04-05T06:19:50Z,3.708,1.393,9.56,0
2026-04-05T06:45:00Z,141292,13.27,2026-04-05T06:30:05Z,3.712,1.393,9.48,0
2026-04-05T07:00:00Z,141293,13.27,2026-04-05T06:47:05Z,3.764,1.393,9.44,0
2026-04-05T07:15:00Z,141294,13.28,2026-04-05T07:02:30Z,3.837,1.393,9.4,0
2026-04-05T07:30:00Z,141295,13.29,2026-04-05T07:16:25Z,3.924,1.394,9.38,0
2026-04-05T07:45:00Z,141296,13.29,2026-04-05T07:30:05Z,4.023,1.394,9.37,0
2026-04-05T08:00:00Z,141297,13.31,2026-04-05T07:45:45Z,4.14,1.394,9.4,0
2026-04-05T08:15:00Z,141298,13.32,2026-04-05T08:09:50Z,4.276,1.394,9.39,0
2026-04-05T08:30:00Z,141299,13.33,2026-04-05T08:23:05Z,4.339,1.393,9.38,0
2026-04-05T08:45:00Z,141300,13.32,2026-04-05T08:30:05Z,4.374,1.393,9.38,0
2026-04-05T09:00:00Z,141301,13.34,2026-04-05T08:45:20Z,4.414,1.393,9.41,0
2026-04-05T09:15:00Z,141302,13.35,2026-04-05T09:12:20Z,4.469,1.393,9.43,0
2026-04-05T09:30:00Z,141303,13.35,2026-04-05T09:17:15Z,4.523,1.393,9.43,0
2026-04-05T09:45:00Z,141304,13.4,2026-04-05T09:37:20Z,4.756,1.395,9.45,0
2026-04-05T10:00:00Z,141305,13.4,2026-04-05T09:46:40Z,4.894,1.393,9.42,0
2026-04-05T10:15:00Z,141306,13.4,2026-04-05T10:13:20Z,4.956,1.395,9.36,0
2026-04-05T10:30:00Z,141307,13.39,2026-04-05T10:29:35Z,4.896,1.392,9.34,0
2026-04-05T10:45:00Z,141308,13.39,2026-04-05T10:31:30Z,4.702,1.39,9.32,0
2026-04-05T11:00:00Z,141309,13.39,2026-04-05T10:45:05Z,4.497,1.387,9.39,0
2026-04-05T11:15:00Z,141310,13.43,2026-04-05T11:01:05Z,4.451,1.387,9.47,0
2026-04-05T11:30:00Z,141311,13.47,2026-04-05T11:16:55Z,4.64,1.387,9.54,0
2026-04-05T11:45:00Z,141312,13.52,2026-04-05T11:31:05Z,4.965,1.389,9.62,0
2026-04-05T12:00:00Z,141313,13.51,2026-04-05T11:52:55Z,5.304,1.388,9.66,0
2026-04-05T12:15:00Z,141314,13.51,2026-04-05T12:02:25Z,5.499,1.388,9.65,0
2026-04-05T12:30:00Z,141315,13.53,2026-04-05T12:16:45Z,5.615,1.387,9.63,0
2026-04-05T12:45:00Z,141316,13.56,2026-04-05T12:30:05Z,5.801,1.387,9.63,0
2026-04-05T13:00:00Z,141317,13.8,2026-04-05T12:45:05Z,6.15,1.386,9.68,0
2026-04-05T13:15:00Z,141318,14.6,2026-04-05T13:12:00Z,6.567,1.386,9.76,0
2026-04-05T13:30:00Z,141319,14.6,2026-04-05T13:15:30Z,6.995,1.387,9.87,0
2026-04-05T13:45:00Z,141320,14.6,2026-04-05T13:31:30Z,7.294,1.386,9.99,0
2026-04-05T14:00:00Z,141321,14.57,2026-04-05T13:57:30Z,7.574,1.387,10.09,0
2026-04-05T14:15:00Z,141322,14.18,2026-04-05T14:09:55Z,7.783,1.388,10.16,0
2026-04-05T14:30:00Z,141323,14.17,2026-04-05T14:24:50Z,7.938,1.387,10.22,0
2026-04-05T14:45:00Z,141324,14.14,2026-04-05T14:44:35Z,8.02,1.387,10.27,0
2026-04-05T15:00:00Z,141325,14.14,2026-04-05T14:48:50Z,8.38,1.385,10.35,0
2026-04-05T15:15:00Z,141326,14.14,2026-04-05T15:00:05Z,8.07,1.386,10.36,0
2026-04-05T15:30:00Z,141327,14.17,2026-04-05T15:30:00Z,7.887,1.385,10.35,0
2026-04-05T15:45:00Z,141328,14.17,2026-04-05T15:30:10Z,7.817,1.384,10.35,0
2026-04-05T16:00:00Z,141329,14.17,2026-04-05T15:57:40Z,7.928,1.384,10.38,0
2026-04-05T16:15:00Z,141330,14.17,2026-04-05T16:02:25Z,8.14,1.384,10.4,0
2026-04-05T16:30:00Z,141331,14.14,2026-04-05T16:23:00Z,8.51,1.385,10.4,0
2026-04-05T16:45:00Z,141332,14.15,2026-04-05T16:31:15Z,8.24,1.383,10.39,0
2026-04-05T17:00:00Z,141333,14.18,2026-04-05T16:47:55Z,7.756,1.383,10.35,0
2026-04-05T17:15:00Z,141334,14.2,2026-04-05T17:00:25Z,7.185,1.385,10.31,0
2026-04-05T17:30:00Z,141335,14.2,2026-04-05T17:17:10Z,6.774,1.384,10.28,0
2026-04-05T17:45:00Z,141336,14.18,2026-04-05T17:44:30Z,6.442,1.383,10.25,0
2026-04-05T18:00:00Z,141337,14.12,2026-04-05T17:59:10Z,6.138,1.383,10.22,0
2026-04-05T18:15:00Z,141338,14.05,2026-04-05T18:14:55Z,6.112,1.384,10.17,0
2026-04-05T18:30:00Z,141339,13.94,2026-04-05T18:30:00Z,5.893,1.385,10.11,0
2026-04-05T18:45:00Z,141340,13.84,2026-04-05T18:44:25Z,5.535,1.385,10.04,0
2026-04-05T19:00:00Z,141341,13.74,2026-04-05T18:59:10Z,5.198,1.386,9.99,0
2026-04-05T19:15:00Z,141342,13.65,2026-04-05T19:14:45Z,4.802,1.387,9.92,0
2026-04-05T19:30:00Z,141343,13.59,2026-04-05T19:29:30Z,4.356,1.388,9.84,0
2026-04-05T19:45:00Z,141344,13.52,2026-04-05T19:44:45Z,3.84,1.388,9.76,0
2026-04-05T20:00:00Z,141345,13.47,2026-04-05T19:59:55Z,3.295,1.389,9.68,0
2026-04-05T20:15:00Z,141346,13.44,2026-04-05T20:10:35Z,2.792,1.389,9.62,0
2026-04-05T20:30:00Z,141347,13.39,2026-04-05T20:29:15Z,2.355,1.39,9.57,0
2026-04-05T20:45:00Z,141348,13.37,2026-04-05T20:45:00Z,1.911,1.39,9.51,0
2026-04-05T21:00:00Z,141349,13.35,2026-04-05T20:58:35Z,1.558,1.39,9.46,0
2026-04-05T21:15:00Z,141350,13.32,2026-04-05T21:11:00Z,1.312,1.39,9.4,0
2026-04-05T21:30:00Z,141351,13.31,2026-04-05T21:25:05Z,1.138,1.39,9.36,0
2026-04-05T21:45:00Z,141352,13.3,2026-04-05T21:41:45Z,0.959,1.39,9.32,0
2026-04-05T22:00:00Z,141353,13.29,2026-04-05T21:49:15Z,0.745,1.39,9.28,0
2026-04-05T22:15:00Z,141354,13.28,2026-04-05T22:06:10Z,0.55,1.39,9.25,0
2026-04-05T22:30:00Z,141355,13.28,2026-04-05T22:15:30Z,0.339,1.39,9.22,0
2026-04-05T22:45:00Z,141356,13.27,2026-04-05T22:30:40Z,0.234,1.39,9.19,0
2026-04-05T23:00:00Z,141357,13.27,2026-04-05T22:45:05Z,0.208,1.39,9.16,0
2026-04-05T23:15:00Z,141358,13.26,2026-04-05T23:10:40Z,0.158,1.39,9.12,0
2026-04-05T23:30:00Z,141359,13.25,2026-04-05T23:30:00Z,0.31,1.39,9.1,0
2026-04-05T23:45:00Z,141360,13.26,2026-04-05T23:31:40Z,0.746,1.39,9.07,0
2026-04-06T00:15:00Z,141362,13.25,2026-04-06T00:02:25Z,1.57,1.39,8.96,0
2026-04-06T00:30:00Z,141363,13.27,2026-04-06T00:15:05Z,1.799,1.39,8.93,0
2026-04-06T00:45:00Z,141364,13.24,2026-04-06T00:39:55Z,1.982,1.39,8.91,0
2026-04-06T01:00:00Z,141365,13.27,2026-04-06T00:45:05Z,2.178,1.39,8.86,0
2026-04-06T01:15:00Z,141366,13.27,2026-04-06T01:00:05Z,2.285,1.39,8.84,0
2026-04-06T01:30:00Z,141367,13.27,2026-04-06T01:15:25Z,2.288,1.39,8.81,0
2026-04-06T01:45:00Z,141368,13.26,2026-04-06T01:30:05Z,2.297,1.39,8.79,0
2026-04-06T02:00:00Z,141369,13.28,2026-04-06T01:45:05Z,2.442,1.39,8.78,0
2026-04-06T02:15:00Z,141370,13.26,2026-04-06T02:02:25Z,2.669,1.39,8.75,0
2026-04-06T02:30:00Z,141371,13.26,2026-04-06T02:29:55Z,2.907,1.39,8.75,0
2026-04-06T02:45:00Z,141372,13.27,2026-04-06T02:39:00Z,3.179,1.39,8.77,0
2026-04-06T03:00:00Z,141373,13.27,2026-04-06T02:52:20Z,3.451,1.389,8.79,0
2026-04-06T03:15:00Z,141374,13.26,2026-04-06T03:02:25Z,3.754,1.388,8.8,0
2026-04-06T03:30:00Z,141375,13.27,2026-04-06T03:29:20Z,4.072,1.387,8.79,0
2026-04-06T03:45:00Z,141376,13.27,2026-04-06T03:32:20Z,4.126,1.387,8.76,0.01
2026-04-06T04:00:00Z,141377,13.27,2026-04-06T03:53:40Z,4.083,1.388,8.71,0.01
2026-04-06T04:15:00Z,141378,13.26,2026-04-06T04:02:25Z,4.018,1.388,8.68,0
2026-04-06T04:30:00Z,141379,13.27,2026-04-06T04:19:55Z,3.931,1.389,8.67,0
2026-04-06T04:45:00Z,141380,13.27,2026-04-06T04:30:05Z,3.702,1.389,8.68,0
2026-04-06T05:00:00Z,141381,13.27,2026-04-06T04:49:40Z,3.55,1.388,8.65,0
2026-04-06T05:15:00Z,141382,13.27,2026-04-06T05:02:25Z,3.342,1.388,8.62,0
2026-04-06T05:30:00Z,141383,13.28,2026-04-06T05:28:45Z,3.059,1.387,8.61,0
2026-04-06T05:45:00Z,141384,13.28,2026-04-06T05:30:05Z,2.929,1.387,8.62,0
2026-04-06T06:00:00Z,141385,13.28,2026-04-06T05:45:10Z,2.871,1.387,8.65,0
2026-04-06T06:15:00Z,141386,13.26,2026-04-06T06:02:25Z,2.802,1.386,8.66,0
2026-04-06T06:30:00Z,141387,13.28,2026-04-06T06:15:05Z,2.745,1.386,8.66,0
2026-04-06T06:45:00Z,141388,13.29,2026-04-06T06:30:05Z,2.654,1.386,8.64,0
2026-04-06T07:00:00Z,141389,13.29,2026-04-06T06:45:10Z,2.691,1.386,8.62,0
2026-04-06T07:15:00Z,141390,13.3,2026-04-06T07:02:25Z,2.83,1.386,8.62,0
2026-04-06T07:30:00Z,141391,13.32,2026-04-06T07:17:00Z,3.213,1.385,8.66,0
2026-04-06T07:45:00Z,141392,13.32,2026-04-06T07:30:25Z,3.78,1.385,8.68,0
2026-04-06T08:00:00Z,141393,13.37,2026-04-06T07:45:20Z,4.263,1.384,8.71,0
2026-04-06T08:15:00Z,141394,13.47,2026-04-06T08:10:30Z,4.962,1.384,8.78,0
2026-04-06T08:30:00Z,141395,13.51,2026-04-06T08:29:35Z,5.877,1.384,8.89,0
2026-04-06T08:45:00Z,141396,13.49,2026-04-06T08:37:05Z,6.697,1.385,9.01,0
2026-04-06T09:00:00Z,141397,13.65,2026-04-06T08:49:45Z,7.229,1.383,9.14,0
2026-04-06T09:15:00Z,141398,14.51,2026-04-06T09:01:50Z,7.993,1.382,9.24,0
2026-04-06T09:30:00Z,141399,14.51,2026-04-06T09:30:00Z,8.93,1.382,9.36,0
2026-04-06T09:45:00Z,141400,14.51,2026-04-06T09:44:45Z,9.75,1.381,9.49,0
2026-04-06T10:00:00Z,141401,14.48,2026-04-06T09:57:35Z,10.24,1.381,9.6,0
2026-04-06T10:15:00Z,141402,14.08,2026-04-06T10:14:05Z,10.52,1.381,9.7,0
2026-04-06T10:30:00Z,141403,14.08,2026-04-06T10:16:45Z,10.73,1.381,9.76,0
2026-04-06T10:45:00Z,141404,14.08,2026-04-06T10:40:45Z,10.93,1.381,9.86,0
2026-04-06T11:00:00Z,141405,14.08,2026-04-06T10:51:25Z,10.94,1.38,10.01,0
2026-04-06T11:15:00Z,141406,14.09,2026-04-06T11:07:35Z,11.03,1.38,10.14,0
2026-04-06T11:30:00Z,141407,14.08,2026-04-06T11:18:10Z,10.75,1.378,10.12,0
2026-04-06T11:45:00Z,141408,14.11,2026-04-06T11:36:45Z,10.56,1.378,10.13,0
2026-04-06T12:00:00Z,141409,14.11,2026-04-06T11:53:55Z,10.59,1.378,10.23,0
2026-04-06T12:15:00Z,141410,14.09,2026-04-06T12:02:25Z,10.56,1.377,10.21,0
2026-04-06T12:30:00Z,141411,14.11,2026-04-06T12:26:30Z,10.49,1.377,10.23,0
2026-04-06T12:45:00Z,141412,14.08,2026-04-06T12:44:45Z,10.44,1.376,10.27,0
2026-04-06T13:00:00Z,141413,14.08,2026-04-06T12:46:10Z,10.76,1.375,10.41,0
2026-04-06T13:15:00Z,141414,14.06,2026-04-06T13:02:25Z,10.91,1.373,10.51,0
2026-04-06T13:30:00Z,141415,14.08,2026-04-06T13:24:45Z,10.85,1.373,10.5,0
2026-04-06T13:45:00Z,141416,14.08,2026-04-06T13:36:45Z,10.59,1.372,10.53,0
2026-04-06T14:00:00Z,141417,14.08,2026-04-06T13:46:15Z,10.29,1.37,10.53,0
2026-04-06T14:15:00Z,141418,14.07,2026-04-06T14:02:25Z,10.33,1.371,10.56,0
2026-04-06T14:30:00Z,141419,14.08,2026-04-06T14:15:20Z,10.63,1.373,10.57,0
2026-04-06T14:45:00Z,141420,14.08,2026-04-06T14:30:05Z,10.38,1.371,10.61,0
2026-04-06T15:00:00Z,141421,14.11,2026-04-06T14:47:10Z,10.01,1.371,10.57,0
2026-04-06T15:15:00Z,141422,14.1,2026-04-06T15:02:25Z,10.24,1.373,10.57,0
2026-04-06T15:30:00Z,141423,14.11,2026-04-06T15:26:40Z,10.03,1.371,10.54,0
2026-04-06T15:45:00Z,141424,14.11,2026-04-06T15:33:35Z,9.92,1.37,10.51,0
2026-04-06T16:00:00Z,141425,14.11,2026-04-06T15:49:10Z,10.01,1.369,10.46,0
2026-04-06T16:15:00Z,141426,14.09,2026-04-06T16:02:25Z,9.75,1.368,10.48,0
2026-04-06T16:30:00Z,141427,14.1,2026-04-06T16:18:30Z,9.51,1.37,10.41,0
2026-04-06T16:45:00Z,141428,14.14,2026-04-06T16:37:10Z,9.29,1.371,10.4,0
2026-04-06T17:00:00Z,141429,14.14,2026-04-06T16:47:50Z,8.94,1.37,10.39,0
2026-04-06T17:15:00Z,141430,14.14,2026-04-06T17:02:30Z,8.66,1.371,10.38,0
2026-04-06T17:30:00Z,141431,14.14,2026-04-06T17:17:10Z,8.36,1.371,10.35,0
2026-04-06T17:45:00Z,141432,14.16,2026-04-06T17:30:25Z,8.12,1.371,10.23,0
2026-04-06T18:00:00Z,141433,14.17,2026-04-06T17:53:55Z,7.867,1.37,10.15,0
2026-04-06T18:15:00Z,141434,14.13,2026-04-06T18:14:40Z,7.782,1.369,10.05,0
2026-04-06T18:30:00Z,141435,13.98,2026-04-06T18:29:55Z,7.513,1.368,9.96,0
2026-04-06T18:45:00Z,141436,13.85,2026-04-06T18:44:45Z,7.081,1.369,9.87,0
2026-04-06T19:00:00Z,141437,13.75,2026-04-06T18:59:50Z,6.748,1.369,9.81,0
2026-04-06T19:15:00Z,141438,13.66,2026-04-06T19:14:55Z,6.379,1.368,9.74,0
2026-04-06T19:30:00Z,141439,13.59,2026-04-06T19:29:40Z,5.86,1.368,9.67,0
2026-04-06T19:45:00Z,141440,13.54,2026-04-06T19:43:50Z,5.316,1.368,9.6,0
2026-04-06T20:00:00Z,141441,13.49,2026-04-06T19:58:10Z,4.774,1.369,9.54,0
2026-04-06T20:15:00Z,141442,13.44,2026-04-06T20:13:45Z,4.278,1.369,9.48,0
2026-04-06T20:30:00Z,141443,13.4,2026-04-06T20:29:20Z,3.871,1.369,9.42,0
2026-04-06T20:45:00Z,141444,13.38,2026-04-06T20:42:35Z,3.468,1.369,9.36,0
2026-04-06T21:00:00Z,141445,13.34,2026-04-06T20:57:40Z,3.033,1.369,9.32,0
2026-04-06T21:15:00Z,141446,13.33,2026-04-06T21:14:55Z,2.659,1.37,9.27,0
2026-04-06T21:30:00Z,141447,13.31,2026-04-06T21:29:50Z,2.339,1.369,9.23,0
2026-04-06T21:45:00Z,141448,13.3,2026-04-06T21:44:45Z,2.174,1.369,9.19,0
2026-04-06T22:00:00Z,141449,13.28,2026-04-06T21:57:35Z,2.126,1.368,9.15,0
2026-04-06T22:15:00Z,141450,13.28,2026-04-06T22:02:25Z,2.156,1.367,9.12,0
2026-04-06T22:30:00Z,141451,13.27,2026-04-06T22:30:00Z,2.118,1.366,9.1,0
2026-04-06T22:45:00Z,141452,13.27,2026-04-06T22:36:15Z,1.985,1.366,9.06,0
2026-04-06T23:00:00Z,141453,13.27,2026-04-06T22:52:15Z,1.743,1.365,9.01,0
2026-04-06T23:15:00Z,141454,13.26,2026-04-06T23:02:55Z,1.419,1.365,8.97,0
2026-04-06T23:30:00Z,141455,13.26,2026-04-06T23:16:15Z,1.036,1.365,8.92,0
2026-04-06T23:45:00Z,141456,13.26,2026-04-06T23:32:15Z,0.629,1.365,8.88,0
2026-04-07T00:15:00Z,141458,13.24,2026-04-07T00:02:25Z,0.014,1.365,8.8,0
2026-04-07T00:30:00Z,141459,13.26,2026-04-07T00:17:35Z,-0.259,1.365,8.76,0
2026-04-07T00:45:00Z,141460,13.26,2026-04-07T00:33:35Z,-0.525,1.365,8.74,0
2026-04-07T01:00:00Z,141461,13.25,2026-04-07T00:58:25Z,-0.779,1.364,8.7,0
2026-04-07T01:15:00Z,141462,13.26,2026-04-07T01:02:55Z,-1.061,1.364,8.67,0
2026-04-07T01:30:00Z,141463,13.26,2026-04-07T01:19:20Z,-1.352,1.364,8.62,0
2026-04-07T01:45:00Z,141464,13.26,2026-04-07T01:30:10Z,-1.579,1.364,8.56,0
2026-04-07T02:00:00Z,141465,13.26,2026-04-07T01:54:25Z,-1.765,1.363,8.54,0
2026-04-07T02:15:00Z,141466,13.25,2026-04-07T02:02:25Z,-1.967,1.362,8.49,0
2026-04-07T02:30:00Z,141467,13.25,2026-04-07T02:20:10Z,-2.18,1.362,8.47,0
2026-04-07T02:45:00Z,141468,13.26,2026-04-07T02:30:05Z,-2.396,1.361,8.43,0
2026-04-07T03:00:00Z,141469,13.26,2026-04-07T02:45:05Z,-2.665,1.361,8.38,0
2026-04-07T03:15:00Z,141470,13.26,2026-04-07T03:00:05Z,-2.883,1.36,8.33,0
2026-04-07T03:30:00Z,141471,13.26,2026-04-07T03:15:05Z,-3.11,1.361,8.27,0
2026-04-07T03:45:00Z,141472,13.26,2026-04-07T03:30:05Z,-3.354,1.36,8.21,0
2026-04-07T04:00:00Z,141473,13.26,2026-04-07T03:46:25Z,-3.529,1.36,8.12,0
2026-04-07T04:15:00Z,141474,13.24,2026-04-07T04:02:25Z,-3.721,1.359,8.07,0
2026-04-07T04:30:00Z,141475,13.26,2026-04-07T04:15:40Z,-3.924,1.359,7.996,0
2026-04-07T04:45:00Z,141476,13.25,2026-04-07T04:31:35Z,-4.143,1.359,7.938,0
2026-04-07T05:00:00Z,141477,13.25,2026-04-07T04:45:05Z,-4.375,1.358,7.924,0
2026-04-07T05:15:00Z,141478,13.25,2026-04-07T05:01:30Z,-4.599,1.358,7.898,0
2026-04-07T05:30:00Z,141479,13.25,2026-04-07T05:15:10Z,-4.8,1.357,7.849,0
2026-04-07T05:45:00Z,141480,13.25,2026-04-07T05:30:05Z,-4.965,1.357,7.825,0
2026-04-07T06:00:00Z,141481,13.25,2026-04-07T05:53:20Z,-5.113,1.357,7.804,0
2026-04-07T06:15:00Z,141482,13.24,2026-04-07T06:00:05Z,-5.25,1.356,7.779,0
2026-04-07T06:30:00Z,141483,13.25,2026-04-07T06:15:05Z,-5.403,1.356,7.742,0
2026-04-07T06:45:00Z,141484,13.25,2026-04-07T06:30:05Z,-5.499,1.356,7.709,0
2026-04-07T07:00:00Z,141485,13.26,2026-04-07T06:45:05Z,-5.564,1.355,7.663,0
2026-04-07T07:15:00Z,141486,13.24,2026-04-07T07:03:20Z,-5.526,1.355,7.649,0
2026-04-07T07:30:00Z,141487,13.29,2026-04-07T07:20:15Z,-5.349,1.355,7.625,0
2026-04-07T07:45:00Z,141488,13.3,2026-04-07T07:30:10Z,-5.158,1.354,7.639,0
2026-04-07T08:00:00Z,141489,13.41,2026-04-07T07:45:25Z,-4.776,1.353,7.651,0
2026-04-07T08:15:00Z,141490,13.63,2026-04-07T08:06:00Z,-3.916,1.352,7.688,0
2026-04-07T08:30:00Z,141491,13.65,2026-04-07T08:30:00Z,-2.899,1.353,7.794,0
2026-04-07T08:45:00Z,141492,13.54,2026-04-07T08:38:00Z,-1.945,1.354,7.913,0
2026-04-07T09:00:00Z,141493,14.4,2026-04-07T08:45:05Z,-1.438,1.353,8.05,0
2026-04-07T09:15:00Z,141494,14.81,2026-04-07T09:04:40Z,-0.851,1.353,8.16,0
2026-04-07T09:30:00Z,141495,14.8,2026-04-07T09:25:55Z,-0.265,1.353,8.31,0
2026-04-07T09:45:00Z,141496,14.78,2026-04-07T09:37:25Z,0.175,1.352,8.49,0
2026-04-07T10:00:00Z,141497,14.38,2026-04-07T09:57:45Z,0.572,1.353,8.64,0
2026-04-07T10:15:00Z,141498,14.35,2026-04-07T10:02:30Z,0.895,1.353,8.82,0
2026-04-07T10:30:00Z,141499,14.35,2026-04-07T10:22:05Z,0.997,1.353,9.01,0
2026-04-07T10:45:00Z,141500,14.35,2026-04-07T10:31:05Z,1.079,1.353,9.2,0
2026-04-07T11:00:00Z,141501,14.35,2026-04-07T10:46:00Z,1.085,1.352,9.38,0
2026-04-07T11:15:00Z,141502,14.35,2026-04-07T11:00:25Z,1.062,1.352,9.54,0
2026-04-07T11:30:00Z,141503,14.35,2026-04-07T11:15:35Z,1.164,1.352,9.69,0
2026-04-07T11:45:00Z,141504,14.35,2026-04-07T11:30:05Z,1.345,1.351,9.83,0
2026-04-07T12:00:00Z,141505,14.35,2026-04-07T11:45:20Z,1.533,1.351,9.91,0
2026-04-07T12:15:00Z,141506,14.32,2026-04-07T12:11:55Z,1.775,1.351,10,0
2026-04-07T12:30:00Z,141507,14.32,2026-04-07T12:16:55Z,2.165,1.351,10.04,0
2026-04-07T12:45:00Z,141508,14.32,2026-04-07T12:31:20Z,2.423,1.351,10.06,0
2026-04-07T13:00:00Z,141509,14.29,2026-04-07T12:52:45Z,2.761,1.351,10.06,0
2026-04-07T13:15:00Z,141510,14.28,2026-04-07T13:02:35Z,3.218,1.351,10.12,0
2026-04-07T13:30:00Z,141511,14.27,2026-04-07T13:28:15Z,3.599,1.35,10.18,0
2026-04-07T13:45:00Z,141512,14.23,2026-04-07T13:42:40Z,4.113,1.351,10.24,0
2026-04-07T14:00:00Z,141513,14.23,2026-04-07T13:59:45Z,4.748,1.351,10.28,0
2026-04-07T14:15:00Z,141514,14.2,2026-04-07T14:13:05Z,5.315,1.35,10.3,0
2026-04-07T14:30:00Z,141515,14.19,2026-04-07T14:23:45Z,5.875,1.351,10.34,0
2026-04-07T14:45:00Z,141516,14.19,2026-04-07T14:42:25Z,6.23,1.349,10.38,0
2026-04-07T15:00:00Z,141517,14.2,2026-04-07T14:46:15Z,6.461,1.349,10.49,0
2026-04-07T15:15:00Z,141518,14.2,2026-04-07T15:03:45Z,6.429,1.35,10.61,0
2026-04-07T15:30:00Z,141519,14.23,2026-04-07T15:15:35Z,6.342,1.349,10.77,0
2026-04-07T15:45:00Z,141520,14.2,2026-04-07T15:44:30Z,6.537,1.349,10.87,0
2026-04-07T16:00:00Z,141521,14.2,2026-04-07T15:48:10Z,6.909,1.347,10.91,0
2026-04-07T16:15:00Z,141522,14.2,2026-04-07T16:07:45Z,7.316,1.348,10.92,0
2026-04-07T16:30:00Z,141523,14.2,2026-04-07T16:16:50Z,7.284,1.349,10.92,0
2026-04-07T16:45:00Z,141524,14.2,2026-04-07T16:37:55Z,7.012,1.35,10.88,0
2026-04-07T17:00:00Z,141525,14.2,2026-04-07T16:45:05Z,6.521,1.35,10.82,0
2026-04-07T17:15:00Z,141526,14.23,2026-04-07T17:00:05Z,5.695,1.35,10.78,0
2026-04-07T17:30:00Z,141527,14.25,2026-04-07T17:16:30Z,4.973,1.35,10.74,0
2026-04-07T17:45:00Z,141528,14.26,2026-04-07T17:30:15Z,4.458,1.35,10.7,0
2026-04-07T18:00:00Z,141529,14.28,2026-04-07T17:48:00Z,4.114,1.35,10.64,0
2026-04-07T18:15:00Z,141530,14.25,2026-04-07T18:14:25Z,3.971,1.348,10.6,0
2026-04-07T18:30:00Z,141531,14.12,2026-04-07T18:29:15Z,3.756,1.347,10.55,0
2026-04-07T18:45:00Z,141532,13.96,2026-04-07T18:44:35Z,3.421,1.346,10.48,0
2026-04-07T19:00:00Z,141533,13.82,2026-04-07T19:00:00Z,3.027,1.345,10.39,0
2026-04-07T19:15:00Z,141534,13.71,2026-04-07T19:15:00Z,2.598,1.345,10.3,0
2026-04-07T19:30:00Z,141535,13.64,2026-04-07T19:29:40Z,2.179,1.344,10.19,0
2026-04-07T19:45:00Z,141536,13.58,2026-04-07T19:44:20Z,1.766,1.344,10.02,0
2026-04-07T20:00:00Z,141537,13.52,2026-04-07T19:59:45Z,1.353,1.343,9.87,0
2026-04-07T20:15:00Z,141538,13.47,2026-04-07T20:14:50Z,0.963,1.342,9.73,0
2026-04-07T20:30:00Z,141539,13.43,2026-04-07T20:29:05Z,0.621,1.341,9.61,0
2026-04-07T20:45:00Z,141540,13.4,2026-04-07T20:44:10Z,0.321,1.341,9.54,0
2026-04-07T21:00:00Z,141541,13.36,2026-04-07T20:57:30Z,0.057,1.34,9.5,0
2026-04-07T21:15:00Z,141542,13.34,2026-04-07T21:10:50Z,-0.193,1.339,9.45,0
2026-04-07T21:30:00Z,141543,13.32,2026-04-07T21:26:50Z,-0.496,1.339,9.4,0
2026-04-07T21:45:00Z,141544,13.3,2026-04-07T21:42:50Z,-0.689,1.339,9.34,0
2026-04-07T22:00:00Z,141545,13.29,2026-04-07T21:56:10Z,-0.695,1.339,9.28,0
2026-04-07T22:15:00Z,141546,13.28,2026-04-07T22:12:10Z,-0.765,1.339,9.24,0
2026-04-07T22:30:00Z,141547,13.27,2026-04-07T22:28:10Z,-0.937,1.339,9.19,0
2026-04-07T22:45:00Z,141548,13.27,2026-04-07T22:30:50Z,-1.076,1.339,9.13,0
2026-04-07T23:00:00Z,141549,13.25,2026-04-07T22:57:30Z,-1.205,1.338,9.08,0
2026-04-07T23:15:00Z,141550,13.26,2026-04-07T23:01:25Z,-1.375,1.338,9.02,0
2026-04-07T23:30:00Z,141551,13.24,2026-04-07T23:24:00Z,-1.487,1.337,8.97,0
2026-04-07T23:45:00Z,141552,13.26,2026-04-07T23:30:05Z,-1.569,1.338,8.9,0
2026-04-08T00:15:00Z,141554,13.25,2026-04-08T00:05:00Z,-1.784,1.337,8.79,0
2026-04-08T00:30:00Z,141555,13.21,2026-04-08T00:18:50Z,-1.903,1.336,8.73,0
2026-04-08T00:45:00Z,141556,13.25,2026-04-08T00:30:05Z,-2.049,1.336,8.66,0
2026-04-08T01:00:00Z,141557,13.25,2026-04-08T00:57:35Z,-2.198,1.335,8.6,0
2026-04-08T01:15:00Z,141558,13.26,2026-04-08T01:00:05Z,-2.318,1.335,8.56,0
2026-04-08T01:30:00Z,141559,13.26,2026-04-08T01:28:15Z,-2.432,1.334,8.51,0
2026-04-08T01:45:00Z,141560,13.26,2026-04-08T01:30:25Z,-2.521,1.334,8.46,0
2026-04-08T02:00:00Z,141561,13.26,2026-04-08T01:57:30Z,-2.638,1.333,8.44,0
2026-04-08T02:15:00Z,141562,13.25,2026-04-08T02:10:10Z,-2.789,1.333,8.41,0
2026-04-08T02:30:00Z,141563,13.26,2026-04-08T02:15:05Z,-2.9,1.333,8.4,0
2026-04-08T02:45:00Z,141564,13.26,2026-04-08T02:40:35Z,-3.065,1.332,8.37,0
2026-04-08T03:00:00Z,141565,13.26,2026-04-08T02:57:45Z,-3.224,1.331,8.34,0
2026-04-08T03:15:00Z,141566,13.25,2026-04-08T03:02:35Z,-3.395,1.33,8.33,0
2026-04-08T03:30:00Z,141567,13.26,2026-04-08T03:15:15Z,-3.515,1.33,8.3,0
2026-04-08T03:45:00Z,141568,13.24,2026-04-08T03:30:05Z,-3.581,1.329,8.26,0
2026-04-08T04:00:00Z,141569,13.25,2026-04-08T03:57:55Z,-3.648,1.329,8.23,0
2026-04-08T04:15:00Z,141570,13.24,2026-04-08T04:02:30Z,-3.72,1.328,8.19,0
2026-04-08T04:30:00Z,141571,13.25,2026-04-08T04:16:35Z,-3.769,1.328,8.17,0
2026-04-08T04:45:00Z,141572,13.25,2026-04-08T04:35:15Z,-3.778,1.328,8.14,0
2026-04-08T05:00:00Z,141573,13.25,2026-04-08T04:45:55Z,-3.812,1.327,8.1,0
2026-04-08T05:15:00Z,141574,13.24,2026-04-08T05:02:35Z,-3.851,1.327,8.06,0
2026-04-08T05:30:00Z,141575,13.25,2026-04-08T05:15:15Z,-3.859,1.327,8.05,0
2026-04-08T05:45:00Z,141576,13.24,2026-04-08T05:30:05Z,-3.859,1.326,8.01,0
2026-04-08T06:00:00Z,141577,13.25,2026-04-08T05:45:55Z,-3.836,1.326,8.01,0
2026-04-08T06:15:00Z,141578,13.25,2026-04-08T06:02:40Z,-3.681,1.326,7.99,0
2026-04-08T06:30:00Z,141579,13.26,2026-04-08T06:15:15Z,-3.543,1.325,7.978,0
2026-04-08T06:45:00Z,141580,13.25,2026-04-08T06:30:05Z,-3.349,1.325,7.963,0
2026-04-08T07:00:00Z,141581,13.26,2026-04-08T06:57:35Z,-2.929,1.324,7.923,0
2026-04-08T07:15:00Z,141582,13.29,2026-04-08T07:00:05Z,-2.603,1.325,7.923,0
2026-04-08T07:30:00Z,141583,13.31,2026-04-08T07:16:15Z,-2.424,1.325,7.921,0
2026-04-08T07:45:00Z,141584,13.35,2026-04-08T07:43:50Z,-1.916,1.326,7.941,0
2026-04-08T08:00:00Z,141585,13.33,2026-04-08T07:54:55Z,-1.288,1.326,7.98,0
2026-04-08T08:15:00Z,141586,13.34,2026-04-08T08:00:05Z,-0.897,1.326,7.989,0
2026-04-08T08:30:00Z,141587,13.38,2026-04-08T08:15:05Z,-0.426,1.327,8.03,0
2026-04-08T08:45:00Z,141588,13.44,2026-04-08T08:30:05Z,0.202,1.328,8.08,0
2026-04-08T09:00:00Z,141589,13.49,2026-04-08T08:45:05Z,0.781,1.326,8.15,0
2026-04-08T09:15:00Z,141590,13.61,2026-04-08T09:00:05Z,1.623,1.326,8.2,0
2026-04-08T09:30:00Z,141591,13.79,2026-04-08T09:15:05Z,2.635,1.327,8.29,0
2026-04-08T09:45:00Z,141592,14.69,2026-04-08T09:40:05Z,3.456,1.327,8.39,0
2026-04-08T10:00:00Z,141593,14.69,2026-04-08T09:57:35Z,4.243,1.326,8.51,0
2026-04-08T10:15:00Z,141594,14.67,2026-04-08T10:09:50Z,4.697,1.325,8.62,0
2026-04-08T10:30:00Z,141595,14.62,2026-04-08T10:30:00Z,5.203,1.324,8.74,0
2026-04-08T10:45:00Z,141596,14.23,2026-04-08T10:44:00Z,5.694,1.325,8.88,0
2026-04-08T11:00:00Z,141597,14.23,2026-04-08T10:57:35Z,6.011,1.324,9.06,0
2026-04-08T11:15:00Z,141598,14.2,2026-04-08T11:05:50Z,6.311,1.325,9.23,0
2026-04-08T11:30:00Z,141599,14.19,2026-04-08T11:20:15Z,6.619,1.324,9.38,0
2026-04-08T11:45:00Z,141600,14.2,2026-04-08T11:43:40Z,7.041,1.324,9.54,0
2026-04-08T12:00:00Z,141601,14.17,2026-04-08T11:51:40Z,7.482,1.324,9.69,0
2026-04-08T12:15:00Z,141602,14.14,2026-04-08T12:13:00Z,7.92,1.323,9.8,0
2026-04-08T12:30:00Z,141603,14.14,2026-04-08T12:15:40Z,8.34,1.324,9.94,0
2026-04-08T12:45:00Z,141604,14.14,2026-04-08T12:30:05Z,8.83,1.323,10.02,0
2026-04-08T13:00:00Z,141605,14.11,2026-04-08T12:50:20Z,9.52,1.323,10.05,0
2026-04-08T13:15:00Z,141606,14.09,2026-04-08T13:14:55Z,10.05,1.324,10.13,0
2026-04-08T13:30:00Z,141607,14.08,2026-04-08T13:27:40Z,10.39,1.323,10.21,0
2026-04-08T13:45:00Z,141608,14.05,2026-04-08T13:44:55Z,10.88,1.324,10.25,0
2026-04-08T14:00:00Z,141609,14.05,2026-04-08T13:50:50Z,11.45,1.325,10.34,0
2026-04-08T14:15:00Z,141610,14.02,2026-04-08T14:10:25Z,12.03,1.323,10.49,0
2026-04-08T14:30:00Z,141611,14.02,2026-04-08T14:15:05Z,12.65,1.323,10.66,0
2026-04-08T14:45:00Z,141612,14.02,2026-04-08T14:30:05Z,13.33,1.323,10.81,0
2026-04-08T15:00:00Z,141613,13.99,2026-04-08T14:56:15Z,13.9,1.324,10.92,0
2026-04-08T15:15:00Z,141614,13.99,2026-04-08T15:00:10Z,14.16,1.323,10.97,0
2026-04-08T15:30:00Z,141615,13.99,2026-04-08T15:15:10Z,14.35,1.323,10.93,0
2026-04-08T15:45:00Z,141616,13.97,2026-04-08T15:40:25Z,14.62,1.324,10.84,0
2026-04-08T16:00:00Z,141617,13.96,2026-04-08T15:57:35Z,15.08,1.322,10.7,0
2026-04-08T16:15:00Z,141618,13.94,2026-04-08T16:14:10Z,15.63,1.322,10.57,0
2026-04-08T16:30:00Z,141619,13.94,2026-04-08T16:15:05Z,15.85,1.323,10.44,0
2026-04-08T16:45:00Z,141620,13.94,2026-04-08T16:30:05Z,15.86,1.323,10.39,0
2026-04-08T17:00:00Z,141621,13.93,2026-04-08T16:50:15Z,15.59,1.322,10.34,0
2026-04-08T17:15:00Z,141622,13.96,2026-04-08T17:02:45Z,15.21,1.32,10.31,0
2026-04-08T17:30:00Z,141623,13.97,2026-04-08T17:15:50Z,15.08,1.319,10.26,0
2026-04-08T17:45:00Z,141624,13.96,2026-04-08T17:30:05Z,15.09,1.317,10.24,0
2026-04-08T18:00:00Z,141625,13.97,2026-04-08T17:48:20Z,15.12,1.316,10.15,0
2026-04-08T18:15:00Z,141626,13.96,2026-04-08T18:05:50Z,15.17,1.314,10.15,0
2026-04-08T18:30:00Z,141627,13.93,2026-04-08T18:30:00Z,15.11,1.313,10.1,0
2026-04-08T18:45:00Z,141628,13.85,2026-04-08T18:44:05Z,14.93,1.314,10.04,0
2026-04-08T19:00:00Z,141629,13.75,2026-04-08T18:59:30Z,14.71,1.314,9.98,0
2026-04-08T19:15:00Z,141630,13.66,2026-04-08T19:14:50Z,14.48,1.313,9.93,0
2026-04-08T19:30:00Z,141631,13.59,2026-04-08T19:29:25Z,14.21,1.312,9.86,0
2026-04-08T19:45:00Z,141632,13.53,2026-04-08T19:44:00Z,13.92,1.311,9.83,0
2026-04-08T20:00:00Z,141633,13.48,2026-04-08T19:57:45Z,13.73,1.311,9.79,0
2026-04-08T20:15:00Z,141634,13.43,2026-04-08T20:14:45Z,13.59,1.311,9.76,0
2026-04-08T20:30:00Z,141635,13.41,2026-04-08T20:29:35Z,13.45,1.311,9.73,0
2026-04-08T20:45:00Z,141636,13.38,2026-04-08T20:41:10Z,13.31,1.309,9.69,0
2026-04-08T21:00:00Z,141637,13.35,2026-04-08T20:57:35Z,13.17,1.309,9.64,0
2026-04-08T21:15:00Z,141638,13.33,2026-04-08T21:14:55Z,13.03,1.309,9.61,0
2026-04-08T21:30:00Z,141639,13.31,2026-04-08T21:30:00Z,12.87,1.308,9.58,0
2026-04-08T21:45:00Z,141640,13.31,2026-04-08T21:40:55Z,12.64,1.306,9.54,0
2026-04-08T22:00:00Z,141641,13.3,2026-04-08T21:58:40Z,12.35,1.306,9.5,0
2026-04-08T22:15:00Z,141642,13.3,2026-04-08T22:13:20Z,12.13,1.306,9.48,0
2026-04-08T22:30:00Z,141643,13.28,2026-04-08T22:20:10Z,11.91,1.305,9.45,0
2026-04-08T22:45:00Z,141644,13.29,2026-04-08T22:30:15Z,11.76,1.305,9.42,0
2026-04-08T23:00:00Z,141645,13.28,2026-04-08T22:57:35Z,11.64,1.305,9.38,0
2026-04-08T23:15:00Z,141646,13.28,2026-04-08T23:02:30Z,11.56,1.306,9.36,0
2026-04-08T23:30:00Z,141647,13.28,2026-04-08T23:30:00Z,11.54,1.306,9.33,0
2026-04-08T23:45:00Z,141648,13.28,2026-04-08T23:30:05Z,11.53,1.307,9.3,0
2026-04-09T00:15:00Z,141650,13.28,2026-04-09T00:03:10Z,11.5,1.305,9.27,0
2026-04-09T00:30:00Z,141651,13.28,2026-04-09T00:27:10Z,11.43,1.305,9.26,0
2026-04-09T00:45:00Z,141652,13.28,2026-04-09T00:30:20Z,11.34,1.304,9.24,0
2026-04-09T01:00:00Z,141653,13.28,2026-04-09T00:57:40Z,11.23,1.303,9.21,0
2026-04-09T01:15:00Z,141654,13.28,2026-04-09T01:01:50Z,11.11,1.302,9.2,0
2026-04-09T01:30:00Z,141655,13.28,2026-04-09T01:17:50Z,10.96,1.302,9.19,0
2026-04-09T01:45:00Z,141656,13.28,2026-04-09T01:31:10Z,10.81,1.3,9.16,0
2026-04-09T02:00:00Z,141657,13.28,2026-04-09T01:49:50Z,10.68,1.301,9.14,0
2026-04-09T02:15:00Z,141658,13.28,2026-04-09T02:00:30Z,10.63,1.301,9.12,0
2026-04-09T02:30:00Z,141659,13.29,2026-04-09T02:19:25Z,10.64,1.301,9.11,0
2026-04-09T02:45:00Z,141660,13.28,2026-04-09T02:37:50Z,10.69,1.302,9.09,0
2026-04-09T03:00:00Z,141661,13.28,2026-04-09T02:58:15Z,10.76,1.301,9.08,0
2026-04-09T03:15:00Z,141662,13.29,2026-04-09T03:00:05Z,10.82,1.301,9.09,0
2026-04-09T03:30:00Z,141663,13.29,2026-04-09T03:16:00Z,10.92,1.302,9.08,0
2026-04-09T03:45:00Z,141664,13.28,2026-04-09T03:43:25Z,11.04,1.302,9.07,0
2026-04-09T04:00:00Z,141665,13.28,2026-04-09T03:48:10Z,11.25,1.304,9.07,0
2026-04-09T04:15:00Z,141666,13.28,2026-04-09T04:10:05Z,11.5,1.304,9.08,0
2026-04-09T04:30:00Z,141667,13.28,2026-04-09T04:27:10Z,11.71,1.303,9.08,0
2026-04-09T04:45:00Z,141668,13.28,2026-04-09T04:30:05Z,11.88,1.302,9.08,0
2026-04-09T05:00:00Z,141669,13.29,2026-04-09T04:52:00Z,11.99,1.301,9.08,0
2026-04-09T05:15:00Z,141670,13.29,2026-04-09T05:00:05Z,12.07,1.3,9.08,0
2026-04-09T05:30:00Z,141671,13.29,2026-04-09T05:15:05Z,12.14,1.3,9.09,0
2026-04-09T05:45:00Z,141672,13.29,2026-04-09T05:30:05Z,12.28,1.299,9.09,0
2026-04-09T06:00:00Z,141673,13.29,2026-04-09T05:46:55Z,12.46,1.297,9.09,0
2026-04-09T06:15:00Z,141674,13.29,2026-04-09T06:07:10Z,12.6,1.292,9.09,0
2026-04-09T06:30:00Z,141675,13.29,2026-04-09T06:23:10Z,12.64,1.292,9.09,0
2026-04-09T06:45:00Z,141676,13.29,2026-04-09T06:36:30Z,12.57,1.292,9.1,0
2026-04-09T07:00:00Z,141677,13.29,2026-04-09T06:48:55Z,12.55,1.291,9.1,0
2026-04-09T07:15:00Z,141678,13.28,2026-04-09T07:06:15Z,12.45,1.29,9.1,0
2026-04-09T07:30:00Z,141679,13.29,2026-04-09T07:16:55Z,12.48,1.288,9.1,0
2026-04-09T07:45:00Z,141680,13.3,2026-04-09T07:35:35Z,12.62,1.287,9.12,0
2026-04-09T08:00:00Z,141681,13.31,2026-04-09T07:46:15Z,12.86,1.286,9.14,0
2026-04-09T08:15:00Z,141682,13.35,2026-04-09T08:00:45Z,13.08,1.287,9.17,0
2026-04-09T08:30:00Z,141683,13.39,2026-04-09T08:16:15Z,13.29,1.287,9.22,0
2026-04-09T08:45:00Z,141684,13.41,2026-04-09T08:44:20Z,13.63,1.287,9.27,0
2026-04-09T09:00:00Z,141685,13.38,2026-04-09T08:58:00Z,14.01,1.287,9.31,0
2026-04-09T09:15:00Z,141686,13.37,2026-04-09T09:02:30Z,14.27,1.285,9.32,0
2026-04-09T09:30:00Z,141687,13.41,2026-04-09T09:15:05Z,14.64,1.285,9.32,0
2026-04-09T09:45:00Z,141688,13.44,2026-04-09T09:30:15Z,15.24,1.284,9.38,0
2026-04-09T10:00:00Z,141689,13.44,2026-04-09T09:57:40Z,16.1,1.287,9.49,0
2026-04-09T10:15:00Z,141690,13.42,2026-04-09T10:07:55Z,16.4,1.285,9.55,0
2026-04-09T10:30:00Z,141691,13.42,2026-04-09T10:17:00Z,16.42,1.285,9.6,0
2026-04-09T10:45:00Z,141692,13.41,2026-04-09T10:34:50Z,16.44,1.284,9.62,0
2026-04-09T11:00:00Z,141693,13.42,2026-04-09T10:45:05Z,16.45,1.282,9.66,0
2026-04-09T11:15:00Z,141694,13.43,2026-04-09T11:01:45Z,16.57,1.284,9.72,0
2026-04-09T11:30:00Z,141695,13.41,2026-04-09T11:24:50Z,16.24,1.282,9.74,0
2026-04-09T11:45:00Z,141696,13.4,2026-04-09T11:30:15Z,15.32,1.281,9.76,0
2026-04-09T12:00:00Z,141697,13.42,2026-04-09T11:45:20Z,14.73,1.281,9.8,0
2026-04-09T12:15:00Z,141698,13.52,2026-04-09T12:02:45Z,14.64,1.281,9.84,0
2026-04-09T12:30:00Z,141699,13.51,2026-04-09T12:26:25Z,14.65,1.282,9.87,0
2026-04-09T12:45:00Z,141700,13.51,2026-04-09T12:30:05Z,14.38,1.282,9.87,0.01
2026-04-09T13:00:00Z,141701,13.54,2026-04-09T12:45:05Z,14.01,1.282,9.89,0
2026-04-09T13:15:00Z,141702,13.59,2026-04-09T13:00:05Z,13.69,1.283,9.85,0
2026-04-09T13:30:00Z,141703,13.62,2026-04-09T13:16:00Z,13.41,1.282,9.91,0.01
2026-04-09T13:45:00Z,141704,13.97,2026-04-09T13:30:05Z,13.4,1.281,9.97,0
2026-04-09T14:00:00Z,141705,14.42,2026-04-09T13:50:40Z,13.41,1.282,10.01,0
2026-04-09T14:15:00Z,141706,14.42,2026-04-09T14:02:30Z,13.35,1.283,10.04,0
2026-04-09T14:30:00Z,141707,14.42,2026-04-09T14:22:40Z,13.41,1.283,10.05,0
2026-04-09T14:45:00Z,141708,14.42,2026-04-09T14:30:40Z,13.46,1.283,10.07,0
2026-04-09T15:00:00Z,141709,14.39,2026-04-09T14:57:20Z,13.66,1.282,10.12,0
2026-04-09T15:15:00Z,141710,14.36,2026-04-09T15:10:40Z,14.18,1.281,10.17,0
2026-04-09T15:30:00Z,141711,14.36,2026-04-09T15:18:40Z,14.86,1.281,10.26,0
2026-04-09T15:45:00Z,141712,14.04,2026-04-09T15:45:00Z,15.49,1.281,10.32,0
2026-04-09T16:00:00Z,141713,13.91,2026-04-09T15:59:25Z,15.97,1.28,10.35,0
2026-04-09T16:15:00Z,141714,13.83,2026-04-09T16:14:40Z,15.96,1.278,10.29,0.01
2026-04-09T16:30:00Z,141715,13.83,2026-04-09T16:17:20Z,15.34,1.281,10.28,0.01
2026-04-09T16:45:00Z,141716,13.93,2026-04-09T16:30:05Z,14.81,1.279,10.3,0
2026-04-09T17:00:00Z,141717,13.97,2026-04-09T16:45:05Z,14.6,1.279,10.29,0
2026-04-09T17:15:00Z,141718,13.9,2026-04-09T17:13:25Z,14.44,1.279,10.28,0
2026-04-09T17:30:00Z,141719,13.87,2026-04-09T17:29:00Z,14.14,1.278,10.22,0
2026-04-09T17:45:00Z,141720,13.74,2026-04-09T17:44:25Z,13.83,1.278,10.16,0.01
2026-04-09T18:00:00Z,141721,13.66,2026-04-09T18:00:00Z,13.55,1.28,10.14,0.04
2026-04-09T18:15:00Z,141722,13.61,2026-04-09T18:14:25Z,13.29,1.28,10.08,0.01
2026-04-09T18:30:00Z,141723,13.58,2026-04-09T18:29:35Z,13.05,1.283,10.06,0
2026-04-09T18:45:00Z,141724,13.54,2026-04-09T18:44:30Z,12.87,1.284,10.04,0
2026-04-09T19:00:00Z,141725,13.49,2026-04-09T19:00:00Z,12.7,1.285,10.01,0
2026-04-09T19:15:00Z,141726,13.44,2026-04-09T19:15:00Z,12.49,1.285,9.96,0
2026-04-09T19:30:00Z,141727,13.4,2026-04-09T19:30:00Z,12.18,1.285,9.93,0
2026-04-09T19:45:00Z,141728,13.38,2026-04-09T19:43:45Z,11.91,1.285,9.91,0
2026-04-09T20:00:00Z,141729,13.35,2026-04-09T19:58:10Z,11.63,1.285,9.87,0
2026-04-09T20:15:00Z,141730,13.33,2026-04-09T20:13:45Z,11.44,1.284,9.85,0
2026-04-09T20:30:00Z,141731,13.31,2026-04-09T20:21:45Z,11.36,1.284,9.83,0
2026-04-09T20:45:00Z,141732,13.3,2026-04-09T20:43:05Z,11.33,1.284,9.81,0
2026-04-09T21:00:00Z,141733,13.29,2026-04-09T20:57:35Z,11.27,1.284,9.8,0
2026-04-09T21:15:00Z,141734,13.28,2026-04-09T21:02:35Z,11.23,1.284,9.8,0
2026-04-09T21:30:00Z,141735,13.28,2026-04-09T21:24:50Z,11.16,1.283,9.8,0
2026-04-09T21:45:00Z,141736,13.28,2026-04-09T21:31:05Z,11.15,1.283,9.8,0
2026-04-09T22:00:00Z,141737,13.28,2026-04-09T21:57:45Z,11.17,1.283,9.81,0
2026-04-09T22:15:00Z,141738,13.28,2026-04-09T22:00:25Z,11.23,1.282,9.82,0
2026-04-09T22:30:00Z,141739,13.28,2026-04-09T22:16:45Z,11.18,1.282,9.83,0
2026-04-09T22:45:00Z,141740,13.28,2026-04-09T22:44:50Z,11.07,1.282,9.83,0
2026-04-09T23:00:00Z,141741,13.28,2026-04-09T22:48:20Z,10.98,1.282,9.84,0
2026-04-09T23:15:00Z,141742,13.28,2026-04-09T23:02:30Z,10.95,1.28,9.84,0
2026-04-09T23:30:00Z,141743,13.28,2026-04-09T23:24:50Z,11,1.28,9.84,0
2026-04-09T23:45:00Z,141744,13.28,2026-04-09T23:34:05Z,11.07,1.279,9.85,0
2026-04-10T00:15:00Z,141746,13.28,2026-04-10T00:09:10Z,11.13,1.278,9.83,0
2026-04-10T00:30:00Z,141747,13.29,2026-04-10T00:15:05Z,11.13,1.278,9.83,0
2026-04-10T00:45:00Z,141748,13.28,2026-04-10T00:30:05Z,11.11,1.277,9.82,0
2026-04-10T01:00:00Z,141749,13.28,2026-04-10T00:57:35Z,11.03,1.278,9.81,0
2026-04-10T01:15:00Z,141750,13.28,2026-04-10T01:02:30Z,10.93,1.278,9.8,0
2026-04-10T01:30:00Z,141751,13.29,2026-04-10T01:15:05Z,10.84,1.277,9.78,0
2026-04-10T01:45:00Z,141752,13.28,2026-04-10T01:30:05Z,10.76,1.277,9.78,0
2026-04-10T02:00:00Z,141753,13.28,2026-04-10T01:57:45Z,10.63,1.277,9.78,0
2026-04-10T02:15:00Z,141754,13.28,2026-04-10T02:02:25Z,10.46,1.277,9.76,0
2026-04-10T02:30:00Z,141755,13.28,2026-04-10T02:21:00Z,10.31,1.277,9.74,0
2026-04-10T02:45:00Z,141756,13.29,2026-04-10T02:42:05Z,10.26,1.277,9.73,0
2026-04-10T03:00:00Z,141757,13.29,2026-04-10T02:58:10Z,10.29,1.277,9.71,0
2026-04-10T03:15:00Z,141758,13.28,2026-04-10T03:03:30Z,10.29,1.278,9.71,0
2026-04-10T03:30:00Z,141759,13.28,2026-04-10T03:30:00Z,10.28,1.278,9.7,0
2026-04-10T03:45:00Z,141760,13.28,2026-04-10T03:43:30Z,10.34,1.278,9.7,0
2026-04-10T04:00:00Z,141761,13.28,2026-04-10T03:54:10Z,10.52,1.278,9.7,0
2026-04-10T04:15:00Z,141762,13.28,2026-04-10T04:12:50Z,10.85,1.279,9.69,0
2026-04-10T04:30:00Z,141763,13.28,2026-04-10T04:23:30Z,11.34,1.279,9.69,0
2026-04-10T04:45:00Z,141764,13.28,2026-04-10T04:34:10Z,11.87,1.28,9.69,0
2026-04-10T05:00:00Z,141765,13.28,2026-04-10T04:45:20Z,12.3,1.279,9.69,0
2026-04-10T05:15:00Z,141766,13.28,2026-04-10T05:02:30Z,12.67,1.278,9.69,0
2026-04-10T05:30:00Z,141767,13.28,2026-04-10T05:16:50Z,12.96,1.275,9.69,0
2026-04-10T05:45:00Z,141768,13.26,2026-04-10T05:30:20Z,13.06,1.272,9.68,0
2026-04-10T06:00:00Z,141769,13.29,2026-04-10T05:45:20Z,12.98,1.273,9.68,0
2026-04-10T06:15:00Z,141770,13.28,2026-04-10T06:13:55Z,12.76,1.273,9.67,0
2026-04-10T06:30:00Z,141771,13.28,2026-04-10T06:15:40Z,12.5,1.273,9.66,0
2026-04-10T06:45:00Z,141772,13.28,2026-04-10T06:30:10Z,12.24,1.272,9.64,0
2026-04-10T07:00:00Z,141773,13.29,2026-04-10T06:53:35Z,12.03,1.272,9.65,0
2026-04-10T07:15:00Z,141774,13.28,2026-04-10T07:02:25Z,11.81,1.271,9.66,0
2026-04-10T07:30:00Z,141775,13.28,2026-04-10T07:30:00Z,11.61,1.272,9.67,0.01
2026-04-10T07:45:00Z,141776,13.29,2026-04-10T07:30:05Z,11.43,1.273,9.67,0.02
2026-04-10T08:00:00Z,141777,13.29,2026-04-10T07:45:05Z,11.26,1.275,9.68,0.01
2026-04-10T08:15:00Z,141778,13.28,2026-04-10T08:02:25Z,11.14,1.274,9.69,0.01
2026-04-10T08:30:00Z,141779,13.3,2026-04-10T08:15:05Z,11.02,1.274,9.7,0
2026-04-10T08:45:00Z,141780,13.31,2026-04-10T08:32:05Z,11.04,1.274,9.72,0
2026-04-10T09:00:00Z,141781,13.33,2026-04-10T08:53:05Z,11.23,1.274,9.75,0
2026-04-10T09:15:00Z,141782,13.33,2026-04-10T09:02:25Z,11.46,1.273,9.77,0
2026-04-10T09:30:00Z,141783,13.34,2026-04-10T09:16:40Z,11.71,1.273,9.8,0
2026-04-10T09:45:00Z,141784,13.35,2026-04-10T09:30:05Z,11.93,1.273,9.83,0
2026-04-10T10:00:00Z,141785,13.37,2026-04-10T09:47:25Z,12.16,1.272,9.85,0
2026-04-10T10:15:00Z,141786,13.4,2026-04-10T10:02:30Z,12.52,1.272,9.91,0
2026-04-10T10:30:00Z,141787,13.41,2026-04-10T10:16:45Z,12.82,1.27,9.94,0
2026-04-10T10:45:00Z,141788,13.41,2026-04-10T10:43:55Z,13.11,1.269,10.01,0
2026-04-10T11:00:00Z,141789,13.41,2026-04-10T10:54:40Z,13.27,1.269,10.03,0
2026-04-10T11:15:00Z,141790,13.41,2026-04-10T11:00:20Z,13.41,1.267,10.06,0
2026-04-10T11:30:00Z,141791,13.43,2026-04-10T11:21:15Z,13.75,1.268,10.11,0
2026-04-10T11:45:00Z,141792,13.43,2026-04-10T11:30:05Z,13.87,1.267,10.14,0
2026-04-10T12:00:00Z,141793,13.41,2026-04-10T11:57:30Z,13.88,1.267,10.14,0
2026-04-10T12:15:00Z,141794,13.41,2026-04-10T12:12:15Z,13.7,1.266,10.14,0
2026-04-10T12:30:00Z,141795,13.41,2026-04-10T12:19:25Z,13.31,1.266,10.14,0
2026-04-10T12:45:00Z,141796,13.42,2026-04-10T12:32:15Z,12.9,1.266,10.15,0
2026-04-10T13:00:00Z,141797,13.41,2026-04-10T12:50:20Z,12.55,1.267,10.15,0
2026-04-10T13:15:00Z,141798,13.48,2026-04-10T13:14:55Z,12.49,1.267,10.15,0
2026-04-10T13:30:00Z,141799,13.44,2026-04-10T13:23:40Z,12.65,1.266,10.17,0
2026-04-10T13:45:00Z,141800,13.46,2026-04-10T13:36:00Z,12.71,1.267,10.14,0
2026-04-10T14:00:00Z,141801,13.44,2026-04-10T13:53:20Z,12.65,1.265,10.15,0
2026-04-10T14:15:00Z,141802,13.43,2026-04-10T14:02:25Z,12.5,1.265,10.16,0
2026-04-10T14:30:00Z,141803,13.47,2026-04-10T14:15:50Z,12.4,1.265,10.15,0
2026-04-10T14:45:00Z,141804,13.46,2026-04-10T14:35:10Z,12.22,1.264,10.16,0
2026-04-10T15:00:00Z,141805,13.52,2026-04-10T14:45:05Z,12.33,1.264,10.19,0
2026-04-10T15:15:00Z,141806,13.51,2026-04-10T15:02:30Z,12.49,1.264,10.2,0
2026-04-10T15:30:00Z,141807,13.61,2026-04-10T15:16:05Z,12.71,1.264,10.23,0
2026-04-10T15:45:00Z,141808,14.16,2026-04-10T15:30:05Z,13.01,1.263,10.27,0
2026-04-10T16:00:00Z,141809,14.42,2026-04-10T15:57:40Z,13.08,1.262,10.28,0
2026-04-10T16:15:00Z,141810,14.42,2026-04-10T16:09:50Z,12.97,1.261,10.28,0
2026-04-10T16:30:00Z,141811,14.42,2026-04-10T16:15:05Z,12.61,1.26,10.26,0
2026-04-10T16:45:00Z,141812,14.43,2026-04-10T16:44:25Z,12.25,1.26,10.26,0
2026-04-10T17:00:00Z,141813,14.42,2026-04-10T16:45:40Z,11.92,1.26,10.24,0
2026-04-10T17:15:00Z,141814,14.45,2026-04-10T17:02:25Z,11.67,1.26,10.24,0
2026-04-10T17:30:00Z,141815,14.48,2026-04-10T17:18:15Z,11.58,1.26,10.25,0
2026-04-10T17:45:00Z,141816,14.23,2026-04-10T17:44:55Z,11.51,1.26,10.23,0
2026-04-10T18:00:00Z,141817,14.07,2026-04-10T17:58:55Z,11.39,1.26,10.23,0
2026-04-10T18:15:00Z,141818,14,2026-04-10T18:14:40Z,11.22,1.261,10.21,0
2026-04-10T18:30:00Z,141819,13.9,2026-04-10T18:29:30Z,11.06,1.26,10.19,0
2026-04-10T18:45:00Z,141820,13.79,2026-04-10T18:44:25Z,10.88,1.26,10.17,0
2026-04-10T19:00:00Z,141821,13.7,2026-04-10T18:58:40Z,10.69,1.259,10.15,0
2026-04-10T19:15:00Z,141822,13.61,2026-04-10T19:14:55Z,10.47,1.259,10.13,0
2026-04-10T19:30:00Z,141823,13.55,2026-04-10T19:29:50Z,10.24,1.259,10.12,0
2026-04-10T19:45:00Z,141824,13.5,2026-04-10T19:44:45Z,10.06,1.26,10.1,0
2026-04-10T20:00:00Z,141825,13.46,2026-04-10T19:57:40Z,9.9,1.26,10.08,0
2026-04-10T20:15:00Z,141826,13.42,2026-04-10T20:14:40Z,9.77,1.26,10.06,0
2026-04-10T20:30:00Z,141827,13.38,2026-04-10T20:29:05Z,9.64,1.26,10.04,0
2026-04-10T20:45:00Z,141828,13.36,2026-04-10T20:44:20Z,9.53,1.26,10.02,0
2026-04-10T21:00:00Z,141829,13.34,2026-04-10T20:59:05Z,9.46,1.259,10,0
2026-04-10T21:15:00Z,141830,13.32,2026-04-10T21:14:55Z,9.29,1.259,9.97,0
2026-04-10T21:30:00Z,141831,13.31,2026-04-10T21:27:25Z,8.98,1.258,9.94,0
2026-04-10T21:45:00Z,141832,13.3,2026-04-10T21:45:00Z,8.51,1.257,9.92,0
2026-04-10T22:00:00Z,141833,13.29,2026-04-10T21:54:05Z,7.948,1.257,9.89,0
2026-04-10T22:15:00Z,141834,13.28,2026-04-10T22:02:25Z,7.41,1.256,9.85,0
2026-04-10T22:30:00Z,141835,13.28,2026-04-10T22:19:50Z,6.943,1.257,9.81,0
2026-04-10T22:45:00Z,141836,13.28,2026-04-10T22:30:05Z,6.457,1.257,9.79,0
2026-04-10T23:00:00Z,141837,13.28,2026-04-10T22:50:05Z,5.952,1.256,9.75,0
2026-04-10T23:15:00Z,141838,13.28,2026-04-10T23:14:05Z,5.453,1.256,9.72,0
2026-04-10T23:30:00Z,141839,13.27,2026-04-10T23:24:45Z,4.994,1.256,9.69,0
2026-04-10T23:45:00Z,141840,13.27,2026-04-10T23:32:45Z,4.62,1.256,9.66,0
2026-04-11T00:15:00Z,141842,13.27,2026-04-11T00:04:45Z,4.061,1.255,9.59,0
2026-04-11T00:30:00Z,141843,13.27,2026-04-11T00:18:05Z,3.833,1.255,9.56,0
2026-04-11T00:45:00Z,141844,13.27,2026-04-11T00:34:05Z,3.662,1.254,9.51,0
2026-04-11T01:00:00Z,141845,13.27,2026-04-11T00:57:30Z,3.462,1.254,9.49,0
2026-04-11T01:15:00Z,141846,13.27,2026-04-11T01:02:30Z,3.236,1.254,9.46,0
2026-04-11T01:30:00Z,141847,13.27,2026-04-11T01:30:00Z,3.031,1.254,9.43,0
2026-04-11T01:45:00Z,141848,13.27,2026-04-11T01:39:50Z,2.833,1.254,9.39,0
2026-04-11T02:00:00Z,141849,13.28,2026-04-11T01:45:05Z,2.637,1.254,9.36,0
2026-04-11T02:15:00Z,141850,13.27,2026-04-11T02:14:20Z,2.37,1.254,9.34,0
2026-04-11T02:30:00Z,141851,13.27,2026-04-11T02:21:25Z,2.037,1.254,9.31,0
2026-04-11T02:45:00Z,141852,13.27,2026-04-11T02:30:20Z,1.731,1.253,9.28,0
2026-04-11T03:00:00Z,141853,13.26,2026-04-11T02:57:30Z,1.532,1.252,9.26,0
2026-04-11T03:15:00Z,141854,13.27,2026-04-11T03:05:20Z,1.424,1.252,9.22,0
2026-04-11T03:30:00Z,141855,13.27,2026-04-11T03:26:40Z,1.311,1.252,9.19,0
2026-04-11T03:45:00Z,141856,13.26,2026-04-11T03:39:50Z,1.212,1.252,9.17,0
2026-04-11T04:00:00Z,141857,13.27,2026-04-11T03:57:05Z,1.199,1.252,9.14,0
2026-04-11T04:15:00Z,141858,13.27,2026-04-11T04:09:50Z,1.389,1.251,9.13,0
2026-04-11T04:30:00Z,141859,13.27,2026-04-11T04:24:50Z,1.763,1.25,9.12,0
2026-04-11T04:45:00Z,141860,13.27,2026-04-11T04:36:45Z,2.195,1.25,9.12,0
2026-04-11T05:00:00Z,141861,13.27,2026-04-11T04:53:35Z,2.465,1.25,9.11,0
2026-04-11T05:15:00Z,141862,13.27,2026-04-11T05:05:40Z,2.606,1.249,9.09,0
2026-04-11T05:30:00Z,141863,13.27,2026-04-11T05:17:50Z,2.628,1.249,9.04,0
2026-04-11T05:45:00Z,141864,13.27,2026-04-11T05:39:50Z,2.591,1.249,9.04,0
2026-04-11T06:00:00Z,141865,13.27,2026-04-11T05:58:30Z,2.54,1.248,9.02,0
2026-04-11T06:15:00Z,141866,13.27,2026-04-11T06:06:30Z,2.452,1.248,8.99,0
2026-04-11T06:30:00Z,141867,13.27,2026-04-11T06:25:10Z,2.314,1.248,8.96,0
2026-04-11T06:45:00Z,141868,13.27,2026-04-11T06:33:10Z,2.14,1.248,8.95,0
2026-04-11T07:00:00Z,141869,13.29,2026-04-11T06:47:10Z,2.046,1.248,8.91,0
2026-04-11T07:15:00Z,141870,13.3,2026-04-11T07:00:05Z,2.149,1.247,8.92,0
2026-04-11T07:30:00Z,141871,13.33,2026-04-11T07:15:50Z,2.515,1.246,8.9,0
2026-04-11T07:45:00Z,141872,13.37,2026-04-11T07:31:00Z,2.986,1.245,8.9,0
2026-04-11T08:00:00Z,141873,13.5,2026-04-11T07:45:05Z,3.717,1.245,8.95,0
2026-04-11T08:15:00Z,141874,13.49,2026-04-11T08:14:50Z,4.805,1.249,9.02,0
2026-04-11T08:30:00Z,141875,13.46,2026-04-11T08:17:05Z,5.354,1.249,9.09,0
2026-04-11T08:45:00Z,141876,13.47,2026-04-11T08:30:10Z,5.522,1.248,9.15,0
2026-04-11T09:00:00Z,141877,13.48,2026-04-11T08:46:10Z,5.741,1.247,9.22,0
2026-04-11T09:15:00Z,141878,13.61,2026-04-11T09:00:45Z,6.228,1.246,9.31,0
2026-04-11T09:30:00Z,141879,14.57,2026-04-11T09:30:00Z,7.284,1.247,9.44,0
2026-04-11T09:45:00Z,141880,14.54,2026-04-11T09:39:20Z,8.33,1.248,9.58,0
2026-04-11T10:00:00Z,141881,14.51,2026-04-11T09:58:20Z,9.21,1.25,9.74,0
2026-04-11T10:15:00Z,141882,14.51,2026-04-11T10:03:30Z,9.69,1.25,9.93,0
2026-04-11T10:30:00Z,141883,14.11,2026-04-11T10:27:20Z,9.87,1.248,10.11,0
2026-04-11T10:45:00Z,141884,14.11,2026-04-11T10:43:00Z,10.09,1.249,10.29,0
2026-04-11T11:00:00Z,141885,14.08,2026-04-11T10:57:40Z,10.29,1.248,10.43,0
2026-04-11T11:15:00Z,141886,14.08,2026-04-11T11:01:20Z,10.43,1.248,10.54,0
2026-04-11T11:30:00Z,141887,14.09,2026-04-11T11:29:55Z,10.58,1.246,10.69,0
2026-04-11T11:45:00Z,141888,14.08,2026-04-11T11:40:35Z,10.91,1.245,10.84,0
2026-04-11T12:00:00Z,141889,14.05,2026-04-11T11:59:00Z,11.3,1.245,10.98,0
2026-04-11T12:15:00Z,141890,14.05,2026-04-11T12:02:25Z,11.56,1.245,11.04,0
2026-04-11T12:30:00Z,141891,14.05,2026-04-11T12:16:45Z,11.8,1.244,11.18,0
2026-04-11T12:45:00Z,141892,14.05,2026-04-11T12:30:05Z,12.03,1.244,11.43,0
2026-04-11T13:00:00Z,141893,14.02,2026-04-11T12:57:30Z,12.27,1.243,11.68,0
2026-04-11T13:15:00Z,141894,14.02,2026-04-11T13:02:25Z,12.56,1.243,11.88,0
2026-04-11T13:30:00Z,141895,13.99,2026-04-11T13:29:50Z,12.99,1.243,12.04,0
2026-04-11T13:45:00Z,141896,13.97,2026-04-11T13:44:50Z,13.49,1.243,12.12,0
2026-04-11T14:00:00Z,141897,13.96,2026-04-11T13:49:35Z,14.09,1.243,12.12,0
2026-04-11T14:15:00Z,141898,13.96,2026-04-11T14:02:30Z,14.54,1.244,12.17,0
2026-04-11T14:30:00Z,141899,13.94,2026-04-11T14:28:55Z,14.99,1.243,12.31,0
2026-04-11T14:45:00Z,141900,13.94,2026-04-11T14:30:05Z,15.31,1.242,12.31,0
2026-04-11T15:00:00Z,141901,13.96,2026-04-11T14:45:35Z,15.54,1.242,12.31,0
2026-04-11T15:15:00Z,141902,13.97,2026-04-11T15:00:50Z,15.35,1.242,12.23,0
2026-04-11T15:30:00Z,141903,13.97,2026-04-11T15:16:20Z,14.96,1.242,12.11,0
2026-04-11T15:45:00Z,141904,13.96,2026-04-11T15:30:10Z,14.75,1.241,12.08,0
2026-04-11T16:00:00Z,141905,13.97,2026-04-11T15:46:20Z,14.71,1.242,12.08,0
2026-04-11T16:15:00Z,141906,13.96,2026-04-11T16:02:40Z,14.82,1.241,12.13,0
2026-04-11T16:30:00Z,141907,13.96,2026-04-11T16:20:30Z,14.92,1.242,12.16,0
2026-04-11T16:45:00Z,141908,13.97,2026-04-11T16:30:15Z,14.84,1.242,12.13,0
2026-04-11T17:00:00Z,141909,13.96,2026-04-11T16:46:10Z,14.56,1.241,12.09,0
2026-04-11T17:15:00Z,141910,13.99,2026-04-11T17:00:25Z,14.2,1.241,12.01,0
2026-04-11T17:30:00Z,141911,13.98,2026-04-11T17:22:35Z,13.88,1.242,11.96,0
2026-04-11T17:45:00Z,141912,14.02,2026-04-11T17:30:20Z,13.58,1.24,11.91,0
2026-04-11T18:00:00Z,141913,14.02,2026-04-11T17:49:30Z,13.32,1.24,11.82,0
2026-04-11T18:15:00Z,141914,14.01,2026-04-11T18:02:30Z,13.05,1.24,11.77,0
2026-04-11T18:30:00Z,141915,13.99,2026-04-11T18:29:40Z,12.76,1.24,11.74,0
2026-04-11T18:45:00Z,141916,13.88,2026-04-11T18:44:40Z,12.44,1.239,11.65,0
2026-04-11T19:00:00Z,141917,13.76,2026-04-11T19:00:00Z,12.07,1.239,11.6,0
2026-04-11T19:15:00Z,141918,13.67,2026-04-11T19:14:55Z,11.71,1.238,11.52,0
2026-04-11T19:30:00Z,141919,13.59,2026-04-11T19:30:00Z,11.36,1.237,11.45,0
2026-04-11T19:45:00Z,141920,13.53,2026-04-11T19:44:50Z,11.01,1.237,11.36,0
2026-04-11T20:00:00Z,141921,13.48,2026-04-11T19:59:20Z,10.69,1.238,11.26,0
2026-04-11T20:15:00Z,141922,13.44,2026-04-11T20:12:40Z,10.35,1.238,11.13,0
2026-04-11T20:30:00Z,141923,13.41,2026-04-11T20:28:40Z,9.97,1.238,11.1,0
2026-04-11T20:45:00Z,141924,13.37,2026-04-11T20:44:40Z,9.59,1.237,11.05,0
2026-04-11T21:00:00Z,141925,13.35,2026-04-11T20:58:00Z,9.25,1.237,11,0
2026-04-11T21:15:00Z,141926,13.33,2026-04-11T21:14:00Z,8.96,1.236,10.97,0
2026-04-11T21:30:00Z,141927,13.31,2026-04-11T21:30:00Z,8.69,1.235,10.92,0
2026-04-11T21:45:00Z,141928,13.3,2026-04-11T21:35:20Z,8.39,1.235,10.87,0
2026-04-11T22:00:00Z,141929,13.29,2026-04-11T21:57:35Z,8.17,1.234,10.81,0
2026-04-11T22:15:00Z,141930,13.29,2026-04-11T22:02:35Z,8.04,1.234,10.73,0
2026-04-11T22:30:00Z,141931,13.28,2026-04-11T22:28:35Z,7.935,1.233,10.68,0
2026-04-11T22:45:00Z,141932,13.28,2026-04-11T22:40:45Z,7.872,1.233,10.64,0
2026-04-11T23:00:00Z,141933,13.27,2026-04-11T22:57:35Z,7.783,1.233,10.61,0
2026-04-11T23:15:00Z,141934,13.27,2026-04-11T23:02:35Z,7.606,1.232,10.55,0
2026-04-11T23:30:00Z,141935,13.28,2026-04-11T23:15:25Z,7.429,1.232,10.46,0
2026-04-11T23:45:00Z,141936,13.28,2026-04-11T23:43:45Z,7.317,1.233,10.39,0
2026-04-12T00:15:00Z,141938,13.28,2026-04-12T00:02:35Z,7.19,1.231,10.32,0
2026-04-12T00:30:00Z,141939,13.28,2026-04-12T00:21:05Z,7.142,1.231,10.28,0
2026-04-12T00:45:00Z,141940,13.28,2026-04-12T00:42:55Z,7.142,1.231,10.25,0
2026-04-12T01:00:00Z,141941,13.28,2026-04-12T00:45:10Z,7.159,1.23,10.22,0
2026-04-12T01:15:00Z,141942,13.28,2026-04-12T01:02:25Z,7.159,1.23,10.21,0
2026-04-12T01:30:00Z,141943,13.28,2026-04-12T01:17:10Z,7.159,1.23,10.2,0
2026-04-12T01:45:00Z,141944,13.28,2026-04-12T01:34:55Z,7.143,1.229,10.19,0
2026-04-12T02:00:00Z,141945,13.28,2026-04-12T01:51:10Z,7.113,1.229,10.17,0
2026-04-12T02:15:00Z,141946,13.28,2026-04-12T02:02:25Z,7.094,1.228,10.17,0
2026-04-12T02:30:00Z,141947,13.28,2026-04-12T02:25:05Z,7.094,1.229,10.16,0
2026-04-12T02:45:00Z,141948,13.28,2026-04-12T02:38:25Z,7.078,1.228,10.15,0
2026-04-12T03:00:00Z,141949,13.27,2026-04-12T02:57:35Z,7.051,1.227,10.14,0
2026-04-12T03:15:00Z,141950,13.27,2026-04-12T03:03:20Z,7.049,1.228,10.12,0
2026-04-12T03:30:00Z,141951,13.28,2026-04-12T03:28:15Z,7.07,1.226,10.1,0
2026-04-12T03:45:00Z,141952,13.28,2026-04-12T03:37:05Z,7.066,1.226,10.07,0
2026-04-12T04:00:00Z,141953,13.28,2026-04-12T03:57:05Z,7.036,1.225,10.05,0
2026-04-12T04:15:00Z,141954,13.28,2026-04-12T04:02:25Z,7.063,1.225,10.06,0
2026-04-12T04:30:00Z,141955,13.28,2026-04-12T04:28:30Z,7.137,1.223,10.06,0
2026-04-12T04:45:00Z,141956,13.28,2026-04-12T04:42:25Z,7.199,1.223,10.04,0
2026-04-12T05:00:00Z,141957,13.27,2026-04-12T04:57:35Z,7.286,1.223,10,0
2026-04-12T05:15:00Z,141958,13.28,2026-04-12T05:06:25Z,7.367,1.222,9.99,0
2026-04-12T05:30:00Z,141959,13.28,2026-04-12T05:22:45Z,7.452,1.222,9.97,0
2026-04-12T05:45:00Z,141960,13.28,2026-04-12T05:42:40Z,7.529,1.223,9.96,0
2026-04-12T06:00:00Z,141961,13.28,2026-04-12T05:46:25Z,7.595,1.223,9.95,0
2026-04-12T06:15:00Z,141962,13.28,2026-04-12T06:02:25Z,7.639,1.223,9.94,0
2026-04-12T06:30:00Z,141963,13.27,2026-04-12T06:30:00Z,7.682,1.224,9.93,0
2026-04-12T06:45:00Z,141964,13.28,2026-04-12T06:30:05Z,7.765,1.22,9.92,0
2026-04-12T07:00:00Z,141965,13.29,2026-04-12T06:45:05Z,7.894,1.222,9.93,0
2026-04-12T07:15:00Z,141966,13.29,2026-04-12T07:02:25Z,8.07,1.221,9.92,0
2026-04-12T07:30:00Z,141967,13.31,2026-04-12T07:15:05Z,8.33,1.221,9.93,0
2026-04-12T07:45:00Z,141968,13.31,2026-04-12T07:38:15Z,8.65,1.223,9.92,0
2026-04-12T08:00:00Z,141969,13.32,2026-04-12T07:45:05Z,9.01,1.222,9.91,0
2026-04-12T08:15:00Z,141970,13.33,2026-04-12T08:02:25Z,9.42,1.223,9.92,0
2026-04-12T08:30:00Z,141971,13.36,2026-04-12T08:18:50Z,9.85,1.223,9.95,0
2026-04-12T08:45:00Z,141972,13.41,2026-04-12T08:30:05Z,10.3,1.224,9.98,0
2026-04-12T09:00:00Z,141973,13.43,2026-04-12T08:58:50Z,10.86,1.224,10.02,0
2026-04-12T09:15:00Z,141974,13.43,2026-04-12T09:01:30Z,11.46,1.223,10.07,0
2026-04-12T09:30:00Z,141975,13.5,2026-04-12T09:15:25Z,12.24,1.225,10.14,0
2026-04-12T09:45:00Z,141976,13.47,2026-04-12T09:44:10Z,13.22,1.226,10.25,0
2026-04-12T10:00:00Z,141977,13.45,2026-04-12T09:52:10Z,14.04,1.228,10.35,0
2026-04-12T10:15:00Z,141978,13.47,2026-04-12T10:00:10Z,14.55,1.225,10.43,0
2026-04-12T10:30:00Z,141979,13.52,2026-04-12T10:15:05Z,15.07,1.224,10.52,0
2026-04-12T10:45:00Z,141980,13.59,2026-04-12T10:30:05Z,15.48,1.224,10.58,0
2026-04-12T11:00:00Z,141981,13.93,2026-04-12T10:45:05Z,15.89,1.224,10.64,0
2026-04-12T11:15:00Z,141982,14.3,2026-04-12T11:13:55Z,16.48,1.224,10.71,0
2026-04-12T11:30:00Z,141983,14.29,2026-04-12T11:29:05Z,17.3,1.225,10.77,0
2026-04-12T11:45:00Z,141984,14.25,2026-04-12T11:43:20Z,18.39,1.227,10.87,0
2026-04-12T12:00:00Z,141985,14.07,2026-04-12T11:59:45Z,19.66,1.232,11.08,0
2026-04-12T12:15:00Z,141986,13.91,2026-04-12T12:14:25Z,20.6,1.23,11.29,0
2026-04-12T12:30:00Z,141987,13.79,2026-04-12T12:30:00Z,21.39,1.231,11.45,0
2026-04-12T12:45:00Z,141988,13.76,2026-04-12T12:36:05Z,21.98,1.231,11.57,0
2026-04-12T13:00:00Z,141989,13.73,2026-04-12T12:49:45Z,22.48,1.233,11.78,0
2026-04-12T13:15:00Z,141990,13.7,2026-04-12T13:14:10Z,23.07,1.234,11.98,0
2026-04-12T13:30:00Z,141991,13.7,2026-04-12T13:20:30Z,23.7,1.23,12.14,0
2026-04-12T13:45:00Z,141992,13.66,2026-04-12T13:43:40Z,24.19,1.23,12.32,0
2026-04-12T14:00:00Z,141993,13.66,2026-04-12T13:57:40Z,24.49,1.23,12.52,0
2026-04-12T14:15:00Z,141994,13.66,2026-04-12T14:02:25Z,24.86,1.228,12.78,0
2026-04-12T14:30:00Z,141995,13.66,2026-04-12T14:20:15Z,25.22,1.232,12.96,0
2026-04-12T14:45:00Z,141996,13.64,2026-04-12T14:30:05Z,25.64,1.23,12.99,0
2026-04-12T15:00:00Z,141997,13.64,2026-04-12T14:46:45Z,25.74,1.236,13,0
2026-04-12T15:15:00Z,141998,13.66,2026-04-12T15:00:35Z,25.71,1.231,13.19,0
2026-04-12T15:30:00Z,141999,13.64,2026-04-12T15:22:10Z,25.92,1.237,13.35,0
2026-04-12T15:45:00Z,142000,13.64,2026-04-12T15:31:15Z,25.87,1.231,13.39,0
2026-04-12T16:00:00Z,142001,13.66,2026-04-12T15:48:35Z,25.71,1.236,13.38,0
2026-04-12T16:15:00Z,142002,13.66,2026-04-12T16:02:25Z,25.48,1.235,13.23,0
2026-04-12T16:30:00Z,142003,13.66,2026-04-12T16:15:15Z,25.33,1.239,13.22,0
2026-04-12T16:45:00Z,142004,13.66,2026-04-12T16:30:05Z,25.27,1.237,13.07,0
2026-04-12T17:00:00Z,142005,13.66,2026-04-12T16:45:45Z,24.83,1.232,13.01,0
2026-04-12T17:15:00Z,142006,13.7,2026-04-12T17:00:10Z,24.41,1.23,12.92,0
2026-04-12T17:30:00Z,142007,13.7,2026-04-12T17:16:35Z,24.06,1.229,12.88,0
2026-04-12T17:45:00Z,142008,13.7,2026-04-12T17:30:35Z,23.72,1.228,12.89,0
2026-04-12T18:00:00Z,142009,13.73,2026-04-12T17:45:05Z,23.46,1.223,12.86,0
2026-04-12T18:15:00Z,142010,13.73,2026-04-12T18:00:15Z,23.18,1.22,12.85,0
2026-04-12T18:30:00Z,142011,13.72,2026-04-12T18:18:25Z,22.77,1.219,12.89,0
2026-04-12T18:45:00Z,142012,13.66,2026-04-12T18:43:45Z,22.4,1.218,12.88,0
2026-04-12T19:00:00Z,142013,13.59,2026-04-12T18:59:20Z,21.96,1.216,12.83,0
